:020000040800F2
:1000000000000220A9270008A9290008B12900083A
:10001000B3290008B5290008B7290008000000002E
:10002000000000000000000000000000B9290008E6
:10003000BB29000800000000BD290008BF290008F6
:100040001D2800081D2800081D2800081D2800087C
:100050001D2800081D2800081D2800081D2800086C
:100060001D2800081D2800081D280008C9290008AF
:10007000D9290008E9290008F9290008092A0008F7
:100080001D2800081D2800081D2800081D2800083C
:10009000192A00081D2800081D2800081D2800082E
:1000A0001D280008292A00081D2800081D2800080E
:1000B0001D2800081D2800081D2800081D2800080C
:1000C0001D2800081D2800081D2800081D280008FC
:1000D0001D2800081D2800081D2800081D280008EC
:1000E0001D2800081D2800081D2800081D280008DC
:1000F0001D2800081D2800081D2800081D280008CC
:100100001D2800081D2800081D2800081D280008BB
:100110001D2800081D280008392A0008492A00085F
:100120001D2800081D2800081D2800081D2800089B
:100130001D2800081D2800081D2800081D2800088B
:100140001D2800081D2800081D2800081D2800087B
:10015000592A00081D2800081D2800081D2800082D
:100160001D2800081D2800081D2800081D2800085B
:100170001D2800081D2800081D2800081D2800084B
:100180001D2800081D2800081D2800081D2800083B
:100190001D280008000000001D2800081D28000878
:1001A0001D2800081D2800081D2800081D2800081B
:1001B0001D2800081D2800081D2800081D2800080B
:1001C0001D2800081D2800081D2800081D280008FB
:0801D0001D2800081D2800088D
:1001D80010B5054C237833B9044B13B10448AFF379
:1001E80000800123237010BDA80A00200000000031
:1001F80058CA000808B5034B1BB103490348AFF3BD
:10020800008008BD00000000AC0A002058CA0008A1
:1002180081F0004102E000BF83F0004330B54FEAAF
:1002280041044FEA430594EA050F08BF90EA020F1C
:100238001FBF54EA000C55EA020C7FEA645C7FEAAF
:10024800655C00F0E2804FEA5454D4EB5555B8BFD2
:100258006D420CDD2C4480EA020281EA030382EA43
:10026800000083EA010180EA020281EA0303362DD5
:1002780088BF30BD11F0004F4FEA01314FF4801CA8
:100288004CEA113102D0404261EB410113F0004FBA
:100298004FEA03334CEA133302D0524263EB430371
:1002A80094EA050F00F0A780A4F10104D5F1200E0F
:1002B8000DDB02FA0EFC22FA05F2801841F100016A
:1002C80003FA0EF2801843FA05F359410EE0A5F13E
:1002D80020050EF1200E012A03FA0EFC28BF4CF06F
:1002E800020C43FA05F3C01851EBE37101F0004525
:1002F80007D54FF0000EDCF1000C7EEB00006EEB32
:100308000101B1F5801F1BD3B1F5001F0CD34908BB
:100318005FEA30004FEA3C0C04F101044FEA445212
:1003280012F5800F80F09A80BCF1004F08BF5FEA99
:10033800500C50F1000041EB045141EA050130BD79
:100348005FEA4C0C404141EB0101013C28BFB1F58B
:10035800801FE9D291F0000F04BF01460020B1FAD6
:1003680081F308BF2033A3F10B03B3F120020CDAA9
:100378000C3208DD02F1140CC2F10C0201FA0CF087
:1003880021FA02F10CE002F11402D8BFC2F1200CEC
:1003980001FA02F120FA0CFCDCBF41EA0C019040A2
:1003A800E41AA2BF01EB0451294330BD6FEA0404EB
:1003B8001F3C1CDA0C340EDC04F11404C4F12002D6
:1003C80020FA04F001FA02F340EA030021FA04F3E8
:1003D80045EA030130BDC4F10C04C4F1200220FA3F
:1003E80002F001FA04F340EA0300294630BD21FA7D
:1003F80004F0294630BD94F0000F83F4801306BF43
:1004080081F480110134013D4EE77FEA645C18BF36
:100418007FEA655C29D094EA050F08BF90EA020FCD
:1004280005D054EA000C04BF1946104630BD91EAC5
:10043800030F1EBF0021002030BD5FEA545C05D1C8
:100448004000494128BF41F0004130BD14F5800407
:100458003CBF01F5801130BD01F0004545F0FE417B
:1004680041F470014FF0000030BD7FEA645C1ABFB0
:10047800194610467FEA655C1CBF0B46024650EAE7
:10048800013406BF52EA033591EA030F41F4002113
:1004980030BD00BF90F0000F04BF0021704730B599
:1004A8004FF4806404F132044FF000054FF000016E
:1004B80050E700BF90F0000F04BF0021704730B52F
:1004C8004FF4806404F1320410F0004548BF404204
:1004D8004FF000013EE700BF42004FEAE2014FEA59
:1004E80031014FEA02701FBF12F07F4393F07F4F34
:1004F80081F06051704732F07F4208BF704793F037
:100508007F4F04BF41F40021704730B54FF4607449
:1005180001F0004521F000411CE700BF50EA01024C
:1005280008BF704730B54FF000050AE050EA0102F5
:1005380008BF704730B511F0004502D5404261EB65
:1005480041014FF4806404F132045FEA915C3FF4A6
:10055800D8AE4FF003025FEADC0C18BF03325FEA43
:10056800DC0C18BF033202EBDC02C2F1200300FAF4
:1005780003FC20FA02F001FA03FE40EA0E0021FA19
:1005880002F11444BDE600BF70B54FF0FF0C4CF407
:10059800E06C1CEA11541DBF1CEA135594EA0C0FB9
:1005A80095EA0C0F00F0DEF82C4481EA030621EAF4
:1005B8004C5123EA4C5350EA013518BF52EA03352F
:1005C80041F4801143F4801338D0A0FB02CE4FF0E1
:1005D8000005E1FB02E506F00042E0FB03E54FF011
:1005E8000006E1FB03569CF0000F18BF4EF0010E09
:1005F800A4F1FF04B6F5007F64F5407404D25FEA05
:100608004E0E6D4146EB060642EAC62141EA5551B7
:100618004FEAC52040EA5E504FEACE2EB4F1FD0CF9
:1006280088BFBCF5E06F1ED8BEF1004F08BF5FEA77
:10063800500E50F1000041EB045170BD06F0004629
:1006480046EA010140EA020081EA0301B4EB5C04D6
:10065800C2BFD4EB0C0541EA045170BD41F48011CE
:100668004FF0000E013C00F3AB8014F1360FDEBFF3
:10067800002001F0004170BDC4F10004203C35DACF
:100688000C341BDC04F11404C4F1200500FA05F352
:1006980020FA04F001FA05F240EA020001F00042F3
:1006A80021F0004110EBD37021FA04F642EB060169
:1006B8005EEA430E08BF20EAD37070BDC4F10C0493
:1006C800C4F1200500FA04F320FA05F001FA04F257
:1006D80040EA020001F0004110EBD37041F1000143
:1006E8005EEA430E08BF20EAD37070BDC4F120054E
:1006F80000FA05F24EEA020E20FA04F301FA05F2B6
:1007080043EA020321FA04F001F0004121FA04F25D
:1007180020EA020000EBD3705EEA430E08BF20EA2D
:10072800D37070BD94F0000F0FD101F00046400067
:1007380041EB010111F4801F08BF013CF7D041EAE9
:10074800060195F0000F18BF704703F000465200ED
:1007580043EB030313F4801F08BF013DF7D043EABE
:100768000603704794EA0C0F0CEA135518BF95EA74
:100778000C0F0CD050EA410618BF52EA4306D1D1FB
:1007880081EA030101F000414FF0000070BD50EA1A
:10079800410606BF1046194652EA430619D094EAA4
:1007A8000C0F02D150EA013613D195EA0C0F05D18E
:1007B80052EA03361CBF104619460AD181EA0301E2
:1007C80001F0004141F0FE4141F470014FF000009A
:1007D80070BD41F0FE4141F4780170BD70B54FF035
:1007E800FF0C4CF4E06C1CEA11541DBF1CEA1355B5
:1007F80094EA0C0F95EA0C0F00F0A7F8A4EB050497
:1008080081EA030E52EA03354FEA013100F088808D
:100818004FEA03334FF0805545EA131343EA126356
:100828004FEA022245EA111545EA10654FEA00260B
:100838000EF000419D4208BF964244F1FD0404F5C4
:10084800407402D25B084FEA3202B61A65EB030520
:100858005B084FEA32024FF480104FF4002CB6EBDD
:10086800020E75EB030E22BFB61A754640EA0C005D
:100878005B084FEA3202B6EB020E75EB030E22BF9D
:10088800B61A754640EA5C005B084FEA3202B6EBDE
:10089800020E75EB030E22BFB61A754640EA9C009D
:1008A8005B084FEA3202B6EB020E75EB030E22BF6D
:1008B800B61A754640EADC0055EA060E18D04FEA2B
:1008C800051545EA16754FEA06164FEAC30343EACB
:1008D80052734FEAC2025FEA1C1CC0D111F4801F98
:1008E8000BD141EA00014FF000004FF0004CB6E791
:1008F80011F4801F04BF01430020B4F1FD0C88BF30
:10090800BCF5E06F3FF6AFAEB5EB030C04BFB6EB3A
:10091800020C5FEA500C50F1000041EB045170BD2D
:100928000EF0004E4EEA113114EB5C04C2BFD4EB5A
:100938000C0541EA045170BD41F480114FF0000EDE
:10094800013C90E645EA060E8DE60CEA135594EA5A
:100958000C0F08BF95EA0C0F3FF43BAF94EA0C0F5D
:100968000AD150EA01347FF434AF95EA0C0F7FF4D2
:1009780025AF104619462CE795EA0C0F06D152EA26
:1009880003353FF4FDAE1046194622E750EA41060A
:1009980018BF52EA43067FF4C5AE50EA41047FF41B
:1009A8000DAF52EA43057FF4EBAE12E74FEA41027E
:1009B800B2F1E04324BFB3F5001CDCF1FE5C0DD9B5
:1009C80001F0004C4FEAC0024CEA5070B2F1004FFF
:1009D80040EB830008BF20F00100704711F0804F02
:1009E80021D113F13872BCBF01F00040704741F4C7
:1009F80080114FEA5252C2F11802C2F1200C10FACB
:100A08000CF320FA02F018BF40F001004FEAC123AE
:100A18004FEAD32303FA0CFC40EA0C0023FA02F352
:100A28004FEA4303CCE77FEA625307D150EA013328
:100A38001EBF4FF0FE4040F44000704701F00040F8
:100A480040F0FE4040F40000704700BF53B94AB977
:100A5800002908BF00281CBF4FF0FF314FF0FF30BE
:100A680000F06AB9ADF1080C6DE904CE00F006F8A3
:100A7800DDF804E0DDE9022304B070472DE9F04712
:100A8800089D0C46002B4ED194468C458646B2FAFA
:100A980082F262D94AB1C2F12003914020FA03F3ED
:100AA8000CFA02FC194300FA02FE4FEA1C471FFA2F
:100AB8008CF6B1FBF7F44FEA1E4307FB141143EA27
:100AC800014304FB06F199420AD91CEB030304F124
:100AD800FF3080F01281994240F20F81023C63445A
:100AE800591A1FFA8EF3B1FBF7F007FB101143EA0E
:100AF800014300FB06F69E420AD91CEB030300F1F2
:100B0800FF3180F0FC809E4240F2F9806344023855
:100B18009B1B40EA044000211DB1D3400022C5E9D7
:100B28000032BDE8F0878B4205D90DB1C5E9000157
:100B380000210846F5E7B3FA83F1002946D1A3421C
:100B480002D39042C0F0F080861A64EB03030120C0
:100B5800002DE6D0C5E90063E3E7002A40F0908065
:100B6800A1EB0C044FEA1C481FFA8CF70121B4FBD7
:100B7800F8F64FEA1E4308FB164443EA044307FB12
:100B880006F0984208D91CEB030306F1FF3402D2A1
:100B9800984200F2CD8026461C1A1FFA8EF3B4FB49
:100BA800F8F008FB104443EA044300FB07F79F42B0
:100BB80008D91CEB030300F1FF3402D29F4200F274
:100BC800B0802046DB1B40EA0640A5E7C1F12006BD
:100BD8008B4022FA06F71F4320FA06FC04FA01F3B9
:100BE80043EA0C03F44000FA01F8380C4FEA1349C1
:100BF800B4FBF0FE1FFA87FC00FB1E4449EA0444DC
:100C08000EFB0CF9A14502FA01F20AD93C190EF1C2
:100C1800FF3A80F08480A14540F28180AEF1020E57
:100C28003C44A4EB09041FFA83F9B4FBF0F300FB7E
:100C3800134449EA044403FB0CFCA44507D93C19B6
:100C480003F1FF3067D2A44565D9023B3C4443EA2F
:100C58000E40A0FB0293A4EB0C049C42CE469C469B
:100C680051D34ED055B1B8EB0E0364EB0C0404FA23
:100C780006F6CB401E43CC40C5E90064002150E78E
:100C8800C2F1200320FA03F10CFA02FC24FA03F360
:100C980094400C434FEA1C4800FA02FE1FFA8CF7F6
:100CA800B3FBF8F008FB1031230C43EA014300FBC7
:100CB80007F1994208D91CEB030300F1FF362CD247
:100CC80099422AD9023863445B1AA4B2B3FBF8F1FB
:100CD80008FB113344EA034401FB07F3A34208D994
:100CE8001CEB040401F1FF3613D2A34211D90239D7
:100CF8006444E41A41EA004139E70446F0E608464C
:100D080006E7C845AED2B9EB020E63EB070C013813
:100D1800A8E73146EDE7034699E73046D4E7D646DB
:100D28007FE7634402384DE70646234608460FE747
:100D3800023E634430E700BF704700BF08B5002299
:100D48000121024804F0F2FA08BD00BF000400487F
:100D580008B501221146024804F0E8FA08BD00BFB0
:100D68000004004800B587B08DF80F0000238DF807
:100D780017304FF0FF33009301230DF117020DF1E7
:100D88000F01044807F041FC9DF8170007B05DF813
:100D980004FB00BF940E002008B5FFF7CFFF062024
:100DA800FFF7E0FFFFF7D4FF08BD000010B5FFF71D
:100DB800C5FF0520FFF7D6FF054CFF20FFF7D2FF40
:100DC80010F0010F01D0013CF7D1FFF7C1FF10BDB2
:100DD800A086010070B504460E461546FFF7E6FFEB
:100DE800FFF7DAFFFFF7AAFF0220FFF7BBFFC4F304
:100DF8000740FFF7B7FFC4F30720FFF7B3FFE0B2E0
:100E0800FFF7B0FF002404E0305DFFF7ABFF0134CB
:100E1800A4B2AC42F8D3FFF79BFF70BD10B50446EF
:100E2800FFF7C4FFFFF7B8FFFFF788FF2020FFF7A1
:100E380099FFC4F30740FFF795FFC4F30720FFF7B6
:100E480091FFE0B2FFF78EFFFFF782FF10BD70B58C
:100E580004460E461546FFF7A9FFFFF76FFF03206C
:100E6800FFF780FFC4F30740FFF77CFFC4F30720B8
:100E7800FFF778FFE0B2FFF775FF002404E0FF20DA
:100E8800FFF770FF30550134AC42F8D3FFF760FF2D
:100E980070BD000010B58CB0002409940A940B941E
:100EA8002022214601A80BF007FC36484FF0A0434A
:100EB80003604FF4403343608460C46004610123DD
:100EC80043610422826104774477026280F82440F7
:100ED8004FF4D462C2624FF48062026380F8383003
:100EE8004FF48053C36380F8404002F0F3FF0028BA
:100EF80035D10023099309A9224803F043FE0028AD
:100F080030D1214B019306230293002303937F22C0
:100F180004920422059206930DEB0201194803F08E
:100F280083F910BB194B01930C23029301A91548AF
:100F380003F07AF9E0B9164B01931223029301A941
:100F4800104803F071F9B0B9124B019318230293BA
:100F580001A90C4803F068F980B90CB010BD01F084
:100F68009DFAC6E701F09AFACBE701F097FAD9E7BC
:100F780001F094FADFE701F091FAE5E701F08EFA63
:100F8800EBE700BF700C002002003004040060088A
:100F98000800900C1000C01000B589B02022002174
:100FA80068460BF089FB1B481B4B03604FF440332A
:100FB800436000238360C36003614361042282614C
:100FC800037743770122026280F82430C362036307
:100FD80080F83830C36380F8403002F07BFF98B95E
:100FE8000E4B009306230193052302937F2303935B
:100FF80004230493002305936946064803F014F973
:1010080028B909B05DF804FB01F048FAE8E701F0F7
:1010180045FAF6E7040C0020000100500010603289
:1010280010B58CB0002409940A940B942022214610
:1010380001A80BF041FB1F481F4B03604FF44033DE
:1010480043608460C460046144610423836104775D
:1010580044770123036280F82440C462046380F863
:101068003840C46380F8404002F034FFC8B9002318
:10107800099309A90F4803F085FDA8B90F4B0193FF
:1010880006230293052303937F23049304230593E4
:101098000023069301A9074803F0C6F838B90CB035
:1010A80010BD01F0FBF9E2E701F0F8F9E6E701F01D
:1010B800F5F9F4E7980B0020000400500200300412
:1010C80000B589B02022002168460BF0F5FA1B48CC
:1010D8001B4B03604FF44033436000238360C360BD
:1010E800036143610422826103774377012202622C
:1010F80080F82430C362036380F83830C36380F813
:10110800403002F0E7FE98B90E4B00930623019396
:10111800072302937F230393042304930023059357
:101128006946064803F080F828B909B05DF804FB61
:1011380001F0B4F9E8E701F0B1F9F6E72C0B00206B
:10114800000600501000C09030B5A3B0044600213E
:101158001D911E911F9120912191542208A80BF0F6
:10116800ABFA2368B3F1A04F0CD0724A93425BD01C
:10117800714A934200F08B80704A934200F0BA8023
:1011880023B030BD4FF4004308934FF00053199338
:1011980008A806F0FDFE002835D1694A1368013316
:1011A8001360012B32D0674BDA6C42F00102DA642B
:1011B800DB6C03F001030293029B0F231D930323AF
:1011C8001E9300251F951DA94FF0904003F0BEFF08
:1011D8005D485E4B0360052343608560C5608023DE
:1011E80003614FF4807343614FF48063836120236C
:1011F800C3614FF40053036203F08EFE88B9524B6B
:1012080063659C62BCE701F049F9C6E74D4BDA6CAF
:1012180042F40052DA64DB6C03F400530193019B3F
:10122800C1E701F03BF9EAE74FF4004308934FF0B8
:101238000053199308A806F0ABFED0B9404A1368CA
:1012480001331360012B17D03E4BDA6C42F00202D7
:10125800DA64DB6C03F002030493049B04231D93FC
:1012680003231E9300231F931DA9394803F06EFF23
:1012780086E701F013F9E1E7324BDA6C42F40052E9
:10128800DA64DB6C03F400530393039BDCE74FF44D
:10129800803308934FF000431A9308A806F078FEAD
:1012A800D0B92C4A136801331360012B17D0254B92
:1012B800DA6C42F00202DA64DB6C03F00203069394
:1012C800069B02231D9303231E9300231F931DA92E
:1012D8001F4803F03BFF53E701F0E0F8E1E7194B43
:1012E800DA6C42F48042DA64DB6C03F480430593E1
:1012F800059BDCE74FF4803308934FF000431A93C3
:1013080008A806F045FE88B9124A1368013313602D
:10131800012B7FF435AF0B4BDA6C42F48042DA6470
:10132800DB6C03F480430793079B29E701F0B6F8C9
:10133800EAE700BF0001005000040050000600501A
:10134800C80A002000100240CC0A00200800024011
:1013580000040048C40A002000B583B01E4B9A6CF4
:1013680042F004029A649A6C02F004020092009A15
:101378009A6C42F001029A649B6C03F0010301939A
:10138800019B002205210B2003F03AFD0B2003F0FE
:1013980047FD002211460C2003F032FD0C2003F01B
:1013A8003FFD002205210D2003F02AFD0D2003F04A
:1013B80037FD002205210E2003F022FD0E2003F048
:1013C8002FFD002205210F2003F01AFD0F2003F046
:1013D80027FD03B05DF804FB0010024008B5344B4C
:1013E800D3ED077AF8EE677A9FED326A67EE867A70
:1013F800DFED316A87EEA67AF2EE0E4A67EE247ABE
:101408002E4AC2ED007AD3ED057AF8EE677A67EED8
:10141800867AC7EEA65A9FED2A7A77EE657A9FED0F
:10142800295AC7EE855A284AC2ED005AD3ED037AE5
:10143800F8EE677A67EE867AC7EEA65A65EEA47A62
:101448002249C1ED007AD3ED017AF8EE677A67EEAA
:10145800867A87EEA66A37EE467AC7EE057A1C4B7F
:10146800C3ED007AD2ED007AF5EEC07AF1EE10FA0B
:1014780017D4174BD3ED007AF5EEC07AF1EE10FAD7
:1014880013D401F0A3FB134B83ED000A01F0ACFB6E
:10149800114B83ED000A01F0B7FB104B83ED000AF6
:1014A80008BD134600221A60E3E700221A60E8E745
:1014B800400D00205AF5514000F07F452C0D0020CA
:1014C8003333D33F295C0F3E240D0020280D002024
:1014D800200D00201C0D0020180D0020140D0020E8
:1014E80070B5174D0024EC71164E0321304604F0F8
:1014F80000FEC021304604F0FCFDAC71AC80124BFC
:101508001C6088221A839A825A83DA820F4B1C60E5
:101518000F4B1C600F4B1C600F4B1C600F4B1C606B
:101528000F4B104A5A604FF07E529A600E4B0F4A8A
:101538001A600F4B0F4A1A600F4B104A1A6070BDA1
:10154800600D0020800D0020000000202800001001
:1015580024000010200000101400001010000010DB
:10156800340D00200000A040740D00200000A042AF
:10157800700D0020000034426C0D00200000204156
:1015880008B5FFF7ADFF024B01221A8008BD00BF66
:10159800600D002070B5094C0025E571084E032147
:1015A800304604F0A6FDC021304604F0A2FDA57126
:1015B800A3889BB20BB90122228070BD600D002068
:1015C800800D0020114B0022DA71114A1388013373
:1015D8009BB21380C82B0BD91346C8221A800B4B19
:1015E8009B889BB223B9094B5B7ADBB2012B00D0F5
:1015F80070470023064A1380064A1360064A1360A0
:10160800024A02211180054A1370F1E7600D00209B
:10161800000D0020FC0C0020F80C0020300D0020EC
:1016280038B5674B1B78012B46D0022B65D003B128
:1016380038BD0024634BDC71634D0321284604F058
:1016480058FDC021284604F054FD604B88229A8238
:10165800DA825F4A14605F4A14605F4A14605F4A26
:1016680014605F4A14605F4AD2ED016AF2EE0E7AA6
:1016780086EEA77A9FED5C6AC7EE067ADFED5B6AB5
:1016880067EEA67AFDEEE77AC3ED027A92ED027A6A
:10169800DFED577A27EE277ADFED567A37EE277A8D
:1016A800C7EE067A67EEA67AFDEEE77AC3ED037A0F
:1016B800434B01221A70BBE74F4A138801339BB290
:1016C8001380052BB4D900224B4B1A803F4B88213D
:1016D800198399825983D9823D490A603D490A6034
:1016E8003D490A603D490A603D490A609A685210BE
:1016F8005A60334B02221A709AE7324BDB79002B7F
:1017080042D0304B0122DA713C4B1A88013292B236
:101718001A803B490B8801339BB20B802B49888A7E
:10172800C2EB021212FA80F212B28A82CA8AC3EBA0
:10173800031313FA82F31BB2CB828B8A9BB246F255
:10174800E032934200D98A82204BDB8A9BB244F272
:101758001052934201D91D4BDA821C4B9B8A1BB253
:1017680046F2E03293427FF463AF184BDB8A1BB238
:1017780044F2105293427FF45BAF124B03221A805B
:101788000F4B00221A7053E7114A1360114A136075
:10179800114A1360114A1360114A13600A4C2368F6
:1017A80046F64022C3F89C20C3F81C22C0212046DC
:1017B80004F083FC0321204604F07FFCA1E700BF6E
:1017C800300D0020600D0020800D0020000000205A
:1017D8002800001024000010200000101400001041
:1017E80010000010340D00205AF5514000F07F45DC
:1017F800295C0F3E3333D33FF40C0020F20C002059
:10180800F00C002038B5384BD3ED027AF8EE677A41
:10181800DFED365A67EEA57A9FED356A87EE867A50
:10182800F2EE0E7A67EE276AD3ED007AF8EE677A61
:1018380067EEA57A87EE867ADFED2E7A77EE677AFD
:101848009FED2D6A87EE867AF2EE047AB4EEE77A97
:10185800F1EE10FA06DDF6EE007AF4EEE76AF1EE44
:1018680010FA1DD4254B9B8813F0200F17D0244A5B
:10187800136801331360B3F5C87F10DD13460022E7
:101888001A60204B1B780A2B1ED801331D4A13708F
:101898001A4A93889BB223F020039BB2938038BDE9
:1018A800164C0023E371184D0321284604F005FC6B
:1018B800C021284604F001FCA3889BB243F0200312
:1018C800A38004232380CDE70E4B0B221A700B4B09
:1018D8000022DA710C4C0321204604F0EEFBC021F3
:1018E800204604F0EAFBDAE7400D00205AF55140A3
:1018F80000F07F453333D33F295C0F3E600D002055
:10190800EC0C0020EA0C0020800D002038B51C4BA0
:10191800D3ED027AF8EE677A9FED1A7A67EE877A46
:10192800DFED196A87EEA67AF2EE0E7A67EE277A6D
:10193800164B93ED007AB4EEE77AF1EE10FA1BD865
:10194800134A138801339BB21380022B17D9002343
:101958001380104CE371104D0321284604F0C9FB95
:10196800C021284604F0C5FBA3889BB243F00803B6
:10197800A3800423238002E0054B00221A8038BD8F
:10198800400D00205AF5514000F07F45700D0020B1
:10199800E80C0020600D0020800D002038B5384B81
:1019A800D3ED007AF8EE677A9FED367A67EE877A9C
:1019B800DFED356A87EEA67ADFED347A77EE677A5F
:1019C800DFED336A87EEA67A324BD3ED007AF4EE78
:1019D800C77AF1EE10FA04D82F4B1B889BB2032B61
:1019E80021D02E4B00221A802B4B9B8813F0100F0E
:1019F80018D02B4A138801339BB21380B3F5C87FE4
:101A080010D9134600221A80264A138801339BB244
:101A180013800A2B23D8204A93889BB223F0100303
:101A28009BB2938038BD1D4A138801339BB2138043
:101A38000A2BD9D900231380174CE3711A4D0321BF
:101A4800284604F056FBC021284604F052FBA38820
:101A58009BB243F01003A38004232380C4E71346FA
:101A68000B221A800C4B0022DA710F4C03212046FE
:101A780004F03FFBC021204604F03BFBD2E700BF47
:101A8800400D00205AF5514000F07F453333D33FD5
:101A9800295C0F3E6C0D0020600D0020E60C002034
:101AA800E40C0020E20C0020800D002038B52DED5C
:101AB800028B01F08BF8B0EE408A01F095F8134BD9
:101AC800D3ED007AF4EEC87AF1EE10FA06D9D3ED28
:101AD800007AF4EEC07AF1EE10FA14D80C4C012317
:101AE80023800023E3710B4D0321284604F001FBFA
:101AF800C021284604F0FDFAA3889BB243F04003B6
:101B0800A38004232380BDEC028B38BD740D002014
:101B1800600D0020800D0020642800D96420034B4C
:101B28001B6800EB80004000D8637047480F002016
:101B380010EE103A0360704730B58DB001220BA942
:101B48000020FFF784F99DF82C300BB90DB030BD9B
:101B58000020FFF763F900248DF81440264D95ED19
:101B6800010A6846FFF7E4FF95ED020A01A8FFF7AE
:101B7800DFFF224B93ED000A02A8FFF7D9FF204BA5
:101B880093ED000A03A8FFF7D3FF1E4B93ED000A5D
:101B980004A8FFF7CDFF234626E0581C03F13002C6
:101BA8006A4412F8304C03F13101694401F81C4CC5
:101BB80012F82C4C03F13501694401F81C4C12F859
:101BC800284C03F13901694401F81C4C12F8244CE3
:101BD80003F13D01694401F81C4C12F8202C4133F3
:101BE8006B4403F81C2CC3B2032BD6D9152205A9C4
:101BF8000020FFF7EFF8A9E7340D0020740D00204E
:101C08006C0D0020700D0020324B93ED007AF7EE3A
:101C1800007AB4EE677AF1EE10FA00D0704730B56A
:101C28008DB00020FFF7FAF800248DF81840294DF0
:101C380095ED010A01A8FFF77BFF95ED020A02A8BE
:101C4800FFF776FF244B93ED000A03A8FFF770FF18
:101C5800224B93ED000A04A8FFF76AFF204B93ED8F
:101C6800000A05A8FFF764FF234626E0581C03F185
:101C780030026A4412F82C4C03F13101694401F82E
:101C8800184C12F8284C03F13501694401F8184C36
:101C980012F8244C03F13901694401F8184C12F880
:101CA800204C03F13D01694401F8184C12F81C2C32
:101CB80041336B4403F8182CC3B2032BD6D9152231
:101CC80006A90020FFF786F8024B00221A600DB023
:101CD80030BD00BF340D0020740D00206C0D0020B5
:101CE800700D0020036800EE103A704700B52DED26
:101CF800048B8BB014220DEB02010120FFF7A7F82B
:101D0800002325E003F128020DEB020111F8142C41
:101D180001F8182C03F12C026A4412F8142C01F86B
:101D28001C2C03F130026A4412F8142C01F8202C00
:101D380003F134026A4412F8142C01F8242C03F13C
:101D480038026A4412F8142C01F8282C0133DBB24B
:101D5800032BD7D904A8FFF7C5FFF0EE408A03A8E4
:101D6800FFF7C0FFB0EE408A02A8FFF7BBFFF0EE16
:101D7800409A01A8FFF7B6FFB0EE409A6846FFF711
:101D8800B1FFF0EE407AF4EE688AF1EE10FA0ED167
:101D9800F5EEC08AF1EE10FA09DD9FED327AF4EE25
:101DA800C78AF1EE10FA02D82F4BC3ED018AB4EEC0
:101DB800488AF1EE10FA0ED1B5EEC08AF1EE10FAAB
:101DC80009DB9FED2A7AB4EEC78AF1EE10FA02D841
:101DD800254B83ED028AF4EE699AF1EE10FA10D1E0
:101DE800B2EE047AF4EEC79AF1EE10FA09DB9FED31
:101DF800207AF4EEC79AF1EE10FA02D81D4BC3ED23
:101E0800009AB4EE499AF1EE10FA10D19FED1A7AC1
:101E1800B4EEC79AF1EE10FA09DB9FED147AB4EE2E
:101E2800C79AF1EE10FA02D8144B83ED009AF4EE3B
:101E3800677AF1EE10FA10D1B7EE007AF4EEC77AAD
:101E4800F1EE10FA09DB9FED077AF4EEC77AF1EEAE
:101E580010FA02D80A4BC3ED007A0BB0BDEC048B24
:101E68005DF804FB0000C842340D00200000484221
:101E780000001643740D0020CDCCCC3D6C0D002025
:101E8800700D00200000000070B500F09FFE10EEFD
:101E9800104A00F0A9FE10EE106A2046FEF71CFB5F
:101EA80040A3D3E90023FEF76FFB04460D463046F6
:101EB800FEF712FB3DA3D3E90023FEF765FB0246BC
:101EC8000B4620462946FEF7A9F9FEF76FFD07EEF7
:101ED800900A9FED2D7AF4EEC77AF1EE10FA34D419
:101EE8009FED2A7AF4EEC77AF1EE10FA31DA9FED17
:101EF800287AF4EEC77AF1EE10FA2EDA9FED257AF9
:101F0800F4EEC77AF1EE10FA2BDA9FED237AF4EEAD
:101F1800C77AF1EE10FA28DA9FED207AF4EEC77A44
:101F2800F1EE10FA25DA9FED1E7AF4EEC77AF1EE9B
:101F380010FA22DA9FED147AF4EEC77AF1EE10FA6D
:101F480006DB2320FFF7E8FD02E00020FFF7E4FDB1
:101F580070BD6420FFF7E0FDFAE75A20FFF7DCFDCB
:101F6800F6E75020FFF7D8FDF2E74620FFF7D4FD4B
:101F7800EEE73C20FFF7D0FDEAE72D20FFF7CCFD88
:101F8800E6E700BFAFF3008000000C420000824289
:101F98000000704200005C420000484200003442E9
:101FA80000002042333333333333E33F9A9999990E
:101FB8009999D93F30B589B00024039404940594C5
:101FC80006940794174BDA6C42F02002DA64DA6C54
:101FD80002F020020092009ADA6C42F00102DA6400
:101FE800DA6C02F001020192019ADA6C42F0020204
:101FF800DA64DB6C03F002030293029B0A4D22466B
:1020080043F62101284603F091F943F6210303938F
:10201800012304930594069403A9284603F096F82F
:1020280009B030BD001002400004004802680E4BA1
:102038009A4200D0704700B583B003F528431A6E62
:1020480042F080621A661B6E03F080630193019B65
:1020580000220121442002F0D3FE442002F0E0FED9
:1020680003B05DF804FB00BF0068014070B588B09C
:1020780000230393049305930693079302681A4B6E
:102088009A4201D008B070BD03F52843DA6C42F0DB
:102098000202DA64DA6C02F002020192019ADA6C46
:1020A80042F00102DA64DB6C03F001030293029B45
:1020B8004FF44043039302260496032506950D2406
:1020C800079403A9094803F041F84FF440730393B8
:1020D8000496002305930695079403A94FF09040B2
:1020E80003F034F8CEE700BF006801400004004860
:1020F80010B5BAB000243894399434943594369491
:1021080037942D942E942F943094319432943394A0
:102118006022214615A80AF0CFFA12941394149459
:10212800242221460DEB02000AF0C6FA202221469D
:1021380001A80AF0C1FAA548A54B03604460846071
:1021480003F02CFB002840F002810C219F4803F08B
:1021580091FB002840F0FE800A219C4803F0C3FB55
:10216800002840F0FA804FF4803338934FF400632E
:10217800399338AA0121954803F0F0FB002840F074
:10218800EF8000220121914803F021FD002840F052
:10219800EA8046F64023349300213591369108238E
:1021A800379334AA894803F0C0FB002840F0DE804A
:1021B80000212D912F91309133912DAA834803F05E
:1021C80011FE002840F0D5801023159300211691A8
:1021D80017911891012319931A911B911C911D9124
:1021E8001E914FF000631F93209121914FF00053EF
:1021F8002293239124914FF0004325934FF4807349
:102208002693279129912A912B912C9115AA6F48F1
:1022180003F0A2FD002840F0AF8000231593279318
:1022280015AA0321694803F097FD002840F0A7800C
:1022380043F22053129312AB01220021634803F0AA
:102248003FFE002840F09E8012AB042200215F4828
:1022580003F036FE002840F0988045F2E4731293AC
:102268004FF4805313930021149112AB082257485E
:1022780003F026FE002840F08B800021099164239A
:102288000A930B914FF400420C924FF480420D9246
:102298000E930F914FF0004310934FF0804311932A
:1022A80009AA4A4803F0BAFD002874D109AA0321F3
:1022B800464803F0B3FD002870D1002101910423A2
:1022C80002930823039304910591069107910891BD
:1022D80001AB01223D4803F0D4FE002861D101ABD7
:1022E80040220321394803F0CCFE00285CD10021AC
:1022F8000291039101AB0222344803F0C2FE002888
:1023080055D101AB80220321304803F0BAFE0028E2
:1023180050D134AA03212D4803F007FB00284CD1E3
:102328002DAA0321294803F05DFD002848D14FF468
:102338008873129312AB01220321244803F0C0FDD5
:10234800002840D12148FFF791FE3AB010BD00F0B7
:10235800A5F8FAE600F0A2F8FEE600F09FF802E71A
:1023680000F09CF80DE700F099F812E700F096F8F5
:102378001EE700F093F827E700F090F84DE700F02B
:102388008DF855E700F08AF85EE700F087F864E713
:1023980000F084F871E700F081F887E700F07EF834
:1023A8008BE700F07BF89AE700F078F89FE700F0F9
:1023B80075F8A6E700F072F8ABE700F06FF8AFE742
:1023C80000F06CF8B3E700F069F8BBE7800D002077
:1023D8000068014008B50848084B036003234360C0
:1023E8004FF47A73C360836004F0D8F800B908BD6D
:1023F80000F054F8FBE700BF7C0E002000300040DE
:1024080010B5044603681E4A934207D01D4A9342FA
:1024180017D022681C4B9A422ED010BD1B490A883F
:1024280092B2013292B20A8019490A8892B20132F4
:1024380092B20A8017490A8892B2013292B20A808F
:10244800E4E70AF019FBFFF7DDF9FFF72FFBFFF7C9
:102458005DFAFFF7A3FA0AF013FB0AF005FB0E4A30
:1024680013780133DBB21370032BD2D91346002241
:102478001A7001F093FACCE7FEF7B0FFCDE700BF82
:10248800001000400014004000440140920E00205B
:10249800900E00208E0E00208C0E002072B6FEE7F3
:1024A80000B595B03822002106A80AF005F90020E9
:1024B8000190029003900490059005F0B9F8292343
:1024C80006934FF48033079301230B930C93022355
:1024D8000D9303220E9205220F924422109211931B
:1024E80008221292139306A805F05CF990B90F23FD
:1024F8000193032302930023039304930593042178
:102508000DEB010005F004FC30B905F027FD15B00E
:102518005DF804FBFFF7C2FFFFF7C0FF80B501F0CD
:1025280075FCFFF7BDFFFFF745FDFEF715FFFEF74A
:10253800B1FCFEF7C5FDFFF7DBFD00F0D7F800F0B2
:10254800B9FC01F0D1FA01F003FBFEF725FDFEF717
:1025580067FD09F025FB00F0ADFB00F0D5FB00F0AE
:10256800FDFBFFF737FF00253C4B1D8008213C4849
:1025780006F048FE6420FFF7CFFA3A4806F02EFB33
:10258800394806F02BFB394806F028FB00F084F8A0
:10259800FFF7D2FAFFF7AAFB01F074F90122202114
:1025A800334802F0C3FE642001F052FC314F7F2112
:1025B800384602F099FA304E7F21304602F094FAFC
:1025C8002E4C7F21204602F08FFA04222C493846EF
:1025D80002F0A0F9304602F003F92A4802F000F9A7
:1025E800204602F0FDF8284C4FF40031204603F055
:1025F8009CFD4FF48011204603F097FD2268D2F825
:102608008C3043F01003C2F88C302846FFF784FA68
:1026180000F024F907E01D4B00221A80FFF734FC74
:1026280010E001F077F91A4B1B889BB2312BF8D9CF
:10263800174B00221A8000F021F9144B1B889BB21B
:10264800632BE8D8134B1B889BB2B3F5FA7FE8D30A
:10265800104B00221A80FFF7D7FAE2E7600D00203E
:10266800480F0020E00F0020940F0020FC0E0020EF
:1026780000040048700C0020040C00202C0B0020E3
:10268800780D0020980B0020800D0020900E00206F
:102698008E0E0020920E002000230A4A13600A4A78
:1026A80013600A4A13600A4A13600A4A13600A4A06
:1026B80013600A4A13600A4A13600A4A13600A4AF6
:1026C800137070472800001024000010200000102C
:1026D80014000010100000100C000010080000107A
:1026E8001C000010180000100400001008B5104865
:1026F800104B03604FF482734360002383604FF4F0
:10270800E062C260036143614FF400728261182283
:10271800C2610362436283620722C26203630823C1
:10272800436305F0FEFE00B908BDFFF7B7FEFBE7FF
:10273800940E00200030014000B589B000230393B7
:1027480004930593069307930268144B9A4202D0A8
:1027580009B05DF804FB03F560431A6E42F4805239
:102768001A661A6E02F480520192019ADA6C42F0EB
:102778000102DA64DB6C03F001030293029BE0239D
:10278800039302230493032306930523079303A9C2
:102798004FF0904002F0DAFCDAE700BF0030014069
:1027A8001348854600F05EF912481349134A00237E
:1027B80002E0D458C4500433C4188C42F9D3104AE8
:1027C800104C002301E013600432A242FBD30E48F0
:1027D8000E490F4A002302E0D458C4500433C418E9
:1027E8008C42F9D309F070FFFFF798FEFEE700006E
:1027F80000000220000000204C04002028CB000824
:10280800A80A00207C39002050040020A80A0020D3
:1028180074CF0008FEE7B0FBF1F000F0010070474C
:1028280010B582B001900C4C9DF804204FF4006163
:10283800204602F07BFD9DF805204FF4805120468C
:1028480002F074FD9DF806204FF40051204602F076
:102858006DFD02B010BD00BF0004004800B583B094
:1028680000238DF8043001228DF805208DF80630FC
:102878000198FFF7D5FF03B05DF804FB30B589B0C8
:1028880001F0E0FA04464FF4FA71FFF7C4FF054679
:1028980064212046FFF7BFFF324B9B889BB26BB980
:1028A800304B1B889BB2042B08D02E4B1B889BB245
:1028B800032B4BD8DFE803F00E1A333E8DF80400E3
:1028C80000238DF805308DF806300198FFF7A8FF32
:1028D80009B030BD00238DF8083001228DF8092099
:1028E8008DF80A300298FFF79BFFF1E71D4B5B7AE2
:1028F80053B100238DF818308DF819008DF81A306F
:102908000698FFF78DFFE3E700238DF81C308DF85C
:102918001D508DF81E300798FFF782FFD8E7002377
:102928008DF80C308DF80D008DF80E000398FFF728
:1029380077FFCDE700238DF810308DF81130012393
:102948008DF812300498FFF76BFFC1E78DF814007B
:1029580000238DF815308DF816300598FFF760FFC5
:10296800B6E700BF600D002000B583B00B4B1A6EB0
:1029780042F001021A661A6E02F001020092009AF1
:102988009A6D42F080529A659B6D03F080530193D3
:10299800019B04F0D3FE03B05DF804FB0010024075
:1029A80008B505F0E5FAFEE7FEE7FEE7FEE7FEE715
:1029B80070477047704708B501F038FA08BD000045
:1029C80008B5024802F060FB08BD00BFCC0A002031
:1029D80008B5024802F058FB08BD00BF28190020BE
:1029E80008B5024802F050FB08BD00BFC818002017
:1029F80008B5024802F048FB08BD00BFE8190020EE
:102A080008B5024802F040FB08BD00BF8819002045
:102A180008B5024804F0C4FB08BD00BF68320020B6
:102A280008B5024806F028F908BD00BFFC0E0020D2
:102A380008B5024806F020F908BD00BFE00F0020E5
:102A480008B5024806F018F908BD00BF940F002029
:102A580008B50AF00DF80021014803F091FD08BD02
:102A6800800D0020034AD2F8883043F47003C2F87E
:102A78008830704700ED00E020EE800AF7EE007A1B
:102A880077EEE00A044BD3ED007A60EEA70A30EE49
:102A9800200A83ED000A7047F80E002000000000AD
:102AA800F8B540F6FE73984202D99FED450AF8BD85
:102AB800C0F57F600F3007EE900AF8EE677A17EEE0
:102AC800900AFDF709FD32A3D3E90023FDF75CFD69
:102AD80031A3D3E90023FDF781FEFDF767FFFDF77A
:102AE800FBFC06460F462EA3D3E90023FDF74CFD59
:102AF80004460D4632463B4625A1D1E90001FDF7C3
:102B08008BFB02460B4620462946FDF767FEFDF77C
:102B18004DFF00EE100AF2EE047A80EE270A09F063
:102B280071FE10EE100AFDF7D7FC1FA3D3E90023AE
:102B3800FDF754FE1EA3D3E90023FDF76FFB024601
:102B48000B4600201F49FDF749FEFDF72FFFFDF753
:102B5800C3FC19A3D3E90023FDF75EFBFDF726FFAD
:102B680000EE100ADFED167AB4EEE70AF1EE10FA7D
:102B780009D4DFED157AB4EEE70AF1EE10FA96DD26
:102B88009FED110A93E79FED0E0A90E7AFF30080DF
:102B98006666666666660A400000000000FEAF4092
:102BA8003333333333331B40000000000068AA403E
:102BB800000000E0E1796B3F666666666612714068
:102BC800000020C20000F03F0000F04210B5054CA4
:102BD800204601F005FE204601F0CAFAFFF760FF23
:102BE80010BD00BF040C002010B5054C204601F0B4
:102BF800F7FD204601F0BCFAFFF752FF10BD00BFF9
:102C0800980B0020000000002DE9F041244E3046CA
:102C180001F0E6FDDFF89880B8F8CA309BB2B8F842
:102C2800A82092B29B1A07EE903AF8EEE77A9FED49
:102C38001D7AC7EE277A17EE900AFDF74DFC044679
:102C48000D46304601F094FAFDF724FC12A3D3E9AF
:102C58000023FDF799FC06460F46B8F8A80080B295
:102C6800FDF728FC02460B4630463946FDF7D4FAF4
:102C780002460B4620462946FDF786FC00220A4BF1
:102C8800FDF7CCFAFDF792FEDFED080A00EE100A18
:102C9800FFF7F2FEBDE8F081999999999999F13F6A
:102CA8002C0B00200000C84200003E40CDCCCC3D9B
:102CB8000075FF1F00B585B00023019302930393AD
:102CC8000F48104A0260A9224260836040F2E7334D
:102CD800C3608023836106F039F950B9002301935A
:102CE800039301A9064806F04BFB28B905B05DF827
:102CF80004FBFFF7D3FBF1E7FFF7D0FBF6E700BFD4
:102D0800E00F00200010004000B585B000230193BB
:102D1800029303930F48104A0260A922426083601D
:102D280041F28733C3608023836106F00FF950B9FD
:102D380000230193039301A9064806F021FB28B953
:102D480005B05DF804FBFFF7A9FBF1E7FFF7A6FB69
:102D5800F6E700BF940F00200014004008B50A48A9
:102D68000A4B0360A92343600023836042F20F7279
:102D7800C260036143618023836106F0E7F800B90C
:102D880008BDFFF78BFBFBE7FC0E00200044014069
:102D980000B585B00368224A934208D0214A93427D
:102DA80018D0214A934228D005B05DF804FB1F4B88
:102DB8009A6D42F010029A659B6D03F0100301931F
:102DC800019B00220321362002F01AF8362002F077
:102DD80027F8E9E7154B9A6D42F020029A659B6D3A
:102DE80003F020030293029B00220221372002F005
:102DF80007F8372002F014F8D6E70C4B1A6E42F4A5
:102E080000321A661B6E03F400330393039B0022FF
:102E18000321192001F0F4FF192002F001F8C3E79B
:102E2800001000400014004000440140001002401F
:102E38000268094B9A4200D0704782B003F55C43A0
:102E48001A6E42F400521A661B6E03F40053019383
:102E5800019B02B0704700BF0034014000B587B045
:102E680000230193029303930493059302680F4B85
:102E78009A4202D007B05DF804FB03F55C43DA6CB4
:102E880042F00202DA64DB6C03F002030093009B59
:102E98004FF40073019302230293032304930A233C
:102EA800059301A9024802F051F9E3E70034014013
:102EB8000004004810B598B000241594169417948F
:102EC8000E940F9410941194129413941494342221
:102ED800214601A809F0F0FB29482A4B0360052385
:102EE8004360846040F2E733C36004614461802337
:102EF800836106F05BF8002836D1002315931693FA
:102F0800179315A91E4806F03BFA00282FD1602315
:102F18000E934FF4FA730F930023109311931293A7
:102F28001393149308220EA9154806F0BFF808BB9E
:102F38000023019302930393049305934FF40052E3
:102F480006920793089309934FF000720A920B9325
:102F58000C930D9301A90A4806F068FA68B9084865
:102F6800FFF77CFF18B010BDFFF798FAC5E7FFF729
:102F780095FACCE7FFF792FADAE7FFF78FFAEEE770
:102F8800480F0020003401400220704710B5044665
:102F9800FFF7FAFFA04214BF0020012010BD000077
:102FA80010B50446FFF7F2FF58B1022C0BD84FF4C6
:102FB800067303FB04F000F50470044B1844043056
:102FC80010BD0020FCE70020FAE700BF6C100020CD
:102FD800B0F5803F01D280B270474FF6FF7070475E
:102FE800B5EEC00AF1EE10FA0FD908B5DFED087A90
:102FF80020EE270AF6EE007A30EE270AFCEEC07AB9
:1030080017EE900AFFF7E4FF08BD0020704700BFE5
:1030180000007A44B5EEC00AF1EE10FA11DBDFEDDC
:10302800107A20EE270AF6EE007A30EE270AFDEE37
:10303800C07A17EE900A002810DB08B5FFF7C8FF22
:1030480008BDDFED077A20EE270AF6EE007A30EEAB
:10305800670AFDEEC07A17EE900AECE70020704789
:103068000000C842094B1B889BB2032B09D8DFE834
:1030780003F0020A04060120704704207047082064
:1030880070470F2070470220704700BF600D002076
:10309800084B9B79DBB2022B07D0032B07D0012BFF
:1030A80001D000207047012070470220704703209C
:1030B800704700BF600D0020034B1878C0B201387C
:1030C80018BF0120704700BF04000010064B9B7911
:1030D800DBB2012B03D0054B588B80B27047034BF2
:1030E800188B80B2704700BF600D002000000020E0
:1030F80008B50D4B1B68002B13DD0B4BD3ED007A85
:10310800F8EEE77A9FED097A67EE877AB2EE0E7AE3
:1031180067EE877A9FED060A87EE800AFFF760FF61
:1031280008BD0020FCE700BF000000205AF5514010
:1031380000F07F4508B5034B93ED020AFFF750FFF7
:1031480008BD00BF340D002008B50E4BD3ED007A42
:10315800F5EEC07AF1EE10FA09DC0B4BD3ED007AEC
:10316800F5EEC07AF1EE10FA06DC002003E093EDEC
:10317800000AFFF735FF08BD93ED000AFFF730FF9F
:10318800F9E700BF200D0020240D0020044B1B6828
:10319800D86BB0F57A7F01D94FF47A7080B2704756
:1031A800480F002008B5054B93F806321BB1034BB6
:1031B800B3F8080208BDFFF7E9FFFBE76C10002031
:1031C800134AD2ED016AF2EE0E7A86EEA77A9FEDE7
:1031D800116AC7EE067ADFED106A67EEA67AFDEE91
:1031E800E77A0E4BC3ED027A92ED027ADFED0C7AA4
:1031F80027EE277ADFED0B7A37EE277AC7EE067AC5
:1032080067EEA67AFDEEE77AC3ED037A704700BF52
:10321800340D00205AF5514000F07F450000002091
:10322800295C0F3E3333D33F10B52DED028B654B30
:1032380093ED008A644BD3ED007AF4EEC87AF1EE90
:1032480010FA01DD93ED008A604B93ED000AFFF759
:10325800C7FE5F4B18805F4B93ED000AFFF7C0FE77
:103268005D4B18805D4B93ED000AFFF7B9FE5C4B90
:1032780018805C4B93ED000AFFF7B2FE5A4B18809A
:103288005A4B93ED000AFFF7C5FE594B18804D4B7A
:1032980093ED000AFFF7BEFE564B18804A4B93ED9C
:1032A800000AFFF7B7FE544B1880544C94ED010AFE
:1032B800FFF796FE524B188094ED020AFFF790FE36
:1032C800504B1880FFF7F8FE4F4B18804F4B5B7A36
:1032D800002B75D001224E4B1A804C4B9A884D4BCF
:1032E8001A80FFF7BFFE4C4B1880FFF7D1FE4B4BFF
:1032F80018804B4CA069FFF76BFE4A4B1880206979
:10330800FFF766FE484B1880A068FFF761FE474B41
:1033180018802068FFF75CFE454B1880B0EE480A1D
:10332800FFF778FE434B1880434B93ED000AFFF7F5
:1033380071FE424B1880294B93ED000AFFF750FEAF
:103348003F4B18803F4B93ED000AFFF749FE3E4B79
:103358001880244B93ED000AFFF742FE3B4B188080
:103368003B4B93ED000AFFF73BFE3A4B1880FFF703
:10337800ADFE394B1880394B1C68D4F89C00FFF718
:1033880027FE374B1880D4F81C02FFF721FE354B77
:103398001880FFF7FBFE344B1880FFF703FF334B11
:1033A8001880FFF7D1FE324B1880FFF7C3FE314B70
:1033B8001880FFF79DFE304B1880BDEC028B10BDC6
:1033C800002288E71C0D0020180D00202C0D00207D
:1033D8006A100020240D002068100020280D00200D
:1033E80066100020200D002064100020140D00201D
:1033F80062100020601000205E100020340D0020B4
:103408005C1000205A10002058100020600D002089
:103418005610002054100020521000205010002098
:10342800400D00204E1000204C1000204A100020B3
:103438004810002046100020740D00204410002081
:1034480042100020700D0020401000203E10002087
:103458006C0D00203C1000203A100020800D002048
:1034680038100020361000203410002032100020C0
:10347800301000202E1000202C100020054BD3F80F
:10348800BC322BB1D3F81402B0FA80F0400970476F
:1034980001207047781B002020B310B5044690F82F
:1034A800163253B1037823B90F4AD2F88820202A5C
:1034B80004D0012B05D0022B0CD010BD80F8163299
:1034C800FBE70A4AD2F88820202AF4D1002384F89E
:1034D8001632F2E7FFF7D2FF0028EED0002384F877
:1034E8001632EAE7704700BFDC1A0020481A0020AD
:1034F80038B54C4B1B8807EE103AB8EE477ADFED2B
:103508004A7AC7EE274A494B1B8807EE103AB8EEAD
:10351800477A87EE275A464B1B8807EE103AB8EED3
:10352800477ADFED446AC7EE265A434B1B8807EEFD
:10353800103AB8EE477AC7EE276A404B1B8807EE69
:10354800103AB8EE477A87EE276A3D4B1C88B4F5E7
:103558007A7F01D94FF47A743A4BC3ED014A83ED6F
:10356800025AF2EE047AF4EEE75AF1EE10FA09DBA9
:10357800DFED357AF4EEE75AF1EE10FA02D8334B64
:10358800C3ED005AF7EE007AF4EEE76AF1EE10FAAE
:1035980009DBDFED287AF4EEE76AF1EE10FA02D8DB
:1035A8002B4BC3ED006ADFED2B7AB4EEE76AF1EE40
:1035B80010FA09DBDFED287AB4EEE76AF1EE10FACB
:1035C80002D8264B83ED006A1E4B4FF07E521A60DC
:1035D800FFF7F6FD224B1B880BB30122214B5A72D1
:1035E8005B7A4BB91F4B0022DA711B889BB2042B04
:1035F80002D01C4B01221A801B4D012385F806328C
:10360800A5F8084203F1CC33A3FB0430C0F3CF0084
:10361800FEF782FA00F016FCC5F80C0238BD00224D
:10362800DCE700BF5C10002000007A445A1000203C
:10363800441000200000C842401000203C10002028
:1036480032100020340D002000001643740D0020B5
:10365800700D0020CDCCCC3D000048426C0D002000
:1036680056100020600D00206C10002008B5FFF7F0
:103678003FFFFFF7D9FD08BD10B504464FF480722F
:1036880006F0F8FB38B9D4F8803023B11A6813680B
:1036980023F00403136010BD70B50E4615461C4692
:1036A800B3F5807F01D94FF480742888A04209D3EC
:1036B800A0420DD8B4F5807F17D0FF2C00D9002484
:1036C8002C8070BD211A89B2304408F08BFDF4E7D4
:1036D800C0F5807189B2304408F084FD002CEFD029
:1036E8002146304608F07EFDE7E7C0F5807189B2D3
:1036F800304408F077FDE0E708B50020FFF746FC06
:1037080078B1124BD3F880305BB11B685B689BB211
:10371800C3F580730E4A9BB2A2F201210020FFF785
:10372800BBFF0120FFF732FC78B10A4BD3F8803099
:103738005BB11B685B689BB2C3F58073064A9BB29A
:10374800A2F203110120FFF7A7FF08BDDC1A002031
:103758006E120020481A00207012002000284AD05B
:1037680070B514460546002947D0002A47D0B2F55F
:10377800857F46D290F8163243B1037823B9264A9A
:10378800D2F88820202A16D0012B17D095F81632A7
:10379800CBBB6E1C2246304608F0BCFF2B78B3B179
:1037A800012B1ED02146304608F05AFA88BB012367
:1037B80085F8163224E080F81632E7E7174BD3F87D
:1037C8008830202BE2D1002385F81632DEE7224626
:1037D8003146114805F0CAFEB8B9012385F81632FA
:1037E8000EE0224631460D4805F0C0FE78B90123A7
:1037F80085F8163204E001207047012000E001201E
:1038080070BD0120FCE70220FAE70220F8E7022059
:10381800F6E70220F4E700BFDC1A0020481A00206F
:1038280078B110B50446B0F8142202B910BD00F5FD
:103838008571FFF793FF0028F8D10023A4F814320C
:10384800F4E77047B8B170B50D4614460646A1B105
:10385800AAB1B2F5857F01D3012011E0FFF77EFF01
:1038680070B12246294606F5857008F053FFA6F880
:103878001442002004E001207047012000E00120EC
:1038880070BD000010B51B4C40F65C0200212046BC
:1038980008F012FFFFF778FB2070002307E0154AB5
:1038A8004FF4067101FB032282F814320133022B14
:1038B800F5D9FFF7B9FC20210F4808F0B9FE00211F
:1038C8000E4808F0FDFB00210D4808F009FC002017
:1038D800FFF75CFB20B90120FFF758FB28B910BDA2
:1038E80008490948FFF7C8FEF5E708490848FFF7FF
:1038F800C3FEF4E76C10002024000020113A0008F1
:10390800753600086D100020DC1A00206D110020AB
:10391800481A002038B500F095FA0446FFF784FCF1
:10392800FFF7EAFE1B4B93F806322BB1194BD3F87D
:103938000C32E31A312B01D800240CE0154DB5F8F0
:103948000802154BA3FB0030C008FEF7E5F8C5F8E0
:103958000C42F1E70134022C1AD80E4B4FF40672D0
:1039680002FB043393F81402FFF710FB0028F1D090
:103978004FF4067504FB05F505F50475054B1D4464
:1039880004352846FFF788FD2846FFF749FFE1E799
:1039980038BD00BF6C100020CDCCCCCC38B5FFF7BB
:1039A80043FC002400E00134022C1AD80E4B4FF4DB
:1039B800067202FB043393F81402FFF7E7FA0028B3
:1039C800F1D04FF4067504FB05F505F50475064BB3
:1039D8001D4404352846FFF75FFD2846FFF720FF02
:1039E800E1E708F093FB38BD6C10002038B50446B9
:1039F8000D46044B1878FFF7D3FA2A462146FFF7FD
:103A080021FF38BD6C10002008B5FFF7EFFF08BD97
:103A1800A0B138B50C46054619B10220FFF7B6FA31
:103A280000B938BD064B02221A70FFF7FDFB21468C
:103A3800284608F0D7FBFFF7F7FBF2E7704700BF0F
:103A48006C10002008B5FFF7ABFA10B1002280F81F
:103A5800162208BD7047000008B5144B984203D0E1
:103A6800134B984210D008BD0020FFF7EBFF002051
:103A7800104BA3F80202FFF789FA0028F3D00E4989
:103A88000A48FFF7F9FDEEE70120FFF7DBFF094BD6
:103A98000022A3F804220120FFF778FA0028E2D0D8
:103AA80006490348FFF7E8FDDDE700BFDC1A002000
:103AB800481A00206C1000206D1000206D110020A5
:103AC80008B5074B984203D0064B984204D008BD6E
:103AD8000020FFF7B7FFFAE70120FFF7B3FFF6E78B
:103AE800DC1A0020481A002008B51748174B036055
:103AF8004FF46123436000238360C36003610C2299
:103B080042618361C36103624362836206F027F9FD
:103B180070B900210C4806F018FA60B900210A486B
:103B280006F038FA50B9084806F0F0F948B908BD67
:103B3800FEF7B4FCEDE7FEF7B1FCEFE7FEF7AEFCED
:103B4800F1E7FEF7ABFCF2E7DC1A00200038014091
:103B580008B51748174B03604FF4612343600023EF
:103B68008360C36003610C2242618361C3610362A5
:103B78004362836206F0F3F870B900210C4806F03E
:103B8800E4F960B900210A4806F004FA50B9084877
:103B980006F0BCF948B908BDFEF780FCEDE7FEF772
:103BA8007DFCEFE7FEF77AFCF1E7FEF777FCF2E73A
:103BB800481A002000440040F0B5A1B00446002196
:103BC8001B911C911D911E911F91542206A808F06B
:103BD80073FD23686D4A934204D06D4A934260D0C6
:103BE80021B0F0BD0123069306A804F0D1F90028FE
:103BF8004ED1684B1A6E42F480421A661A6E02F46D
:103C080080420192019ADA6C42F00202DA64DB6CBB
:103C180003F002030293029BC0231B9302231C930D
:103C280000251D951E9507231F931BA95A4801F0CF
:103C38008DFA5A485A4B0360182343608560C56063
:103C480080230361456185612023C3614FF40053DC
:103C5800036201F061F9F0B9504BC4F880309C62FE
:103C68005048514B0360192343601023836000239D
:103C7800C3608022026143618361C3614FF40053D2
:103C8800036201F049F948B9464BE3679C62A7E72C
:103C9800FEF704FCADE7FEF701FCDDE7FEF7FEFBEF
:103CA800F2E70223069306A804F072F9002863D10C
:103CB800384B9A6D42F400329A659A6D02F40032DC
:103CC8000392039ADA6C42F00102DA64DA6C02F0C9
:103CD80001020492049ADA6C42F00202DA64DB6CA4
:103CE80003F002030593059B4FF400431B9302273F
:103CF8001C9700251D951E9507261F961BA94FF09A
:103D0800904001F023FA08231B931C971D951E95DC
:103D18001F961BA9204801F019FA2448244B036078
:103D28001A2343608560C56080230361456185610E
:103D38002023C3614FF40053036201F0EDF8F0B99A
:103D48001A4BC4F880309C621A481B4B03601B2333
:103D58004360102383600023C360802202614361B3
:103D68008361C3614FF40053036201F0D5F848B989
:103D7800104BE3679C6233E7FEF790FB98E7FEF78A
:103D88008DFBDDE7FEF78AFBF2E700BF0038014054
:103D9800004400400010024000040048E8190020D8
:103DA80044000240881900205800024028190020C9
:103DB8001C000240C818002030000240104B1B684D
:103DC8000BB90120704710B504464FF47A70B0FB68
:103DD800F3F30C4A1068B0FBF3F001F025F868B96A
:103DE8000F2C01D901200AE0002221464FF0FF30B4
:103DF80001F006F8044B1C60002000E0012010BD13
:103E0800A401002020000020A801002010B50320F4
:103E180000F0E4FF0F20FFF7D1FF10B10124204686
:103E280010BD0446FEF7A0FDF9E70000034A136839
:103E3800034909680B441360704700BF701B0020DA
:103E4800A4010020014B1868704700BF701B0020B8
:103E580038B50446FFF7F6FF0546B4F1FF3F02D038
:103E6800044B1B681C44FFF7EDFF401BA042FAD32C
:103E780038BD00BFA401002010B430300B0A9B00ED
:103E880003F00C03C45801F01F014FF01F0C0CFA8B
:103E980001FC24EA0C0CC2F384628A404CEA020258
:103EA800C2505DF8044B704710B414304B0E9B00A1
:103EB80003F00403C458C1F304514FF0070C0CFA83
:103EC80001FC24EA0C0C8A404CEA0202C2505DF85C
:103ED800044B704730B583B000230193002800F0ED
:103EE80032810446C36D13B323689A6812F0005FE9
:103EF80005D09A6822F0204222F03F029A60226898
:103F0800936813F0805F1FD1936823F0104323F068
:103F18003F0343F0805393608C4B1B689B098C4A8A
:103F2800A2FB03239B0901335B00019309E0FDF722
:103F38000BF90023236684F85830D5E7019B013B31
:103F48000193019B002BF9D12268936813F0805FDD
:103F58003DD1E36D43F01003E365236E43F00103A5
:103F680023660120936813F0040300D00123E16D58
:103F780011F0100F40F0E080002B40F0DD80E36D81
:103F880023F4817343F00203E365936813F0010F90
:103F98003ED1B2F1A04F1CD06E4B9A4219D06E4B55
:103FA800996811F0010100D001216C4B9B6813F056
:103FB800010300D001230B436949896811F001010D
:103FC80000D001210B430CBF0123002312E0002085
:103FD800C8E74FF0A043996811F0010100D0012112
:103FE8005C4B9B6813F0010300D001230B430CBF0B
:103FF8000123002363B1B2F1A04F6CD0554B9A4214
:1040080067D0584963688A6822F47C1213438B602E
:10401800627FE36B43EA4233E2681343A2681343C7
:1040280094F8242043EA0243012A56D0E26A22B1D6
:1040380002F47872216B0A4313432168CD684A4A17
:104048002A401A43CA602268136923F04063616BEF
:104058000B4313612268936813F0080300D001230F
:1040680043BB237F94F83810490041EA8331D36871
:1040780023F4804323F002030B43D3602369002B0E
:1040880030D02268136943F4803313612268D2F870
:10409800C03023F47F5323F03F0321690B43C2F858
:1040A800C03094F84030012B2BD02268136923F0DC
:1040B800010313616369012B35D02268136B23F068
:1040C8000F031363E36D23F0030343F00103E36578
:1040D80037E0264996E7254994E7A26A013A43EA78
:1040E8004243A3E72268136923F4803313612268EB
:1040F800D2F8C03023F47F5323F03F03C2F8C03016
:10410800CFE721680B6923F4FF6323F00403626C93
:10411800A56C2A43E56C2A43256D2A43134343F0D3
:1041280001030B61C6E721680B6B23F00F03226ABA
:10413800013A13430B63C5E7E36D43F01003E365EE
:10414800012003B030BD0120FBE700BF20000020A4
:10415800632D3E050001005000040050000500508A
:1041680000060050000700500740F0FF0003005011
:104178000368186C70477047704708B5806AFFF786
:10418800FBFF08BD704708B50346806AC26D12F090
:10419800500F30D1C36D43F40073C36503681A68C8
:1041A80012F0080F14D0DA6812F4406F20D1DB68DF
:1041B80013F4005F1CD1C36D23F48073C365C36D12
:1041C80013F4805F14D1C36D43F00103C3650FE09E
:1041D800DB6813F0020F0BD1C36D23F48073C36542
:1041E800C36D13F4805F03D1C36D43F00103C3654E
:1041F800FFF7C1FF08BDC26D12F0100F04D1426D68
:10420800526B18469047F5E7FFF7BCFFF2E708B591
:10421800806AC36D43F04003C365036E43F0040333
:104228000366FFF7AFFF08BDF0B583B00023019325
:1042380090F85830012B00F0488204460D460123BF
:1042480080F858300068836813F0040F09D0E36DD4
:1042580043F02003E3650120002384F8583003B0BD
:10426800F0BD0A684968FFF707FE2068836813F005
:10427800040300D00123866816F0080600D0012642
:10428800002B3ED1002E3CD1AA68B2F1004F78D065
:104298002968FFF709FE2268536923F00043536138
:1042A80069692268D368C3F3C1035B009940286930
:1042B800042873D0603252F82070AB4B3B402F6813
:1042C80007F0F84C41EA0C010B4343F0004342F875
:1042D800203023682869AA69603353F8201021F038
:1042E80080710A4343F82020236829692A7F012A1C
:1042F80051D0603353F8212022F00072324343F842
:1043080021202268936813F0010F16D12B68E86802
:10431800D2F8B010C3F3120621EA060100F018061D
:104328009248F0400340C3F312030B43C2F8B03085
:10433800EA688F4B9A4200F099802B688D4A1342A5
:1043480000F0B9812268B2F1A04F00F050818A498B
:104358008A4200F049818949896801F0E070884DF6
:10436800AB4200F04681874DAB4200F04281864D5A
:10437800AB4200F07181854DAB4200F0878100208F
:104388006AE700222968FFF78FFD2268536943F026
:104398000043536184E74FF00076AAE7136E116E6D
:1043A800C1F384612B68C3F3120080BBC3F3846339
:1043B800994234D021684B6E4A6EC2F384622B68EE
:1043C800C3F3120080BBC3F384639A4234D02168DC
:1043D8008B6E8A6EC2F384622B68C3F3120080BBB3
:1043E800C3F384639A4234D02168CB6ECA6EC2F399
:1043F80084622B68C3F3120080BBC3F384639A42C0
:104408007FF47FAFCB6E23F00043CB6679E793FA56
:10441800A3F313B1B3FA83F3CAE72023C8E7136EF3
:1044280023F000431366C5E793FAA3F313B1B3FA75
:1044380083F3CAE72023C8E74B6E23F000434B669B
:10444800C5E793FAA3F313B1B3FA83F3CAE72023BA
:10445800C8E78B6E23F000438B66C5E793FAA3F396
:1044680013B1B3FA83F3CAE72023C8E720682B689F
:10447800C3F3120626BB9A0E013202F01F02092A64
:104488008CBF00220122002A52D046BB990E01316E
:10449800890601F0F84176BB9F0E013707F01F0728
:1044A8000122BA401143AEBB9B0E013303F01F0338
:1044B80003EB43031B051943AA68FFF7F5FC3CE728
:1044C80093FAA3F24AB1B2FA82F2013202F01F0261
:1044D800092A8CBF00220122D5E72022F5E793FAAA
:1044E800A3F131B1B1FA81F10131890601F0F84146
:1044F800D1E72021F8E793FAA3F24AB1B2FA82F29F
:10450800013202F01F024FF0010C0CFA02F2C9E767
:104518002022F5E793FAA3F343B1B3FA83F3013307
:1045280003F01F0303EB43031B05C4E72023F6E74F
:1045380076BB990E0131890601F0F841A6BB9F0EA2
:10454800013707F01F070122BA401143DEBB9B0E5B
:10455800013303F01F0303EB43031E3B1B0543F02A
:1045680000731943A8E700BF00F0FF03FFFF07002F
:1045780000007F4000000880000100500007005044
:10458800000021C31000C090000052C7000084CB77
:1045980093FAA3F131B1B1FA81F10131890601F041
:1045A800F841CBE72021F8E793FAA3F24AB1B2FA2F
:1045B80082F2013202F01F024FF0010C0CFA02F2F3
:1045C800C3E72022F5E793FAA3F35BB1B3FA83F3C9
:1045D800013303F01F0303EB43031E3B1B0543F0AA
:1045E8000073BEE72023F3E701F50071B4E638490C
:1045F800B2E611F4000F7FF4BAAEB2F1A04F04D0C6
:10460800344B9A4201D0002026E6B2F1A04F19D0CF
:10461800314B9A4214D0314A40F40000936823F099
:10462800E073184390602E4B1B689B092D4AA2FB30
:1046380003239B09013303EB43039B00019306E02B
:10464800234AE9E7224AE7E7019B013B0193019BE3
:10465800002BF9D10020FFE511F0807F7FF48BAEAD
:104668001D4B9A4229D003F580639A4227D0B2F1B4
:10467800A04F09D0194940F080738A6822F0E0728F
:1046880013438B600020E7E51149F4E711F4800F2C
:1046980017D1114B9A4216D0B2F1A04F09D00F4949
:1046A80040F480038A6822F0E07213438B60002094
:1046B800D2E50749F4E70020CEE50020CCE500204C
:1046C800CAE50020C8E50020C6E50220C7E500BF0E
:1046D8000003005000060050000100500007005081
:1046E80020000020632D3E0530B583B000230193E0
:1046F80003689A6812F0010F63D104469968324A38
:10470800114220D19A6822F0004222F03F0242F082
:1047180001029A600368B3F1A04F20D02B4A93425C
:104728001BD02B4B9B6813F4000F20D0294B1B6820
:104738009B09294AA2FB03239B09013303EB43038B
:104748009B00019310E0C36D43F01003C365036E33
:1047580043F001030366012034E0204BE2E71F4BDE
:10476800E0E7019B013B0193019B002BF9D1FFF787
:1047780069FB054623681A6812F0010F1FD19A6871
:1047880012F0010F07D19A6822F0004222F03F028E
:1047980042F001029A60FFF755FB431B022BE9D94F
:1047A80023681B6813F0010FE4D1E36D43F0100395
:1047B800E365236E43F001032366012002E0002035
:1047C80000E0002003B030BD3F0000800001005031
:1047D8000007005020000020632D3E050003005014
:1047E80038B504460368B3F1A04F60D0464A9342F7
:1047F8005AD0464A956805F01F059B6813F0040FC8
:104808007DD194F85830012B7BD0012384F858309F
:104818002046FFF769FF00286DD1E36D23F470632C
:1048280023F0010343F48073E3652368364A934217
:1048380042D002F5806293423BD01A46934200D0A0
:104848001DB9E26D22F48012E265E26D12F4805F18
:1048580035D0226E22F0060222661C221A6000233E
:1048680084F858302368284A93422ED002F5806293
:10487800934227D01A4693422AD0092D05D840F2F0
:104888002121E94011F0010F22D1E36D43F4801397
:10489800E365D36813F0007F32D0E36D23F440530F
:1048A80043F48053E3652BE002F50072A2E7184A4F
:1048B800A0E7A2F58072C1E74FF0A042BEE7002250
:1048C8002266CAE7A2F58072D5E74FF0A042D2E788
:1048D800DA6812F0007F05D0E26D22F4405242F40B
:1048E8008052E2659A6822F0004222F03F0242F0CC
:1048F80004029A6004E0002384F8583000E00220A3
:1049080038BD0220FCE700BF00010050000700503E
:10491800000300502DE9F04104460F469046006818
:10492800B0F1A04F24D0444B98421ED0434B9E6810
:1049380006F01F06856815F0040F77D194F85830F3
:10494800012B76D0012384F858303D4B984211D082
:10495800092E05D840F22123F34013F0010F09D1A5
:10496800002384F85830012061E003F50073DEE786
:10497800344BDCE72046FFF7B7FE002852D1E36D41
:1049880023F4706323F0010343F48073E365236821
:10499800294A934240D002F58062934239D01A46A0
:1049A800934200D01EB9E36D23F48013E365E36DF1
:1049B80013F4805F33D0236E23F006032366636D00
:1049C800214ADA62636D214A1A63636D204A5A6389
:1049D80023681C221A60002384F858302268536820
:1049E80043F0100353602268D36843F00103D36097
:1049F800216843463A464031606D00F0FBFA226870
:104A0800936823F0004323F03F0343F004039360CB
:104A18000DE0A2F58072C3E74FF0A042C0E7002383
:104A28002366CCE7002384F8583000E00220BDE874
:104A3800F0810220FBE700BF000100500007005092
:104A480000060050000300508F4100088341000811
:104A58001742000838B504460268936813F0020349
:104A680000D00123916811F0010F39D0002B39D102
:104A7800936803F00D03012B09D0E36D43F0100395
:104A8800E365236E43F001032366012029E0936860
:104A980023F0004323F03F0343F0020393602368AD
:104AA80003221A60FFF7CEF9054623689B6813F0C6
:104AB800010F13D0FFF7C6F9401B0228F5D9236868
:104AC8009B6813F0010FF0D0E36D43F01003E3652A
:104AD800236E43F001032366012002E0002000E07A
:104AE800002038BD0020FCE730B583B000230193D7
:104AF80090F85830012B41D004460D46012380F828
:104B08005830FFF7A7FF80BBE36D23F4885323F0E9
:104B1800020343F00203E3652268936823F04043ED
:104B280023F03F0305F080452B4343F00043936097
:104B380023689B68002B06DBE36D23F0030343F037
:104B48000103E36515E0019B01330193019A0C4BC6
:104B58009A42EDD9E36D23F0120343F01003E365A5
:104B6800002384F85830012006E0E36D43F0100379
:104B7800E365002384F8583003B030BD0220FBE71A
:104B880001DE040090F85820012A00F0D68010B405
:104B98009DB00346012280F85820002218921992ED
:104BA8000068B0F1A04F47D0654A904247D0002234
:104BB8000192019A002A46D0926812F0040200D0AD
:104BC8000122846814F0040F40F0A780002A40F006
:104BD800A480B0F1A04F42D05A4A90423CD05A4AE1
:104BE800086800285CD0906820F460404C6893F80E
:104BF80038C044EA4C34204390601868B0F1A04FA4
:104C08002FD0504CA0422CD04D48846814F0010499
:104C180000D001244D48806810F0010000D0012028
:104C280020434B4CA46814F0010400D00124204315
:104C38000CBF0120002025E0424A0192B9E702F5A5
:104C480080720192B5E7DA6D42F02002DA6500223F
:104C580083F85820012068E002F50072C0E73D4A59
:104C6800BEE74FF0A040846814F0010400D001248E
:104C78003448806810F0010000D0012020430CBFA8
:104C880001200020002854D0906820F4716020F0A2
:104C98000F000C688968214308439060002041E0B8
:104CA800916821F4604191601968B1F1A04F1AD060
:104CB8002448814217D02249886810F0010000D0AA
:104CC80001202249896811F0010100D00121014326
:104CD8001F48806810F0010000D0012001430CBF7C
:104CE8000121002110E04FF0A041886810F0010078
:104CF80000D001201349896811F0010100D0012179
:104D080001430CBF01210021A9B1916821F471610F
:104D180021F00F019160002004E0DA6D42F02002DA
:104D2800DA650120002283F858201DB05DF8044B95
:104D380070470020F6E70020F4E70220704700BF24
:104D4800000400500001005000070050000500500A
:104D58000006005000030050002807DB00F01F0287
:104D6800400901239340024A42F82030704700BFAF
:104D780000E100E0002808DB0901C9B200F1604049
:104D880000F5614080F80013704700F00F0009013A
:104D9800C9B2014B1954704714ED00E000B500F09A
:104DA8000700C0F1070CBCF1040F28BF4FF0040C3A
:104DB800031D062B0FD9C31E4FF0FF3E0EFA0CF051
:104DC80021EA000199400EFA03FE22EA0E0241EAA6
:104DD80002005DF804FB0023EEE70000074AD368F1
:104DE80023F4E0631B041B0C000200F4E06003439F
:104DF80043F0BF6343F40033D360704700ED00E035
:104E080010B50446054BD868C0F30220FFF7C6FF6B
:104E180001462046FFF7AEFF10BD00BF00ED00E0E1
:104E280008B5FFF799FF08BD0138B0F1807F0BD2B4
:104E38004FF0E0235861054AF02182F82310002042
:104E4800986107221A6170470120704700ED00E061
:104E580030B4C46C056D6560446D14B1846DC56D66
:104E68006560446C04F01F0C012404FA0CF4056C12
:104E78006C60046863608368102B05D003689960D0
:104E88000368DA6030BC704703689A600368D960C9
:104E9800F8E700000368104A934214D8DBB2083BD5
:104EA8000E4AA2FB03231B090D49426C22F00302A0
:104EB8000A4482640B4AC26403F01F03012202FA07
:104EC80003F303657047DBB2083B044AA2FB0323E4
:104ED8001B0908330449E8E707040240CDCCCCCCD1
:104EE800000802408008024020080240436803F09E
:104EF8007F03074A1A4492004265064A8265013BCD
:104F080003F01F03012202FA03F3C365704700BFD1
:104F18003F8200104009024000285DD010B50446C9
:104F280001682E4B99423FD82D4B0B442D4AA2FBCA
:104F380003231B099B0043642B4B0364022384F85F
:104F480025300A6822F4FF4222F07002A368E06864
:104F580003432069034360690343A0690343E0698D
:104F68000343206A034313430B602046FFF792FF75
:104F7800A368B3F5804F22D06368A26C03F07F0367
:104F88001360E36C226D5A606368013B032B19D9E7
:104F980000236365A365E3650020E063012384F8CB
:104FA800253084F8240010BD104B0B440D4AA2FB99
:104FB80003231B099B0043640D4B0364BEE70023D6
:104FC8006360D9E72046FFF791FF636D00221A60FE
:104FD800A36DE26D5A60DFE70120704707040240C5
:104FE800F8FFFDBFCDCCCCCC00000240F8FBFDBFE4
:104FF8000004024038B5044690F82400012841D046
:10500800012084F8240094F82500C0B2012804D0B7
:10501800002384F82430022038BD022084F82500BB
:105028000020E0632568286820F0010028602046F9
:10503800FFF70EFF236BD3B12268136843F00E030A
:105048001360A36C1A6812F4803F03D01A6842F404
:1050580080721A60636D1BB11A6842F480721A601C
:105068002268136843F0010313600020D4E7226824
:10507800136823F0040313602268136843F00A03DB
:105088001360DEE70220C7E738B5036C19680468C7
:105098002568436C03F01F0304229A400A4215D086
:1050A80015F0040F12D0236813F0200F03D12368E2
:1050B80023F004032360436C03F01F02016C0423F4
:1050C80093404B60036B03B1984738BD02229A4066
:1050D8000A421CD015F0020F19D0236813F0200FD4
:1050E80006D1236823F00A032360012380F82530C2
:1050F800436C03F01F02016C022393404B600023B2
:1051080080F82430C36A002BDFD09847DDE70822F7
:1051180002FA03F30B42D8D015F0080FD5D0236854
:1051280023F00E032360436C03F01F03016C01227C
:1051380002FA03F34B60C26380F82520002380F84D
:105148002430436B002BC0D09847BEE7F0B583B03E
:10515800002366E085685E000324B44025EA040560
:10516800CC68B4402C438460456825EA0C054C683B
:10517800C4F300149C402C43446063E08C68012C09
:1051880065D173E0DD08083550F8254003F0070CB9
:105198004FEA8C0C4FF00F0E0EFA0CFE24EA0E0E9E
:1051A8000C6904FA0CF444EA0E0440F8254062E065
:1051B800052400E0002404FA0EF42C430CF1020C40
:1051C800564D45F82C40564CA568D44325EA0206AE
:1051D8004F6817F4801F01D042EA0506504DAE60B3
:1051E800ED6804EA05064F6817F4001F01D042EA8B
:1051F80005064B4DEE606D6804EA05064F6817F426
:10520800003F01D042EA0506454D6E602D682C40EE
:105218004E6816F4803F01D042EA0504404A146003
:1052280001330A6832FA03F476D04FF0010C0CFA15
:1052380003FC1CEA0202F3D04C6804F00304013CAE
:10524800012C87D94C6804F00304032C96D0C46859
:105258004FEA430E4FF0030C0CFA0EFC24EA0C0C38
:105268008C6804FA0EF444EA0C04C4604C6804F038
:105278000304022C86D004684FEA430E4FF0030C57
:105288000CFA0EFC24EA0C0C4C6804F0030404FA33
:105298000EF444EA0C0404604C6814F4403FBFD098
:1052A800204C256E45F001052566246E04F00104A6
:1052B8000194019C4FEA930C0CF10205174C54F829
:1052C800255003F0030E4FEA8E0E0F2404FA0EF455
:1052D80025EA0405B0F1904F3FF46CAF124CA042A0
:1052E80012D004F58064A04210D004F58064A04276
:1052F8000ED004F58064A0420CD004F58064A0426E
:105308003FF456AF062456E7012454E7022452E737
:10531800032450E704244EE703B0F0BD0000014029
:105328000004014000100240000400480AB18161F5
:1053380070478162704710B40468226822F007023F
:105348008B68134323F01803CA681A432260036862
:105358000A685A6103684A689A615DF8044B7047A5
:1053680030B5046801F1010C4FEACC1C54F80C303C
:1053780023F0070E936843EA0E0323F01803D56859
:105388002B4344F80C300368146803EBC113C3F8CB
:1053980094400368526803EBC113C3F8982030BDEA
:1053A80070B404682368D4F8A05323F020034E692E
:1053B800334323F0C002202E09D08E69022E06D076
:1053C800032E29D0042E2AD023F0E00201E042F077
:1053D800200222F40062CB69134323F480620B6A33
:1053E800134323F0C0624B6A134323F000628B6AB5
:1053F800134323F04043CA6A43EA820323F000536D
:105408004A6B1A4325F480350B6B1D4322600368F1
:10541800C3F8A05370BC704742F04002D9E742F08D
:105428008002D6E72DE9F04105684B1CDB01EC58FA
:1054380024F07044EC500668F35806EBC114D4F815
:10544800E880D4F8E440D6F8A05323F0200C536940
:1054580043EA0C0C202B09D09369022B06D0032BAE
:1054680060D0042B63D02CF4D07C03E02CF4C07CF7
:105478004CF0200C2CF4006CD36943EA0C0323F4A1
:105488008063176A47EA030C2CF0C06C536A43EA3E
:105498000C0323F0006C936A43EA0C0323F0704C6E
:1054A800D36A43EA0C0323F40033576BB7F1005F68
:1054B80042D023F04003D2F838C04CEA030323F467
:1054C8008023976D47EA030E2EF0FC7E2EF4803E73
:1054D800136D43EA0E0E28F03F07D36B03F03F032A
:1054E8003B4323F00043176C3B43BCF1000F03D14F
:1054F80024F48074576C3C43976CB7F5606F1ED0EA
:10550800B7F5F05F1BD024F4F0543C4324F48044F6
:10551800D76C3C43576D05291AD8DFE801F01431E0
:10552800373D43492CF4807C4CF0800CA2E72CF0EA
:10553800800C4CF4807C9DE743F40033B9E7BCF160
:10554800400FE3D1DFE725F40035126B45EA420549
:105558004A1CD20146F802E0026802EBC112C2F806
:10556800E830036803EBC113C3F8E440036803EBB6
:10557800C113C3F8D4700368C3F8A053BDE8F08121
:1055880025F48025126B45EA8205E1E725F400251C
:10559800126B45EAC205DBE725F48015126B45EA74
:1055A8000215D5E725F40015126B45EA4215CFE739
:1055B80025F48005126B45EA8215C9E730B4006806
:1055C80000EBC113D3F8EC3023F01003146843EA5E
:1055D800041323F48013546844EA030C2CF4803C2D
:1055E800D36843EA0C0323F4003C936843EA0C03B2
:1055F8009469012C05D000EBC110C0F8EC3030BC28
:10560800704723F00403156945EA030C2CF0020CDB
:10561800536943EA0C0323F001032343EBE700003B
:10562800F0B4076807EBC114D4F8E460D4F8B850B4
:10563800402A52D035D8012A4FD0002A5ED0202ADD
:105648005ED8022A5ED3023A012404FA02F2324CEE
:10565800224230D144F2040422423ED10022FE24E8
:10566800944026EA04061C68944044EA060CDC6868
:10567800944044EA0C041E6906FA02FC4CEA040C45
:105688005C69944044EA0C0C9C69944044EA0C041C
:10569800082E39D0036803EBC113C3F8E440F0BC0B
:1056A8007047B2F5007F06D012D9B2F5806F14D0DA
:1056B800B2F5006F20D15A6807EBC117C7F8C420AC
:1056C80002689C6802EBC112C2F8C8401022C6E703
:1056D800802AF0D0B2F5807F0CD15A6807EBC11749
:1056E800C7F8BC2002689C6802EBC112C2F8C0402F
:1056F8000022B4E70022B2E70022B0E70022AEE7BA
:105708000022ACE70022AAE715F0022FC2D1DB691C
:1057180093401C43BEE700BF4100004006293CD827
:10572800DFE801F00C141C242C3404000268D2F8C1
:10573800843343F00103C2F8843370470268D2F817
:10574800843343F00203C2F8843370470268D2F806
:10575800843343F00403C2F8843370470268D2F8F4
:10576800843343F00803C2F8843370470268D2F8E0
:10577800843343F01003C2F8843370470268D2F8C8
:10578800843343F02003C2F8843370470268D2F8A8
:10579800843343F04003C2F884337047002864D050
:1057A80010B582B00446022380F8DD300023C0F82B
:1057B800E030C0F8E430C0F8E830C0F8EC30C0F8A9
:1057C800F030C0F8F430C0F8F830836813F0010FF7
:1057D80012D00268264B9A4225D021680A6822F422
:1057E8004042236903F44043134323F4405362695E
:1057F80002F440521A430A602046FCF717FCA368DB
:1058080013F0020F08D021680A6822F44072E36896
:1058180003F4407313430B60012384F8DD30002345
:1058280084F8DC301CE003F528431A6E42F08062ED
:105838001A661B6E03F080630193019BCDE7C3EBEF
:10584800C30204EB820200219161D16111625162AD
:105858009162C3EBC30204EB820211630133DBB232
:10586800062BECD9002002B010BD0120704700BF04
:105878000068014090F8DC30012B32D0012380F819
:10588800DC30022380F8DD30B1F1FF3F1AD0026826
:10589800D2F8CC3343F00203C2F8CC330268D2F812
:1058A800CC3323F00C030B43C2F8CC330268D2F894
:1058B800CC3343F00103C2F8CC33012380F8DD3048
:1058C800002070470268D2F8CC3323F00203C2F8F4
:1058D800CC330268D2F8CC3343F00103C2F8CC339E
:1058E800EBE70220704770B504460D46FEF7AAFAAA
:1058F80006462368D3F8883313F4803F0ED1B5F1F8
:10590800FF3FF6D0FEF79EFA801BA84201D8002D73
:10591800EFD1072384F8DD30032005E0012384F864
:10592800DD30002084F8DC0070BD10B5044690F826
:10593800DD00C0B202280BD0022384F8DD3006292E
:1059480007D02046FFF70CFD012384F8DD30002046
:1059580010BD11462046FFF7EEFCF5E7034690F828
:10596800DD00C0B2022800F0318193F8DC00012884
:1059780000F0288170B5012083F8DC00022083F84C
:10598800DD001868D0F88053D0F8FC4320292AD8C5
:10599800002900F00C8101F1FF3CBCF11F0F00F25F
:1059A8000681DFE81CF063007F0004018C0004011D
:1059B8000401040199000401040104010401040123
:1059C80004010401A6000401040104010401040106
:1059D8000401040104010401040104010401040197
:1059E80004010401B900B1F5807F00F0C9801DD918
:1059F800B1F5007F40F0DB8024F4E00416684FEA3C
:105A0800061C0CF4E00C4CEA0404D0F8F86326F009
:105A1800F846C0F8F8631E68D6F8F803526892068C
:105A280002F0F8420243C6F8F82328E0402900F0C3
:105A38008D80802940F0BB8024F4E04416684FEA4A
:105A4800161C0CF4E04C4CEA0404D0F8F86326F475
:105A5800F816C0F8F8631E68D6F8F80352681204FE
:105A680002F4F8120243C6F8F82308E025F4E0250A
:105A7800166806F4E02635435268C0F8BC2393F84C
:105A8800DD20D2B2072A00F09F800F2900F296800D
:105A98001A68C2F88053012283F8DD20002083F8B9
:105AA800DC0070BD25F4601516684FEAC60C0CF4CE
:105AB800601C4CEA05055268C0F8C023DFE725F0F2
:105AC800E07516684FEA861C0CF0E07C4CEA050588
:105AD8005268C0F8C423D2E725F0606516684FEA1B
:105AE800462C0CF0606C4CEA05055268C0F8C823D7
:105AF800C5E7568866F30204D0F8F86326F01F0657
:105B0800C0F8F8631E68D6F8F803526802F01F025E
:105B18000243C6F8F823B2E724F0700416684FEA87
:105B2800163C0CF0700C4CEA0404D0F8F86326F428
:105B38007876C0F8F8631E68D6F8F8035268520100
:105B480002F478720243C6F8F82398E724F4E06474
:105B580016684FEA162C0CF4E06C4CEA0404D0F8F2
:105B6800F86326F4F846C0F8F8631E68D6F8F80318
:105B78005268920202F4F8420243C6F8F8237EE71C
:105B880024F4E024166806F4E0263443D0F8F863D9
:105B980026F07876C0F8F8631E68D6F8F8035268DD
:105BA800520502F078720243C6F8F82367E7072225
:105BB80083F8DD20002283F8DC2060E71A68C2F849
:105BC800FC4368E70220704701206AE770470346F4
:105BD80090F8DD00C0B2022800F0BD8093F8DC0028
:105BE800012800F0B580012083F8DC00022083F84A
:105BF800DD00202918D8002900F0A38001391F29C9
:105C080000F29F80DFE801F0344A9D569D9D9D6219
:105C18009D9D9D9D9D9D9D6E9D9D9D9D9D9D9D9DDB
:105C28009D9D9D9D9D9D9D7AB1F5807F7DD00FD9CD
:105C3800B1F5007F40F085801868D0F8041421F091
:105C4800F851120602F0F8520A43C0F8042419E089
:105C580040295ED0802974D11868D0F8041421F442
:105C6800F831120302F4F8320A43C0F8042409E0B8
:105C78001868D0F8001421F01F0102F01F020A432F
:105C8800C0F8002493F8DD20D2B2072A62D001229E
:105C980083F8DD20002083F8DC0070471868D0F80E
:105CA800001421F4F861920102F4F8620A43C0F882
:105CB8000024E7E71868D0F8001421F4F83112033B
:105CC80002F4F8320A43C0F80024DBE71868D0F879
:105CD800001421F4F801920402F4F8020A43C0F80F
:105CE8000024CFE71868D0F8001421F0F851120604
:105CF80002F0F8520A43C0F80024C3E71868D0F845
:105D0800041421F01F0102F01F020A43C0F8042402
:105D1800B8E71868D0F8041421F4F861920102F485
:105D2800F8620A43C0F80424ACE71868D0F80414F1
:105D380021F4F801920402F4F8020A43C0F804249A
:105D4800A0E7072283F8DD20002283F8DC2099E70A
:105D5800022070470120704770B5044690F8DD00B6
:105D6800C0B2022836D00D46164694F8DC30012B16
:105D780036D0012384F8DC30022384F8DD3006298C
:105D880029D02046FFF74EFB3268C5EBC50304EB6C
:105D980083031A6272685A62B2689A62F268DA62B7
:105DA80032691A6329462046FFF7B8FC062D0BD046
:105DB800F36A4BB922680135ED01535923F4007396
:105DC800F16D43EA41235351012384F8DD3000206B
:105DD80084F8DC0070BD11462046FFF7E1FAD3E7EE
:105DE8000220F7E738B5044690F8DD00C0B2022873
:105DF80011D094F8DC30012B0ED0012584F8DC504A
:105E0800022384F8DD302046FFF7D8FB84F8DD5004
:105E1800002084F8DC0038BD0220FCE7034690F837
:105E2800DD00C0B2022845D093F8DC0001283FD03D
:105E380030B54FF0010E83F8DCE0022083F8DD0076
:105E4800106800F4E0545068C0F3080004439068F8
:105E580000F400700443106900F480400443D068E3
:105E680000F4004004431448556900EA054C4CEA24
:105E7800040C906900F0007040EA0C0C106A00F005
:105E8800804040EA0C0CD06900F0004040EA0C0069
:105E98001A6802EBC111D1F8B840084A22400243FF
:105EA800C1F8B82083F8DDE0002083F8DC0030BDBD
:105EB80002207047704700BF0000FF010020003C2F
:105EC800844690F8DD00C0B2022800F0D9809CF822
:105ED800DC00012800F0D08030B401208CF8DC0010
:105EE80002208CF8DD00062909D0013A072A00F2C1
:105EF800BC80DFE802F02E43BA7ABABABA82013A15
:105F0800072A1FD8DFE802F0040F1E141E1E1E19F0
:105F1800DCF800201B68D3619CF8DD30DBB2072B6E
:105F280024D1012028E0DCF800201B685362F3E745
:105F3800DCF800201B689362EEE7DCF800201B68A1
:105F4800D362E9E707238CF8DD3000238CF8DC30D6
:105F5800E2E7DCF800201B6802EBC112C2F89C30B3
:105F68009CF8DD30DBB2072B00F0888001238CF829
:105F7800DD3000208CF8DC0030BC7047DCF80020F5
:105F8800186802EBC112C2F8A4005A6822B3DCF800
:105F980000404A1CD201A05820F44050A050DCF820
:105FA8000040A0585D682843A0505A68B2F5005FC9
:105FB8000AD0B2F5405FD3D1DCF800209B6802EB31
:105FC800C112C2F8A830CBE7DCF800209B6802EBCE
:105FD800C112C2F89C30C3E7DCF800200131C901C6
:105FE800535823F440535350BAE7DCF800201B6899
:105FF80002EBC112C2F8A830B2E7DCF8002018683A
:1060080002EBC112C2F8AC005A682AB3DCF80040AF
:106018004A1CD201A05820F44040A050DCF80040AF
:10602800A0585D6840EA8500A0505A68B2F5005F44
:106038000AD0B2F5405F93D1DCF800209B6802EBF0
:10604800C112C2F8A8308BE7DCF800209B6802EB8D
:10605800C112C2F89C3083E7DCF800200131C90185
:10606800535823F4404353507AE707238CF8DD3024
:1060780000238CF8DC3073E70220704701207BE7AF
:10608800704738B5044690F8DD00C0B2022811D038
:1060980094F8DC0001280ED0012584F8DC50022099
:1060A80084F8DD002046FFF7BBFA84F8DD500020B5
:1060B80084F8DC0038BD0220FCE790F8DC30012BC6
:1060C80015D010B4012280F8DC20022380F8DD30DE
:1060D8000468D4F894330B43C4F8943380F8DD2073
:1060E800002380F8DC3018465DF8044B7047022026
:1060F800704790F8DC30012B15D010B4012280F8DD
:10610800DC20022380F8DD300468D4F898330B4390
:10611800C4F8983380F8DD20002380F8DC30184676
:106128005DF8044B70470220704790F8DC30012B73
:1061380013D010B4012280F8DC20022380F8DD306F
:10614800046823680B43236080F8DD20002380F86F
:10615800DC3018465DF8044B7047022070477047E2
:1061680070477047704770477047704770B505466D
:106178000368D3F88843D3F8906314F0010F02D072
:1061880016F0010F24D114F0020F02D016F0020FFE
:1061980024D114F0040F02D016F0040F26D114F005
:1061A800080F02D016F0080F28D114F0100F02D0F3
:1061B80016F0100F2AD114F0400F02D016F0400F3D
:1061C8002CD114F0200F02D016F0200F2ED170BD64
:1061D8000122C3F88C23FFF7C2FFD4E72B68022201
:1061E800C3F88C232846FFF7BBFFD2E72B680422AD
:1061F800C3F88C232846FFF7B4FFD0E72B680822A2
:10620800C3F88C232846FFF7ADFFCEE72B68102292
:10621800C3F88C232846FFF7A6FFCCE72B6840225B
:10622800C3F88C232846FFF79FFFCAE72B68202274
:10623800C3F88C232846FFF798FFC8E770477047D4
:1062480070477047704770477047704770472DE92F
:10625800F04105460368D3F88873D3F890835C68E7
:10626800DE6817F4803F02D018F4803F31D117F46C
:10627800003F02D018F4003F38D114F0010F02D0CB
:1062880016F0010F3BD114F0020F02D016F0020FE6
:106298003DD114F0040F02D016F0040F3FD114F0D2
:1062A800080F02D016F0080F41D114F0100F02D0D9
:1062B80016F0100F43D114F0200F02D016F0200F63
:1062C80045D114F0400F02D016F0400F46D1BDE87A
:1062D800F0814FF48032C3F88C23012380F8DD303D
:1062E800002380F8DC30FFF7A9FFC0E72B684FF4E4
:1062F8000032C3F88C232846FFF7A1FFBDE72B68BF
:1063080001229A6006212846FFF79DFFBBE72B680C
:1063180002229A6006212846FFF796FFB9E72B6804
:1063280004229A6006212846FFF78FFFB7E72B68FB
:1063380008229A6006212846FFF788FFB5E72B68F0
:1063480010229A6006212846FFF77CFFB3E72B68E6
:1063580020229A602846FFF773FFB2E72B68402295
:106368009A6006212846FFF76CFFB0E77047704730
:10637800704770477047704770477047F8B50646D2
:106388000D4602684B1C02EBC3135C6802EBC11399
:10639800D3F88C7014F0010F02D017F0010F52D10E
:1063A80014F0020F02D017F0020F53D114F0040FAB
:1063B80002D017F0040F58D114F0080F02D017F0CC
:1063C800080F5DD114F0100F02D017F0100F62D132
:1063D80014F0400F02D017F0400F67D114F0800F6F
:1063E80002D017F0800F6CD114F4807F02D017F41C
:1063F800807F71D114F4007F02D017F4007F77D129
:1064080014F4806F02D017F4806F7DD114F4006FFC
:1064180003D017F4006F40F0838014F4805F03D03A
:1064280017F4805F40F0888014F4005F03D017F4FD
:10643800005F40F08D8014F4804F03D017F4804F34
:1064480040F09280F8BD1A460123C2F88830FFF761
:10645800FAFEA5E7336803EBC5130222C3F88820C8
:1064680029463046FFF7F0FEA0E7336803EBC51373
:106478000422C3F8882029463046FFF7E6FE9BE74A
:10648800336803EBC5130822C3F888202946304631
:10649800FFF7DCFE96E7336803EBC5131022C3F859
:1064A800882029463046FFF7CDFE91E7336803EB95
:1064B800C5134022C3F8882029463046FFF7C1FE9D
:1064C8008CE7336803EBC5138022C3F8882029467C
:1064D8003046FFF74BFF87E7336803EBC5134FF4EC
:1064E8008072C3F8882029463046FFF740FF81E7CD
:1064F800336803EBC5134FF40072C3F888202946AC
:106508003046FFF737FF7BE7336803EBC5134FF4DB
:106518008062C3F8882029463046FFF72CFF75E7CC
:10652800336803EBC5134FF40062C3F8882029468B
:106538003046FFF721FF70E7336803EBC5134FF4CC
:106548008052C3F8882029463046FFF716FF6BE7CC
:10655800336803EBC5134FF40052C3F8882029466B
:106568003046FFF706FF66E7336803EBC5134FF4C1
:106578008042C3F8882029463046FFF7F9FE61E7D4
:1065880008B5FF2904D0062905D0FFF7F7FE08BD96
:10659800FFF7ECFDFBE7FFF75AFEF8E7002831D0DC
:1065A80038B5044603684CF6CC421A60036845F2D5
:1065B80055521A60036842685A60036882689A6094
:1065C800FDF740FC05462368DA6812F0070F0DD086
:1065D800FDF738FC401B41F601039842F3D92368C4
:1065E800DB6813F0070FEED0032005E01969E268B5
:1065F800914202D01A61002038BD4AF6AA221A60D8
:106608000020F9E70120704738B512F4804F43D0D5
:106618000468B4F8503091F800C04FEACC0E1EFA66
:1066280083F32344B3F80244C4F309048B69A342F7
:1066380028D31B1B8B618B697BB9056835F82C3017
:106648009BB223F4804323F0700383F4005343F494
:10665800004343F0800325F82C3012F0400F0ED091
:1066680002680D7832F825309BB223F4E04323F01A
:10667800700343F4004343F0C00322F8253024B9E3
:10668800204638BD00238B61D5E723460A8949692E
:10669800006804F09CFBF3E70468B4F8503091F804
:1066A80000C04FEACC0E1EFA83F32344B3F8064425
:1066B800C4F309048B69A3422FD31B1B8B618B691D
:1066C8007BB9056835F82C309BB223F4804323F05E
:1066D800700383F4005343F4004343F0800325F828
:1066E8002C3012F0400F0FD1026891F800C032F838
:1066F8002C309BB223F4E04323F0700343F40043AF
:1067080043F0C00322F82C30002CB9D023464A8924
:106718004969006804F05BFBB2E700238B61CEE7B0
:10672800002856D010B5044690F891323BB10323A7
:1067380084F89132206803F05BFC002315E080F8B0
:10674800903205F063FBF2E703EB830204EBC2022D
:106758000121517413740021D17411625162013303
:1067680003EB8302D200A150DBB220799842EBD828
:10677800002316E003EB830204EBC202002182F837
:10678800511182F8503182F85311C2F86011C2F8E1
:10679800641103EB830204EBC202C2F868110133EF
:1067A800DBB29842E6D8234653F8040B93E8060078
:1067B80003F028FC00232373012384F89132A37A81
:1067C800012B01D0002010BD204600F01BFF002047
:1067D800F9E70120704790F89032012B0ED010B5E0
:1067E8000446012380F89032006803F0F8FB206823
:1067F80004F00AF8002084F8900210BD02207047C7
:1068080070B505460C46164612F0400F00F0208180
:106818000268B2F8503009784FEAC10C1CFA83F3C9
:106828001344B3F80224C2F30902A36993422CD992
:106838009B1AA361A06958B316F4804F0DD028683D
:1068480030F821309BB223F4E04323F0700343F483
:10685800404343F0800320F8213094F82430012B82
:1068680000F08D802A68217832F821309BB223F419
:10687800E04323F0400383F0300343F4004343F044
:10688800800322F82130002070BD0023A361D1E7E6
:106898006378002B48D12A68B2F8503012FA83F393
:1068A8006344B3F80224C2F30902A3F80224B3F83C
:1068B80002246FEA42426FEA524292B2A3F80224DB
:1068C8002A686378002B3BD1B2F8503012FA83F370
:1068D800227803EBC203B3F80624C2F30902A3F833
:1068E8000624B3F806246FEA42426FEA524292B293
:1068F800A3F80624E378022B2FD02178284605F048
:10690800C9FA16F4804FBED02A68217832F82130AF
:106918009BB223F4E04323F0700343F4404343F075
:10692800800322F82130AEE7012BC9D12A68B2F8DA
:10693800503012FA83F363440022A3F80224BFE71D
:10694800012BD7D1B2F8503012FA83F3227803EB37
:10695800C2030022A3F80624CCE72A68217832F87B
:1069680021309BB223F4E04323F0400383F020035B
:1069780043F4004343F0800322F82130BDE7636904
:1069880013446361E3691344E361216A236999420B
:106998001DD3C91A21626278002A44D12968B1F846
:1069A800502011FA82F2217802EBC102B2F80214E7
:1069B800C1F30901A2F80214ABB9B2F802146FEAE4
:1069C80041416FEA514189B2A2F802142DE021B980
:1069D800002384F824301346DDE7002384F82430AC
:1069E80023620B46D7E73E2B0DD8590813F0010F49
:1069F80000D00131B2F8020480B2890289B20143A1
:106A0800A2F8021411E0580913F01F0F00D1013841
:106A1800B2F8021489B2800280B2014341F4004105
:106A2800A2F8021401E0012A06D09BB2228961690A
:106A3800286803F0F8FE15E72968B1F8502011FA24
:106A480082F2217802EBC10299B2A2F80214ECE7B3
:106A58000268B2F850300978C80010FA83F313447A
:106A6800B3F80624C2F30902A369934246D39B1ADA
:106A7800A361A369002B44D016F4804F0DD1286878
:106A880030F821309BB223F4E04323F0700343F441
:106A9800404343F0800320F8213094F82430012B40
:106AA8007FF4E0AE636913446361E3691344E3610F
:106AB800216A23699942C0F09C80C91A2162296819
:106AC8006278002A40F0C180B1F8502011FA82F2B1
:106AD800217802EBC102B2F80614C1F30901A2F849
:106AE8000614002B40F09180B2F806146FEA414179
:106AF8006FEA514189B2A2F80614A8E00023A36105
:106B0800B7E76378002B49D12A68B2F8503012FAF7
:106B180083F30344B3F80224C2F30902A3F802245E
:106B2800B3F802246FEA42426FEA524292B2A3F8E3
:106B380002242A686378002B3CD1B2F8503012FA4C
:106B480083F3227803EBC203B3F80624C2F30902E5
:106B5800A3F80624B3F806246FEA42426FEA5242C9
:106B680092B2A3F80624E378022B30D02178284685
:106B780005F090F916F4804F7FF485AE2A682178E5
:106B880032F821309BB223F4E04323F0700343F43E
:106B9800404343F0800322F8213074E6012BC8D12A
:106BA8002A68B2F8503012FA83F303440022A3F89B
:106BB8000224BEE7012BD6D1B2F8503012FA83F383
:106BC800227803EBC2030022A3F80624CBE72A6845
:106BD800217832F821309BB223F4E04323F04003BC
:106BE80083F0200343F4004343F0800322F821306C
:106BF800BCE721B9002384F8243013465FE700235B
:106C0800236284F824300B4659E73E2B0DD85908E7
:106C180013F0010F00D00131B2F8060480B28902E6
:106C280089B20143A2F8061411E0580913F01F0FA6
:106C380000D10138B2F8061489B2800280B201434B
:106C480041F40041A2F8061401E0012A06D09BB2E3
:106C580062896169286803F0E6FD03E6B1F850200F
:106C680011FA82F2217802EBC10299B2A2F8061455
:106C7800EDE72DE9F04704463EE003889BB223F494
:106C8800E14323F070036FEA43436FEA53439BB237
:106C980003802168B1F85030227CD20012FA83F3C5
:106CA8000B44B3F80234C3F30903E362626A1A447B
:106CB80062620021204605F0EDF8237BE3B1A36A68
:106CC800D3B9237B226843F08003A2F84C30002319
:106CD800237311E0B4F8562104F5267104F077F80F
:106CE8002268138823F070031B051B0D43F08003F3
:106CF8001380204605F0BAF82068B0F8443013F441
:106D0800004F00F03482B0F844309AB203F00F0517
:106D180013F0080F40F02F82002D75D112F0100FDC
:106D2800ABD003889AB213F4006F30D0B0F850306B
:106D380094F85021D20012FA83F30344B3F80634CE
:106D4800C3F30903C4F86C31082BC3D003889BB282
:106D580023F4804323F0700383F4805348F28001C6
:106D68000B430380226813889BB223F4E04323F08B
:106D7800400383F010030B4313802268138823F029
:106D880070031B051B0D43F080031380F0E112F420
:106D9800004FB1D0038823F070031B051B0D43F08F
:106DA800800303802068B0F8503094F85021D20056
:106DB80012FA83F30344B3F80634C3F30903C4F89F
:106DC8006C316BB903889BB223F4804323F07003C2
:106DD80083F4405343F4004343F0800303808BE77C
:106DE800D4F86411002987D0B4F8562103F0EFFFD6
:106DF800D4F86431D4F86C211344C4F86431002108
:106E0800204605F03BF877E7AF0030F825309EB212
:106E180013F4004F4DD116F0800F3FF46DAF2A46A2
:106E280005EB8501C900103121442068C35B9BB282
:106E380023F4E14323F070036FEA43436FEA5343BB
:106E48009BB2C35305EB850304EBC303DB7C012B27
:106E580000F0F58016F4807F40F084812068B0F857
:106E6800503005EB850504EBC5052E7CF50015FAB9
:106E780083F30344B3F80234C3F30903551C05EB49
:106E8800850554F835509D4240F24F81571C07EB59
:106E98008707ED1A44F83750551C05EB850554F85B
:106EA8003550002D40F048813146204604F0F2FF6D
:106EB80022E730F8253023F070031B051B0D43F043
:106EC800800320F82530A84605EB85094FEAC90953
:106ED80009F5A879A14405EB850304EBC30393F8EE
:106EE8005C31EBBB2068B0F8503005EB850204EB51
:106EF800C20292F85021D20012FA83F30344B3F885
:106F080006A4CAF3090ABAF1000F1DD108EB8803D9
:106F180004EBC303D3F86C215244C3F86C21D3F8B3
:106F280068313BB108EB880304EBC303D3F8603145
:106F38009A4572D208EB880804EBC80898F85011F3
:106F4800204604F09BFF66E705EB850104EBC101D1
:106F58005346B1F85621D1F8641103F038FFD5E74C
:106F680005EB850304EBC30393F85331022B34D0AC
:106F7800216805EB850204EBC20292F8500131F852
:106F880020309BB223F4E04323F0700343F4004322
:106F980043F0C00321F82030206892F8503130F8CF
:106FA800232012F4804F1FD0B0F85020DB0013FAD2
:106FB80082F30344B3F802A4CAF3090ABAF1000F32
:106FC800A4D005EB850104EBC1015346B1F8582163
:106FD800D1F8641103F0FBFE98E732464946204693
:106FE800FFF712FB824691E7B0F85020DB0013FA56
:106FF80082F30344B3F806A4CAF3090ABAF1000FEE
:1070080084D005EB850104EBC1015346B1F85A2140
:10701800D1F8641103F0DBFE78E708EB880304EB92
:10702800C303D3F8643108EB880804EBC808534459
:10703800C8F864314946206803F007FCEBE66B1C8E
:1070480003EB8303DB000021E15005EB850504EB2E
:10705800C5052B7FDBB116F0400F33D06B7CFBB935
:107068002168B1F8503011FA83F3297C03EBC1038E
:10707800B3F80214C1F30901A3F80214B3F8021417
:107088006FEA41416FEA514189B2A3F8021402EB59
:10709800820204EBC202117C204604F0FBFE2BE6C0
:1070A800012BF4D12168B1F8503011FA83F302EBC7
:1070B800820104EBC101097C03EBC1030021A3F8A1
:1070C8000214E4E7216802EB820304EBC3035B7C50
:1070D800D3B9B1F8503011FA83F302EB820104EB13
:1070E800C101097C03EBC103B3F80614C1F309011C
:1070F800A3F80614B3F806146FEA41416FEA514148
:1071080089B2A3F80614C2E7012BC0D1B1F85030F8
:1071180011FA83F302EB820104EBC101097C03EB52
:10712800C1030021A3F80614B1E7551C05EB85053A
:10713800ED0000276751AFE602EB820504EBC505B9
:107148006E6A1E446E62013202EB820504EBC505CD
:107158006D6802EB820204EBC2022B44536003F019
:1071680074FBC9E532462046FFF74AFBC4E5002513
:107178002846BDE8F0870125FAE790F89032012B00
:107188000CD010B50446012380F8903201730068D2
:1071980003F034FB002084F8900210BD02207047F1
:1071A80010B50446006803F03AFB10F4004F23D1F1
:1071B80010F4806F24D110F4804F32D110F4005FA6
:1071C80039D110F4805F40D110F4006F67D110F00E
:1071D800800F40F0818010F4007F40F0AD8010F403
:1071E800807F27D02268B2F844309BB223F48073A2
:1071F8009BB2A2F844301DE02046FFF73AFD19E0A3
:107208002268B2F844309BB223F480639BB2A2F8A0
:107218004430204604F04FFE00212046FFF7ADFF22
:1072280008E02268B2F844309BB223F480439BB252
:10723800A2F8443010BD2268B2F844309BB223F45F
:1072480000539BB2A2F84430F4E72268B2F8403009
:107258009BB223F004039BB2A2F840302268B2F834
:1072680040309BB223F008039BB2A2F8403094F858
:10727800C832012B0CD0204604F040FE2268B2F838
:1072880044309BB223F480539BB2A2F84430D1E738
:10729800002184F8C812204604F0E8FEEBE72268D3
:1072A800B2F840309BB243F00803A2F8403022689D
:1072B800B2F844309BB223F400639BB2A2F8443086
:1072C8002268B2F840309BB243F00403A2F8403081
:1072D800204604F003FEADE72268B2F844309BB2C2
:1072E80023F080039BB2A2F8443094F8C832FBB96B
:1072F8002268B2F840309BB243F00403A2F8403051
:107308002268B2F840309BB243F00803A2F840303C
:10731800012184F8C8122368B3F85430C3F38D03ED
:1073280003F03C03C4F8CC32204604F09FFE81E70A
:10733800204604F0D3FD7DE72268B2F844309BB2C2
:1073480023F400739BB2A2F84430204604F0ADFD4C
:1073580070E710B50446084611F0800F27D101F0F8
:10736800070C0CEB8C01C90001F5A87E04EB0E019B
:107378000CEB8C0C04EBCC0C4FF0000E8CF851E1AC
:1073880000F007000870C2F30A020A61CB70022BF2
:107398001DD094F89032012B1CD0012384F8903230
:1073A800206802F040FE002084F8900210BD01F031
:1073B800070C0CEB8C01C900103121440CEB8C0C30
:1073C80004EBCC0C4FF0010E8CF811E0D8E7002349
:1073D8000B71DEE70220E9E710B504460A4611F012
:1073E800800F1FD101F0070000EB8003DB0003F5DD
:1073F800A873E11800EB800004EBC000002380F8BC
:10740800513102F007020A7094F89032012B17D01C
:10741800012384F89032206803F092F8002084F861
:10742800900210BD01F0070000EB8003DB00103371
:10743800E11800EB800004EBC00001234374E0E78F
:107448000220EEE710B501F0070C0CEB8C01C90027
:1074580001F5A8710CEB8C0E00EBCE0ECEF8642172
:10746800CEF868310024CEF86C418EF851418EF880
:1074780050C10144006803F0E8F9204610BD01F04E
:10748800070101EB810100EBC100D0F86C017047E6
:1074980038B501F0070C0CEB8C01C90010310CEB6E
:1074A8008C0E00EBCE0ECEF824200CF1010202EB7C
:1074B800820440F8343001258EF83450CEF830304C
:1074C80000EBC402002454608EF811508EF810C0EE
:1074D8000144006803F0B9F9204638BD0B4601F0B5
:1074E8000702017991422ED310B5044613F0800F9C
:1074F8001DD103EB8301C90001F5A871014403EB19
:10750800830300EBC303002083F8510101238B7030
:107518000A7094F89032012B17D0012384F8903226
:10752800206803F0F8F8002084F8900210BD02EB00
:107538008201C9001031014402EB820300EBC3034E
:1075480001205874E2E7012070470220EEE70B465D
:10755800017903F00F02914234D310B5044613F0B9
:10756800800F21D103F0070202EB8201C90001F567
:10757800A871014402EB820200EBC202002082F8EB
:10758800510100228A7003F007030B7094F89032BF
:10759800012B19D0012384F89032206803F0E0F819
:1075A800002084F8900210BD03F0070202EB82016C
:1075B800C9001031014402EB820200EBC202012033
:1075C8005074DEE7012070470220ECE711F0800FCD
:1075D8000BD001F0070101EB8101C900103108440B
:1075E80052B90273C3800020704701EB8101C900C2
:1075F80001F5A8710844F3E70122027303811B0C0B
:107608004381F0E7034602680121C0F8D012002048
:1076180083F8C802B2F854309BB20B43A2F8543036
:10762800B2F854309BB243F00203A2F854307047CA
:10763800002836D13E4B1B6803F4C063B3F5806F56
:1076480008D03B4AD2F8803023F48073C2F88030E7
:1076580000207047364AD2F8803023F48073C2F88D
:107668008030136823F4C06343F400731360314B14
:107678001B68322202FB03F32F4AA2FB03239B0C55
:10768800013300E0013B2A4A526912F4806F01D0AD
:10769800002BF7D1264B5B6913F4806F44D100208F
:1076A8007047B0F5007F08D0214A136823F4C063FF
:1076B80043F480631360002070471D4B1B6803F47C
:1076C800C063B3F5806F08D0194AD2F8803043F40C
:1076D8008073C2F8803000207047154AD2F8803095
:1076E80043F48073C2F88030136823F4C06343F412
:1076F800007313600F4B1B68322202FB03F30E4A20
:10770800A2FB03239B0C013300E0013B084A5269AA
:1077180012F4806F01D0002BF7D1054B5B6913F48D
:10772800806F03D100207047032070470320704703
:10773800007000402000002083DE1B43024A93684B
:1077480043F480439360704700700040124BDA683E
:1077580002F00302DB68C3F303130133032A11D0D9
:107768000E48B0FBF3F00C4BDB68C3F3062303FBB6
:1077780000F0094BDB68C3F3416301335B00B0FBE6
:10778800F3F070470648B0FBF3F0034BDB68C3F334
:10779800062303FB00F0ECE7001002400024F4008D
:1077A80040787D01002800F04F8270B582B0044611
:1077B800036813F0010F37D0A44A936803F00C0351
:1077C800D26802F003020C2B23D0082B23D0636865
:1077D800B3F5803F4ED0B3F5A02F51D09B4B1A681C
:1077E80022F480321A601A6822F480221A606368D0
:1077F800002B52D0FCF726FB0546944B1B6813F46C
:10780800003F11D1FCF71EFB401B6428F5D903206B
:1078180023E2032AD9D18D4B1B6813F4003F03D010
:107828006368002B00F01282236813F0020F5DD00A
:10783800864A936803F00C03D26802F003020C2B0B
:107848003AD0042B3AD0E368002B75D07F4A1368EE
:1078580043F480731360FCF7F5FA05467B4B1B680D
:1078680013F4806F5FD1FCF7EDFA401B0228F5D9BD
:107878000320F2E1754A136843F480331360B6E7D6
:1078880003F18043A3F53C331A6842F480221A605E
:107898001A6842F480321A60A9E7FCF7D3FA054661
:1078A8006A4B1B6813F4003FBED0FCF7CBFA401BB1
:1078B8006428F5D90320D0E1022AC2D1634B1B68A2
:1078C80013F4806F03D0E368002B00F0C1815F4A96
:1078D800536823F0FE43216943EA016353605C4B1C
:1078E8001868FCF76BFA002840F0B481236813F09D
:1078F800080F4CD063699BB3544AD2F8943043F0D4
:107908000103C2F89430FCF79DFA05464F4BD3F8B3
:10791800943013F0020F3AD1FCF794FA401B022876
:10792800F4D9032099E1494A536823F0FE432169B9
:1079380043EA01635360D9E7444A136823F4807328
:107948001360FCF77FFA0546404B1B6813F4806F01
:10795800CCD0FCF777FA401B0228F5D903207CE14C
:107968003A4AD2F8943023F00103C2F89430FCF775
:1079780069FA0546354BD3F8943013F0020F06D058
:10798800FCF760FA401B0228F4D9032065E123685C
:1079980013F0040F00F081802C4B9B6D13F0805F77
:1079A80036D12A4B9A6D42F080529A659B6D03F04E
:1079B80080530193019B0125264B1B6813F4807F9C
:1079C80028D0A368012B39D0052B45D01F4BD3F8FD
:1079D800902022F00102C3F89020D3F8902022F0E2
:1079E8000402C3F89020A368002B43D0FCF72AFABE
:1079F8000646164BD3F8903013F0020F4CD1FCF723
:107A080021FA801B41F288339842F2D9032024E1FD
:107A18000025D1E70F4A136843F480731360FCF71D
:107A280011FA06460B4B1B6813F4807FC9D1FCF78B
:107A380009FA801B0228F5D903200EE1034AD2F87F
:107A4800903043F00103C2F89030CCE700100240B8
:107A5800A801002000700040884BD3F8902042F025
:107A68000402C3F89020D3F8902042F00102C3F832
:107A78009020B8E7FCF7E6F90646804BD3F890303B
:107A880013F0020F08D0FCF7DDF9801B41F28833B0
:107A98009842F2D90320E0E0E5B9236813F0200FFB
:107AA80035D0A369E3B1754AD2F8983043F00103A1
:107AB800C2F89830FCF7C6F90546704BD3F89830F1
:107AC80013F0020F23D1FCF7BDF9401B0228F4D9AB
:107AD8000320C2E0694A936D23F080539365DCE785
:107AE800664AD2F8983023F00103C2F89830FCF7C0
:107AF800A9F90546614BD3F8983013F0020F06D068
:107B0800FCF7A0F9401B0228F4D90320A5E0E3699B
:107B1800002B00F0A180594A926802F00C020C2A4E
:107B280064D0022B13D0554A136823F08073136076
:107B3800FCF788F90446514B1B6813F0007F4ED0C0
:107B4800FCF780F9001B0228F5D9032085E04B4A91
:107B5800136823F080731360FCF774F90546474BEC
:107B68001B6813F0007F06D0FCF76CF9401B022855
:107B7800F5D9032071E0414AD36841491940236A85
:107B8800606A013843EA0013A06A43EA0023206BC5
:107B98004008013843EA4053606B4008013843EA23
:107BA8004063E06A43EAC0631943D160136843F055
:107BB80080731360D36843F08073D360FCF742F995
:107BC80004462E4B1B6813F0007F06D1FCF73AF9E8
:107BD800001B0228F5D903203FE000203DE0274A9A
:107BE800D168284B0B40D360002036E0012B36D0FB
:107BF800224BDB6803F00301226A914231D103F082
:107C0800F002616A0139B2EB011F2CD103F4FE4284
:107C1800A16AB2EB012F28D103F07842E16AB2EBF6
:107C2800C16F24D103F4C001226B5208013AB1EBB1
:107C3800425F1ED103F0C063626B5208013AB3EB96
:107C4800426F18D1002008E001207047012004E0AD
:107C5800012002E0012000E0002002B070BD0120F8
:107C6800FBE70120F9E70120F7E70120F5E701200C
:107C7800F3E70120F1E70120EFE700BF0010024021
:107C88000C809F01FCFFEEFE1E4B9B6803F00C036B
:107C9800042B33D01B4B9B6803F00C03082B2FD00D
:107CA800184B9B6803F00C030C2B01D00020704785
:107CB800144BDA6802F00302DB68C3F303130133E1
:107CC800032A11D01048B0FBF3F00E4BDB68C3F366
:107CD800062303FB00F00B4BDB68C3F3416301335E
:107CE8005B00B0FBF3F070470848B0FBF3F0054BBE
:107CF800DB68C3F3062303FB00F0ECE70248704798
:107D080002487047001002400024F40040787D01CA
:107D1800002800F0E680F8B50C460546744B1B6851
:107D280003F00F038B420BD2714A136823F00F0341
:107D38000B431360136803F00F038B4240F0D380AA
:107D48002E6816F001065FD06B68032B2FD0022B2C
:107D58004DD0684B1B6813F4806F00F0C680FFF7A6
:107D680093FF654B98424DD9624A936823F0F0031C
:107D780043F08003936080265E4A936823F00303F0
:107D880069680B439360FCF75DF80746594B9B689D
:107D980003F00C036A68B3EB820F35D0FCF752F896
:107DA800C01B41F288339842F0D9032078E0514B48
:107DB8001B6813F0007F01D1012071E0FFF7C6FCBA
:107DC8004D4B98421AD94B4B9B6813F0F00F05D0D6
:107DD8002E6816F00206CFD0AB688BB9454A936877
:107DE80023F0F00343F0800393608026C4E7414BFF
:107DF8001B6813F4003FB2D1012051E00026BBE715
:107E08000026B9E70026B7E72B6813F0020F48D021
:107E180013F0040F04D0374A936843F4E063936087
:107E28002B6813F0080F06D0324A936823F47C536A
:107E380043F4E06393602F4A936823F0F003A96842
:107E48000B4393602A4B1B6803F00F03A34230D8FF
:107E58002B6813F0040F06D0264A936823F4E063D6
:107E6800E9680B4393602B6813F0080F07D0214A89
:107E7800936823F46053296943EAC1039360FFF7C9
:107E880003FF1C4B9B68C3F303131C4AD35C03F02A
:107E98001F03D8401A4B18601A4B1868FBF78EFF5F
:107EA800F8BD802ECED1134A936823F0F003936077
:107EB800C8E70F4A136823F00F0323431360FBF747
:107EC800C1FF06460A4B1B6803F00F03A342BFD04D
:107ED800FBF7B8FF801B41F288339842F2D90320A0
:107EE800DEE7012070470120DAE70120D8E700BF6C
:107EF800002002400010024000B4C40498CA0008E0
:107F080020000020A8010020014B1868704700BF1E
:107F18002000002008B5FFF7F7FF054B9B68C3F367
:107F28000223044AD35C03F01F03D84008BD00BFF6
:107F38000010024090CA000808B5FFF7E5FF054B9E
:107F48009B68C3F3C223044AD35C03F01F03D840E1
:107F580008BD00BF0010024090CA0008024A13681A
:107F680043F400231360704700100240704700007C
:107F780008B5064BDB6913F4807F00D108BDFFF715
:107F8800F5FF024B4FF480721A62F7E700100240C7
:107F9800F0B583B00446036813F4002F6ED0354B58
:107FA8009B6D13F0805F1ED1324B9A6D42F0805268
:107FB8009A659B6D03F080530193019B01262E4A1D
:107FC800136843F480731360FBF73CFF05462A4BA4
:107FD8001B6813F4807F08D1FBF734FF401B02288D
:107FE800F5D9032502E00026E9E7002545BB214B2A
:107FF800D3F8903013F4407315D0226D9A4212D002
:108008001C4AD2F8903023F44073D2F8901041F40F
:108018008031C2F89010D2F8901021F48031C2F863
:108028009010C2F8903013F0010F10D145B9114AE1
:10803800D2F8903023F44073216D0B43C2F890308E
:10804800EEB10C4A936D23F08053936517E0FBF76C
:10805800F9FE0746074BD3F8903013F0020FE5D12D
:10806800FBF7F0FEC01B41F288339842F2D9032592
:10807800DCE700BF001002400070004000252368C4
:1080880013F0010F08D09F4AD2F8883023F0030379
:1080980061680B43C2F88830236813F0020F08D0D8
:1080A800984AD2F8883023F00C03A1680B43C2F831
:1080B8008830236813F0040F08D0924AD2F8883029
:1080C80023F03003E1680B43C2F88830236813F0CB
:1080D800080F08D08B4AD2F8883023F0C0032169F2
:1080E8000B43C2F88830236813F0100F08D0854A74
:1080F800D2F8883023F4407361690B43C2F88830A2
:10810800236813F0200F08D07E4AD2F8883023F471
:108118004063A1690B43C2F88830236813F0400F0D
:1081280008D0784AD2F8883023F44053E1690B43E9
:10813800C2F88830236813F0800F08D0714AD2F84B
:10814800883023F44043216A0B43C2F888302368FF
:1081580013F4807F08D06B4AD2F8883023F4403378
:10816800616A0B43C2F88830236813F4003F08D0D3
:10817800644AD2F89C3023F00303A16A0B43C2F887
:108188009C30236813F4007F08D05E4AD2F8883008
:1081980023F44023E16A0B43C2F88830236813F4C0
:1081A800806F0CD0574AD2F8883023F44013216BE3
:1081B8000B43C2F88830236BB3F5801F79D023684E
:1081C80013F4006F0CD04F4AD2F8883023F44003E0
:1081D800616B0B43C2F88830636BB3F5800F6DD0C9
:1081E800236813F4805F0CD0464AD2F8883023F015
:1081F8004073A16B0B43C2F88830A36BB3F1807F47
:1082080061D0236813F4005F0CD03E4AD2F888305E
:1082180023F04063E16B0B43C2F88830E36BB3F1A2
:10822800006F55D0236813F4804F0CD0354AD2F82C
:10823800883023F04063216C0B43C2F88830236CEC
:10824800B3F1006F49D0236813F4004F0CD02D4AC6
:10825800D2F8883023F04053616C0B43C2F8883061
:10826800636CB3F1805F3DD0236813F4803F0CD07A
:10827800244AD2F8883023F04043A16C0B43C2F85B
:108288008830A36CB3F1804F31D0236813F4802F6A
:108298000CD01C4AD2F89C3023F44013E16C0B43F9
:1082A800C2F89C30E36CB3F5001F25D0284603B014
:1082B800F0BDD36843F48013D36080E7D36843F4F8
:1082C8008013D3608CE7D36843F48013D36098E7B6
:1082D800D36843F48013D360A4E7D36843F48013CE
:1082E800D360B0E7D36843F48033D360BCE7D36886
:1082F80043F48033D360C8E7D36843F48013D36072
:10830800D4E700BF001002402DE9F04782B00546CF
:10831800884617461E46FBF795FD0A9B1B1A03EB7A
:108328000609FBF78FFD8246284B1B68C3F3CB3346
:1083380009FB03F301932B689C6838EA04040CBF1B
:1083480001230023BB423DD0B6F1FF3FF3D0FBF73A
:1083580079FDA0EB0A00484503D2019B73BB9946FF
:10836800E9E72A68536823F0E00353606B68B3F5C4
:10837800827F0BD0AB6AB3F5005F14D0012385F878
:108388005D30002385F85C3003201CE0AB68B3F552
:10839800004F02D0B3F5806FECD12A68136823F040
:1083A80040031360E6E72A68136823F40053136058
:1083B8002A68136843F400531360DFE7019B013B0D
:1083C8000193B8E7002002B0BDE8F0872000002044
:1083D8002DE9F04782B006460C4615461F46002395
:1083E8008DF80330FBF72EFD0A9B1B1A03EB0708D9
:1083F800FBF728FD8146D6F800A0304B1B6803EB3D
:108408008303C3EBC3031B0D08FB03F3019302E0D3
:10841800B7F1FF3F12D133689B6803EA040CAC45FF
:1084280047D0B4F5C06FF3D1002DF1D19AF80C30D4
:10843800DBB28DF803309DF80330E9E7FBF702FD66
:10844800A0EB0900404503D2019B73BB9846E2E7C5
:108458003268536823F0E00353607368B3F5827F92
:108468000BD0B36AB3F5005F14D0012386F85D30F2
:10847800002386F85C3003201CE0B368B3F5004F96
:1084880002D0B3F5806FECD13268136823F0400353
:108498001360E6E73268136823F400531360326808
:1084A800136843F400531360DFE7019B013B01931A
:1084B800B1E7002002B0BDE8F08700BF200000202F
:1084C80070B582B004460D46164600920B4600224F
:1084D8004FF4C051FFF77CFFB0B900962B4600223D
:1084E80080212046FFF710FFA8B900962B460022EE
:1084F8004FF4C0612046FFF76BFF50B1236E43F085
:1085080020032366032004E0236E43F02003236640
:10851800032002B070BD236E43F0200323660320BE
:10852800F7E700286FD010B50446436A33B94368AB
:10853800B3F5827F05D00023C36102E00023036105
:1085480043610023A36294F85D30002B52D00223CC
:1085580084F85D302268136823F040031360E368F1
:10856800B3F5E06F4CD90022B3F5706F04D0B3F5C2
:10857800E06F01D00023A362636803F48273A168EB
:1085880001F404410B43216901F002010B436169C5
:1085980001F001010B43A16901F400710B43E1698A
:1085A80001F038010B43216A01F080010B43A16AF5
:1085B80001F4005120680B430360638B03F004034C
:1085C800616A01F010010B43616B01F008010B4374
:1085D800E16801F470610B4321681A434A6022681C
:1085E800D36923F40063D36100202066012384F853
:1085F8005D3010BD84F85C302046FAF79DF8A6E798
:108608004FF48052B0E7012070472DE9F843044643
:10861800884691461F46089DFBF714FC064694F8C9
:108628005D30DBB26268012B0AD0B2F5827F40F080
:108638005C81A268002A40F05B81042B40F05A81DB
:10864800B8F1000F00F05881B9F1000F00F0568121
:10865800002F00F0558194F85C30012B00F0528116
:10866800012384F85C3094F85D30DBB2042B02D02F
:10867800052384F85D3000232366C4F84090A4F8ED
:108688004670A4F84470C4F83880E787A787E36485
:108698002365E368B3F5E06F01D8012F23D9226879
:1086A800536823F48053536023681A6812F0400F0C
:1086B80003D11A6842F040021A60E368B3F5E06F2C
:1086C8005FD963680BB1012F0BD1A26B23681288A5
:1086D800DA60A36B0233A363E38F9BB2013B9BB2C7
:1086E800E387012730E02268536843F480535360DE
:1086F800DAE7A26B1288DA60A36B0233A363E38F15
:108708009BB2013B9BB2E387002723689A6812F06B
:10871800010F11D0B4F8462092B26AB1DA68236C1E
:108728001A80236C02332364B4F846309BB2013BB1
:108738009BB2A4F846300127FBF784FB831BAB42AE
:1087480002D3B5F1FF3F14D1E38F9BB22BB9B4F834
:1087580046309BB2002B00F0B18023689A6812F073
:10876800020FD2D0E28F92B2002ACED0002FCCD006
:10877800BFE7012384F85D30002384F85C300320D0
:10878800B4E063680BB1012F0FD1E38F9BB2012BCB
:108798000DD9A26B23681288DA60A36B0233A36336
:1087A800E38F9BB2023B9BB2E387012749E0A26BB0
:1087B800236812781A73A36B0133A363E38F9BB208
:1087C800013B9BB2E387F0E7E28F92B2012A0CD912
:1087D800A26B1288DA60A36B0233A363E38F9BB2A8
:1087E800023B9BB2E38700273DE0A26B12781A7325
:1087F800A36B0133A363E38F9BB2013B9BB2E38777
:10880800002730E02268536843F4805353600127FF
:108818000DE0226C1B7B1370236C01332364B4F8C6
:1088280046309BB2013B9BB2A4F846300127FBF7C8
:1088380009FB801BA84202D3B5F1FF3F36D1002DBA
:1088480034D0E38F9BB223B9B4F846309BB2002BE7
:1088580034D023689A6812F0020F04D0E28F92B2E3
:108868000AB1002FB0D123689A6812F0010FDED048
:10887800B4F8462092B2002AD9D0B4F8462092B271
:10888800012AC6D9DA68236C1A80236C0233236460
:10889800B4F846309BB2023B9BB2A4F84630B4F819
:1088A80046309BB2012BADD90127C0E7012384F8DC
:1088B8005D30002384F85C30032017E032462946F7
:1088C8002046FFF7FDFD48B9012384F85D300023F9
:1088D80084F85C30236E4BB1012007E02023236627
:1088E800002384F85C30012000E00220BDE8F88312
:1088F8000220FBE70220F9E70120F7E70120F5E76E
:108908000120F3E70220F1E730B4026A036A23F09A
:10891800010303624468836923F4803323F07303FB
:108928000D681D4322F002028B681343214A9042CE
:1089380013D002F5006290420FD002F540629042D7
:108948000BD002F58062904207D002F58062904217
:1089580003D002F50062904207D1026A22F00402B5
:10896800026223F00803CA681343124A904213D0E4
:1089780002F5006290420FD002F5406290420BD09F
:1089880002F58062904207D002F58062904203D0DF
:1089980002F50062904205D124F440744A692243EA
:1089A8008C691443446085614A684263036230BC41
:1089B800704700BF002C014030B4036A026A22F4F9
:1089C800807202624468C26922F4803222F0730223
:1089D8000D68154323F400738A6843EA02231D4A8D
:1089E800904207D002F50062904203D002F5E052AF
:1089F800904208D1026A22F48062026223F4006382
:108A0800CA6843EA0223134A904213D002F500626F
:108A180090420FD002F5406290420BD002F580627E
:108A2800904207D002F58062904203D002F50062BE
:108A3800904207D124F440544A6944EA02148A69EE
:108A480044EA02144460C5614A68C263036230BCE8
:108A5800704700BF002C014030B4036A026A22F458
:108A6800805202624468C26922F0807222F4E642AF
:108A78000D6842EA052223F400538D6843EA053362
:108A88001C4DA84207D005F50065A84203D005F59E
:108A9800E055A84208D1056A25F48045056223F40B
:108AA8000043CD6843EA0533124DA84213D005F5BB
:108AB8000065A8420FD005F54065A8420BD005F522
:108AC8008065A84207D005F58065A84203D005F562
:108AD8000065A84207D124F440444D6944EA85144E
:108AE8008D6944EA85144460C2614A68026403627D
:108AF80030BC7047002C014030B4036A026A22F48B
:108B0800803202624468026D22F4803222F07002E0
:108B18000D68154323F400338A6843EA0243114A77
:108B2800904213D002F5006290420FD002F54062E5
:108B380090420BD002F58062904207D002F5806225
:108B4800904203D002F50062904204D124F48034AC
:108B58004A6944EA0224446005654A6882640362FB
:108B680030BC7047002C014030B4036A026A22F41A
:108B7800801202624468026D22F0807222F4E042A0
:108B88000D6842EA052223F400138D6843EA055371
:108B9800114DA84213D005F50065A8420FD005F580
:108BA8004065A8420BD005F58065A84207D005F5B9
:108BB8008065A84203D005F50065A84204D124F4D5
:108BC80080244D6944EA8524446002654A68C26489
:108BD800036230BC704700BF002C014090F83D3064
:108BE800DBB2012B3AD1022380F83D300268D3680A
:108BF80043F00103D36003681B4A934220D0B3F1CA
:108C0800804F1DD0A2F59432934219D002F58062AC
:108C1800934215D002F58062934211D002F5943246
:108C280093420DD002F54062934209D002F580527A
:108C3800934205D01A6842F001021A60002070477A
:108C480099680A4A0A40062A0AD0B2F5803F09D034
:108C58001A6842F001021A6000207047012070472C
:108C68000020704700207047002C014007000100D9
:108C7800704770477047704770B505460368DE68EF
:108C88001C6914F0020F10D016F0020F0DD06FF00F
:108C980002021A610123037703689B6913F0030F2B
:108CA8007CD0FFF7E6FF00232B7714F0040F12D0D7
:108CB80016F0040F0FD02B686FF004021A6102231C
:108CC8002B772B689B6913F4407F6DD02846FFF7FC
:108CD800D0FF00232B7714F0080F12D016F0080FDE
:108CE8000FD02B686FF008021A6104232B772B68CA
:108CF800DB6913F0030F5ED02846FFF7BAFF0023A5
:108D08002B7714F0100F12D016F0100F0FD02B681D
:108D18006FF010021A6108232B772B68DB6913F4B4
:108D2800407F4FD02846FFF7A4FF00232B7714F08D
:108D3800010F02D016F0010F4BD114F4025F02D0DC
:108D480016F0800F4DD114F4807F02D016F0800FFA
:108D58004FD114F0400F02D016F0400F51D114F04B
:108D6800200F02D016F0200F53D114F4801F02D028
:108D780016F4801F55D114F4001F02D016F4001FFA
:108D880057D114F4800F02D016F4800F59D114F47F
:108D9800000F02D016F4000F5BD170BDFFF768FF1B
:108DA8002846FFF767FF7EE72846FFF761FF28465A
:108DB800FFF760FF8DE72846FFF75AFF2846FFF7C1
:108DC80059FF9CE72846FFF753FF2846FFF752FF55
:108DD800ABE72B686FF001021A612846F9F710FB20
:108DE800ABE72B686FF402521A61284600F073FB58
:108DF800A9E72B686FF480721A61284600F06CFBB3
:108E0800A7E72B686FF040021A612846FFF733FF87
:108E1800A5E72B686FF020021A61284600F05AFB7C
:108E2800A3E72B686FF480121A61284600F055FBFF
:108E3800A1E72B686FF400121A61284600F04EFB78
:108E48009FE72B686FF480021A61284600F047FB01
:108E58009DE72B686FF400021A61284600F040FB7A
:108E68009BE700000368384A904216D0B0F1804F63
:108E780013D0A2F5943290420FD002F5806290424E
:108E88000BD002F58062904207D002F594329042EE
:108E980003D002F5E052904203D123F070034A68F0
:108EA8001343294A904222D0B0F1804F1FD0A2F537
:108EB800943290421BD002F58062904217D002F59E
:108EC8008062904213D002F5943290420FD002F59E
:108ED800406290420BD002F58062904207D002F5C2
:108EE8008062904203D002F50062904203D123F4DD
:108EF8004073CA68134323F080034A6913438A689E
:108F0800C2620A688262104A904213D002F5006277
:108F180090420FD002F5406290420BD002F5806279
:108F2800904207D002F58062904203D002F50062B9
:108F3800904201D10A690263026842F004020260A9
:108F48000122426103607047002C014060B310B5F4
:108F5800044690F83D3013B3022384F83D3021468F
:108F680051F8040BFFF77EFF012384F8483084F89A
:108F78003E3084F83F3084F8403084F8413084F83B
:108F8800423084F8433084F8443084F8453084F81B
:108F9800463084F8473084F83D30002010BD80F812
:108FA8003C30F9F7F5FED7E70120704760B310B5FC
:108FB800044690F83D3013B3022384F83D3021462F
:108FC80051F8040BFFF74EFF012384F8483084F86A
:108FD8003E3084F83F3084F8403084F8413084F8DB
:108FE800423084F8433084F8443084F8453084F8BB
:108FF800463084F8473084F83D30002010BD80F8B2
:109008003C30F9F715FFD7E70120704730B4036A01
:10901800026A22F0100202624468826922F08072B9
:1090280022F4E6420D6842EA052223F020038D6807
:1090380043EA05131C4DA84207D005F50065A84270
:1090480003D005F5E055A84208D1056A25F040058A
:10905800056223F08003CD6843EA0513124DA84248
:1090680013D005F50065A8420FD005F54065A84264
:109078000BD005F58065A84207D005F58065A842A4
:1090880003D005F50065A84207D124F440644D6972
:1090980044EA85048D6944EA8504446082614A682B
:1090A8008263036230BC7047002C014038B590F8E9
:1090B8003C30012B00F0958004460D46012380F8D2
:1090C8003C30142A00F28880DFE802F00B8686869E
:1090D8001F86868634868686488686865D86868648
:1090E80071000068FFF710FC2268936943F00803D9
:1090F80093612268936923F004039361226893695A
:1091080029690B439361002067E00068FFF77EFF41
:109118002268936943F4006393612268936923F496
:109128008063936122689369296943EA0123936103
:10913800002052E00068FFF73FFC2268D36943F043
:109148000803D3612268D36923F00403D36122683A
:10915800D36929690B43D36100203EE00068FFF71B
:109168007BFC2268D36943F40063D3612268D36926
:1091780023F48063D3612268D369296943EA012310
:10918800D361002029E00068FFF7B6FC2268136D60
:1091980043F0080313652268136D23F00403136575
:1091A8002268136D29690B431365002015E00068D8
:1091B800FFF7DAFC2268136D43F400631365226835
:1091C800136D23F4806313652268136D296943EADC
:1091D80001231365002000E00120002384F83C30BF
:1091E80038BD0220FCE701F01F014FF0010C0CFA1A
:1091F80001FC036A23EA0C030362036A8A401343EF
:109208000362704710B5044610293DD8DFE801F025
:10921800093C3C3C203C3C3C273C3C3C2E3C3C3CF8
:10922800350090F83E30DBB2013B18BF0123002B1C
:1092380040F09B80102900F28680DFE801F02C8442
:10924800848474848484788484847C848484800082
:1092580090F83F30DBB2013B18BF0123E7E790F8F5
:109268004030DBB2013B18BF0123E0E790F8413002
:10927800DBB2013B18BF0123D9E790F84230DBB2DB
:10928800013B18BF0123D2E790F84330DBB2013B22
:1092980018BF0123CBE7022384F83E30012220685F
:1092A800FFF7A1FF2368344A934213D002F5006206
:1092B80093420FD002F5406293420BD002F58062D0
:1092C800934207D002F58062934203D002F5006210
:1092D800934203D15A6C42F400425A642368264AE6
:1092E800934234D0B3F1804F31D0A2F594329342F7
:1092F8002DD002F58062934229D002F58062934214
:1093080025D002F59432934221D002F5406293426F
:109318001DD002F58052934219D01A6842F001021A
:109328001A60002022E0022384F83F30B6E70223C7
:1093380084F84030B2E7022384F84130AEE70223D4
:1093480084F84230AAE7022384F84330A6E79968F4
:109358000A4A0A40062A0AD0B2F5803F09D01A689C
:1093680042F001021A60002000E0012010BD002038
:10937800FCE70020FAE700BF002C014007000100CD
:1093880090F83C20012A4CD030B40346012280F8E2
:109398003C20022280F83D20006842688468224D03
:1093A800A84207D005F50065A84203D005F5E055A9
:1093B800A84203D122F470024D682A4322F00072B9
:1093C80022F070020D682A4342601A6816488242E9
:1093D8001AD0B2F1804F17D0A0F59430824213D042
:1093E80000F5806082420FD000F5806082420BD089
:1093F80000F59430824207D000F54060824203D0E5
:1094080000F58050824204D124F080048968214309
:109418009160012283F83D20002083F83C0030BC95
:1094280070470220704700BF002C014090F83C3084
:10943800012B4AD010B40246012380F83C30CB6897
:1094480023F440738868034323F480634868034324
:1094580023F400630868034323F480530869034333
:1094680023F400534869034323F48043086B034300
:1094780023F47023886943EA004323F08053C869C2
:1094880003431068124CA04207D004F50064A042C0
:1094980003D004F5E054A04210D123F470038C6A81
:1094A80043EA045323F080730C6A234323F00073C8
:1094B8004C6A234323F00053C96A0B4343640020DA
:1094C80082F83C005DF8044B70470220704700BFEB
:1094D800002C0140704770477047704770477047CD
:1094E8007047026852E8003F23F0C00342E80031A9
:1094F8000029F6D1026802F1080353E8003F23F47B
:109508000003083242E800310029F3D12023C0F8D3
:1095180088307047026852E8003F23F4907342E8AD
:1095280000310029F6D1026802F1080353E8003F30
:1095380023F0805323F00103083242E80031002968
:10954800F1D1C36E012B06D02023C0F88C30002344
:10955800C36643677047026852E8003F23F0100370
:1095680042E800310029F6D1EEE700001346D0F8B2
:109578008820202A3DD110B5044600293BD0002B75
:109588003BD00165A0F85430A0F856300022C0F84E
:1095980090202122C0F88820C26FCAB11849D16230
:1095A800C26F18491163C26F17495163C26F002116
:1095B800916302682832016DC06FFBF71BFD38B15B
:1095C8001023C4F890302023C4F8883001200FE01D
:1095D800236840221A62226802F1080353E8003F18
:1095E80043F08003083242E800310029F3D100201B
:1095F80010BD022070470120FAE70120F8E700BFFC
:10960800159600085F9600086D96000808B5034691
:10961800806A1B681B6813F0200F18D10023A0F87C
:109628005630026802F1080353E8003F23F0800334
:10963800083242E800310029F3D1026852E8003FBD
:1096480043F0400342E800310029F6D108BDFAF79B
:1096580037FAFBE7704708B5806AFFF7FBFF08BDDC
:109668007047704738B5846AD4F88820D4F88C508D
:1096780023689B6813F0800F01D0212A10D023683B
:109688009B6813F0400F01D0222D0DD0D4F89030F4
:1096980043F01003C4F890302046FAF7DDF938BDDE
:1096A8002046FFF71EFFEAE72046FFF733FFEDE706
:1096B80008B50346806A01220267C26E012A13D1E7
:1096C800B0F85C104A08A0F85E201B685B689BB283
:1096D800994201D3A0F85E30B0F85E309BB2C91A47
:1096E80089B2FAF7B7F908BDFFF7BBFFFBE708B582
:1096F8008446806ADCF800301B6813F0200F29D1FB
:109708000023A0F85E30026852E8003F23F480731B
:1097180042E800310029F6D1026802F1080353E853
:10972800003F23F00103083242E800310029F3D159
:10973800026802F1080353E8003F23F040030832AF
:1097480042E800310029F3D12023C0F88C30C36EE1
:10975800012B19D000230367C36E012B1ED10023F0
:10976800A0F85E30DCF800305B689BB2B0F85C10A3
:10977800994201D9A0F85E30B0F85E309BB2C91AA0
:1097880089B2FAF767F908BD026852E8003F23F08A
:10979800100342E800310029F6D1DBE7FFF760FF4C
:1097A800F1E7000070B50446016883680269134355
:1097B80042691343C26913430868964A02401A4330
:1097C8000A602268536823F44053E1680B435360EE
:1097D800A1692268904B9A4201D0236A1943936881
:1097E80023F06E4323F430630B4393602268D36AFB
:1097F80023F00F03616A0B43D3622368874A9342BD
:1098080010D0874A934221D0864A934237D0864A5D
:1098180093425CD0854A93426BD07F4A93427DD075
:1098280010223AE002F55842D2F8882002F00302EA
:10983800032A09D8DFE802F00204870601222CE097
:1098480004222AE0082228E0102226E002F5E63267
:10985800D2F8882002F00C020C2A0ED8DFE802F0B9
:10986800070D0D0D090D0D0D750D0D0D0B000022C9
:1098780013E0042211E008220FE010220DE002F5A7
:10988800E432D2F8882002F03002202A5FD01AD8B9
:10989800002A5ED0102A5ED104225F498B4276D01E
:1098A800E069B0F5004F00F0C980082A00F2348161
:1098B800DFE812F0F7001901F50032011C0132014E
:1098C800320132011F01302A47D10822E5E702F5AB
:1098D800E232D2F8882002F0C002802A3FD004D8B1
:1098E800FAB3402A3FD10422D7E7C02A3DD1082243
:1098F800D3E702F5E032D2F8882002F44072B2F5DC
:10990800007F34D005D8A2B3B2F5807F33D10422CA
:10991800C3E7B2F5407F30D10822BEE702F5C8326E
:10992800D2F8882002F44062B2F5006F27D005D83B
:109938003AB3B2F5806F26D10422AEE7B2F5406F94
:1099480023D10822A9E70222A7E70222A5E70222DB
:10995800A3E70022A1E710229FE710229DE7022239
:109968009BE7002299E7102297E7102295E7022249
:1099780093E7002291E710228FE710228DE7022259
:109988008BE7002289E7102287E7102285E7082A5B
:1099980000F2B280DFE802F008B03BB038B0B0B0F7
:1099A80005004FF4004004E0FEF7B4FA002800F088
:1099B800A580626A1E4B33F81220B0FBF2F365688B
:1099C80005EB4501994200F29B80B3EB053F00F29D
:1099D8009980002633463146F7F738F8090241EAFC
:1099E800106100026B08C0182A46334641F1000195
:1099F800F7F72CF8A0F540720E4B9A4200F28480DB
:109A08002368D860304665E0FEF73EF9CEE70A489D
:109A1800CFE700BFF369FFCF008000400038014066
:109A28000044004000480040004C00400050004006
:109A3800A8CA0008FFFC0F000024F400082A65D813
:109A4800DFE802F0072705642A6464640B003548E0
:109A580003E0FEF75FFA00285AD0626A324B33F807
:109A68001230B0FBF3F06268530803EB4003B3FB1A
:109A7800F2F3A3F110014FF6EF7291424AD89AB26D
:109A880022F00F02C3F3420313432268D36000207D
:109A980020E0FEF751FADEE7FEF7F6F8DBE72148AB
:109AA80003E0FEF737FA002838D0626A1E4B33F815
:109AB8001230B0FBF3F0636800EB5300B0FBF3F037
:109AC800A0F110024FF6EF739A4229D8236880B2AA
:109AD800D86000200123A4F86A30A4F86830002375
:109AE8006367A36770BDFEF727FADCE7FEF7CCF8DB
:109AF800D9E74FF40040D8E70120EBE70020E9E779
:109B08000120E7E70120E5E70120E3E70120E1E79D
:109B18000020DFE70120DDE70120DBE70020D9E7AF
:109B28000120D7E70024F400A8CA0008836A13F0CC
:109B3800080F06D00268536823F40043816B0B4377
:109B48005360836A13F0010F06D00268536823F448
:109B58000033C16A0B435360836A13F0020F06D0C7
:109B68000268536823F48033016B0B435360836AA4
:109B780013F0040F06D00268536823F48023416B66
:109B88000B435360836A13F0100F06D00268936882
:109B980023F48053C16B0B439360836A13F0200F47
:109BA80006D00268936823F40053016C0B4393605A
:109BB800836A13F0400F0AD00268536823F48013B5
:109BC800416C0B435360436CB3F5801F0BD0836A21
:109BD80013F0800F06D00268536823F40023C16C89
:109BE8000B43536070470268536823F4C003816CC9
:109BF8000B435360EBE72DE9F84305460E4617463D
:109C08009946DDF820802B68DC6936EA04040CBF2D
:109C180001240024BC4236D1B8F1FF3FF3D0FAF753
:109C280011F9A0EB0900404530D8B8F1000F2FD04A
:109C38002B681A6812F0040FE5D0802EE3D0402E6E
:109C4800E1D0DA6912F0080F11D1DA6912F4006F65
:109C5800D9D04FF400621A622846FFF75BFC202334
:109C6800C5F89030002385F8843003200CE00824E0
:109C78001C622846FFF74EFCC5F89040002385F883
:109C88008430012000E00020BDE8F8830320FBE7D2
:109C98000320F9E730B583B004460023C0F89030BC
:109CA800FAF7D0F805462268126812F0080F10D1AA
:109CB80023681B6813F0040F28D12023C4F88830C8
:109CC800C4F88C300020E066206784F8840003B074
:109CD80030BD6FF07E430093034600224FF400111D
:109CE8002046FFF788FF0028E2D0226852E8003FAC
:109CF80023F0800342E800310029F6D12023C4F87C
:109D08008830002384F884300320E0E76FF07E4336
:109D180000932B4600224FF480012046FFF76BFF8B
:109D28000028CAD0226852E8003F23F4907342E822
:109D380000310029F6D1226802F1080353E8003FF8
:109D480023F00103083242E800310029F3D120232F
:109D5800C4F88C30002384F884300320B7E778B344
:109D680010B50446D0F888300BB32423C4F88830E3
:109D78002268136823F001031360A36AE3B920463D
:109D8800FFF710FD012811D02268536823F490438F
:109D980053602268936823F02A039360226813684B
:109DA80043F0010313602046FFF774FF10BD80F8ED
:109DB8008430F9F701FFD8E72046FFF7B7FEDEE762
:109DC8000120704710B5044613468165A0F85C2051
:109DD8000022C0F890202222C0F88C20D0F88020E1
:109DE800AAB12149D162D0F8802020491163D0F866
:109DF80080201F495163D0F88020002191630168B9
:109E0800826D2431D0F88000FBF7F4F820BB236979
:109E180043B1226852E8003F43F4807342E80031BE
:109E28000029F6D1226802F1080353E8003F43F005
:109E38000103083242E800310029F3D1226802F117
:109E4800080353E8003F43F04003083242E800317A
:109E58000029F3D1002010BD1023C4F8903020232E
:109E6800C4F88C300120F6E7F7960008B996000888
:109E78006D96000838B5D0F88C30202B17D1C1B1B9
:109E8800CAB10023C36603680C4CA3420CD05B68BC
:109E980013F4000F08D0046854E8003F43F08063CF
:109EA80044E80035002DF6D1FFF78CFF00E00220D2
:109EB80038BD0120FCE70120FAE700BF0080004020
:109EC800436E2BB90123A0F86A30A0F868307047B8
:109ED80030B403689A68C2F342629968490F094D21
:109EE8006B5CDB00084C615C93FBF1F3A0F86A3013
:109EF800AB5CDB00A25C93FBF2F3A0F8683030BCEB
:109F0800704700BFC8CA0008C0CA000890F884306B
:109F1800012B18D0012380F884302423C0F888301E
:109F280003681A68196821F00101196022F00052CB
:109F38000023436601680A602022C0F8882080F860
:109F48008430184670470220704738B590F884303E
:109F5800012B1DD00446012380F884302423C0F847
:109F6800883003681D681A6822F001021A600268C6
:109F7800936823F0604319439160FFF7A1FF2368BA
:109F88001D602023C4F88830002084F8840038BD80
:109F98000220FCE738B590F88430012B1DD0044628
:109FA800012380F884302423C0F8883003681D68B2
:109FB8001A6822F001021A600268936823F060634D
:109FC80019439160FFF77CFF23681D602023C4F8C4
:109FD8008830002084F8840038BD0220FCE703465E
:109FE8000020A3F844004BF68072A3F84020704785
:109FF800B0F8403023F47E535B045B0CA0F840308B
:10A008000020704782B0034602A800E9060001223A
:10A01800A3F840200020A3F84000A3F84400A3F8C8
:10A02800500002B0704710B5034691F800C030F8F0
:10A038002C2092B222F4EC4222F0700292B2C8783C
:10A04800032861D8DFE800F0555C0258002048F288
:10A05800800E42EA0E0223F82C2091F800C033F853
:10A068002C2092B222F4E04222F070024CEA020262
:10A0780042EA0E0223F82C200A7B002A40F0DC80FA
:10A088004A78002A51D0B3F8502013FA82F20C789B
:10A0980002EBC402B1F806C04FEA5C0C4FEA4C0C64
:10A0A800A2F800C40C7833F8242012F0400F0CD02A
:10A0B80033F8242092B222F4E04222F0700242F4F3
:10A0C800004242F0C00223F82420CA78012A1DD099
:10A0D800097833F8212092B222F4E04222F04002BB
:10A0E80082F0200242F4004242F0800223F821204C
:10A0F800C3E142F40072AAE742F4C0620020A6E776
:10A1080042F480620020A2E70120A0E7097833F832
:10A11800212092B222F4E04222F0400242F40042AE
:10A1280042F0800223F82120A7E1B3F8502013FA67
:10A1380082F20C7802EBC402B1F806C04FEA5C0C5C
:10A148004FEA4C0CA2F804C4B3F8502013FA82F278
:10A158000C7802EBC402B2F806C4CCF3090CA2F8DE
:10A1680006C40C6974BBB2F806C46FEA4C4C6FEABB
:10A178005C4C1FFA8CFCA2F806C40C7833F8242037
:10A1880012F4804F0CD033F8242092B222F4E0422B
:10A1980022F0700242F4404242F0800223F8242068
:10A1A8000978C9BB33F8212092B222F4804222F008
:10A1B800700282F4405242F4004242F0800223F8D6
:10A1C80021205AE13E2C12D84FEA540C14F0010F0A
:10A1D80001D00CF1010CB2F80644A4B24FEA8C2C61
:10A1E8001FFA8CFC44EA0C04A2F80644C5E74FEABF
:10A1F800541C14F01F0F01D10CF1FF3CB2F80644B7
:10A20800A4B24FEA8C2C1FFA8CFC44EA0C0444F4E8
:10A218000044A2F80644B0E733F8212092B222F4B1
:10A22800804222F0700282F4005242F4004242F06E
:10A23800800223F8212020E1CA78022A74D091F8FC
:10A2480000C033F82C2092B222F4E24222F07002CD
:10A2580042F4004242F0800223F82C20B3F8502048
:10A2680013FA82F291F800C002EBCC02B1F808C0F0
:10A278004FEA5C0C4FEA4C0CA2F800C4B3F850202B
:10A2880013FA82F291F800C002EBCC02B1F80AC0CE
:10A298004FEA5C0C4FEA4C0CA2F804C44A78002A36
:10A2A80040F0F7800C7833F8242012F4804F0CD05B
:10A2B80033F8242092B222F4E04222F0700242F4F1
:10A2C800404242F0800223F824200C7833F82420FE
:10A2D80012F0400F0CD033F8242092B222F4E0425E
:10A2E80022F0700242F4004242F0C00223F8242017
:10A2F8004A78002A51D1B3F8502013FA82F20C7828
:10A3080002EBC402B2F80244C4F30904A2F80244FE
:10A318000C69C4B9B2F802446FEA44446FEA544481
:10A32800A4B2A2F802443AE00C7833F8242092B29E
:10A3380022F4E04222F0700242F4014242F080022C
:10A3480023F824208AE73E2C12D84FEA540C14F044
:10A35800010F01D00CF1010CB2F80244A4B24FEA8B
:10A368008C2C1FFA8CFC44EA0C04A2F8024416E078
:10A378004FEA541C14F01F0F01D10CF1FF3CB2F846
:10A388000244A4B24FEA8C2C1FFA8CFC44EA0C0459
:10A3980044F40044A2F8024401E0012A1BD04A78A0
:10A3A800002A4DD1B3F8502013FA82F20C7802EB50
:10A3B800C402B2F80644C4F30904A2F806440C69BE
:10A3C800A4B9B2F806446FEA44446FEA5444A4B20C
:10A3D800A2F8064436E0B3F8502013FA82F20C785B
:10A3E80002EBC4020C8AA2F80244D8E73E2C12D829
:10A3F8004FEA540C14F0010F01D00CF1010CB2F823
:10A408000644A4B24FEA8C2C1FFA8CFC44EA0C04D4
:10A41800A2F8064416E04FEA541C14F01F0F01D1AD
:10A428000CF1FF3CB2F80644A4B24FEA8C2C1FFA98
:10A438008CFC44EA0C0444F40044A2F8064401E00D
:10A44800012A1BD091F800C033F82C2092B222F4D4
:10A45800804222F0700282F4405248F28004224383
:10A4680023F82C20097833F8212092B222F4E04214
:10A4780022F04002224323F8212010BDB3F85020D7
:10A4880013FA82F20C7802EBC4020C8AA2F8064492
:10A49800D8E70C7833F8242012F4804F0CD033F826
:10A4A800242092B222F4E04222F0700242F44042A8
:10A4B80042F0800223F824200C7833F8242012F08C
:10A4C800400F0CD033F8242092B222F4E04222F05C
:10A4D800700242F4004242F0C00223F82420CA78F5
:10A4E800012A1ED00C7833F8242092B222F4E042DC
:10A4F80022F0400282F0200242F4004242F0800240
:10A5080023F82420097833F8212092B222F48042DB
:10A5180022F0700242F4004242F0800223F8212027
:10A52800ABE70C7833F8242092B222F4E04222F010
:10A53800400242F4004242F0800223F82420E1E77E
:10A548000B7B002B46D14B7813B30A7830F82230B6
:10A5580013F0400F0CD030F822309BB223F4E043C4
:10A5680023F0700343F4004343F0C00320F8223083
:10A578000A7830F822309BB223F4E04323F04003FA
:10A5880043F4004343F0800320F822300020704752
:10A598000A7830F8223013F4804F0CD030F822308B
:10A5A8009BB223F4E04323F0700343F4404343F0A9
:10A5B800800320F822300A7830F822309BB223F446
:10A5C800804323F0700343F4004343F0800320F8F2
:10A5D8002230DBE74B78002B4ED10A7830F8223056
:10A5E80013F4804F0CD030F822309BB223F4E043B0
:10A5F80023F0700343F4404343F0800320F82230F3
:10A608000A7830F8223013F0400F0CD030F822309E
:10A618009BB223F4E04323F0700343F4004343F078
:10A62800C00320F822300A7830F822309BB223F495
:10A63800E04323F0700343F4004343F0C00320F8E1
:10A6480022300A7830F822309BB223F4804323F07A
:10A65800700348F2800C43EA0C0320F822300A7891
:10A6680030F822309BB223F4E04323F0400343EA5E
:10A678000C0320F8223089E70A7830F8223013F4E6
:10A68800804F0CD030F822309BB223F4E04323F003
:10A69800700343F4404343F0800320F822300A78E3
:10A6A80030F8223013F0400F0CD030F822309BB233
:10A6B80023F4E04323F0700343F4004343F0C00362
:10A6C80020F822300A7830F822309BB223F4E04395
:10A6D80023F0700343F4404343F0800320F8223012
:10A6E8000A7830F822309BB223F4E04323F0400389
:10A6F80048F2800C43EA0C0320F822300A7830F83C
:10A7080022309BB223F4804323F0700343EA0C0306
:10A7180020F822303AE74B788BB10A7830F82230AB
:10A728009BB223F4E04323F0400383F0100343F487
:10A73800004343F0800320F82230002070470A7855
:10A7480030F822309BB223F4804323F0700383F463
:10A75800805343F4004343F0800320F82230ECE7B1
:10A768004B7833B30A7830F8223013F0400F0CD00E
:10A7780030F822309BB223F4E04323F0700343F413
:10A78800004343F0C00320F82230CB78012B33D0AC
:10A798000A7830F822309BB223F4E04323F04003D8
:10A7A80083F0200343F4004343F0800320F8223071
:10A7B80022E00A7830F8223013F4804F0CD030F8B9
:10A7C80022309BB223F4E04323F0700343F4404368
:10A7D80043F0800320F822300A7830F822309BB208
:10A7E80023F4804323F0700383F4405343F400437D
:10A7F80043F0800320F822300020704711B98023ED
:10A80800A0F84C3000207047B0F858306FEA434346
:10A818006FEA53439BB2A0F8583000207047B0F855
:10A82800440080B2704701335B08024402F580623D
:10A8380008E0087891F801C040EA0C2022F8020BE1
:10A848000231013B002BF4D1704770B505460C4628
:10A858004B78012B1AD00B7B002B40F092828B692E
:10A86800002B40F06582CB78002B40F061820A789B
:10A8780030F822309BB223F4E04323F0700343F412
:10A88800014343F0800320F822305FE28E690A69B1
:10A89800964200D91646217B41B3E178022947D078
:10A8A800226A921B2262227835F8221011F0400F9A
:10A8B80000F0F681002B40F0E381B5F8503015FA2E
:10A8C80083F303EBC202B2F80634C3F30903A2F818
:10A8D8000634002E40F0B481B2F806346FEA4343E0
:10A8E8006FEA53439BB2A2F80634D2E1B6B23346BC
:10A8F800E28861692846FFF796FFB5F8503015FAE7
:10A9080083F3227803EBC203A3F80264227835F8B4
:10A9180022309BB223F4E04323F0400383F030035A
:10A9280043F4004343F0800325F82230002024E25A
:10A93800236A9A4280F06681227835F822309BB2E9
:10A9480023F4E04323F0700343F4014343F080030E
:10A9580025F82230236A9B1B2362237835F82320AD
:10A9680012F0400F00F0A7806278B2BBB5F8502013
:10A9780015FA82F202EBC303B3F80624C2F3090204
:10A98800A3F806244EB9B3F806246FEA42426FEAE8
:10A99800524292B2A3F8062421E03E2E0DD8720846
:10A9A80016F0010F00D00132B3F8061489B29202F2
:10A9B80092B20A43A3F8062411E0710916F01F0F9A
:10A9C80000D10139B3F8062492B2890289B20A4348
:10A9D80042F40042A3F8062401E0012A29D0B3B2C8
:10A9E800628961692846FFF71EFF63693344636122
:10A9F800236A2269934226D99B1B23626378002B22
:10AA080045D1B5F8503015FA83F3227803EBC20329
:10AA1800B3F80224C2F30902A3F80224BEB9B3F8BA
:10AA280002246FEA42426FEA524292B2A3F8022429
:10AA38002FE0B5F8502015FA82F202EBC303B2B248
:10AA4800A3F80624CBE7002222621E46D6E73E2E54
:10AA58000DD8720816F0010F00D00132B3F80214B5
:10AA680089B2920292B20A43A3F8022411E0710952
:10AA780016F01F0F00D10139B3F8022492B28902EF
:10AA880089B20A4342F40042A3F8022401E0012BF0
:10AA980006D0B3B2228961692846FFF7C4FE35E7BC
:10AAA800B5F8503015FA83F3227803EBC203B2B23B
:10AAB800A3F80224EDE76278B2BBB5F8502015FA86
:10AAC80082F202EBC303B3F80224C2F30902A3F82B
:10AAD80002244EB9B3F802246FEA42426FEA5242A6
:10AAE80092B2A3F8022421E03E2E0DD8720816F087
:10AAF800010F00D00132B3F8021489B2920292B267
:10AB08000A43A3F8022411E0710916F01F0F00D1BF
:10AB18000139B3F8022492B2890289B20A4342F495
:10AB28000042A3F8022401E0012A29D0B3B2228905
:10AB380061692846FFF777FE636933446361236AD6
:10AB48002269934226D99B1B23626378002B45D147
:10AB5800B5F8503015FA83F3227803EBC203B3F843
:10AB68000624C2F30902A3F80624BEB9B3F80624E2
:10AB78006FEA42426FEA524292B2A3F806242FE0EB
:10AB8800B5F8502015FA82F202EBC303B2B2A3F86B
:10AB98000224CBE7002222621E46D6E73E2E0DD8BD
:10ABA800720816F0010F00D00132B3F8061489B20A
:10ABB800920292B20A43A3F8062411E0710916F032
:10ABC8001F0F00D10139B3F8062492B2890289B265
:10ABD8000A4342F40042A3F8062401E0012B06D000
:10ABE800B3B2628961692846FFF71DFE8EE6B5F8A3
:10ABF800503015FA83F3227803EBC203B2B2A3F8FC
:10AC08000624EDE7217835F8212092B222F4E242B9
:10AC180022F0700242F4004242F0800225F821201E
:10AC2800B5F8502015FA82F2217802EBC1029BB2E6
:10AC3800A2F80234228961692846FFF7F4FD65E627
:10AC48003E2E0DD8730816F0010F00D00133B2F86C
:10AC5800061489B29B029BB20B43A2F8063418E093
:10AC6800710916F01F0F00D10139B2F806349BB2F2
:10AC7800890289B20B4343F40043A2F8063408E082
:10AC8800B5F8503015FA83F303EBC203B2B2A3F858
:10AC98000624B3B2628961692846FFF7C4FD35E628
:10ACA800B3BBB5F8503015FA83F303EBC202B2F820
:10ACB8000234C3F30903A2F802344EB9B2F80234DD
:10ACC8006FEA43436FEA53439BB2A2F8023428E089
:10ACD8003E2E0DD8730816F0010F00D00133B2F8DC
:10ACE800021489B29B029BB20B43A2F8023418E00B
:10ACF800710916F01F0F00D10139B2F802349BB266
:10AD0800890289B20B4343F40043A2F8023408E0F5
:10AD1800B5F8503015FA83F303EBC203B2B2A3F8C7
:10AD28000224B3B2228961692846FFF77CFDEDE56C
:10AD3800227835F822309BB223F4E24323F07003E3
:10AD480043F4004343F0800325F82230A3692269C5
:10AD5800934213D99B1AA361227835F822309BB20B
:10AD680023F4804323F0700383F4405343F40043F7
:10AD780043F0800325F82230002070BD0023A36132
:10AD8800EAE7CB78022B04D0012B1ED100238B617C
:10AD9800E2E7CB69002BDFD00A7830F8221044F2C2
:10ADA800400303EA01008B4301D00028D4D135F8D1
:10ADB80022309BB223F4E04323F0700343F40043B2
:10ADC80043F0C00325F82230C6E70120D5E710B4C8
:10ADD8005C08024402F5806207E032F8020B087052
:10ADE800C0F3072048700231013C002CF5D113F064
:10ADF800010F01D013880B705DF8044B704710B534
:10AE0800D0F8BC4284B1D0F8C0327BB194F80002CB
:10AE1800FF280DD09B6894F8012221469847FF230C
:10AE280084F80032002010BD0320FCE70020FAE778
:10AE38000020F8E74323038000487047F001002012
:10AE480043230380004870473402002043230380D3
:10AE580000487047AC0100200A230380004870476F
:10AE6800B002002038B5D0F8BC5275B1044601F0E4
:10AE7800F6F8C5F80C02D4F8C032DB6805F50371A2
:10AE8800D5F804029847002038BD0320FCE710B528
:10AE9800D0F8C442D0F8BC3253B301EB810200EBC6
:10AEA800820292694AB101EB810C04EBCC04246A5A
:10AEB800B2FBF4FC04FB1C2272B10022C3F814227A
:10AEC800D0F8C0221469ACB10A4603F50471D3F86E
:10AED8000802A047002010BD01EB810300EB8303AB
:10AEE80000249C612346224601F0A9F82046F2E797
:10AEF8000320F0E70020EEE7F0B583B0D0F8BC629D
:10AF080000238DF80730ADF80430002E6CD00746CA
:10AF18000C460B7813F060052AD0202D5ED1CA8824
:10AF2800F2B113F0800F0FD0D0F8C0329B683146D1
:10AF380060789847E288072A28BF072231463846B2
:10AF480000F0ECFD00254CE04B7886F800328B7958
:10AF580086F80132CA88314600F0F5FD002540E048
:10AF6800D0F8C0329B68002248789847002538E01E
:10AF78004E780B2E2ED8DFE806F006342D2D2D2D19
:10AF88002D2D2D2D152490F89C32DBB2032B03D0E8
:10AF980000F08AFA032524E0022201A900F0BEFD90
:10AFA80035461EE090F89C32DBB2032B03D000F04C
:10AFB8007BFA032515E001220DF1070100F0AEFD33
:10AFC8000FE090F89C32DBB2032B0AD000F06CFA49
:10AFD800032506E000F068FA032502E000F064FAB1
:10AFE8000325284603B0F0BD0325FAE738B5044623
:10AFF800812100F0EEFF002525870121204600F081
:10B00800E8FFA4F878518221204600F0E2FFA4F876
:10B018004C50A4F84E50D4F8BC324BB1D4F8C032DE
:10B028005B689847D4F8BC0201F048F8C4F8BC52F1
:10B03800002038BD70B504464FF4077001F03AF8A7
:10B04800B8B30646C4F8BC02237CBBBB4FF40073FC
:10B0580002228121204600F0B1FF012525874FF407
:10B06800007302222946204600F0A8FFA4F8785170
:10B078001023A4F84E30082303228221204600F032
:10B088009DFF0123A4F84C30D4F8C0321B689847C0
:10B098000023C6F81432C6F81832257C15BB4FF4C5
:10B0A8000073D6F804220121204600F0D0FF28467C
:10B0B80070BD0023C4F8BC320225F8E74023022201
:10B0C8008121204600F07AFF0125258740230222AE
:10B0D8002946204600F072FFA4F878511023A4F8FE
:10B0E8004E30C8E74023D6F804220121204600F05C
:10B0F800AEFF0025DBE719B1C0F8C0120020704789
:10B1080003207047D0F8BC322BB1C3F80812C3F83B
:10B1180010220020704703207047D0F8BC321BB1C2
:10B12800C3F804120020704703207047D0F8BC22EF
:10B1380092B108B5D2F814320BB1012008BD012331
:10B14800C2F81432D2F81032C362D2F80822812130
:10B1580000F075FF0020F1E70320704710B5D0F824
:10B16800BC2292B1047C44B94FF40073D2F8042293
:10B17800012100F06CFF204610BD4023D2F80422C4
:10B18800012100F064FF0024F5E70324F3E798B1F8
:10B1980008B503460020C3F8B802C3F8C002C3F8D4
:10B1A800CC0209B1C3F8B412012183F89C121A70B9
:10B1B800184600F0B7FE08BD0320704710B582B0EE
:10B1C8000023ADF8063061B10446C0F8B812CB6A66
:10B1D8004BB10DF106009847C4F8CC02002002B02C
:10B1E80010BD0320FBE70020F9E708B500F0DEFEFC
:10B1F80008BD08B5D0F8B83213B11B68984708BD28
:10B208000320FCE708B5D0F8B8320BB15B68984763
:10B21800002008BD38B5044600F2AA25284600F0EB
:10B228002FF90123C4F89432B4F8B032C4F8983234
:10B2380094F8AA1201F01F03012B0DD0022B10D095
:10B248002BB101F08001204600F0CBFE03E0294637
:10B25800204600F0E4FA38BD2946204600F017FBE6
:10B26800F9E72946204600F046FBF4E738B50446DE
:10B278000D4641BB1346D0F89422032A01D0084654
:10B2880038BDD0F85C11D0F86021914209D890F807
:10B298009C32DBB2032B0FD0204600F06BFC284613
:10B2A800EEE7891AC0F85C118A4228BF0A46194697
:10B2B80000F058FC2846E3E7D0F8B8321B69002BA9
:10B2C800EAD09847E8E790F89C32DBB2032B01D02C
:10B2D8000020D5E7D0F8B8329B690BB19847CFE783
:10B2E8000020CDE738B504460D4600294AD113465B
:10B2F800D0F89422022A05D094F8A032012B3CD031
:10B30800284638BDC269016A8A420ED88A4218D0D6
:10B3180094F89C32DBB2032B27D08021204600F022
:10B3280060FE204600F031FCE6E7521AC261194679
:10B3380000F001FC00231A461946204600F087FE5B
:10B34800DAE783699942E3D8D0F898229342DFD2AA
:10B358000022114600F0EFFB0021C4F898120B46BA
:10B368000A46204600F073FEC6E7D4F8B832DB6818
:10B37800002BD2D020469847CFE7002384F8A0328C
:10B388002846BEE790F89C32DBB2032B01D00020A0
:10B39800B7E7D0F8B8325B690BB19847B1E700203E
:10B3A800AFE7012380F89C320023C0F89432436051
:10B3B800C0F8A432D0F8B832F3B170B50446D0F86A
:10B3C800BC221AB15B680BB10021984740230022C8
:10B3D8001146204600F0F2FD0126A4F864614025DC
:10B3E800C4F860512B4600228021204600F0E6FD7B
:10B3F800A6842562002070BD0320704701740020D8
:10B40800704790F89C32DBB280F89D32042380F8B4
:10B418009C320020704790F89C32DBB2042B01D09C
:10B428000020704790F89D32DBB280F89C32F7E735
:10B43800D0F8B82262B108B590F89C32DBB2032B81
:10B4480001D0002008BDD36923B198470020F9E74F
:10B45800032070470020F5E70346002002E0013092
:10B46800C0B201331A78002AF9D1704708B54B8861
:10B47800012B00D008BDC0F8A43200F07BFBF9E72F
:10B488000B7803704B7843708B78CA7843EA0223B1
:10B4980043800B794A7943EA022383808B79CA79FE
:10B4A80043EA0223C380704710B50446802100F0A8
:10B4B80098FD0021204600F094FD10BD30B583B002
:10B4C80004460D460023ADF806304A88130A013BAE
:10B4D8000E2B00F2BC80DFE803F0153044BABA9EA8
:10B4E800ABBABABABABABABA0800D0F8B432DB6999
:10B4F80023B10DF10601007C98470AE02946FFF7C1
:10B50800D3FF18E0D0F8B4321B680DF10601007CB7
:10B518009847EA88002A00F0A380BDF80630002B7F
:10B5280000F099809A4228BF1A46ADF806200146D5
:10B53800204600F0F3FA03B030BD037C43B9D0F8DD
:10B54800B8329B6A0DF10600984702234370E0E782
:10B55800D0F8B832DB6A0DF1060098470223437031
:10B56800D7E7D2B2052A52D8DFE802F003101D2A25
:10B578003744D0F8B4325B6823B10DF10601007C82
:10B588009847C6E72946FFF78FFFD4E7D0F8B432CB
:10B598009B6823B10DF10601007C9847B9E729465D
:10B5A800FFF782FFC7E7D0F8B432DB6823B10DF1AB
:10B5B8000601007C9847ACE72946FFF775FFBAE714
:10B5C800D0F8B4321B6923B10DF10601007C98470D
:10B5D8009FE72946FFF768FFADE7D0F8B4325B690B
:10B5E80023B10DF10601007C984792E72946FFF741
:10B5F8005BFFA0E7D0F8B4329B6923B10DF10601D7
:10B60800007C984785E72946FFF74EFF93E72946D0
:10B61800FFF74AFF8FE7037C33B9D0F8B8325B6B8A
:10B628000DF10600984774E72946FFF73DFF82E7CA
:10B63800037C43B9D0F8B8321B6B0DF1060098476C
:10B648000723437065E72946FFF72EFF73E729466E
:10B65800FFF72AFF6FE729462046FFF725FF6AE72D
:10B66800204600F087FA66E738B504468B88FBB9B0
:10B67800CB88EBB94B887F2B1AD803F07F0590F85D
:10B688009C32DBB2032B0CD080F89E52294600F086
:10B69800CEFC204600F06EFA35B1022384F89C32C5
:10B6A80009E0FFF701FF06E0012384F89C3202E07D
:10B6B8002046FFF7F9FE38BD70B504460E468D7872
:10B6C8002E4B1D70012D10D890F89C32DBB2022B46
:10B6D8000FD0032B23D0FFF7E7FE284B197820461D
:10B6E800FFF790FD0325284670BDFFF7DDFE032513
:10B6F800F9E78DB145602946FFF77BFD054620B186
:10B7080031462046FFF7D0FEEDE7204600F032FA3A
:10B71800032384F89C32E6E700F02CFAE3E7CDB186
:10B7280041688D4225D0C9B2FFF76CFD134B1978DB
:10B7380061602046FFF75DFD0546B0B13146204601
:10B74800FFF7B2FE21792046FFF75CFD022384F85B
:10B758009C32C8E7022380F89C3245602946FFF7EF
:10B7680051FD204600F006FABDE7204600F002FA37
:10B77800B9E700F0FFF90025B5E700BF741B00200A
:10B7880008B5CB88012B0BD190F89C32DBB2022B89
:10B7980009D9032B09D10122011D00F0BFF901E0ED
:10B7A800FFF782FE08BD5BB213B9FFF77DFEF9E72C
:10B7B8000146002341F8083F012200F0AFF9F1E704
:10B7C80008B590F89C32013B022B12D8CB88022B8B
:10B7D8000CD10123C360D0F8A4320BB10323C3609A
:10B7E800022200F10C0100F099F908BDFFF75CFE98
:10B7F800FBE7FFF759FEF8E708B590F89C32013BE4
:10B80800022B09D84B88012B00D008BD0023C0F8B3
:10B81800A43200F0AFF9F8E7FFF746FEF5E738B5D0
:10B828000C7804F06004202C06D0402C04D054B1CD
:10B83800FFF73AFE002404E0D0F8B8329B68984736
:10B848000446204638BD4D78092D1DD8DFE805F09F
:10B8580012191C161C08051C0F0BFFF72FFEF0E72A
:10B86800FFF702FFEDE7FFF727FF0446E9E7FFF7D9
:10B8780087FFE6E7FFF7A4FF2C46E2E7FFF7F6FDB0
:10B88800DFE7FFF7B9FFDCE7FFF70EFED9E770B592
:10B8980005460C460B7803F06003202B07D0402B9D
:10B8A80005D023B1FFF700FE0026304670BD95F89D
:10B8B8009C32013B022B18D82379012B0FD8D5F8DD
:10B8C800B8329B682146284698470646E388002BED
:10B8D800EBD10028E9D1284600F04CF9E5E72146EC
:10B8E8002846FFF7E1FD0026DFE721462846FFF757
:10B8F800DBFD0026D9E7F8B506460D468B880C789F
:10B9080004F06004202C08D0D9B2402C05D06CB1CA
:10B918002946FFF7C9FD002406E0D6F8B8329B682F
:10B9280029463046984704462046F8BD6F78012FCF
:10B938002FD0032F05D0002F59D02946FFF7B4FD8B
:10B94800F2E790F89C32DBB2022B05D0032B12D021
:10B958002946FFF7A9FDE7E709B1802904D129465F
:10B968003046FFF7A1FDDFE700F03BFB80213046C2
:10B9780000F037FBD8E76B8823B919B1802901D0CB
:10B98800EB881BB1304600F0F5F8CDE700F029FB55
:10B99800F8E790F89C32DBB2022B05D0032B12D0CB
:10B9A8002946FFF781FDBFE709B1802904D129465F
:10B9B8003046FFF779FDB7E700F013FB80213046EA
:10B9C80000F00FFBB0E76B88002BADD111F07F0FB3
:10B9D8000AD1304600F0CEF8D6F8B8329B6829462E
:10B9E8003046984704469FE700F003FBF1E790F8DC
:10B9F8009C22D2B2022A06D0032A29D02946FFF770
:10BA080053FD3C4690E709B1802913D113F0800F0C
:10BA180015D101F07F0101EB8101890001F5A871C1
:10BA28003144043100230B600222304600F076F8DE
:10BA38003C4679E72946FFF737FD3C4674E701F0B5
:10BA48007F0101EB81018900103131440431E9E7BC
:10BA58005BB2002B1FDB01F00F0202EB820200EB4E
:10BA68008202B2F8642122B3002B27DB01F07F03A6
:10BA780003EB83039C0004F5A8743444043409B12F
:10BA8800802924D10023236002222146304600F079
:10BA980045F83C4648E701F00F0202EB820200EB52
:10BAA8008202928C002ADFD12946FFF7FDFC3C4632
:10BAB8003AE72946FFF7F8FC3C4635E701F07F03F3
:10BAC80003EB83039C00103434440434D7E7304636
:10BAD80000F097FA10B101232360D5E70023236013
:10BAE800D2E7D0B170B50D4616460446FFF7B4FC50
:10BAF800431C5B009BB233802B7003236B700223C3
:10BB080007E0EA5401345A1CD2B20021A954023386
:10BB1800DBB22278002AF4D170BD704708B513460D
:10BB28000222C0F894228361C3610A46002100F012
:10BB380086FA002008BD08B513460A46002100F021
:10BB48007EFA002008BD08B513460322C0F89422E7
:10BB5800C0F85831C0F85C310A46002100F077FA85
:10BB6800002008BD08B513460A46002100F06FFA08
:10BB7800002008BD08B50422C0F8942200231A4604
:10BB8800194600F05CFA002008BD08B50522C0F887
:10BB9800942200231A46194600F059FA002008BDDD
:10BBA80008B500220F491048FFF7F1FA70B90F499C
:10BBB8000D48FFF703FB60B90D490B48FFF79BFAE7
:10BBC80050B90948FFF711FB48B908BDF6F766FCFC
:10BBD800EDE7F6F763FCEFE7F6F760FCF1E7F6F759
:10BBE8005DFCF2E704030020781B002078020020A7
:10BBF800BC020020002070470020704708B50220D2
:10BC0800F7F720FF002008BD38B5054620B119B167
:10BC18000968B1F5803F09D3064C29462046FFF74D
:10BC28007CFA2046FFF79AFA002038BD89B2F7F768
:10BC3800EFFEF1E7781B002010B5064C00220649FC
:10BC48002046FFF75FFA05492046FFF766FA00200D
:10BC580010BD00BF781B0020481E00204826002089
:10BC680038B5144BD3F8BC32D0B10C460146CCB130
:10BC7800B4F5006F18D8CBB1D3F81432C3B90E4B52
:10BC8800984203D02246184600F044FD094D22464A
:10BC980009492846FFF736FA2846FFF747FA38BD1C
:10BCA8000320FCE70320FAE70320F8E70120F6E782
:10BCB8000120F4E7781B0020481E002012230B8087
:10BCC80000487047F002002004230B8000487047AA
:10BCD800EC020020002393421ED200B510E00CF1C4
:10BCE800370C01F813C000014FEA430C0CF1010CAA
:10BCF8004FF0000E01F80CE00133DBB2934209D299
:10BD08004FEA107CB0F1204FE9D20CF1300C01F869
:10BD180013C0E8E75DF804FB7047000038B50B4B2B
:10BD2800D3F89005D3F89445D3F89835C01800D1C6
:10BD380038BD074D08222946FFF7CCFF042205F13C
:10BD480010012046FFF7C6FFF2E700BF0070FF1F93
:10BD5800D202002008B51A230B80FFF7DFFF014845
:10BD680008BD00BFD002002008B50A4628B9054919
:10BD78000548FFF7B6FE034808BD02490248FFF729
:10BD8800B0FEF8E7482E0020D0CA000810B50A46D1
:10BD9800034C21460348FFF7A4FE204610BD00BF10
:10BDA800482E0020E8CA000808B50A4628B90549FF
:10BDB8000548FFF796FE034808BD02490248FFF709
:10BDC80090FEF8E7482E0020F0CA000808B50A4699
:10BDD80028B905490548FFF784FE034808BD02490C
:10BDE8000248FFF77EFEF8E7482E002000CB000847
:10BDF800032805D8DFE800F0050402050120704794
:10BE08000320704708B5F6F74BFB08BD10B596B090
:10BE180004465422002101A800F04EFC2268114B70
:10BE28009A4201D016B010BD4FF40053019301A8F7
:10BE3800FCF7AEF890B90C4B9A6D42F400029A6583
:10BE48009B6D03F400030093009B0022114614200D
:10BE5800F8F7D6FF1420F8F7E3FFE3E7F6F71EFB41
:10BE6800E9E700BF005C00400010024008B500F59B
:10BE78002671D0F8D802FFF7CDF908BD08B501EB57
:10BE8800810300EBC303D3F86421D0F8D802FFF78D
:10BE9800EDF908BD08B501EB810300EBC3035A6A4D
:10BEA800D0F8D802FFF71EFA08BD08B5D0F8D802B6
:10BEB800FFF7BEFA08BD10B504464379022B09D135
:10BEC8000121D4F8D802FFF799FAD4F8D802FFF77D
:10BED80068FA10BDF6F7E2FAF2E7000010B504467A
:10BEE800D0F8D802FFF78DFA637A23B1024A1369B2
:10BEF80043F00603136110BD00ED00E010B50446E1
:10BF0800437A23B9D4F8D802FFF785FA10BD044A5A
:10BF1800136923F006031361FFF774FFF2E700BF0C
:10BF280000ED00E010B504461E48C0F8D842C4F839
:10BF3800C4021D4B03600823037102234371C371BC
:10BF48000023037243728372C372FAF7E9FB30BBB2
:10BF5800182300221146D4F8C402FBF737FB5823F4
:10BF680000228021D4F8C402FBF730FBC023002252
:10BF78008121D4F8C402FBF729FB4FF4887300220F
:10BF88000121D4F8C402FBF721FB4FF4807300228F
:10BF98008221D4F8C402FBF719FB002010BDF6F784
:10BFA8007DFAD5E768320020005C004008B5D0F87B
:10BFB800C402FAF710FCFFF71BFF08BD08B594464A
:10BFC8001A466346D0F8C402FBF7C3F9FFF710FF1F
:10BFD80008BD08B5D0F8C402FBF7FEF9FFF708FF63
:10BFE80008BD08B5D0F8C402FBF778FAFFF700FFE0
:10BFF80008BD08B5D0F8C402FBF7A9FAFFF7F8FEA8
:10C0080008BDD0F8C43211F0800F08D101F07F01CB
:10C0180001EB810103EBC10393F85201704701F072
:10C028007F0101EB810103EBC103987C704708B5E0
:10C03800D0F8C402FBF7A1F8FFF7DAFE08BD08B58F
:10C04800D0F8C402FBF724FAFFF7D2FE08BD08B502
:10C05800D0F8C402FBF7F6F9FFF7CAFE08BD08B529
:10C06800D0F8C402FBF70BFA08BD000010B504466F
:10C0780011B101290FD010BD437A23B9D4F8D802E1
:10C08800FFF7C9F9F7E7FFF7BDFE094A136923F07F
:10C0980006031361F2E7D0F8D802FFF7B2F9637A22
:10C0A800002BE8D0024A136943F006031361E2E764
:10C0B80000ED00E00048704748300020704700005D
:10C0C80008B5044B1860044B1960044800F013FAD3
:10C0D80008BD00BF583600205436002044350020E3
:10C0E800024B1860024B1960704700BF50360020A1
:10C0F8004C36002008B5034B1B6813B1024A106880
:10C10800984708BD503600204C36002008B500F08E
:10C11800A1F908BD70B59DF81050059C5CB305F1F8
:10C128000806BDF818C0664527D86BB14FF0AA0CB1
:10C1380084F800C04FF0550C84F801C0A070E1707D
:10C1480022716571002208E0002DEFD0002610E072
:10C15800911D985C60540132D2B2AA42F8D3291DCD
:10C16800A01C00F0ABF9AB1DE0540735C0F3072065
:10C178006055304670BD0026FBE70026F9E7000051
:10C1880010B5C6B040F20714029404AC01949DF8AF
:10C1980020410094FFF7BEFF50B10146064B1B68D3
:10C1A80043B1064A126804A89847012046B010BD5A
:10C1B8000020FBE70020F9E758360020543600201D
:10C1C80000B5C3B0014601AA054800F0A0F910B9AE
:10C1D80043B05DF804FB01A800F01CF90120F7E763
:10C1E80044350020F8B578B10E46074600242546A8
:10C1F80006E0385DFFF7E4FF0544EDB20134A4B270
:10C20800B442F6D32846F8BD0025FBE700B583B055
:10C218000023064A1370064A13700078009391228F
:10C228000221FFF7ADFF03B05DF804FBA036002044
:10C238005C36002000B585B0FF238DF80C30002354
:10C248008DF80D308DF80E2000780323009303AB92
:10C258000A460621FFF794FF05B05DF804FB0000CD
:10C26800F0B5C3B00646C4781C4BA3FB042303F007
:10C27800FE0202EB5303E41A14F0FF0419D1254619
:10C28800F378AB4220D973191F79384600F0DAF9F0
:10C29800A0B143681888611CC9B202AA1755A31C2B
:10C2A800DBB2070A57540334E4B2D0540335EDB275
:10C2B800E6E704228121FFF7BDFF0CE0012281217E
:10C2C8003046FFF7B7FF06E0009402AB8122022157
:10C2D8003078FFF755FF43B0F0BD00BFABAAAAAA5C
:10C2E80070B582B00546C4781F4BA3FB042303F046
:10C2F800FE0202EB5303E41A14F0FF0416D1EB78A4
:10C30800A34224D92B19621C2A441179A21C2A445D
:10C31800127942EA0126187900F094F958B1027AA4
:10C328007AB143681E800334E4B2E8E7042282212C
:10C33800FFF780FF16E0012282212846FFF77AFFE7
:10C3480010E0052282212846FFF774FF0AE0FFF774
:10C35800D1FE2B4613F8040BEA78009282220221C0
:10C36800FFF70EFF02B070BDABAAAAAA30B583B022
:10C378000546C278234BA3FB021303F0FE0404EB2B
:10C388005304141B14F0FF041BD1C22A19D81E4BE6
:10C39800012119701D4B00211970CAB1EB78A34215
:10C3A8001CD92B19187900F04DF9F8B1174A1378F0
:10C3B800591C11702A191179154AD1540334E4B261
:10C3C800ECE7042290212846FFF734FF03B030BD84
:10C3D80040210F4800F050F90C4B187000230093CF
:10C3E800902202212878FFF7CBFEEFE70023064AC8
:10C3F8001370064A1370012290212846FFF71AFF8E
:10C40800E4E700BFABAAAAAAA03600205C36002049
:10C418006036002008B581784B1E102B16D8DFE84F
:10C4280003F0090C15151515151515151515151500
:10C43800150F1200FFF714FF08BDFFF751FFFBE7C8
:10C44800FFF794FFF8E7FFF7E1FEF5E70222FFF7B1
:10C45800F1FEF1E7164B1B7823B170B5C2B000248A
:10C46800254602E070470134E4B2124B1B78A34220
:10C4780014D9114B1E5D304600F0E4F80028F2D0C4
:10C4880043681888691CC9B202AA5655AB1CDBB2AE
:10C49800060A56540335EDB2D054E4E7009502ABD2
:10C4A800152200210846FFF76BFE42B070BD00BFA1
:10C4B800A03600205C3600206036002084464FF607
:10C4C800FF700B46013989B2A3B11CF8013B80EA21
:10C4D8000320002303E0400080B20133DBB2072BC6
:10C4E800EFD810F4004FF6D041F2210282EA400062
:10C4F80080B2F2E7704748B100220270A0F8042128
:10C50800A0F8062142708270C2700271704770B53F
:10C51800C2B0002800F0848016460446002A00F0C5
:10C5280083800578082D77D8DFE805F0050B131808
:10C538001D222D3C4200AA2914BF002101210170AF
:10C548006FE0552903D000232370002569E00223FA
:10C55800FAE7417003230370002562E08170042329
:10C56800037000255DE0C17005230370002558E0C5
:10C5780001710023A0F8043119B90723237000259D
:10C588004FE00623FAE7B0F80421531C9BB2A0F849
:10C598000431024451710279934247D3072303704F
:10C5A80000253EE0A0F8061108230370002538E0B6
:10C5B800B0F8063143EA0123A0F8063143788DF834
:10C5C800043083788DF80530C3788DF80630037908
:10C5D8008DF8073000232179994207D91A1DE118EF
:10C5E800487901A988540133DBB2F4E7043101A882
:10C5F800FFF764FFB4F8063183420CBF012500251C
:10C6080003D02046FFF777FF0BE040F20312611CCE
:10C61800304600F07FF8F4E7FFF76DFF002500E0F3
:10C628000025284642B070BD0025FAE70025F8E746
:10C63800024B1860024B1960704700BFA8360020F3
:10C64800A43600208446002300E00133084A12681B
:10C658009A420AD903EB43020649096801EB8200B2
:10C6680011F822206245F0D100E00020704700BF99
:10C67800A4360020A83600200D4B1B68994228BF1D
:10C68800194688B100B58646002308E003EB430C41
:10C69800084A126812F82C200EF8032001338B4246
:10C6A800F4D308465DF804FB00210846704700BF34
:10C6B800A4360020A836002002440346934200D145
:10C6C800704703F8011BF9E770B50D4D0D4C641B5D
:10C6D800A4100026A64209D10B4D0C4C00F0B8F965
:10C6E800641BA4100026A64205D170BD55F8043B72
:10C6F80098470136EEE755F8043B98470136F2E7CC
:10C708001CCB00081CCB00081CCB000824CB00085D
:10C71800704770470A44914200F1FF3300D17047D7
:10C7280010B511F8014B03F8014F9142F9D110BD32
:10C73800024B13B1024800F005B870470000000032
:10C7480059C70008002301461A46184600F014B8D5
:10C7580038B5074D074C641BA4101CB9BDE8384018
:10C7680000F07CB9013C55F824309847F5E700BF44
:10C7780024CB000828CB00082DE9F047DFF874A087
:10C788000646DAF8000098460F469146FFF7C0FFC4
:10C79800164B1C680CB9164C1C606568DAF800006A
:10C7A8001F2D05DDFFF7B5FF4FF0FF30BDE8F0871F
:10C7B8009EB104EB85010122C1F88890D4F8883134
:10C7C800AA401343C4F88831022EC1F8088102BF79
:10C7D800D4F88C311343C4F88C316B1C0235636078
:10C7E80044F82570FFF795FF0020DFE7E8370020C1
:10C7F800EC37002048040020014B1868704700BF40
:10C808002403002008B52DED028BB0EE408A00F01D
:10C818002DF8B4EE488AF1EE10FA0FD6B5EEC08ABC
:10C82800F1EE10FA0ADCB5EE408AF1EE10FA08D102
:10C83800FFF7E2FF22239FED080A0360BDEC028B9D
:10C8480008BDFFF7D9FFBDEC028B21230360BDE8CB
:10C858000840024800F004B8000080FF10CB000830
:10C868009FED010A704700BF0000C07F10EE103A2C
:10C8780033F0004206D19FED667ADFED667A87EEE7
:10C88800270A7047002B1A4602DA30EE407AF4E79E
:10C89800B3F1FF4F02DB30EE000A7047B3F5000F2B
:10C8A800B8BFDFED5D7A5D48BEBF60EE277A6FF0F6
:10C8B800180117EE902A4FEAE253C2F31602104409
:10C8C800A8BF00217F3B0B4400F4000181F07E519A
:10C8D800114300EE101A524903EBD05302F10F0036
:10C8E800F7EE007A014030EE670A89BBB5EE400AE0
:10C8F800F1EE10FA0FD1002B00F0878007EE903A86
:10C908009FED480A9FED487AF8EEE77A27EE800A0D
:10C91800A7EE870A7047DFED456AF6EE007AE0EE8B
:10C92800667A20EE007A27EE277A13B930EE470AA6
:10C93800704707EE903ADFED3B6AF8EEE77AA7EE2C
:10C94800E67A37EE400A9FED387A97EE870A704705
:10C95800F0EE007A70EE277ADFED355ADFED354AD2
:10C96800354980EE276A1144C2F5571202F5227242
:10C978000A43002A07EE903A26EE065AF8EEE76ACE
:10C9880025EE057ADFED2D7AE7EE257ADFED2C5AD4
:10C99800E7EE875ADFED2B7AE7EE247ADFED2A4AB5
:10C9A800E7EE874ADFED297AE4EE877A67EE857A43
:10C9B800E5EE877A1ADDB6EE007A20EE077A27EEE2
:10C9C800007A77EE877A67EE867A13B937EE677A58
:10C9D800ACE79FED146AE6EE867A37EE677A37EEB3
:10C9E800400ADFED117A96EEA70A704770EE677A73
:10C9F80067EE867A13B930EE670A70479FED097AB9
:10CA0800E6EEC77A37EEC00AEBE79FED020A7047F9
:10CA1800000000CC000000000000004C20FB4A0091
:10CA2800F0FF7F00D1F717378071313FABAAAA3EDC
:10CA38004FD01C3E9788173E305CCFFF298E633E4F
:10CA4800CDCCCC3E25333A3E2549923EABAA2A3F6F
:10CA5800F8B500BFF8BC08BC9E467047F8B500BFE3
:10CA6800F8BC08BC9E4670475FF800F049050020F6
:10CA78005FF800F0310700205FF800F05104002053
:08CA88005FF800F01505002025
:10CA9000000000000102030400000000000000008C
:10CAA0000102030406070809010002000400060051
:10CAB00008000A000C001000200040008000000167
:10CAC000080402040801010101010103070100003B
:10CAD0005546344F56455220504F57455220436FCC
:10CAE0006D506F72740000005546344F5645520029
:10CAF000504F57455220436F6E6669670000000033
:10CB0000504F57455220496E7465726661636500E7
:04CB10000000000021
:08CB1400703FFF7F01000000EB
:08CB1C0039C70008FD01000803
:04CB2400D90100082B
:10CB280000000000000000000000000000000000FD
:10CB38008800000000000000000000000000000065
:10CB48000024F4000A0000006A1000200000000021
:10CB58000B00000068100020000000000C0000001E
:10CB680066100020000000000D0000006410002086
:10CB7800000000000E00000062100020000000000D
:10CB88000F000000601000200000000010000000EE
:10CB98005E10002000000000110000005C10002062
:10CBA80001000000120000005A10002001000000DF
:10CBB80014000000581000200000000015000000BC
:10CBC800561000200100000016000000541000203C
:10CBD80000000000170000005210002000000000B4
:10CBE800180000005010002000000000190000008C
:10CBF8004E100020000000001A0000004C10002019
:10CC0800000000001B0000004A1000200000000087
:10CC18001C00000048100020000000001D0000005B
:10CC280046100020000000001E00000044100020F4
:10CC3800010000001F00000042100020000000005A
:10CC4800200000004010002001000000210000002A
:10CC58003E10002000000000220000003C100020D0
:10CC680001000000230000003A100020010000002D
:10CC780024000000381000200000000025000000FB
:10CC880036100020000000002600000034100020AC
:10CC98000000000027000000321000200100000002
:10CCA8002900000030100020000000002A000000C9
:10CCB8002E100020000000002B0000002C10002087
:10CCC80000000000010000001000000009074300F8
:10CCD800020104C032090400000102020100052417
:10CCE80000100105240100010424020205240600A5
:10CCF800010705820308001009040100020A000068
:10CD080000070501024000000705810240000000FD
:10CD180009024300020100C03209040000010202B6
:10CD28000100052400100105240100010424020269
:10CD38000524060001070582030800100904010004
:10CD4800020A0000000705010240000007058102F1
:10CD58004000000009024300020100C0320904003B
:10CD68000001020201000524001001052401000150
:10CD780004240202052406000107058203080010A6
:10CD880009040100020A0000000705010200020070
:10CD980007058102000200003DB00008F5AF000859
:10CDA80001AF00080000000007AE000897AE0008B9
:10CDB8006DAE000800000000000000000000000048
:10CDC80049AE00083DAE000855AE000861AE000847
:10CDD8000A060002000000400100000041BC0008F3
:10CDE800FDBB000801BC000811BC000805BC000818
:10CDF8001A0300000000000000000000000000000E
:10CE08000000000000000000000000000403090406
:10CE180012010002020200408304BB2C000201023E
:10CE280003010000C5BC0008D1BC000895BD00087E
:10CE380071BD00085DBD0008B1BD0008D5BD000882
:10CE4800000000002803002000000000AC3600208D
:10CE5800143700207C37002000000000000000008C
:10CE680000000000000000000000000000000000BA
:10CE780000000000000000000000000000000000AA
:10CE8800000000000000000000000000000000009A
:10CE9800000000000000000000000000000000008A
:10CEA800000000000000000000000000000000007A
:10CEB800000000000000000000000000000000006A
:10CEC800000000000000000000000000000000005A
:10CED800000000000000000000000000000000004A
:10CEE80001000000000000000E33CDAB34126DE6E7
:10CEF800ECDE05000B000000000000000000000050
:10CF08000000000000000000000000000000000019
:10CF18000000000000000000000000000000000009
:10CF280000000000000000000000000000000000F9
:10CF380000000000000000000000000000000000E9
:10CF480000000000000000000000000000000000D9
:10CF580000000000000000000000000000000000C9
:0CCF68000000000000000000E437002082
:10CF74002A490B889BB22A4A93614B889BB213615E
:10CF84008B889BB203EBC32003EB40031B130133D9
:10CF94009360CB889BB2C3EB03331B130133136041
:10CFA4009369012B2DD91E4B9B68012B2DD91C4B4A
:10CFB4001B68012B2DD91A4B9A691A490868024437
:10CFC400A2EBD0020A60D208DA611A69164908682D
:10CFD4000244A2EBD0020A60D2085A619A6813494B
:10CFE40008680244A2EBD0020A60D208DA601A6828
:10CFF4000F4908680244A2EBD0020A60D2085A60C2
:10D004007047134600229A61CDE7054B00229A60CF
:10D01400CDE7034B00221A60CDE700BF780D002056
:10D02400400D0020100D00200C0D0020080D0020E4
:10D03400040D002008B50B4B1B889BB2042B06D8AB
:10D04400DFE803F0030609050C0000F0ADFA08BDA3
:10D0540000F0B2FAFBE700F0ABFAF8E700F0B0FA40
:10D06400F5E700BF600D002030B46F4B9979C9B269
:10D074006E4B1B889BB26E4A1278042A09D86B48FF
:10D0840000886C4C256815FA80F0206001326848ED
:10D094000270674A1278052A08D0634A9279D2B29C
:10D0A400032A23D8DFE802F00D436B936148036839
:10D0B400614AA2FB03239B08002202605C480270C1
:10D0C400EBE75E4AD2ED006AF8EEE66A07EE903AC4
:10D0D400F8EE677A9FED5A7A27EE877AF4EEC76AFC
:10D0E400F1EE10FA0DD5504B01229A714E4B9B79FB
:10D0F400DBB28B4200F094804B4B01221A7230BC9D
:10D1040070474E4B93ED007AB8EEC77ADFED4D6A67
:10D1140067EEA67AB4EEE77AF1EE10FA03DD424B3D
:10D1240002229A71E2E7404B03229A71DEE7434AF6
:10D13400D2ED006AF8EEE66A07EE903AF8EE677A06
:10D144009FED407A27EE877AF4EEC76AF1EE10FA83
:10D1540003DD354B02229A71C8E7384B93ED007A10
:10D16400B8EEC77ADFED386A67EEA67AB4EEE77AEE
:10D17400F1EE10FABADD2C4B03229A71B6E72F4A6E
:10D18400D2ED006AF8EEE66A07EE903AF8EE677AB6
:10D194009FED2B7A27EE877AF4EEC76AF1EE10FA48
:10D1A40003D5214B01229A71A0E7244B93ED007A19
:10D1B400B8EEC77ADFED256A67EEA67AB4EEE77AB1
:10D1C400F1EE10FA92D5184B03229A718EE71B4A9E
:10D1D400D2ED006AF8EEE66A07EE903AF8EE677A66
:10D1E4009FED177A27EE877AF4EEC76AF1EE10FA0C
:10D1F40003D50D4B01229A7178E7104B93ED007A19
:10D20400B8EEC77ADFED0F6A67EEA67AB4EEE77A76
:10D21400F1EE10FA7FF76AAF034B02229A7165E7C9
:10D22400014B00221A726AE7600D0020780D00207D
:10D23400E00C0020DC0C0020CDCCCCCC0000002085
:10D24400CDCC4C3F9A99993F9A99593F3333933FA8
:10D2540070B481498B680B60804883889BB203EB70
:10D26400C32203EB420212130132C3889BB2C3EB05
:10D2740003331B130133C968CB1A7948036003686D
:10D2840003EB43035900774D2B6819440468764E29
:10D294003668A4EB060C6144744C2160016801EB10
:10D2A40041010B442B6007EE903AF8EEE77A9FEDCC
:10D2B400707AF4EEC77AF1EE10FA02DD40F6FF71EF
:10D2C40029606C4B1B889BB2022B3AD0624B1968C5
:10D2D40066480068014419606749012008701968AC
:10D2E4009B68994205DD5C4B99681960624B00218B
:10D2F4001970594B1B68002B45DB574B1B689B1A55
:10D304005E4A13605B4B1B7A83B100235C4A136053
:10D314005C4A13605C4A1360524A1360534A1360B8
:10D32400514A1360544A1370524A1372514B9B79F9
:10D33400DBB2032B3ED8DFE813F02A005800AF001D
:10D34400E700454B1B6803EBD373B2EB630FBDDA05
:10D35400414B196845480068014419604649012059
:10D36400087019685B68994205DD3B4B5968196080
:10D37400414B00211970384B1B68002BBDDA364B2A
:10D3840000211960B9E7344B00211960B5E7002387
:10D394003A4A13603B4A13603B4A13603B4A1360AA
:10D3A400374A1360314A13602E4A13602C4A1360C3
:10D3B4002D4A13602F4BDB7913B9274B88221A832C
:10D3C40025490B8B1BB2324A1268C3F5D443403350
:10D3D400C2F89C30D2F89C305B08C2F8A8304B8B62
:10D3E4001BB2C2F81C3270BC7047244C226824481B
:10D3F400036841F2A36101FB0233224A1168254DFF
:10D4040005FB0133204D296841F2F15606FB013337
:10D414001E490B6013682B60236813600B6803605C
:10D424000D4A882353830B681B1203EB43031BB27F
:10D434001383118B09B2938A1BB2994202DD1346FE
:10D44400928A1A83044B1B8B9BB2872BB2D8024B54
:10D4540088221A83AEE700BF00000020780D002068
:10D464001C00001000000010180000100C00001038
:10D4740000F07F45600D002004000010280000101B
:10D4840010000010240000102000001014000010F0
:10D49400800D00206DD3FFFF394C226839480368A2
:10D4A40042F28C2101FB0233374A1168374D05FBE8
:10D4B4000133374D296842F27C1606FB01333549A6
:10D4C4000B6013682B60236813600B680360324A97
:10D4D40046F2E03313830B681B1203EB43031BB2C6
:10D4E4005383518B09B2D38A1BB2994202DD13468E
:10D4F400D28A5A83284B5B8B9BB2872B3FF65AAF59
:10D50400254B88225A8355E71D4C22681D48036821
:10D5140042F28C2101FB02331B4A11681B4D05FBAF
:10D5240001331B4D296842F27C1606FB013319496D
:10D534000B6013682B60236813600B680360174B40
:10D544001A68174B1A60144A4FF4AA4313830B68E2
:10D554001B1203EB43031BB25383518B09B2D38ACF
:10D564001BB2994202DD1346D28A5A830A4B5B8B63
:10D574009BB2872B3FF61EAF074B88225A8319E7CD
:10D58400280000101000001024000010FBBBFFFF57
:10D594002000001014000010000000201C000010E7
:10D5A40018000010000000005FF800F08915000862
:10D5B4005FF800F0291600085FF800F0CD150008A8
:08D5C4005FF800F09D1500085E
:04000005080027A91F
:00000001FF
