:020000040800F2
:1000000000000220FD1A00086117000863170008AD
:10001000651700086717000869170008000000004E
:100020000000000000000000000000006B17000846
:100030006D170008000000006F1700087117000816
:100040004D1B00084D1B00084D1B00084D1B0008F0
:100050004D1B00084D1B00084D1B00084D1B0008E0
:100060004D1B00084D1B00084D1B000879170008A8
:100070004D1B00084D1B00084D1B00084D1B0008C0
:100080004D1B00084D1B0008891700084D1B000878
:10009000A11700084D1B00084D1B00084D1B000850
:1000A0004D1B00084D1B00084D1B00084D1B000890
:1000B0004D1B00084D1B00084D1B00084D1B000880
:1000C0004D1B00084D1B00084D1B00084D1B000870
:1000D0004D1B00084D1B00084D1B00084D1B000860
:1000E0004D1B00084D1B00084D1B00084D1B000850
:1000F0004D1B00084D1B00084D1B00084D1B000840
:100100004D1B00084D1B00084D1B00084D1B00082F
:100110004D1B00084D1B00084D1B00084D1B00081F
:100120004D1B00084D1B00084D1B00084D1B00080F
:100130004D1B00084D1B00084D1B00084D1B0008FF
:100140004D1B00084D1B00084D1B00084D1B0008EF
:10015000B11700084D1B00084D1B00084D1B00087F
:100160004D1B00084D1B00084D1B00084D1B0008CF
:100170004D1B00084D1B00084D1B00084D1B0008BF
:100180004D1B00084D1B00084D1B00084D1B0008AF
:100190004D1B0008000000004D1B00084D1B00080F
:1001A0004D1B00084D1B00084D1B00084D1B00088F
:1001B0004D1B00084D1B00084D1B00084D1B00087F
:1001C0004D1B00084D1B00084D1B00084D1B00086F
:0801D0004D1B00084D1B000847
:1001D80010B5054C237833B9044B13B10448AFF379
:1001E80000800123237010BDA4010020000000003E
:1001F80060BC000808B5034B1BB103490348AFF3C3
:10020800008008BD00000000A801002060BC0008B4
:1002180080F0004002E000BF81F0004142001FBFB3
:100228005FEA410392EA030F7FEA226C7FEA236CBC
:100238006AD04FEA1262D2EB1363C1BFD2184140B1
:1002480048404140B8BF5B42192B88BF704710F047
:10025800004F40F4000020F07F4018BF404211F0EA
:10026800004F41F4000121F07F4118BF494292EA52
:10027800030F3FD0A2F1010241FA03FC10EB0C007E
:10028800C3F1200301FA03F100F0004302D549420B
:1002980060EB4000B0F5000F13D3B0F1807F06D3B8
:1002A80040084FEA310102F10102FE2A51D2B1F1B0
:1002B800004F40EBC25008BF20F0010040EA0300A5
:1002C8007047490040EB0000013A28BFB0F5000F25
:1002D800EDD2B0FA80FCACF1080CB2EB0C0200FADB
:1002E8000CF0AABF00EBC25052421843BCBFD0402A
:1002F8001843704792F0000F81F4000106BF80F4A4
:1003080000000132013BB5E74FEA41037FEA226C66
:1003180018BF7FEA236C21D092EA030F04D092F031
:10032800000F08BF0846704790EA010F1CBF002065
:10033800704712F07F4F04D1400028BF40F00040C2
:10034800704712F100723CBF00F50000704700F0E2
:10035800004343F0FE4040F4000070477FEA226209
:1003680016BF08467FEA23630146420206BF5FEADA
:10037800412390EA010F40F4800070474FF00003DA
:1003880004E000BF10F0004348BF40425FEA000CA1
:1003980008BF704743F0964301464FF000001CE049
:1003A80050EA010208BF70474FF000030AE000BF9F
:1003B80050EA010208BF704711F0004302D54042DD
:1003C80061EB41015FEA010C02BF8446014600204F
:1003D80043F0B64308BFA3F18053A3F50003BCFA6A
:1003E8008CF2083AA3EBC25310DB01FA02FC634417
:1003F80000FA02FCC2F12002BCF1004F20FA02F21E
:1004080043EB020008BF20F00100704702F1200210
:1004180001FA02FCC2F1200250EA4C0021FA02F271
:1004280043EB020008BF20EADC7070474FF0FF0C76
:100438001CEAD0521EBF1CEAD15392EA0C0F93EA71
:100448000C0F6FD01A4480EA010C400218BF5FEA13
:1004580041211ED04FF0006343EA501043EA511186
:10046800A0FB01310CF00040B1F5000F3EBF490080
:1004780041EAD3715B0040EA010062F17F02FD2A84
:100488001DD8B3F1004F40EBC25008BF20F0010067
:10049800704790F0000F0CF0004C08BF49024CEA7E
:1004A800502040EA51207F3AC2BFD2F1FF0340EA10
:1004B800C250704740F400004FF00003013A5DDC81
:1004C80012F1190FDCBF00F000407047C2F10002C2
:1004D800410021FA02F1C2F1200200FA02FC5FEAAF
:1004E800310040F1000053EA4C0308BF20EADC70F9
:1004F800704792F0000F00F0004C02BF400010F46B
:10050800000F013AF9D040EA0C0093F0000F01F017
:10051800004C02BF490011F4000F013BF9D041EA39
:100528000C018FE70CEAD15392EA0C0F18BF93EA3B
:100538000C0F0AD030F0004C18BF31F0004CD8D165
:1005480080EA010000F00040704790F0000F17BFEC
:1005580090F0004F084691F0000F91F0004F14D032
:1005680092EA0C0F01D142020FD193EA0C0F03D18A
:100578004B0218BF084608D180EA010000F000408D
:1005880040F0FE4040F40000704740F0FE4040F468
:10059800400070474FF0FF0C1CEAD0521EBF1CEA07
:1005A800D15392EA0C0F93EA0C0F69D0A2EB030225
:1005B80080EA010C49024FEA402037D04FF08053BF
:1005C80043EA111143EA10130CF000408B4238BF84
:1005D8005B0042F17D024FF4000C8B4224BF5B1A92
:1005E80040EA0C00B3EB510F24BFA3EB510340EAE0
:1005F8005C00B3EB910F24BFA3EB910340EA9C008E
:10060800B3EBD10F24BFA3EBD10340EADC001B01FD
:1006180018BF5FEA1C1CE0D1FD2A3FF650AF8B42A1
:1006280040EBC25008BF20F0010070470CF0004CAE
:100638004CEA50207F32C2BFD2F1FF0340EAC250D9
:10064800704740F400004FF00003013A37E792F09A
:10065800000F00F0004C02BF400010F4000F013AF8
:10066800F9D040EA0C0093F0000F01F0004C02BFF3
:10067800490011F4000F013BF9D041EA0C0195E75C
:100688000CEAD15392EA0C0F08D142027FF47DAFF5
:1006980093EA0C0F7FF470AF084676E793EA0C0FE5
:1006A80004D14B023FF44CAF08466EE730F0004CE3
:1006B80018BF31F0004CCAD130F000427FF45CAF73
:1006C80031F000437FF43CAF5FE700BF4FF0FF3CE1
:1006D80006E000BF4FF0010C02E000BF4FF0010C34
:1006E8004DF804CD4FEA40024FEA41037FEA226CFD
:1006F80018BF7FEA236C11D001B052EA530C18BF1F
:1007080090EA010F58BFB2EB030088BFC81738BF83
:100718006FEAE17018BF40F0010070477FEA226C71
:1007280002D15FEA402C05D17FEA236CE4D15FEA6D
:10073800412CE1D05DF8040B704700BF84460846A1
:100748006146FFE70FB5FFF7C9FF002848BF10F162
:10075800000F0FBD4DF808EDFFF7F4FF0CBF0120A7
:1007680000205DF808FB00BF4DF808EDFFF7EAFF31
:1007780034BF012000205DF808FB00BF4DF808EDEC
:10078800FFF7E0FF94BF012000205DF808FB00BFE1
:100798004DF808EDFFF7D2FF94BF012000205DF867
:1007A80008FB00BF4DF808EDFFF7C8FF34BF012074
:1007B80000205DF808FB00BF4FEA4002B2F1FE4F8F
:1007C8000FD34FF09E03B3EB12620DD94FEA00230B
:1007D80043F0004310F0004F23FA02F018BF4042E4
:1007E80070474FF00000704712F1610F01D14202CB
:1007F80005D110F0004008BF6FF0004070474FF07F
:100808000000704742000ED2B2F1FE4F0BD34FF0FA
:100818009E03B3EB126209D44FEA002343F000436E
:1008280023FA02F070474FF00000704712F1610F91
:1008380001D1420202D14FF0FF3070474FF0000063
:10084800704700BF53B94AB9002908BF00281CBF28
:100858004FF0FF314FF0FF3000F06AB9ADF1080CEE
:100868006DE904CE00F006F8DDF804E0DDE90223C6
:1008780004B070472DE9F047089D0C46002B4ED177
:1008880094468C458646B2FA82F262D94AB1C2F1E0
:100898002003914020FA03F30CFA02FC194300FAF2
:1008A80002FE4FEA1C471FFA8CF6B1FBF7F44FEA39
:1008B8001E4307FB141143EA014304FB06F1994266
:1008C8000AD91CEB030304F1FF3080F0128199422E
:1008D80040F20F81023C6344591A1FFA8EF3B1FBB0
:1008E800F7F007FB101143EA014300FB06F69E42AE
:1008F8000AD91CEB030300F1FF3180F0FC809E4213
:1009080040F2F980634402389B1B40EA044000210E
:100918001DB1D3400022C5E90032BDE8F0878B4203
:1009280005D90DB1C5E9000100210846F5E7B3FA7C
:1009380083F1002946D1A34202D39042C0F0F0804F
:10094800861A64EB03030120002DE6D0C5E9006395
:10095800E3E7002A40F09080A1EB0C044FEA1C4822
:100968001FFA8CF70121B4FBF8F64FEA1E4308FB87
:10097800164443EA044307FB06F0984208D91CEBE7
:10098800030306F1FF3402D2984200F2CD802646D6
:100998001C1A1FFA8EF3B4FBF8F008FB104443EA64
:1009A800044300FB07F79F4208D91CEB030300F13F
:1009B800FF3402D29F4200F2B0802046DB1B40EA9F
:1009C8000640A5E7C1F120068B4022FA06F71F432F
:1009D80020FA06FC04FA01F343EA0C03F44000FA97
:1009E80001F8380C4FEA1349B4FBF0FE1FFA87FCF4
:1009F80000FB1E4449EA04440EFB0CF9A14502FA27
:100A080001F20AD93C190EF1FF3A80F08480A14521
:100A180040F28180AEF1020E3C44A4EB09041FFAB7
:100A280083F9B4FBF0F300FB134449EA044403FBE5
:100A38000CFCA44507D93C1903F1FF3067D2A44543
:100A480065D9023B3C4443EA0E40A0FB0293A4EB69
:100A58000C049C42CE469C4651D34ED055B1B8EBBF
:100A68000E0364EB0C0404FA06F6CB401E43CC409C
:100A7800C5E90064002150E7C2F1200320FA03F120
:100A88000CFA02FC24FA03F394400C434FEA1C4886
:100A980000FA02FE1FFA8CF7B3FBF8F008FB1031DE
:100AA800230C43EA014300FB07F1994208D91CEBE8
:100AB800030300F1FF362CD299422AD90238634445
:100AC8005B1AA4B2B3FBF8F108FB113344EA034400
:100AD80001FB07F3A34208D91CEB040401F1FF361C
:100AE80013D2A34211D902396444E41A41EA0041FD
:100AF80039E70446F0E6084606E7C845AED2B9EB42
:100B0800020E63EB070C0138A8E73146EDE7034610
:100B180099E73046D4E7D6467FE7634402384DE785
:100B28000646234608460FE7023E634430E700BF07
:100B3800704700BF10B59AB0002417941894199400
:100B4800202221460FA80AF0E7FF3C2221466846EA
:100B58000AF0E2FF42484FF0A04303604FF44033ED
:100B680043608460C460046101234361042282619C
:100B7800047744770222026280F824404FF4D4625A
:100B8800C2624FF48062026380F838304FF48053B9
:100B9800C36380F8404001F04DF800284DD1002390
:100BA800179317A92E4802F073FB002848D12D4B44
:100BB8000F9306231093002311937F22129204228D
:100BC800139214930FA9264801F052FB00283AD13A
:100BD800254B0F930C2310930FA9214801F048FBD4
:100BE800002833D1214B0093092301930123029359
:100BF8007F2303930423049300230593022208927E
:100C08008DF824308DF825308DF82630CC220A92C4
:100C180080220B928DF830306946114802F02AF88C
:100C2800B8B9134B009340F20F13019369460C486F
:100C380002F020F880B91AB010BD00F085FCAEE7CC
:100C480000F082FCB3E700F07FFCC1E700F07CFC19
:100C5800C8E700F079FCE4E700F076FCEBE700BFBA
:100C68006C030020040060081000C010020030046B
:100C78000800900C00B589B02022002168460AF0CF
:100C88004BFF1E481E4B03604FF440334360002364
:100C98008360C36003614361042282610377437701
:100CA8000122026280F82430C362036380F838307E
:100CB800C36380F840201C21416480218164C3649F
:100CC800026500F0B7FF98B90E4B00930623019315
:100CD800052302937F23039304230493002305939E
:100CE8006946064801F0C4FA28B909B05DF804FB62
:100CF80000F02AFCE8E700F027FCF6E700030020F4
:100D0800000100500010603210B58CB00024099426
:100D18000A940B942022214601A80AF0FDFE2248DD
:100D2800224B03604FF4403343608460C460046125
:100D3800446104238361047744770123036280F8C4
:100D48002440C462046380F83840C46380F84030AB
:100D58001C22426480228264C464036500F06AFF36
:100D6800C8B90023099309A90F4802F091FAA8B954
:100D78000F4B019306230293052303937F230493C8
:100D8800042305930023069301A9074801F070FA8C
:100D980038B90CB010BD00F0D7FBE2E700F0D4FB87
:100DA800E6E700F0D1FBF4E79402002000040050CD
:100DB8000200300400B589B02022002168460AF0FC
:100DC800ABFE1E481E4B03604FF4403343600023C4
:100DD8008360C360036143610422826103774377C0
:100DE8000122026280F82430C362036380F838303D
:100DF800C36380F840201421416460218164C36486
:100E0800026500F017FF98B90E4B00930623019373
:100E1800072302937F23039304230493002305935A
:100E28006946064801F024FA28B909B05DF804FBC0
:100E380000F08AFBE8E700F087FBF6E728020020CD
:100E4800000600501000C09030B5A3B00446002141
:100E58001D911E911F9120912191542208A80AF0FA
:100E68005BFE2368B3F1A04F0CD07A4A934263D05B
:100E7800794A934200F09B80784A934200F0CA80F6
:100E880023B030BD4FF4004308934FF0005319933B
:100E980008A805F0B9FB00283DD1714A1368013351
:100EA8001360012B3AD06F4BDA6C42F00102DA641E
:100EB800DB6C03F001030293029B0F231D930323B2
:100EC8001E9300251F951DA94FF0904002F0C8FC05
:100ED8006548664B0360052343608560C5608023D1
:100EE80003614FF4807343614FF48063836120236F
:100EF800C3614FF40053036202F098FBC8B95A4B20
:100F080063659C6200221146122002F0FDFA12204D
:100F180002F00AFBB4E700F017FBBEE7514BDA6CAE
:100F280042F40052DA64DB6C03F400530193019B32
:100F3800B9E700F009FBE2E74FF4004308934FF0EC
:100F48000053199308A805F05FFB10BB444A1368C7
:100F580001331360012B1FD0424BDA6C42F00202BE
:100F6800DA64DB6C03F002030493049B04231D93EF
:100F780003231E9300241F941DA93D4802F070FC12
:100F880022462146122002F0BFFA122002F0CCFAC3
:100F980076E700F0D9FAD9E7324BDA6C42F400521E
:100FA800DA64DB6C03F400530393039BD4E74FF438
:100FB800803308934FF000431A9308A805F024FBE8
:100FC800D0B92C4A136801331360012B17D0254B75
:100FD800DA6C42F00202DA64DB6C03F00203069377
:100FE800069B02231D9303231E9300231F931DA911
:100FF8001F4802F035FC43E700F0A6FAE1E7194B79
:10100800DA6C42F48042DA64DB6C03F480430593C3
:10101800059BDCE74FF4803308934FF000431A93A5
:1010280008A805F0F1FA88B9124A13680133136069
:10103800012B7FF425AF0B4BDA6C42F48042DA6463
:10104800DB6C03F480430793079B19E700F07CFAF5
:10105800EAE700BF000100500004005000060050FD
:10106800C401002000100240C8010020080002400E
:1010780000040048C0010020A0B138B50446036848
:10108800B3F1A04F00D038BD092101F0D3FD0546CA
:1010980040F20F11204601F0CDFDA9B280B209F04F
:1010A800D5FDF0E77047000000B583B00E4B9A6C91
:1010B80042F004029A649A6C02F004020092009AC8
:1010C8009A6C42F001029A649B6C03F0010301934D
:1010D800019B002211460B2002F016FA0B2002F0A9
:1010E80023FA03B05DF804FB0010024030B589B064
:1010F800002403940494059406940794174BDA6C1F
:1011080042F02002DA64DA6C02F020020092009ABF
:10111800DA6C42F00102DA64DA6C02F00102019240
:10112800019ADA6C42F00202DA64DB6C03F0020323
:101138000293029B0A4D224643F60101284602F01B
:1011480083FC43F601030393012304930594069457
:1011580003A9284602F084FB09B030BD0010024004
:101168000004004802680E4B9A4200D0704700B550
:1011780083B003F528431A6E42F080621A661B6E2C
:1011880003F080630193019B00221146442002F082
:10119800BBF9442002F0C8F903B05DF804FB00BFB6
:1011A8000068014070B588B0002303930493059349
:1011B8000693079302681A4B9A4201D008B070BD93
:1011C80003F52843DA6C42F00202DA64DA6C02F0C2
:1011D80002020192019ADA6C42F00102DA64DB6CD5
:1011E80003F001030293029B4FF44043039302264A
:1011F8000496032506950D24079403A9094802F0CF
:101208002FFB4FF440730393049600230593069530
:10121800079403A94FF0904002F022FBCEE700BFED
:10122800006801400004004810B5BAB000243894A2
:10123800399434943594369437942D942E942F946D
:1012480030943194329433946022214615A80AF0E0
:1012580063FC129413941494242221460DEB02008B
:101268000AF05AFC2022214601A80AF055FCAE4893
:10127800AE4B03604460846002F01EFE002840F01C
:101288001A810C21A84802F083FE002840F016813C
:101298000A21A54802F0B5FE002840F012814FF45B
:1012A800803338934FF40063399338AA01219E485C
:1012B80002F0E2FE002840F00781002201219A484E
:1012C80003F013F8002840F002814FF4805339935B
:1012D80038AA0221944802F0CFFE002840F0FA8094
:1012E80014220221904803F000F8002840F0F5800D
:1012F80046F64023349300213591369108233793DD
:1013080034AA894802F09FFE002840F0E9800021B5
:101318002D912F91309133912DAA834803F0F0F845
:10132800002840F0E08010231593002116911791B2
:101338001891012319931A911B911C911D911E91CB
:101348004FF000631F93209121914FF00053229397
:10135800239124914FF0004325934FF480732693F3
:10136800279129912A912B912C9115AA6E4803F067
:1013780081F8002840F0BA8000231593279315AA16
:101388000321694803F076F8002840F0B28043F260
:101398002053129312AB01220021634803F01EF977
:1013A800002840F0A98041F69023129312AB042242
:1013B80000215D4803F012F9002840F0A08045F2B2
:1013C800E47312934FF4805313930021149112ABDA
:1013D8000822554803F002F9002840F093800021C4
:1013E800099164230A930B914FF400420C924FF435
:1013F80080420D920E930F914FF0004310934FF0DF
:101408008043119309AA484803F096F800287CD134
:1014180009AA0321444803F08FF8002878D1002155
:1014280001910423029308230393049105910691E3
:101438000791089101AB01223B4803F0B0F900285D
:1014480069D101AB40220321374803F0A8F90028ED
:1014580064D108230293042303936B4402220021DE
:10146800314803F09CF900285BD101AB80220321AD
:101478002D4803F094F900285AD134AA03212A48A8
:1014880002F0E1FD002856D12DAA0321264803F0D9
:1014980037F8002852D14FF48873129312AB012207
:1014A8000321214803F09AF800284AD11E48FFF783
:1014B80079FE3AB010BD00F047F8E2E600F044F8D3
:1014C800E6E600F041F8EAE600F03EF8F5E600F05E
:1014D8003BF8FAE600F038F802E700F035F807E7DD
:1014E80000F032F813E700F02FF81CE700F02CF8B2
:1014F80042E700F029F84AE700F026F853E700F041
:1015080023F85CE700F020F869E700F01DF87FE7B2
:1015180000F01AF883E700F017F892E700F014F8E3
:1015280097E700F011F8A0E7D80300200068014011
:1015380000F00AF8A1E700F007F8A5E700F004F8C2
:10154800A9E700F001F8B1E772B6FEE700B595B07B
:101558003822002106A80AF0DFFA00200190029044
:1015680003900490059004F0B9FB212306934FF4EF
:101578008033079301230C9302230D9303220E92C9
:1015880005220F924422109211930822129213936B
:1015980006A804F05DFC80B90F230193032302938E
:1015A800002303930493059304210DEB010004F039
:1015B80005FF20B915B05DF804FBFFF7C5FFFFF77D
:1015C800C3FF000008B500F0E7FAFFF7BFFFFFF719
:1015D8008DFDFFF769FDFFF7ADFAFFF7EBFBFFF7AE
:1015E80023FE00F043F800F02BF900F093F900F027
:1015F800C5F9FFF73FFBFFF787FB08F083FA09F00F
:1016080003FB0AF087F908F0B9FD09F0AFFA7F216A
:10161800134801F009FA08B1FFF796FF02221149B1
:101628000F4801F001F968B90D4B5B6D23B11A68D9
:10163800136823F006031360094801F043FA18B150
:10164800FFF782FFFFF780FF4FF49011064803F081
:10165800F8F810B908F0C2FDFCE7FFF775FF00BF06
:101668006C03002050250020D803002008B510483E
:10167800104B03604FF482734360002383604FF480
:10168800E062C260036143614FF400728261182214
:10169800C2610362436283620722C2620363082352
:1016A800436305F07AFA00B908BDFFF74DFFFBE781
:1016B800D40400200030014000B589B00023039312
:1016C80004930593069307930268144B9A4202D039
:1016D80009B05DF804FB03F560431A6E42F48052CA
:1016E8001A661A6E02F480520192019ADA6C42F07C
:1016F8000102DA64DB6C03F001030293029BE0232E
:10170800039302230493032306930523079303A952
:101718004FF0904002F0A4F8DAE700BF0030014033
:1017280000B583B00B4B1A6E42F001021A661A6EAE
:1017380002F001020092009A9A6D42F080529A6576
:101748009B6D03F080530193019B04F04DFB03B0A4
:101758005DF804FB00100240FEE7FEE7FEE7FEE747
:10176800FEE770477047704708B500F025FA08BDD6
:1017780008B5024802F012F808BD00BFC8010020F1
:1017880008B5034800F0AEFB024800F0ABFB08BD0B
:101798006C0300200003002008B5024804F055F847
:1017A80008BD00BFA41D002008B50021024803F0B1
:1017B80072FA0AF097F908BDD803002070470000B4
:1017C8000268094B9A4200D0704782B003F55C4327
:1017D8001A6E42F400521A661B6E03F4005301930A
:1017E800019B02B0704700BF0034014000B587B0CC
:1017F80000230193029303930493059302680E4B0D
:101808009A4202D007B05DF804FB03F55C43DA6C3A
:1018180042F00202DA64DB6C03F002030093009BDF
:101828004FF400730193022302930A23059301A93D
:10183800024802F015F8E5E70034014000040048CA
:1018480010B598B000241594169417940E940F941C
:10185800109411941294139414943422214601A8DC
:101868000AF05AF929482A4B03600523436084602B
:1018780040F2E733C360046144618023836105F06B
:101888005DFD002836D1002315931693179315A9EB
:101898001E4805F071FE00282FD160230E934FF4E7
:1018A800FA730F93002310931193129313931493C5
:1018B80008220EA9154805F0C1FD08BB00230193B5
:1018C80002930393049305934FF4005206920793EF
:1018D800089309934FF000720A920B930C930D939F
:1018E80001A90A4805F09EFE68B90848FFF77EFF7F
:1018F80018B010BDFFF728FEC5E7FFF725FECCE7B7
:10190800FFF722FEDAE7FFF71FFEEEE738050020B3
:101918000034014008B51748174B03604FF46123A2
:10192800436000238360C36003610C2242618361CA
:10193800C36103624362836206F040FA70B9002112
:101948000C4806F0B4FA60B900210A4806F0D4FA47
:1019580050B9084806F08CFA48B908BDFFF7F4FDFD
:10196800EDE7FFF7F1FDEFE7FFF7EEFDF1E7FFF732
:10197800EBFDF2E7180600200038014008B51748CB
:10198800174B03604FF46123436000238360C360F7
:1019980003610C2242618361C36103624362836213
:1019A80006F00CFA70B900210C4806F080FA60B90C
:1019B80000210A4806F0A0FA50B9084806F058FA7B
:1019C80048B908BDFFF7C0FDEDE7FFF7BDFDEFE73C
:1019D800FFF7BAFDF1E7FFF7B7FDF2E7840500204E
:1019E8000044004070B5A0B0044600211B911C9132
:1019F8001D911E911F91542206A80AF08DF82368A4
:101A0800384A934204D0384A93422BD020B070BD54
:101A18000123069306A804F0F7FD00BB334B1A6EAA
:101A280042F480421A661A6E02F480420192019AC8
:101A3800DA6C42F00202DA64DB6C03F00203029310
:101A4800029BC0231B9302231C9300231D931E9308
:101A580007231F931BA9264801F002FFD6E7FFF7CB
:101A680073FDDBE70223069306A804F0CDFD0028EA
:101A780035D11E4B9A6D42F400329A659A6D02F484
:101A880000320392039ADA6C42F00102DA64DA6CEB
:101A980002F001020492049ADA6C42F00202DA645B
:101AA800DB6C03F002030593059B4FF400431B9383
:101AB80002261C9600241D941E9407251F951BA919
:101AC8004FF0904001F0CCFE08231B931C961D9408
:101AD8001E941F951BA9064801F0C2FE96E7FFF762
:101AE80033FDC6E7003801400044004000100240C2
:101AF800000400480D488546FFF760FE0C480D4974
:101B08000D4A002302E0D458C4500433C4188C4250
:101B1800F9D30A4A0A4C002301E013600432A242B6
:101B2800FBD30AF001F8FFF74DFDFEE700000220A5
:101B380000000020A401002098BD0008A401002096
:101B480088270020FEE70000104B1B680BB9012016
:101B5800704710B504464FF47A70B0FBF3F30C4AA3
:101B68001068B0FBF3F001F0E3FC68B90F2C01D961
:101B780001200AE0002221464FF0FF3001F0C4FCAA
:101B8800044B1C60002000E0012010BD0400002070
:101B9800000000200800002010B5032001F0A2FC7E
:101BA8000F20FFF7D1FF10B10124204610BD0446D5
:101BB800FFF7B6FDF9E70000034A1368034909680F
:101BC8000B441360704700BFAC06002004000020DF
:101BD800014B1868704700BFAC06002010B43030C5
:101BE8000B0A9B0003F00C03C45801F01F014FF0CF
:101BF8001F0C0CFA01FC24EA0C0CC2F384628A4024
:101C08004CEA0202C25010BC704710B414304B0E9C
:101C18009B0003F00403C458C1F304514FF0070CB0
:101C28000CFA01FC24EA0C0C8A404CEA0202C2506D
:101C380010BC704730B583B000230193002800F032
:101C480032810446C36D13B323689A6812F0005FAB
:101C580005D09A6822F0204222F03F029A6022685A
:101C6800936813F0805F1FD1936823F0104323F02B
:101C78003F0343F0805393608C4B1B689B098C4A4D
:101C8800A2FB03239B0901335B00019309E0FFF7E3
:101C9800DBF80023236684F85830D5E7019B013B25
:101CA8000193019B002BF9D12268936813F0805FA0
:101CB8003DD1E36D43F01003E365236E43F0010368
:101CC80023660120936813F0040300D00123E16D1B
:101CD80011F0100F40F0E080002B40F0DD80E36D44
:101CE80023F4817343F00203E365936813F0010F53
:101CF8003ED1B2F1A04F1CD06E4B9A4219D06E4B18
:101D0800996811F0010100D001216C4B9B6813F018
:101D1800010300D001230B436949896811F00101CF
:101D280000D001210B430CBF0123002312E0002047
:101D3800C8E74FF0A043996811F0010100D00121D4
:101D48005C4B9B6813F0010300D001230B430CBFCD
:101D58000123002363B1B2F1A04F6CD0554B9A42D6
:101D680067D0584963688A6822F47C1213438B60F1
:101D7800627FE36B43EA4233E2681343A26813438A
:101D880094F8242043EA0243012A56D0E26A22B199
:101D980002F47872216B0A4313432168CD684A4ADA
:101DA8002A401A43CA602268136923F04063616BB2
:101DB8000B4313612268936813F0080300D00123D2
:101DC80043BB237F94F83810490041EA8331D36834
:101DD80023F4804323F002030B43D3602369002BD1
:101DE80030D02268136943F4803313612268D2F833
:101DF800C03023F47F5323F03F0321690B43C2F81B
:101E0800C03094F84030012B2BD02268136923F09E
:101E1800010313616369012B35D02268136B23F02A
:101E28000F031363E36D23F0030343F00103E3653A
:101E380037E0264996E7254994E7A26A013A43EA3A
:101E48004243A3E72268136923F4803313612268AD
:101E5800D2F8C03023F47F5323F03F03C2F8C030D8
:101E6800CFE721680B6923F4FF6323F00403626C56
:101E7800A56C2A43E56C2A43256D2A43134343F096
:101E880001030B61C6E721680B6B23F00F03226A7D
:101E9800013A13430B63C5E7E36D43F01003E365B1
:101EA800012003B030BD0120FBE700BF0000002087
:101EB800632D3E050001005000040050000500504D
:101EC80000060050000700500740F0FF00030050D4
:101ED8007047704708B5806AFFF7FBFF08BD704779
:101EE80070470000F8B5044603681E685F68B3F1E0
:101EF800A04F49D0984A934244D0984B9D6805F02A
:101F08001F0516F0020F10D017F0020F0DD0E36D69
:101F180013F0100F03D1E36D43F40063E36520462B
:101F280000F0A7FE236802221A6016F0040F02D000
:101F380017F0040F05D116F0080F58D017F0080F46
:101F480055D0E36D13F0100F03D1E36D43F4007324
:101F5800E3652368DA6812F4406F42D17E4A9342FF
:101F680017D002F58062934210D01A46934213D0DC
:101F7800092D05D840F22121E94011F0010F0BD1BC
:101F8800D2680AE0764BB9E7754BB7E7A2F58072DD
:101F9800ECE74FF0A042E9E7DA6812F4005F20D1DD
:101FA8001A6812F0080F1CD09A6812F0040F10D1AA
:101FB8005A6822F00C025A60E36D23F48073E365DB
:101FC800E36D13F4805F0CD1E36D43F00103E36527
:101FD80007E0E36D43F01003E365236E43F001036C
:101FE80023662046FFF774FF23680C221A6016F058
:101FF800200F02D017F0200F05D116F0400F63D044
:1020080017F0400F60D0E36D13F0100F03D1E36DAC
:1020180043F40053E3652368DA6C12F4C07F16D1E9
:102028000121DA6812F4406F13D101204A4A934221
:1020380014D002F5806293420DD01A46934210D014
:102048007DB1062D0DD0072D0BD0D2680AE00021F6
:10205800E7E70020EAE7A2F58072EFE74FF0A04239
:10206800ECE7DA6851B312F0007F03D030B312F412
:10207800005F23D1196811F0400F1FD012F4001F20
:102088001CD19A6812F0080F10D15A6822F0600229
:102098005A60E36D23F48053E365E36D13F4807FA6
:1020A8000CD1E36D43F00103E36507E0E36D43F012
:1020B8001003E365236E43F0010323662046FEF711
:1020C800DBFF236860221A6016F0800F02D017F039
:1020D800800F36D116F4807F02D017F4807F41D16B
:1020E80016F4007F02D017F4007F47D116F0100FC6
:1020F80020D017F0100F1DD0E36B6BB1002D4DD021
:102108002368B3F1A04F47D0134A934242D0134BF0
:102118009B6813F4604F0AD0E36D43F48063E36572
:10212800236E43F0020323662046FFF7D9FE236897
:1021380010221A6016F4806F02D017F4806F33D122
:10214800F8BDE36D43F48033E3652046FFF7C7FE2F
:10215800236880221A60BDE7000100500007005084
:1021680000030050E36D43F40033E365204600F0BC
:102178007EFD23684FF480721A60B1E7E36D43F483
:102188008023E365204600F073FD23684FF4007256
:102198001A60ABE70C4BBBE70B4BB9E72368DB686E
:1021A80013F0010FC3D0B7E7E36D43F48043E36551
:1021B800236E43F00803236623684FF480621A6095
:1021C800204600F053FDBBE70003005008B5034666
:1021D800806AC26D12F0500F30D1C36D43F40073A2
:1021E800C36503681A6812F0080F14D0DA6812F48D
:1021F800406F20D1DB6813F4005F1CD1C36D23F45A
:102208008073C365C36D13F4805F14D1C36D43F04D
:102218000103C3650FE0DB6813F0020F0BD1C36D38
:1022280023F48073C365C36D13F4805F03D1C36D5A
:1022380043F00103C365FFF74BFE08BDC26D12F002
:10224800100F04D1426D526B18469047F5E7FFF71F
:1022580047FEF2E708B5806AC36D43F04003C365E3
:10226800036E43F004030366FFF73AFE08BD00005F
:10227800F0B583B00023019390F85830012B00F09B
:10228800488204460D46012380F858300068836868
:1022980013F0040F09D0E36D43F02003E365012038
:1022A800002384F8583003B0F0BD0A684968FFF786
:1022B80095FC2068836813F0040300D00123866826
:1022C80016F0080600D00126002B3ED1002E3CD186
:1022D800AA68B2F1004F78D02968FFF796FC226807
:1022E800536923F00043536169692268D368C3F3D3
:1022F800C1035B0099402869042873D0603252F802
:102308002070AB4B3B402F6807F0F84C41EA0C01BA
:102318000B4343F0004342F8203023682869AA6938
:10232800603353F8201021F080710A4343F82020CD
:10233800236829692A7F012A51D0603353F8212064
:1023480022F00072324343F821202268936813F088
:10235800010F16D12B68E868D2F8B010C3F3120643
:1023680021EA060100F018069248F0400340C3F342
:1023780012030B43C2F8B030EA688F4B9A4200F060
:1023880099802B688D4A134200F0B9812268B2F116
:10239800A04F00F050818A498A4200F0498189495A
:1023A800896801F0E070884DAB4200F04681874DA6
:1023B800AB4200F04281864DAB4200F07181854D01
:1023C800AB4200F0878100206AE700222968FFF706
:1023D8001CFC2268536943F00043536184E74FF0C3
:1023E8000076AAE7136E116EC1F384612B68C3F3FC
:1023F800120080BBC3F38463994234D021684B6ECA
:102408004A6EC2F384622B68C3F3120080BBC3F325
:1024180084639A4234D021688B6E8A6EC2F38462D8
:102428002B68C3F3120080BBC3F384639A4234D091
:102438002168CB6ECA6EC2F384622B68C3F31200A4
:1024480080BBC3F384639A427FF47FAFCB6E23F0E3
:102458000043CB6679E793FAA3F313B1B3FA83F396
:10246800CAE72023C8E7136E23F000431366C5E7C5
:1024780093FAA3F313B1B3FA83F3CAE72023C8E7A7
:102488004B6E23F000434B66C5E793FAA3F313B1F1
:10249800B3FA83F3CAE72023C8E78B6E23F000431F
:1024A8008B66C5E793FAA3F313B1B3FA83F3CAE7CC
:1024B8002023C8E720682B68C3F3120626BB9A0EB0
:1024C800013202F01F02092A8CBF00220122002AD1
:1024D80052D046BB990E0131890601F0F84176BB0E
:1024E8009F0E013707F01F070122BA401143AEBB08
:1024F8009B0E013303F01F0303EB43031B05194332
:10250800AA68FFF782FB3CE793FAA3F24AB1B2FA52
:1025180082F2013202F01F02092A8CBF0022012236
:10252800D5E72022F5E793FAA3F131B1B1FA81F1A9
:102538000131890601F0F841D1E72021F8E793FA43
:10254800A3F24AB1B2FA82F2013202F01F024FF04E
:10255800010C0CFA02F2C9E72022F5E793FAA3F37B
:1025680043B1B3FA83F3013303F01F0303EB4303CF
:102578001B05C4E72023F6E776BB990E01318906CF
:1025880001F0F841A6BB9F0E013707F01F07012293
:10259800BA401143DEBB9B0E013303F01F0303EB6C
:1025A80043031E3B1B0543F000731943A8E700BF14
:1025B80000F0FF03FFFF070000007F4000000880D5
:1025C8000001005000070050000021C31000C09017
:1025D800000052C7000084CB93FAA3F131B1B1FADD
:1025E80081F10131890601F0F841CBE72021F8E7B4
:1025F80093FAA3F24AB1B2FA82F2013202F01F0250
:102608004FF0010C0CFA02F2C3E72022F5E793FA27
:10261800A3F35BB1B3FA83F3013303F01F0303EBB6
:1026280043031E3B1B0543F00073BEE72023F3E77B
:1026380001F50071B4E63849B2E611F4000F7FF4F1
:10264800BAAEB2F1A04F04D0344B9A4201D0002068
:1026580026E6B2F1A04F19D0314B9A4214D0314A34
:1026680040F40000936823F0E073184390602E4B09
:102678001B689B092D4AA2FB03239B09013303EB2B
:1026880043039B00019306E0234AE9E7224AE7E770
:10269800019B013B0193019B002BF9D10020FFE531
:1026A80011F0807F7FF48BAE1D4B9A4229D003F541
:1026B80080639A4227D0B2F1A04F09D0194940F05F
:1026C80080738A6822F0E07213438B600020E7E58C
:1026D8001149F4E711F4800F17D1114B9A4216D023
:1026E800B2F1A04F09D00F4940F480038A6822F064
:1026F800E07213438B600020D2E50749F4E700201D
:10270800CEE50020CCE50020CAE50020C8E5002081
:10271800C6E50220C7E500BF0003005000060050D0
:10272800000100500007005000000020632D3E0506
:1027380030B583B00023019303689A6812F0010F43
:1027480063D104469968324A114220D19A6822F02E
:10275800004222F03F0242F001029A600368B3F19E
:10276800A04F20D02B4A93421BD02B4B9B6813F4CD
:10277800000F20D0294B1B689B09294AA2FB032381
:102788009B09013303EB43039B00019310E0C36DE6
:1027980043F01003C365036E43F001030366012091
:1027A80034E0204BE2E71F4BE0E7019B013B01933C
:1027B800019B002BF9D1FFF70BFA054623681A682D
:1027C80012F0010F1FD19A6812F0010F07D19A6811
:1027D80022F0004222F03F0242F001029A60FFF725
:1027E800F7F9431B022BE9D923681B6813F0010F83
:1027F800E4D1E36D43F01003E365236E43F0010376
:102808002366012002E0002000E0002003B030BD74
:102818003F00008000010050000700500000002029
:10282800632D3E05000300502DE9F04104460F4694
:1028380090460068B0F1A04F24D0444B98421ED077
:10284800434B9E6806F01F06856815F0040F77D184
:1028580094F85830012B76D0012384F858303D4B3A
:10286800984211D0092E05D840F22123F34013F0E5
:10287800010F09D1002384F85830012061E003F5E5
:102888000073DEE7344BDCE72046FFF751FF0028F2
:1028980052D1E36D23F4706323F0010343F4807392
:1028A800E3652368294A934240D002F58062934247
:1028B80039D01A46934200D01EB9E36D23F4801331
:1028C800E365E36D13F4805F33D0236E23F00603D2
:1028D8002366636D214ADA62636D214A1A63636D68
:1028E800204A5A6323681C221A60002384F858304F
:1028F8002268536843F0100353602268D36843F09A
:102908000103D360216843463A464031606D00F0C8
:10291800FBFE2268936823F0004323F03F0343F053
:10292800040393600DE0A2F58072C3E74FF0A04264
:10293800C0E700232366CCE7002384F8583000E082
:102948000220BDE8F0810220FBE700BF0001005033
:10295800000700500006005000030050D521000871
:10296800DD1E00085D22000838B504460268936839
:1029780013F0020300D00123916811F0010F39D040
:10298800002B39D1936803F00D03012B09D0E36DB7
:1029980043F01003E365236E43F00103236601202F
:1029A80029E0936823F0004323F03F0343F0020338
:1029B8009360236803221A60FFF70AF90546236823
:1029C8009B6813F0010F13D0FFF702F9401B022890
:1029D800F5D923689B6813F0010FF0D0E36D43F03D
:1029E8001003E365236E43F001032366012002E030
:1029F800002000E0002038BD0020FCE710B41430AF
:102A08004B0E9B0003F00403C458C1F304514FF06C
:102A1800070C0CFA01FC24EA0C0C8A404CEA02026E
:102A2800C25010BC7047000030B583B0002301933A
:102A380090F85830012B41D004460D46012380F808
:102A48005830FFF791FF80BBE36D23F4885323F0E0
:102A5800020343F00203E3652268936823F04043CE
:102A680023F03F0305F080452B4343F00043936078
:102A780023689B68002B06DBE36D23F0030343F018
:102A88000103E36515E0019B01330193019A0C4BA7
:102A98009A42EDD9E36D23F0120343F01003E36586
:102AA800002384F85830012006E0E36D43F010035A
:102AB800E365002384F8583003B030BD0220FBE7FB
:102AC80001DE040038B504460368B3F1A04F73D0A3
:102AD800554A93426DD0554A956805F01F059A6886
:102AE80012F0080F40F09B80DA68DB6C13F4C07FAB
:102AF80001D1002A62DA94F85830012B00F0918055
:102B0800012384F858302046FFF712FE002840F0D1
:102B18008280E36D13F4807F56D0236E23F0080380
:102B28002366E36D23F4405323F0010343F48053F9
:102B3800E36523683C4A93424CD002F58062934295
:102B480045D01A46934200D01DB9E26D22F4801296
:102B5800E26560221A60002384F858302368DA6836
:102B680012F4001F03D05A6842F480625A60A369C5
:102B7800082B32D02268536823F040035360226840
:102B8800536843F0200353602368274A934232D0A6
:102B980002F5806293422BD01A4693422ED06DB331
:102BA800062D2BD0072D29D0E36D43F48013E36560
:102BB80036E002F500728FE71D4A8DE7E36D43F0BA
:102BC8002003E36501202BE000232366A9E7A2F593
:102BD8008072B7E74FF0A042B4E72268536823F049
:102BE800200353602268536843F040035360CBE7E7
:102BF800A2F58072D1E74FF0A042CEE7DA6812F072
:102C0800007F0DD19A6822F0004222F03F0242F084
:102C180008029A6004E0002384F8583000E002209B
:102C280038BD0220FCE700BF00010050000700503B
:102C38000003005040F2152399420FD040F21B3395
:102C4800994207D040F20F1399420BD00368D3F88A
:102C5800800070470368D3F88C0070470368D3F886
:102C6800880070470368D3F884007047704770473E
:102C780070477047F0B583B000230193426990F81C
:102C88005830012B00F0F68204460D46012380F8E7
:102C98005830AAB10B6A012B12D0826E002A40F07C
:102CA800B9808366002343668B6A002B00F0AF80EF
:102CB8000A6A013A03F07C031A43CB6A1A43AAE072
:102CC8006B68092B00F0838023689A6812F0080F5C
:102CD80010D195F82520002A40F0BB80DA6822F44C
:102CE800401295F8260095F82410090541EA40514C
:102CF8000A43DA602268936813F0040300D00123C2
:102D0800976817F0080700D00127002B40F0408192
:102D1800002F40F08081AB6A1BB1EB6A002B40F0BA
:102D2800A78095F82530012B00F09C80D36823F00C
:102D38000073D360002695F83030012B00F0A7808F
:102D48002268136923F002031361AA68B2F1004FE5
:102D580000F0A98029682068FFF750FE22685369AF
:102D680023F0004353616A692168CB68C3F3C10348
:102D78005B009A40D5F810C0BCF1040F00F0A180A8
:102D8800603151F82C00A54B0340286800F0F8404A
:102D98000243134343F0004341F82C302368286969
:102DA800AA69603353F8201021F080710A4343F870
:102DB8002020236828692A7F012A7FD0603353F8AE
:102DC800202022F000723A4343F82020E1E0AA6A6A
:102DD800BAB12B689B0E5B0203F4785302F07C02B5
:102DE8001343EA6A13432168CA6C22F07B4222F437
:102DF8006F0222F43F4222F0FF021A43CA6463665C
:102E080062E72B689B0E5B0203F47853EBE70A6AD0
:102E1800013A00E000222B68C3F38463696801F07B
:102E28001F018B401343A16E0139A166626E1343E3
:102E3800636600297FF448AF2168CA6C22F07B42A0
:102E480022F46F0222F43F4222F0FF021343CB64C4
:102E58003AE7DA6822F4401295F8261042EA41521D
:102E6800DA6047E7D36843F00073D360002662E76F
:102E780095F82560012E05D0D36823F00073D36040
:102E8800002658E7E36D43F02003E36553E7216824
:102E98000B6923F4FF736A6BA86B0243134343F077
:102EA80002030B6151E7002229682068FFF7A6FD9D
:102EB8002268536943F00043536154E74FF00077A9
:102EC8007CE70B6E0A6EC2F384622B68C3F31200B0
:102ED80078BBC3F384639A4233D021684B6E4A6E41
:102EE800C2F384622B68C3F3120078BBC3F3846314
:102EF8009A4233D021688B6E8A6EC2F384622B6843
:102F0800C3F3120078BBC3F384639A4233D02168B9
:102F1800CB6ECA6EC2F384622B68C3F3120078BB0F
:102F2800C3F384639A4234D1CB6E23F00043CB665B
:102F38002FE093FAA3F313B1B3FA83F3CBE720237B
:102F4800C9E70B6E23F000430B66C6E793FAA3F3B9
:102F580013B1B3FA83F3CBE72023C9E74B6E23F011
:102F680000434B66C6E793FAA3F313B1B3FA83F3AE
:102F7800CBE72023C9E78B6E23F000438B66C6E7B7
:102F880093FAA3F313B1B3FA83F3CBE72023C9E78A
:102F9800002621688B6813F0010F15D12B68E868AB
:102FA800D1F8B020C3F3120722EA070200F018078D
:102FB8001B48F8400340C3F312031343C1F8B03071
:102FC800EA68184B9A423DD02B68174A13421CD026
:102FD8002268B2F1A04F00F0E78014498A4200F05D
:102FE800E0801349896801F0E070124DAB4200F0AF
:102FF800DD80114DAB4200F0D980104DAB4200F09E
:1030080006810F4DAB4200F01E81002384F8583032
:10301800304603B0F0BD0026BBE700BF00F0FF0359
:10302800FFFF070000007F400000088000010050FB
:1030380000070050000021C31000C090000052C7D4
:10304800000084CB20682B68C3F312073FBB9A0E9D
:10305800013202F01F02092A8CBF00220122002A35
:1030680055D05FBB990E0131890601F0F8418FBB3D
:103078004FEA936C0CF1010C0CF01F0C012202FAC0
:103088000CF21143AFBB9B0E013303F01F0303EB9C
:1030980043031B051943AA68FFF7B0FC94E793FAAA
:1030A800A3F24AB1B2FA82F2013202F01F02092AEF
:1030B8008CBF00220122D2E72022F5E793FAA3F180
:1030C80031B1B1FA81F10131890601F0F841CEE759
:1030D8002021F8E793FAA3F24AB1B2FA82F2013258
:1030E80002F01F024FF0010C0CFA02F2C9E720228D
:1030F800F5E793FAA3F343B1B3FA83F3013303F08B
:103108001F0303EB43031B05C4E72023F6E7E7B9D6
:10311800990E0131890601F0F84117BB4FEA936C0B
:103128000CF1010C0CF01F0C012202FA0CF21143F5
:1031380037BB9B0E013303F01F0303EB43031E3B16
:103148001B0543F000731943A5E793FAA3F131B1C6
:10315800B1FA81F10131890601F0F841DDE720215A
:10316800F8E793FAA3F24AB1B2FA82F2013202F016
:103178001F024FF0010C0CFA02F2D8E72022F5E703
:1031880093FAA3F35BB1B3FA83F3013303F01F039C
:1031980003EB43031E3B1B0543F00073D3E72023D7
:1031A800F3E701F500711DE733491BE711F4000F40
:1031B8007FF423AFB2F1A04F03D0304B9A427FF493
:1031C80024AFB2F1A04F20D02D4B9A421BD02D4AEC
:1031D80040F40000936823F0E073184390602A4B92
:1031E8001B689B09294AA2FB03239B0903EB4303A2
:1031F8009B0018330193019B002B3FF406AF019B02
:10320800013B0193F7E71C4AE2E71B4AE0E711F0AC
:10321800807F7FF4F6AE1A4B9A423FF4F6AE03F580
:1032280080639A423FF4F1AEB2F1A04F08D0154A3C
:1032380040F08070936823F0E07318439060E4E6F0
:1032480002F54072F4E711F4800F7FF4DEAE0C4B08
:103258009A423FF4DAAEB2F1A04F08D0094A40F4DE
:103268008000936823F0E07318439060CDE602F580
:103278004072F4E70226CBE6000300500006005037
:10328800000100500007005000000020632D3E059B
:1032980090F85820012A00F0D58010B49DB003465C
:1032A800012280F858200022189219920068B0F183
:1032B800A04F47D0644A904247D000220192019A19
:1032C800002A46D0926812F0040200D001228468D5
:1032D80014F0040F40F0A780002A40F0A480B0F159
:1032E800A04F42D0594A90423CD0594A0868002819
:1032F8005CD0906820F460404C6893F838C044EA89
:103308004C34204390601868B0F1A04F2FD04F4C38
:10331800A0422CD04C48846814F0010400D0012449
:103328004C48806810F0010000D0012020434A4C2E
:10333800A46814F0010400D0012420430CBF01202C
:10334800002025E0414A0192B9E702F58072019216
:10335800B5E7DA6D42F02002DA65002283F85820DA
:10336800012068E002F50072C0E73C4ABEE74FF072
:10337800A040846814F0010400D001243348806818
:1033880010F0010000D0012020430CBF01200020D4
:10339800002853D0906820F4716020F00F000C686A
:1033A8008968214308439060002041E0916821F436
:1033B800604191601968B1F1A04F1AD02348814249
:1033C80017D02149886810F0010000D00120214958
:1033D800896811F0010100D0012101431E4880686D
:1033E80010F0010000D0012001430CBF0121002191
:1033F80010E04FF0A041886810F0010000D00120D3
:103408001249896811F0010100D0012101430CBF64
:1034180001210021A1B1916821F4716121F00F010E
:103428009160002004E0DA6D42F02002DA650120A4
:10343800002283F858201DB010BC70470020F7E721
:103448000020F5E7022070470004005000010050FA
:10345800000700500005005000060050000300500F
:10346800002807DB00F01F02400901239340024AAD
:1034780042F82030704700BF00E100E0002808DB78
:103488000901C9B200F1604000F5614080F80013FD
:10349800704700F00F000901C9B2014B1954704779
:1034A80014ED00E000B500F00700C0F1070CBCF116
:1034B800040F28BF4FF0040C031D062B0FD9C31EA1
:1034C8004FF0FF3E0EFA0CF021EA000199400EFA87
:1034D80003FE22EA0E0241EA02005DF804FB002323
:1034E800EEE70000074AD36823F4E0631B041B0CD3
:1034F800000200F4E060034343F0BF6343F4003389
:10350800D360704700ED00E010B50446054BD8685D
:10351800C0F30220FFF7C6FF01462046FFF7AEFFC3
:1035280010BD00BF00ED00E008B5FFF799FF08BD2A
:103538000138B0F1807F0BD24FF0E0235861054A83
:10354800F02182F823100020986107221A61704741
:103558000120704700ED00E010B4C46CD0F850C0F2
:10356800C4F804C0446D24B1846DD0F85CC0C4F8BC
:1035780004C0446C04F01F0C012404FA0CF4D0F8C5
:1035880040C0CCF80440046863608368102B05D001
:10359800036899600368DA6010BC704703689A6032
:1035A8000368D960F8E700000368104A934214D80A
:1035B800DBB2083B0E4AA2FB03231B090D49426CF0
:1035C80022F003020A4482640B4AC26403F01F0318
:1035D800012202FA03F303657047DBB2083B044A91
:1035E800A2FB03231B0908330449E8E70704024048
:1035F800CDCCCCCC00080240800802402008024014
:10360800436803F07F03074A1A4492004265064A5A
:103618008265013B03F01F03012202FA03F3C3652D
:10362800704700BF3F8200104009024000285DD06B
:1036380010B5044601682E4B99423FD82D4B0B44D8
:103648002D4AA2FB03231B099B0043642B4B0364F5
:10365800022384F825300A6822F4FF4222F070021F
:10366800A368E06803432069034360690343A069D2
:103678000343E0690343206A034313430B60204676
:10368800FFF792FFA368B3F5804F22D06368A26C5E
:1036980003F07F031360E36C226D5A606368013B9B
:1036A800032B19D900236365A365E3650020E06354
:1036B800012384F8253084F8240010BD104B0B44F6
:1036C8000D4AA2FB03231B099B0043640D4B0364B3
:1036D800BEE700236360D9E72046FFF791FF636DDB
:1036E80000221A60A36DE26D5A60DFE7012070477F
:1036F80007040240F8FFFDBFCDCCCCCC000002404F
:10370800F8FBFDBF0004024038B5044690F82400D9
:10371800012841D0012084F8240094F82500C0B283
:10372800012804D0002384F82430022038BD022068
:1037380084F825000020E0632568286820F001004F
:1037480028602046FFF708FF236BD3B1226813686F
:1037580043F00E031360A36C1A6812F4803F03D081
:103768001A6842F480721A60636D1BB11A6842F4D9
:1037780080721A602268136843F001031360002006
:10378800D4E72268136823F00403136022681368DF
:1037980043F00A031360DEE70220C7E738B5036C7D
:1037A800196804682568436C03F01F0304229A40D3
:1037B8000A4215D015F0040F12D0236813F0200F19
:1037C80003D1236823F004032360436C03F01F0232
:1037D800016C042393404B60036B03B1984738BDD9
:1037E80002229A400A421CD015F0020F19D0236811
:1037F80013F0200F06D1236823F00A032360012366
:1038080080F82530436C03F01F02016C02239340BB
:103818004B60002380F82430C36A002BDFD0984720
:10382800DDE7082202FA03F30B42D8D015F0080F9F
:10383800D5D0236823F00E032360436C03F01F03E5
:10384800016C012202FA03F34B60C26380F8252061
:10385800002380F82430436B002BC0D09847BEE784
:1038680070B582B0002369E085685E000324B44027
:1038780025EA0405CC68B4402C438460456825EAF1
:103888000C054C68C4F300149C402C43446066E06B
:103898008C68012C68D176E0DD08083550F82540A1
:1038A80003F0070C4FEA8C0C4FF00F0E0EFA0CFECB
:1038B80024EA0E0E0C6904FA0CF444EA0E0440F8EB
:1038C800254065E0052400E0002404FA0EF42C43AA
:1038D8000CF1020C584D45F82C40584CA568D443BF
:1038E80025EA0206D1F804C01CF4801F01D042EA80
:1038F8000506524DAE60ED6804EA0506D1F804C02D
:103908001CF4001F01D042EA05064C4DEE606D68BC
:1039180004EA0506D1F804C01CF4003F01D042EACD
:103928000506464D6E602D682C404E6816F4803FA3
:1039380001D042EA0504414A146001330A6832FAA8
:1039480003F476D04FF0010C0CFA03FC1CEA0202D7
:10395800F3D04C6804F00304013C012C84D94C6872
:1039680004F00304032C93D0C4684FEA430E4FF0CD
:10397800030C0CFA0EFC24EA0C0C8C6804FA0EF406
:1039880044EA0C04C4604C6804F00304022C83D09D
:1039980004684FEA430E4FF0030C0CFA0EFC24EABD
:1039A8000C0C4C6804F0030404FA0EF444EA0C040A
:1039B80004604C6814F4403FBFD0214C256E45F09C
:1039C80001052566246E04F001040194019C4FEA68
:1039D800930C0CF10205184C54F8255003F0030E13
:1039E8004FEA8E0E0F2404FA0EF425EA0405B0F10E
:1039F800904F3FF469AF134CA04212D004F5806495
:103A0800A04210D004F58064A0420ED004F5806472
:103A1800A0420CD004F58064A0423FF453AF0624C2
:103A280053E7012451E702244FE703244DE7042418
:103A38004BE702B070BD00BF000001400004014028
:103A480000100240000400480AB181617047816299
:103A5800704710B40468226822F007028B68134389
:103A680023F01803CA681A43226003680A685A6177
:103A780003684A689A6110BC704730B5046801F160
:103A8800010C4FEACC1C54F80C3023F0070E936855
:103A980043EA0E0323F01803D5682B4344F80C308F
:103AA8000368146803EBC113C3F8944003685268B1
:103AB80003EBC113C3F8982030BD70B404682368C1
:103AC800D4F8A05323F020034E69334323F0C002F7
:103AD800202E09D08E69022E06D0032E29D0042E5E
:103AE8002AD023F0E00201E042F0200222F4006232
:103AF800CB69134323F480620B6A134323F0C0623B
:103B08004B6A134323F000628B6A134323F040434C
:103B1800CA6A43EA820323F000534A6B1A4325F426
:103B280080350B6B1D4322600368C3F8A05370BC3B
:103B3800704742F04002D9E742F08002D6E7F0B57C
:103B480005684B1CDB01EC5824F07044EC50066807
:103B5800F35806EBC114D4F8E870D4F8E440D6F86A
:103B6800A05323F0200C536943EA0C0C202B09D0F6
:103B78009369022B06D0032B63D0042B66D02CF458
:103B8800D07C03E02CF4C07C4CF0200C2CF4006CAE
:103B9800D36943EA0C0323F48063D2F820C04CEACB
:103BA800030C2CF0C06C536A43EA0C0323F0006C3E
:103BB800936A43EA0C0323F0704CD36A43EA0C037C
:103BC80023F40033D2F834C0BCF1005F43D023F0B3
:103BD8004003D2F838C04CEA030323F48023D2F818
:103BE80058E04EEA030E2EF0FC7E2EF4803E136D54
:103BF80043EA0E0E27F03F07D36B03F03F033B4326
:103C080023F00043176C3B43BCF1000F03D124F4AD
:103C18008074576C3C43976CB7F5606F1ED0B7F54E
:103C2800F05F1BD024F4F0543C4324F48044D76C58
:103C38003C43576D05291AD8DFE801F01430363CAB
:103C480042482CF4807C4CF0800C9FE72CF0800CD0
:103C58004CF4807C9AE743F40033B8E7BCF1400F9A
:103C6800E3D1DFE725F40035126B45EA42054A1C2B
:103C7800D20146F802E0026802EBC112C2F8E8304D
:103C8800036803EBC113C3F8E440036803EBC113F3
:103C9800C3F8D4700368C3F8A053F0BD25F4802599
:103CA800126B45EA8205E2E725F40025126B45EA26
:103CB800C205DCE725F48015126B45EA0215D6E744
:103CC80025F40015126B45EA4215D0E725F4800566
:103CD800126B45EA8215CAE710B4006800EBC113FD
:103CE800D3F8EC3023F01003146843EA041323F4E8
:103CF8008013546844EA030C2CF4803CD36843EAEC
:103D08000C0323F4003C936843EA0C039469012CE8
:103D180005D000EBC110C0F8EC3010BC704723F0A0
:103D28000403D2F810C04CEA030C2CF0020C5369BF
:103D380043EA0C0323F001032343EAE7F0B40768DE
:103D480007EBC114D4F8E460D4F8B850402A52D034
:103D580035D8012A4FD0002A5ED0202A5ED8022A00
:103D68005ED3023A012404FA02F2324C224230D1E4
:103D780044F2040422423ED10022FE24944026EA62
:103D880004061C68944044EA060CDC68944044EA43
:103D98000C041E6906FA02FC4CEA040C5C699440A7
:103DA80044EA0C0C9C69944044EA0C04082E39D06F
:103DB800036803EBC113C3F8E440F0BC7047B2F5E5
:103DC800007F06D012D9B2F5806F14D0B2F5006F1B
:103DD80020D15A6807EBC117C7F8C42002689C684D
:103DE80002EBC112C2F8C8401022C6E7802AF0D000
:103DF800B2F5807F0CD15A6807EBC117C7F8BC2011
:103E080002689C6802EBC112C2F8C0400022B4E705
:103E18000022B2E70022B0E70022AEE70022ACE7BA
:103E28000022AAE715F0022FC2D1DB6993401C4398
:103E3800BEE700BF4100004006293CD8DFE801F09A
:103E48000C141C242C3404000268D2F8843343F088
:103E58000103C2F8843370470268D2F8843343F010
:103E68000203C2F8843370470268D2F8843343F0FF
:103E78000403C2F8843370470268D2F8843343F0ED
:103E88000803C2F8843370470268D2F8843343F0D9
:103E98001003C2F8843370470268D2F8843343F0C1
:103EA8002003C2F8843370470268D2F8843343F0A1
:103EB8004003C2F884337047002864D010B582B03C
:103EC8000446022380F8DD300023C0F8E030C0F853
:103ED800E430C0F8E830C0F8EC30C0F8F030C0F892
:103EE800F430C0F8F830836813F0010F12D002687C
:103EF800264B9A4225D021680A6822F44042236959
:103F080003F44043134323F44053626902F44052DC
:103F18001A430A602046FDF725F9A36813F0020F3B
:103F280008D021680A6822F44072E36803F44073F9
:103F380013430B60012384F8DD30002384F8DC3060
:103F48001CE003F528431A6E42F080621A661B6E65
:103F580003F080630193019BCDE7C3EBC30204EB3D
:103F6800820200219161D161116251629162C3EBB9
:103F7800C30204EB820211630133DBB2062BECD9D6
:103F8800002002B010BD0120704700BF006801404A
:103F980090F8DC30012B32D0012380F8DC3002238A
:103FA80080F8DD30B1F1FF3F1AD00268D2F8CC3387
:103FB80043F00203C2F8CC330268D2F8CC3323F0C2
:103FC8000C030B43C2F8CC330268D2F8CC3343F06D
:103FD8000103C2F8CC33012380F8DD30002070479C
:103FE8000268D2F8CC3323F00203C2F8CC3302685B
:103FF800D2F8CC3343F00103C2F8CC33EBE702200C
:10400800704770B504460D46FDF7E2FD0646236885
:10401800D3F8883313F4803F0ED1B5F1FF3FF6D0C3
:10402800FDF7D6FD801BA84201D8002DEFD107234C
:1040380084F8DD30032005E0012384F8DD3000201A
:1040480084F8DC0070BD10B5044690F8DD00C0B2FD
:1040580002280BD0022384F8DD30062907D0204639
:10406800FFF70BFD012384F8DD30002010BD114659
:104078002046FFF7EEFCF5E7034690F8DD00C0B2F6
:10408800022800F0318193F8DC00012800F0288133
:1040980070B5012083F8DC00022083F8DD00186881
:1040A800D0F88053D0F8FC4320292AD8002900F002
:1040B8000C8101F1FF3CBCF11F0F00F20681DFE823
:1040C8001CF063007F0004018C000401040104015A
:1040D800990004010401040104010401040104011C
:1040E800A6000401040104010401040104010401FF
:1040F8000401040104010401040104010401040190
:10410800B900B1F5807F00F0C9801DD9B1F5007FF5
:1041180040F0DB8024F4E00416684FEA061C0CF437
:10412800E00C4CEA0404D0F8F86326F0F846C0F82E
:10413800F8631E68D6F8F8035268920602F0F8424F
:104148000243C6F8F82328E0402900F08D80802932
:1041580040F0BB8024F4E04416684FEA161C0CF4C7
:10416800E04C4CEA0404D0F8F86326F4F816C0F8DA
:10417800F8631E68D6F8F8035268120402F4F812BD
:104188000243C6F8F82308E025F4E025166806F48B
:10419800E02635435268C0F8BC2393F8DD20D2B23C
:1041A800072A00F09F800F2900F296801A68C2F84B
:1041B8008053012283F8DD20002083F8DC0070BDE5
:1041C80025F4601516684FEAC60C0CF4601C4CEA1E
:1041D80005055268C0F8C023DFE725F0E0751668CA
:1041E8004FEA861C0CF0E07C4CEA05055268C0F8E2
:1041F800C423D2E725F0606516684FEA462C0CF018
:10420800606C4CEA05055268C0F8C823C5E75688B3
:1042180066F30204D0F8F86326F01F06C0F8F863C6
:104228001E68D6F8F803526802F01F020243C6F867
:10423800F823B2E724F0700416684FEA163C0CF035
:10424800700C4CEA0404D0F8F86326F47876C0F8C9
:10425800F8631E68D6F8F8035268520102F47872BF
:104268000243C6F8F82398E724F4E06416684FEA96
:10427800162C0CF4E06C4CEA0404D0F8F86326F42D
:10428800F846C0F8F8631E68D6F8F8035268920238
:1042980002F4F8420243C6F8F8237EE724F4E02447
:1042A800166806F4E0263443D0F8F86326F07876EA
:1042B800C0F8F8631E68D6F8F8035268520502F091
:1042C80078720243C6F8F82367E7072283F8DD20EF
:1042D800002283F8DC2060E71A68C2F8FC4368E72C
:1042E8000220704701206AE77047034690F8DD0016
:1042F800C0B2022800F0BD8093F8DC00012800F06D
:10430800B580012083F8DC00022083F8DD00202935
:1043180018D8002900F0A38001391F2900F29F80D6
:10432800DFE801F0344A9D569D9D9D629D9D9D9DAF
:104338009D9D9D6E9D9D9D9D9D9D9D9D9D9D9D9DD4
:104348009D9D9D7AB1F5807F7DD00FD9B1F5007F15
:1043580040F085801868D0F8041421F0F85112064E
:1043680002F0F8520A43C0F8042419E040295ED04C
:10437800802974D11868D0F8041421F4F831120394
:1043880002F4F8320A43C0F8042409E01868D0F8A7
:10439800001421F01F0102F01F020A43C0F8002494
:1043A80093F8DD20D2B2072A62D0012283F8DD20FB
:1043B800002083F8DC0070471868D0F8001421F456
:1043C800F861920102F4F8620A43C0F80024E7E7B2
:1043D8001868D0F8001421F4F831120302F4F83206
:1043E8000A43C0F80024DBE71868D0F8001421F469
:1043F800F801920402F4F8020A43C0F80024CFE757
:104408001868D0F8001421F0F851120602F0F8529A
:104418000A43C0F80024C3E71868D0F8041421F050
:104428001F0102F01F020A43C0F80424B8E7186805
:10443800D0F8041421F4F861920102F4F8620A43F6
:10444800C0F80424ACE71868D0F8041421F4F80183
:10445800920402F4F8020A43C0F80424A0E70722F1
:1044680083F8DD20002283F8DC2099E702207047DA
:104478000120704770B5044690F8DD00C0B20228EC
:1044880036D00D46164694F8DC30012B36D0012381
:1044980084F8DC30022384F8DD30062929D0204650
:1044A800FFF74DFB3268C5EBC50304EB83031A62C3
:1044B80072685A62B2689A62F268DA6232691A639A
:1044C80029462046FFF7B8FC062D0BD0F36A4BB9F6
:1044D80022680135ED01535923F40073F16D43EA65
:1044E80041235351012384F8DD30002084F8DC0097
:1044F80070BD11462046FFF7E0FAD3E70220F7E740
:1045080038B5044690F8DD00C0B2022811D094F8FE
:10451800DC30012B0ED0012584F8DC50022384F80E
:10452800DD302046FFF7D8FB84F8DD50002084F802
:10453800DC0038BD0220FCE7034690F8DD00C0B27D
:10454800022846D093F8DC00012840D010B54FF07F
:10455800010E83F8DCE0022083F8DD00106800F427
:10456800E0545068C0F308000443906800F40070F9
:104578000443106900F480400443D06800F400400C
:1045880004431448D2F814C000EA0C4C4CEA040C5A
:10459800906900F0007040EA0C0C106A00F080404E
:1045A80040EA0C0CD06900F0004040EA0C001A68A0
:1045B80002EBC111D1F8B840074A22400243C1F8C2
:1045C800B82083F8DDE0002083F8DC0010BD02206D
:1045D800704770470000FF010020003C844690F8B7
:1045E800DD00C0B2022800F0D9809CF8DC00012868
:1045F80000F0D08030B401208CF8DC0002208CF868
:10460800DD00062909D0013A072A00F2BC80DFE85C
:1046180002F02E43BA7ABABABA82013A072A1FD8E8
:10462800DFE802F0040F1E141E1E1E19DCF800201D
:104638001B68D3619CF8DD30DBB2072B24D1012045
:1046480028E0DCF800201B685362F3E7DCF8002060
:104658001B689362EEE7DCF800201B68D362E9E789
:1046680007238CF8DD3000238CF8DC30E2E7DCF837
:1046780000201B6802EBC112C2F89C309CF8DD30A8
:10468800DBB2072B00F0888001238CF8DD30002096
:104698008CF8DC0030BC7047DCF80020186802EBAE
:1046A800C112C2F8A4005A6822B3DCF800404A1CC0
:1046B800D201A05820F44050A050DCF80040A05887
:1046C8005D682843A0505A68B2F5005F0AD0B2F579
:1046D800405FD3D1DCF800209B6802EBC112C2F81E
:1046E800A830CBE7DCF800209B6802EBC112C2F8C7
:1046F8009C30C3E7DCF800200131C901535823F48A
:1047080040535350BAE7DCF800201B6802EBC11293
:10471800C2F8A830B2E7DCF80020186802EBC11232
:10472800C2F8AC005A682AB3DCF800404A1CD2012F
:10473800A05820F44040A050DCF80040A0585D6824
:1047480040EA8500A0505A68B2F5005F0AD0B2F579
:10475800405F93D1DCF800209B6802EBC112C2F8DD
:10476800A8308BE7DCF800209B6802EBC112C2F886
:104778009C3083E7DCF800200131C901535823F449
:10478800404353507AE707238CF8DD3000238CF838
:10479800DC3073E70220704701207BE7704738B5AB
:1047A800044690F8DD00C0B2022811D094F8DC006D
:1047B80001280ED0012584F8DC50022084F8DD00A1
:1047C8002046FFF7BBFA84F8DD50002084F8DC00AF
:1047D80038BD0220FCE790F8DC30012B14D010B46F
:1047E800012280F8DC20022380F8DD300468D4F848
:1047F80094330B43C4F8943380F8DD20002380F809
:10480800DC30184610BC70470220704790F8DC3046
:10481800012B14D010B4012280F8DC20022380F888
:10482800DD300468D4F898330B43C4F8983380F823
:10483800DD20002380F8DC30184610BC70470220C9
:10484800704790F8DC30012B12D010B4012280F8A8
:10485800DC20022380F8DD30046823680B432360E2
:1048680080F8DD20002380F8DC30184610BC704743
:10487800022070477047704770477047704770470D
:10488800704770B505460368D3F88843D3F890633A
:1048980014F0010F02D016F0010F24D114F0020F0A
:1048A80002D016F0020F24D114F0040F02D016F033
:1048B800040F26D114F0080F02D016F0080F28D1E3
:1048C80014F0100F02D016F0100F2AD114F0400F78
:1048D80002D016F0400F2CD114F0200F02D016F0A1
:1048E800200F2ED170BD0122C3F88C23FFF7C2FF21
:1048F800D4E72B680222C3F88C232846FFF7BBFFB6
:10490800D2E72B680422C3F88C232846FFF7B4FFAC
:10491800D0E72B680822C3F88C232846FFF7ADFFA1
:10492800CEE72B681022C3F88C232846FFF7A6FF92
:10493800CCE72B684022C3F88C232846FFF79FFF5B
:10494800CAE72B682022C3F88C232846FFF798FF74
:10495800C8E770477047704770477047704770479F
:10496800704770472DE9F04105460368D3F888730E
:10497800D3F890835C68DE6817F4803F02D018F49F
:10498800803F31D117F4003F02D018F4003F38D1EE
:1049980014F0010F02D016F0010F3BD114F0020FF2
:1049A80002D016F0020F3DD114F0040F02D016F019
:1049B800040F3FD114F0080F02D016F0080F41D1B0
:1049C80014F0100F02D016F0100F43D114F0200F7E
:1049D80002D016F0200F45D114F0400F02D016F087
:1049E800400F46D1BDE8F0814FF48032C3F88C23E4
:1049F800012380F8DD30002380F8DC30FFF7A9FFC1
:104A0800C0E72B684FF40032C3F88C232846FFF721
:104A1800A1FFBDE72B6801229A6006212846FFF70F
:104A28009DFFBBE72B6802229A6006212846FFF704
:104A380096FFB9E72B6804229A6006212846FFF7FB
:104A48008FFFB7E72B6808229A6006212846FFF7F0
:104A580088FFB5E72B6810229A6006212846FFF7E1
:104A68007CFFB3E72B6820229A602846FFF773FF84
:104A7800B2E72B6840229A6006212846FFF76CFFB0
:104A8800B0E7704770477047704770477047704786
:104A98007047F8B506460D4602684B1C02EBC31377
:104AA8005C6802EBC113D3F88C7014F0010F02D0CC
:104AB80017F0010F52D114F0020F02D017F0020FB5
:104AC80053D114F0040F02D017F0040F58D114F08A
:104AD800080F02D017F0080F5DD114F0100F02D0A4
:104AE80017F0100F62D114F0400F02D017F0400FEA
:104AF80067D114F0800F02D017F0800F6CD114F436
:104B0800807F02D017F4807F71D114F4007F02D027
:104B180017F4007F77D114F4806F02D017F4806FF8
:104B28007DD114F4006F03D017F4006F40F0838038
:104B380014F4805F03D017F4805F40F0888014F489
:104B4800005F03D017F4005F40F08D8014F4804FAD
:104B580003D017F4804F40F09280F8BD1A46012325
:104B6800C2F88830FFF7FAFEA5E7336803EBC513F0
:104B78000222C3F8882029463046FFF7F0FEA0E756
:104B8800336803EBC5130422C3F88820294630464E
:104B9800FFF7E6FE9BE7336803EBC5130822C3F86B
:104BA800882029463046FFF7DCFE96E7336803EB9A
:104BB800C5131022C3F8882029463046FFF7CDFEDA
:104BC80091E7336803EBC5134022C3F888202946D0
:104BD8003046FFF7C1FE8CE7336803EBC51380222C
:104BE800C3F8882029463046FFF74BFF87E733682C
:104BF80003EBC5134FF48072C3F88820294630466A
:104C0800FFF740FF81E7336803EBC5134FF40072E9
:104C1800C3F8882029463046FFF737FF7BE733681B
:104C280003EBC5134FF48062C3F888202946304649
:104C3800FFF72CFF75E7336803EBC5134FF40062E9
:104C4800C3F8882029463046FFF721FF70E733680C
:104C580003EBC5134FF48052C3F888202946304629
:104C6800FFF716FF6BE7336803EBC5134FF40052E9
:104C7800C3F8882029463046FFF706FF66E7336801
:104C880003EBC5134FF48042C3F888202946304609
:104C9800FFF7F9FE61E708B5FF2904D0062905D01A
:104CA800FFF7F7FE08BDFFF7ECFDFBE7FFF75AFE3D
:104CB800F8E738B512F4804F43D00468B4F85030A0
:104CC80091F800C04FEACC0E1EFA83F32344B3F8E0
:104CD8000244C4F309048B69A34228D31B1B8B61CC
:104CE8008B697BB9056835F82C309BB223F4804377
:104CF80023F0700383F4005343F4004343F080032C
:104D080025F82C3012F0400F0ED002680D7832F8DA
:104D180025309BB223F4E04323F0700343F40043AF
:104D280043F0C00322F8253024B9204638BD0023BB
:104D38008B61D5E723460A894969006803F0F9FFC2
:104D4800F3E70468B4F8503091F800C04FEACC0E8D
:104D58001EFA83F32344B3F80644C4F309048B69A9
:104D6800A3422FD31B1B8B618B697BB9056835F870
:104D78002C309BB223F4804323F0700383F4005358
:104D880043F4004343F0800325F82C3012F0400F21
:104D98000FD1026891F800C032F82C309BB223F48E
:104DA800E04323F0700343F4004343F0C00322F8C8
:104DB8002C30002CB9D023464A894969006803F091
:104DC800B8FFB2E700238B61CEE7002856D010B5B4
:104DD800044690F891323BB1032384F8913220685D
:104DE80003F0B8F8002315E080F8903204F0A4FF2F
:104DF800F2E703EB830204EBC2020121517413743E
:104E08000021D17411625162013303EB8302D20095
:104E1800A150DBB220799842EBD8002316E003EBCF
:104E2800830204EBC202002182F8511182F850314A
:104E380082F85311C2F86011C2F8641103EB8302BF
:104E480004EBC202C2F868110133DBB29842E6D81B
:104E5800234653F8040B93E8060003F085F8002373
:104E68002373012384F89132A37A012B01D0002007
:104E780010BD204600F01BFF0020F9E70120704715
:104E880090F89032012B0ED010B50446012380F81B
:104E98009032006803F055F8206803F067FC0020A2
:104EA80084F8900210BD0220704770B505460C4684
:104EB800164612F0400F00F020810268B2F8503018
:104EC80009784FEAC10C1CFA83F31344B3F802249F
:104ED800C2F30902A36993422CD99B1AA361A06962
:104EE80058B316F4804F0DD0286830F821309BB2A3
:104EF80023F4E04323F0700343F4404343F080037A
:104F080020F8213094F82430012B00F08D802A6895
:104F1800217832F821309BB223F4E04323F0400398
:104F280083F0300343F4004343F0800322F8213038
:104F3800002070BD0023A361D1E76378002B48D11E
:104F48002A68B2F8503012FA83F36344B3F80224A3
:104F5800C2F30902A3F80224B3F802246FEA42421A
:104F68006FEA524292B2A3F802242A686378002BAF
:104F78003BD1B2F8503012FA83F3227803EBC20324
:104F8800B3F80624C2F30902A3F80624B3F80624EA
:104F98006FEA42426FEA524292B2A3F80624E378DB
:104FA800022B2FD02178284604F00AFF16F4804FF0
:104FB800BED02A68217832F821309BB223F4E0432E
:104FC80023F0700343F4404343F0800322F8213078
:104FD800AEE7012BC9D12A68B2F8503012FA83F330
:104FE80063440022A3F80224BFE7012BD7D1B2F80B
:104FF800503012FA83F3227803EBC2030022A3F89D
:105008000624CCE72A68217832F821309BB223F4B1
:10501800E04323F0400383F0200343F4004343F0CC
:10502800800322F82130BDE7636913446361E369B3
:105038001344E361216A236999421DD3C91A216285
:105048006278002A44D12968B1F8502011FA82F216
:10505800217802EBC102B2F80214C1F30901A2F8E7
:105068000214ABB9B2F802146FEA41416FEA514138
:1050780089B2A2F802142DE021B9002384F8243063
:105088001346DDE7002384F8243023620B46D7E774
:105098003E2B0DD8590813F0010F00D00131B2F89A
:1050A800020480B2890289B20143A2F8021411E015
:1050B800580913F01F0F00D10138B2F8021489B251
:1050C800800280B2014341F40041A2F8021401E0D9
:1050D800012A06D09BB222896169286803F055FB32
:1050E80015E72968B1F8502011FA82F2217802EB0D
:1050F800C10299B2A2F80214ECE70268B2F8503083
:105108000978C80010FA83F31344B3F80624C2F3ED
:105118000902A369934246D39B1AA361A369002B92
:1051280044D016F4804F0DD1286830F821309BB256
:1051380023F4E04323F0700343F4404343F0800337
:1051480020F8213094F82430012B7FF4E0AE636915
:1051580013446361E3691344E361216A2369994253
:10516800C0F09C80C91A216229686278002A40F040
:10517800C180B1F8502011FA82F2217802EBC10205
:10518800B2F80614C1F30901A2F80614002B40F086
:105198009180B2F806146FEA41416FEA514189B231
:1051A800A2F80614A8E00023A361B7E76378002BF0
:1051B80049D12A68B2F8503012FA83F30344B3F89D
:1051C8000224C2F30902A3F80224B3F802246FEA06
:1051D80042426FEA524292B2A3F802242A686378E4
:1051E800002B3CD1B2F8503012FA83F3227803EB4B
:1051F800C203B3F80624C2F30902A3F80624B3F8DD
:1052080006246FEA42426FEA524292B2A3F8062499
:10521800E378022B30D02178284604F0D1FD16F42B
:10522800804F7FF485AE2A68217832F821309BB20E
:1052380023F4E04323F0700343F4404343F0800336
:1052480022F8213074E6012BC8D12A68B2F8503010
:1052580012FA83F303440022A3F80224BEE7012BC9
:10526800D6D1B2F8503012FA83F3227803EBC20396
:105278000022A3F80624CBE72A68217832F82130E7
:105288009BB223F4E04323F0400383F0200343F46C
:10529800004343F0800322F82130BCE721B9002302
:1052A80084F8243013465FE70023236284F824300F
:1052B8000B4659E73E2B0DD8590813F0010F00D0C3
:1052C8000131B2F8060480B2890289B20143A2F81A
:1052D800061411E0580913F01F0F00D10138B2F875
:1052E800061489B2800280B2014341F40041A2F859
:1052F800061401E0012A06D09BB262896169286818
:1053080003F043FA03E6B1F8502011FA82F221784B
:1053180002EBC10299B2A2F80614EDE72DE9F047B5
:1053280004463EE003889BB223F4E14323F0700374
:105338006FEA43436FEA53439BB203802168B1F895
:105348005030227CD20012FA83F30B44B3F80234B3
:10535800C3F30903E362626A1A44626200212046C9
:1053680004F02EFD237BE3B1A36AD3B9237B226823
:1053780043F08003A2F84C300023237311E0B4F803
:10538800562104F5267103F0D4FC2268138823F013
:1053980070031B051B0D43F080031380204604F0A7
:1053A800FBFC2068B0F8443013F4004F00F034825E
:1053B800B0F844309AB203F00F0513F0080F40F02C
:1053C8002F82002D75D112F0100FABD003889AB23E
:1053D80013F4006F30D0B0F8503094F85021D20058
:1053E80012FA83F30344B3F80634C3F30903C4F889
:1053F8006C31082BC3D003889BB223F4804323F07D
:10540800700383F4805348F280010B4303802268C1
:1054180013889BB223F4E04323F0400383F0100386
:105428000B4313802268138823F070031B051B0DA0
:1054380043F080031380F0E112F4004FB1D00388E9
:1054480023F070031B051B0D43F0800303802068C5
:10545800B0F8503094F85021D20012FA83F3034484
:10546800B3F80634C3F30903C4F86C316BB9038885
:105478009BB223F4804323F0700383F4405343F436
:10548800004343F0800303808BE7D4F864110029BC
:1054980087D0B4F8562103F04CFCD4F86431D4F822
:1054A8006C211344C4F864310021204604F07CFCCC
:1054B80077E7AF0030F825309EB213F4004F4DD196
:1054C80016F0800F3FF46DAF2A4605EB8501C90041
:1054D800103121442068C35B9BB223F4E14323F0DD
:1054E80070036FEA43436FEA53439BB2C35305EB20
:1054F800850304EBC303DB7C012B00F0F58016F475
:10550800807F40F084812068B0F8503005EB850535
:1055180004EBC5052E7CF50015FA83F30344B3F8B4
:105528000234C3F30903551C05EB850554F83550BF
:105538009D4240F24F81571C07EB8707ED1A44F84C
:105548003750551C05EB850554F83550002D40F0B3
:1055580048813146204604F033FC22E730F82530F4
:1055680023F070031B051B0D43F0800320F8253042
:10557800A84605EB85094FEAC90909F5A879A144A8
:1055880005EB850304EBC30393F85C31EBBB2068A0
:10559800B0F8503005EB850204EBC20292F85021B6
:1055A800D20012FA83F30344B3F806A4CAF3090A33
:1055B800BAF1000F1DD108EB880304EBC303D3F83D
:1055C8006C215244C3F86C21D3F868313BB108EB25
:1055D800880304EBC303D3F860319A4572D208EB11
:1055E800880804EBC80898F85011204604F0DCFB42
:1055F80066E705EB850104EBC1015346B1F8562176
:10560800D1F8641103F095FBD5E705EB850304EBAE
:10561800C30393F85331022B34D0216805EB85027C
:1056280004EBC20292F8500131F820309BB223F407
:10563800E04323F0700343F4004343F0C00321F830
:105648002030206892F8503130F8232012F4804F2F
:105658001FD0B0F85020DB0013FA82F30344B3F8EC
:1056680002A4CAF3090ABAF1000FA4D005EB850118
:1056780004EBC1015346B1F85821D1F8641103F085
:1056880058FB98E7324649462046FFF712FB824608
:1056980091E7B0F85020DB0013FA82F30344B3F823
:1056A80006A4CAF3090ABAF1000F84D005EB8501F4
:1056B80004EBC1015346B1F85A21D1F8641103F043
:1056C80038FB78E708EB880304EBC303D3F86431AD
:1056D80008EB880804EBC8085344C8F86431494605
:1056E800206803F064F8EBE66B1C03EB8303DB0034
:1056F8000021E15005EB850504EBC5052B7FDBB1E7
:1057080016F0400F33D06B7CFBB92168B1F85030EC
:1057180011FA83F3297C03EBC103B3F80214C1F334
:105728000901A3F80214B3F802146FEA41416FEAC1
:10573800514189B2A3F8021402EB820204EBC202BF
:10574800117C204604F03CFB2BE6012BF4D12168A8
:10575800B1F8503011FA83F302EB820104EBC10176
:10576800097C03EBC1030021A3F80214E4E72168D4
:1057780002EB820304EBC3035B7CD3B9B1F850306E
:1057880011FA83F302EB820104EBC101097C03EBFC
:10579800C103B3F80614C1F30901A3F80614B3F85A
:1057A80006146FEA41416FEA514189B2A3F8061421
:1057B800C2E7012BC0D1B1F8503011FA83F302EBE4
:1057C800820104EBC101097C03EBC1030021A3F8AA
:1057D8000614B1E7551C05EB8505ED000027675158
:1057E800AFE602EB820504EBC5056E6A1E446E62E5
:1057F800013202EB820504EBC5056D6802EB8202FB
:1058080004EBC2022B44536002F0D1FFC9E53246D3
:105818002046FFF74AFBC4E500252846BDE8F08787
:105828000125FAE790F89032012B0CD010B5044608
:10583800012380F890320173006802F091FF002084
:1058480084F8900210BD0220704710B50446006825
:1058580002F097FF10F4004F23D110F4806F24D189
:1058680010F4804F32D110F4005F39D110F4805F0A
:1058780040D110F4006F67D110F0800F40F08180A4
:1058880010F4007F40F0AD8010F4807F27D02268AC
:10589800B2F844309BB223F480739BB2A2F8443030
:1058A8001DE02046FFF73AFD19E02268B2F84430BF
:1058B8009BB223F480639BB2A2F84430204604F0E4
:1058C80090FA00212046FFF7ADFF08E02268B2F801
:1058D80044309BB223F480439BB2A2F8443010BDFD
:1058E8002268B2F844309BB223F400539BB2A2F86A
:1058F8004430F4E72268B2F840309BB223F0040346
:105908009BB2A2F840302268B2F840309BB223F034
:1059180008039BB2A2F8403094F8C832012B0CD08F
:10592800204604F081FA2268B2F844309BB223F48E
:1059380080539BB2A2F84430D1E7002184F8C81202
:10594800204604F029FBEBE72268B2F840309BB20E
:1059580043F00803A2F840302268B2F844309BB202
:1059680023F400639BB2A2F844302268B2F84030B6
:105978009BB243F00403A2F84030204604F044FAF6
:10598800ADE72268B2F844309BB223F080039BB2A3
:10599800A2F8443094F8C832FBB92268B2F8403013
:1059A8009BB243F00403A2F840302268B2F84030BA
:1059B8009BB243F00803A2F84030012184F8C812D2
:1059C8002368B3F85430C3F38D0303F03C03C4F8E1
:1059D800CC32204604F0E0FA81E7204604F014FABD
:1059E8007DE72268B2F844309BB223F400739BB27F
:1059F800A2F84430204604F0EEF970E710B50446EA
:105A0800084611F0800F27D101F0070C0CEB8C0130
:105A1800C90001F5A87E04EB0E010CEB8C0C04EB1D
:105A2800CC0C4FF0000E8CF851E100F00700087024
:105A3800C2F30A020A61CB70022B1DD094F890328F
:105A4800012B1CD0012384F89032206802F09DFAC3
:105A5800002084F8900210BD01F0070C0CEB8C01BB
:105A6800C900103121440CEB8C0C04EBCC0C4FF02A
:105A7800010E8CF811E0D8E700230B71DEE7022055
:105A8800E9E710B504460A4611F0800F1FD101F06E
:105A9800070000EB8003DB0003F5A873E11800EBB7
:105AA800800004EBC000002380F8513102F00702A7
:105AB8000A7094F89032012B17D0012384F89032A1
:105AC800206802F0EFFC002084F8900210BD01F07D
:105AD800070000EB8003DB001033E11800EB8000C7
:105AE80004EBC00001234374E0E70220EEE710B5A1
:105AF80001F0070C0CEB8C01C90001F5A8710CEB47
:105B08008C0E00EBCE0ECEF86421CEF8683100245E
:105B1800CEF86C418EF851418EF850C101440068AE
:105B280002F045FE204610BD01F0070101EB81019E
:105B380000EBC100D0F86C01704738B501F0070CD4
:105B48000CEB8C01C90010310CEB8C0E00EBCE0E67
:105B5800CEF824200CF1010202EB820440F8343024
:105B680001258EF83450CEF8303000EBC402002402
:105B780054608EF811508EF810C00144006802F08D
:105B880016FE204638BD0B4601F007020179914206
:105B98002ED310B5044613F0800F1DD103EB8301FB
:105BA800C90001F5A871014403EB830300EBC303AB
:105BB800002083F8510101238B700A7094F8903209
:105BC800012B17D0012384F89032206802F055FD8C
:105BD800002084F8900210BD02EB8201C900103148
:105BE800014402EB820300EBC30301205874E2E78F
:105BF800012070470220EEE70B46017903F00F02FF
:105C0800914234D310B5044613F0800F21D103F02C
:105C1800070202EB8201C90001F5A871014402EBF9
:105C2800820200EBC202002082F8510100228A7031
:105C380003F007030B7094F89032012B19D001235D
:105C480084F89032206802F03DFD002084F890022C
:105C580010BD03F0070202EB8201C90010310144B4
:105C680002EB820200EBC20201205074DEE7012041
:105C780070470220ECE711F0800F0BD001F007010C
:105C880001EB8101C9001031084452B90273C38085
:105C98000020704701EB8101C90001F5A871084493
:105CA800F3E70122027303811B0C4381F0E70346EB
:105CB80002680121C0F8D012002083F8C802B2F8A7
:105CC80054309BB20B43A2F85430B2F854309BB214
:105CD80043F00203A2F8543070470000002836D180
:105CE8003E4B1B6803F4C063B3F5806F08D03B4A92
:105CF800D2F8803023F48073C2F8803000207047D7
:105D0800364AD2F8803023F48073C2F880301368A2
:105D180023F4C06343F400731360314B1B683222D1
:105D280002FB03F32F4AA2FB03239B0C013300E081
:105D3800013B2A4A526912F4806F01D0002BF7D137
:105D4800264B5B6913F4806F44D100207047B0F58F
:105D5800007F08D0214A136823F4C06343F48063AA
:105D68001360002070471D4B1B6803F4C063B3F534
:105D7800806F08D0194AD2F8803043F48073C2F893
:105D8800803000207047154AD2F8803043F4807381
:105D9800C2F88030136823F4C06343F400731360BF
:105DA8000F4B1B68322202FB03F30E4AA2FB0323AC
:105DB8009B0C013300E0013B084A526912F4806FE2
:105DC80001D0002BF7D1054B5B6913F4806F03D129
:105DD8000020704703207047032070470070004080
:105DE8000000002083DE1B43024A936843F480438B
:105DF8009360704700700040124BDA6802F00302AB
:105E0800DB68C3F303130133032A11D00E48B0FB38
:105E1800F3F00C4BDB68C3F3062303FB00F0094BDC
:105E2800DB68C3F3416301335B00B0FBF3F07047F9
:105E38000648B0FBF3F0034BDB68C3F3062303FB10
:105E480000F0ECE7001002400024F40040787D01E7
:105E5800002800F04F8270B582B00446036813F042
:105E6800010F37D0A44A936803F00C03D26802F0FC
:105E780003020C2B23D0082B23D06368B3F5803F93
:105E88004ED0B3F5A02F51D09B4B1A6822F4803224
:105E98001A601A6822F480221A606368002B52D0B4
:105EA800FBF796FE0546944B1B6813F4003F11D18F
:105EB800FBF78EFE401B6428F5D9032023E2032A52
:105EC800D9D18D4B1B6813F4003F03D06368002BB6
:105ED80000F01282236813F0020F5DD0864A93689F
:105EE80003F00C03D26802F003020C2B3AD0042B07
:105EF8003AD0E368002B75D07F4A136843F4807367
:105F08001360FBF765FE05467B4B1B6813F4806F37
:105F18005FD1FBF75DFE401B0228F5D90320F2E1B3
:105F2800754A136843F480331360B6E703F180437E
:105F3800A3F53C331A6842F480221A601A6842F4C6
:105F480080321A60A9E7FBF743FE05466A4B1B68D7
:105F580013F4003FBED0FBF73BFE401B6428F5D985
:105F68000320D0E1022AC2D1634B1B6813F4806F6F
:105F780003D0E368002B00F0C1815F4A536823F027
:105F8800FE43216943EA016353605C4B1868FBF7E1
:105F9800DBFD002840F0B481236813F0080F4CD0D3
:105FA80063699BB3544AD2F8943043F00103C2F8B2
:105FB8009430FBF70DFE05464F4BD3F8943013F0A1
:105FC800020F3AD1FBF704FE401B0228F4D9032044
:105FD80099E1494A536823F0FE43216943EA016382
:105FE8005360D9E7444A136823F480731360FBF7BE
:105FF800EFFD0546404B1B6813F4806FCCD0FBF7D0
:10600800E7FD401B0228F5D903207CE13A4AD2F883
:10601800943023F00103C2F89430FBF7D9FD05460C
:10602800354BD3F8943013F0020F06D0FBF7D0FDB0
:10603800401B0228F4D9032065E1236813F0040FFC
:1060480000F081802C4B9B6D13F0805F36D12A4B7A
:106058009A6D42F080529A659B6D03F080530193CC
:10606800019B0125264B1B6813F4807F28D0A36869
:10607800012B39D0052B45D01F4BD3F8902022F0A7
:106088000102C3F89020D3F8902022F00402C3F84C
:106098009020A368002B43D0FBF79AFD0646164BC9
:1060A800D3F8903013F0020F4CD1FBF791FD801B11
:1060B80041F288339842F2D9032024E10025D1E740
:1060C8000F4A136843F480731360FBF781FD06469B
:1060D8000B4B1B6813F4807FC9D1FBF779FD801B3C
:1060E8000228F5D903200EE1034AD2F8903043F094
:1060F8000103C2F89030CCE70010024008000020ED
:1061080000700040884BD3F8902042F00402C3F896
:106118009020D3F8902042F00102C3F89020B8E70D
:10612800FBF756FD0646804BD3F8903013F0020F6C
:1061380008D0FBF74DFD801B41F288339842F2D915
:106148000320E0E0E5B9236813F0200F35D0A369F8
:10615800E3B1754AD2F8983043F00103C2F8983099
:10616800FBF736FD0546704BD3F8983013F0020F55
:1061780023D1FBF72DFD401B0228F4D90320C2E0F0
:10618800694A936D23F080539365DCE7664AD2F839
:10619800983023F00103C2F89830FBF719FD054643
:1061A800614BD3F8983013F0020F06D0FBF710FDBF
:1061B800401B0228F4D90320A5E0E369002B00F076
:1061C800A180594A926802F00C020C2A64D0022B72
:1061D80013D0554A136823F080731360FBF7F8FC5B
:1061E8000446514B1B6813F0007F4ED0FBF7F0FCC0
:1061F800001B0228F5D9032085E04B4A136823F0D9
:1062080080731360FBF7E4FC0546474B1B6813F0EB
:10621800007F06D0FBF7DCFC401B0228F5D90320E1
:1062280071E0414AD36841491940236A606A0138DC
:1062380043EA0013A06A43EA0023206B40080138B0
:1062480043EA4053606B4008013843EA4063E06A20
:1062580043EAC0631943D160136843F08073136045
:10626800D36843F08073D360FBF7B2FC04462E4B2F
:106278001B6813F0007F06D1FBF7AAFC001B02285D
:10628800F5D903203FE000203DE0274AD168284B9C
:106298000B40D360002036E0012B36D0224BDB6860
:1062A80003F00301226A914231D103F0F002616ADE
:1062B8000139B2EB011F2CD103F4FE42A16AB2EB03
:1062C800012F28D103F07842E16AB2EBC16F24D1E3
:1062D80003F4C001226B5208013AB1EB425F1ED1B0
:1062E80003F0C063626B5208013AB3EB426F18D1F6
:1062F800002008E001207047012004E0012002E0AE
:10630800012000E0002002B070BD0120FBE7012061
:10631800F9E70120F7E70120F5E70120F3E701207D
:10632800F1E70120EFE700BF001002400C809F0159
:10633800FCFFEEFE1E4B9B6803F00C03042B33D0CE
:106348001B4B9B6803F00C03082B2FD0184B9B6842
:1063580003F00C030C2B01D000207047144BDA68B3
:1063680002F00302DB68C3F303130133032A11D0DD
:106378001048B0FBF3F00E4BDB68C3F3062303FBB6
:1063880000F00B4BDB68C3F3416301335B00B0FBE8
:10639800F3F070470848B0FBF3F0054BDB68C3F334
:1063A800062303FB00F0ECE70248704702487047F9
:1063B800001002400024F40040787D01002800F01D
:1063C800E680F8B50C460546744B1B6803F00F03CE
:1063D8008B420BD2714A136823F00F030B431360EF
:1063E800136803F00F038B4240F0D3802E6816F039
:1063F80001065FD06B68032B2FD0022B4DD0684B62
:106408001B6813F4806F00F0C680FFF793FF654B9D
:1064180098424DD9624A936823F0F00343F0800311
:10642800936080265E4A936823F0030369680B43F0
:106438009360FBF7CDFB0746594B9B6803F00C03B1
:106448006A68B3EB820F35D0FBF7C2FBC01B41F281
:1064580088339842F0D9032078E0514B1B6813F039
:10646800007F01D1012071E0FFF7C6FC4D4B984237
:106478001AD94B4B9B6813F0F00F05D02E6816F015
:106488000206CFD0AB688BB9454A936823F0F00376
:1064980043F0800393608026C4E7414B1B6813F4E4
:1064A800003FB2D1012051E00026BBE70026B9E742
:1064B8000026B7E72B6813F0020F48D013F0040F3B
:1064C80004D0374A936843F4E06393602B6813F071
:1064D800080F06D0324A936823F47C5343F4E063F0
:1064E80093602F4A936823F0F003A9680B439360E5
:1064F8002A4B1B6803F00F03A34230D82B6813F014
:10650800040F06D0264A936823F4E063E9680B4336
:1065180093602B6813F0080F07D0214A936823F47F
:106528006053296943EAC1039360FFF703FF1C4BDB
:106538009B68C3F303131C4AD35C03F01F03D840C2
:106548001A4B18601A4B1868FBF7FEFAF8BD802E34
:10655800CED1134A936823F0F0039360C8E70F4A3B
:10656800136823F00F0323431360FBF731FB064640
:106578000A4B1B6803F00F03A342BFD0FBF728FBAD
:10658800801B41F288339842F2D90320DEE70120CC
:1065980070470120DAE70120D8E700BF0020024059
:1065A8000010024000B4C40480BC000800000020B1
:1065B80008000020014B1868704700BF0000002049
:1065C80008B5FFF7F7FF054B9B68C3F30223044A9E
:1065D800D35C03F01F03D84008BD00BF0010024081
:1065E80078BC000808B5FFF7E5FF054B9B68C3F3C7
:1065F800C223044AD35C03F01F03D84008BD00BF80
:106608000010024078BC0008F0B583B00446036867
:1066180013F4002F6ED0354B9B6D13F0805F1ED1A5
:10662800324B9A6D42F080529A659B6D03F080530D
:106638000193019B01262E4A136843F4807313606B
:10664800FBF7C6FA05462A4B1B6813F4807F08D16E
:10665800FBF7BEFA401B0228F5D9032502E0002605
:10666800E9E7002545BB214BD3F8903013F440737C
:1066780015D0226D9A4212D01C4AD2F8903023F4D9
:106688004073D2F8901041F48031C2F89010D2F8DB
:10669800901021F48031C2F89010C2F8903013F0B5
:1066A800010F10D145B9114AD2F8903023F4407344
:1066B800216D0B43C2F89030EEB10C4A936D23F074
:1066C8008053936517E0FBF783FA0746074BD3F827
:1066D800903013F0020FE5D1FBF77AFAC01B41F2B4
:1066E80088339842F2D90325DCE700BF0010024046
:1066F800007000400025236813F0010F08D09F4A5E
:10670800D2F8883023F0030361680B43C2F888305D
:10671800236813F0020F08D0984AD2F8883023F083
:106728000C03A1680B43C2F88830236813F0040FE8
:1067380008D0924AD2F8883023F03003E1680B433E
:10674800C2F88830236813F0080F08D08B4AD2F8B3
:10675800883023F0C00321690B43C2F888302368CE
:1067680013F0100F08D0854AD2F8883023F440730C
:1067780061690B43C2F88830236813F0200F08D0F2
:106788007E4AD2F8883023F44063A1690B43C2F8EB
:106798008830236813F0400F08D0784AD2F8883040
:1067A80023F44053E1690B43C2F88830236813F09F
:1067B800800F08D0714AD2F8883023F44043216A08
:1067C8000B43C2F88830236813F4807F08D06B4AE3
:1067D800D2F8883023F44033616A0B43C2F888301A
:1067E800236813F4003F08D0644AD2F89C3023F0A1
:1067F8000303A16A0B43C2F89C30236813F4007F9B
:1068080008D05E4AD2F8883023F44023E16A0B436B
:10681800C2F88830236813F4806F0CD0574AD2F836
:10682800883023F44013216B0B43C2F88830236B64
:10683800B3F5801F79D0236813F4006F0CD04F4A4A
:10684800D2F8883023F44003616B0B43C2F88830D8
:10685800636BB3F5800F6DD0236813F4805F0CD0A1
:10686800464AD2F8883023F04073A16B0B43C2F834
:106878008830A36BB3F1807F61D0236813F4005F85
:106888000CD03E4AD2F8883023F04063E16B0B43CA
:10689800C2F88830E36BB3F1006F55D0236813F466
:1068A800804F0CD0354AD2F8883023F04063216CF1
:1068B8000B43C2F88830236CB3F1006F49D02368CA
:1068C80013F4004F0CD02D4AD2F8883023F04053EF
:1068D800616C0B43C2F88830636CB3F1805F3DD0C4
:1068E800236813F4803F0CD0244AD2F8883023F070
:1068F8004043A16C0B43C2F88830A36CB3F1804FBE
:1069080031D0236813F4802F0CD01C4AD2F89C3065
:1069180023F44013E16C0B43C2F89C30E36CB3F5ED
:10692800001F25D0284603B0F0BDD36843F4801378
:10693800D36080E7D36843F48013D3608CE7D368CF
:1069480043F48013D36098E7D36843F48013D3608B
:10695800A4E7D36843F48013D360B0E7D36843F463
:106968008033D360BCE7D36843F48033D360C8E78F
:10697800D36843F48013D360D4E700BF001002400B
:106988002DE9F04782B00546884617461E46FBF7B4
:106998001FF90A9B1B1A03EB0609FBF719F9824634
:1069A800284B1B68C3F3CB3309FB03F301932B6814
:1069B8009C6838EA04040CBF01230023BB423DD085
:1069C800B6F1FF3FF3D0FBF703F9A0EB0A00484507
:1069D80003D2019B73BB9946E9E72A68536823F001
:1069E800E00353606B68B3F5827F0BD0AB6AB3F5F5
:1069F800005F14D0012385F85D30002385F85C30F2
:106A080003201CE0AB68B3F5004F02D0B3F5806FEC
:106A1800ECD12A68136823F040031360E6E72A687C
:106A2800136823F4005313602A68136843F400536F
:106A38001360DFE7019B013B0193B8E7002002B038
:106A4800BDE8F087000000202DE9F04782B0064637
:106A58000C4615461F4600238DF80330FBF7B8F89F
:106A68000A9B1B1A03EB0708FBF7B2F88146D6F816
:106A780000A0304B1B6803EB8303C3EBC3031B0D60
:106A880008FB03F3019302E0B7F1FF3F12D133682B
:106A98009B6803EA040CAC4547D0B4F5C06FF3D14A
:106AA800002DF1D19AF80C30DBB28DF803309DF847
:106AB8000330E9E7FBF78CF8A0EB0900404503D267
:106AC800019B73BB9846E2E73268536823F0E00302
:106AD80053607368B3F5827F0BD0B36AB3F5005F78
:106AE80014D0012386F85D30002386F85C3003203B
:106AF8001CE0B368B3F5004F02D0B3F5806FECD15A
:106B08003268136823F040031360E6E732681368BD
:106B180023F4005313603268136843F4005313607E
:106B2800DFE7019B013B0193B1E7002002B0BDE81C
:106B3800F08700BF0000002070B582B004460D4603
:106B4800164600920B4600224FF4C051FFF77CFF17
:106B5800B0B900962B46002280212046FFF710FF8F
:106B6800A8B900962B4600224FF4C0612046FFF7D3
:106B78006BFF50B1236E43F020032366032004E02B
:106B8800236E43F020032366032002B070BD236EFA
:106B980043F0200323660320F7E700286FD010B5E1
:106BA8000446436A33B94368B3F5827F05D00023AE
:106BB800C36102E00023036143610023A36294F8E8
:106BC8005D30002B52D0022384F85D3022681368B0
:106BD80023F040031360E368B3F5E06F4CD900225B
:106BE800B3F5706F04D0B3F5E06F01D00023A36252
:106BF800636803F48273A16801F404410B432169BB
:106C080001F002010B43616901F001010B43A16925
:106C180001F400710B43E16901F038010B43216A6B
:106C280001F080010B43A16A01F4005120680B4375
:106C38000360638B03F00403616A01F010010B43E6
:106C4800616B01F008010B43E16801F470610B43CB
:106C580021681A434A602268D36923F40063D36128
:106C680000202066012384F85D3010BD84F85C3074
:106C78002046FAF721FDA6E74FF48052B0E701203D
:106C880070472DE9F8430446884691461F46089DFB
:106C9800FAF79EFF064694F85D30DBB26268012B76
:106CA8000AD0B2F5827F40F05C81A268002A40F0E9
:106CB8005B81042B40F05A81B8F1000F00F0588135
:106CC800B9F1000F00F05681002F00F0558194F8BB
:106CD8005C30012B00F05281012384F85C3094F879
:106CE8005D30DBB2042B02D0052384F85D3000232D
:106CF8002366C4F84090A4F84670A4F84470C4F819
:106D08003880E787A787E3642365E368B3F5E06F16
:106D180001D8012F23D92268536823F48053536084
:106D280023681A6812F0400F03D11A6842F0400233
:106D38001A60E368B3F5E06F5FD963680BB1012FA0
:106D48000BD1A26B23681288DA60A36B0233A363AA
:106D5800E38F9BB2013B9BB2E387012730E02268B7
:106D6800536843F480535360DAE7A26B1288DA6001
:106D7800A36B0233A363E38F9BB2013B9BB2E38710
:106D8800002723689A6812F0010F11D0B4F8462042
:106D980092B26AB1DA68236C1A80236C02332364D6
:106DA800B4F846309BB2013B9BB2A4F846300127A9
:106DB800FAF70EFF831BAB4202D3B5F1FF3F14D1A4
:106DC800E38F9BB22BB9B4F846309BB2002B00F08E
:106DD800B18023689A6812F0020FD2D0E28F92B283
:106DE800002ACED0002FCCD0BFE7012384F85D3035
:106DF800002384F85C300320B4E063680BB1012FF2
:106E08000FD1E38F9BB2012B0DD9A26B2368128897
:106E1800DA60A36B0233A363E38F9BB2023B9BB29E
:106E2800E387012749E0A26B236812781A73A36BE2
:106E38000133A363E38F9BB2013B9BB2E387F0E787
:106E4800E28F92B2012A0CD9A26B1288DA60A36B86
:106E58000233A363E38F9BB2023B9BB2E387002715
:106E68003DE0A26B12781A73A36B0133A363E38F1F
:106E78009BB2013B9BB2E387002730E0226853684E
:106E880043F48053536001270DE0226C1B7B137081
:106E9800236C01332364B4F846309BB2013B9BB2A8
:106EA800A4F846300127FAF793FE801BA84202D3C4
:106EB800B5F1FF3F36D1002D34D0E38F9BB223B913
:106EC800B4F846309BB2002B34D023689A6812F08D
:106ED800020F04D0E28F92B20AB1002FB0D123681A
:106EE8009A6812F0010FDED0B4F8462092B2002A58
:106EF800D9D0B4F8462092B2012AC6D9DA68236CF0
:106F08001A80236C02332364B4F846309BB2023BE8
:106F18009BB2A4F84630B4F846309BB2012BADD9E9
:106F28000127C0E7012384F85D30002384F85C3032
:106F3800032017E0324629462046FFF7FDFD48B9F1
:106F4800012384F85D30002384F85C30236E4BB154
:106F5800012007E020232366002384F85C30012009
:106F680000E00220BDE8F8830220FBE70220F9E7F1
:106F78000120F7E70120F5E70120F3E70220F1E718
:106F880030B4026A036A23F0010303624468836928
:106F980023F4803323F073030D681D4322F00202AB
:106FA8008B681343214A904213D002F50062904245
:106FB8000FD002F5406290420BD002F580629042F9
:106FC80007D002F58062904203D002F50062904239
:106FD80007D1026A22F00402026223F00803CA6899
:106FE8001343124A904213D002F5006290420FD028
:106FF80002F5406290420BD002F58062904207D0C1
:1070080002F58062904203D002F50062904205D1F9
:1070180024F440744A6922438C69144344608561AE
:107028004A684263036230BC704700BF002C0140CD
:1070380030B4036A026A22F4807202624468C26948
:1070480022F4803222F073020D68154323F4007392
:107058008A6843EA02231D4A904207D002F500627B
:10706800904203D002F5E052904208D1026A22F41D
:107078008062026223F40063CA6843EA0223134A67
:10708800904213D002F5006290420FD002F54062A0
:1070980090420BD002F58062904207D002F58062E0
:1070A800904203D002F50062904207D124F4405484
:1070B8004A6944EA02148A6944EA02144460C561D0
:1070C8004A68C263036230BC704700BF002C0140AD
:1070D80030B4036A026A22F4805202624468C269C8
:1070E80022F0807222F4E6420D6842EA052223F477
:1070F80000538D6843EA05331C4DA84207D005F5B7
:107108000065A84203D005F5E055A84208D1056AF4
:1071180025F48045056223F40043CD6843EA05332E
:10712800124DA84213D005F50065A8420FD005F509
:107138004065A8420BD005F58065A84207D005F543
:107148008065A84203D005F50065A84207D124F45C
:1071580040444D6944EA85148D6944EA85144460C5
:10716800C2614A680264036230BC7047002C014067
:1071780030B4036A026A22F4803202624468026D03
:1071880022F4803222F070020D68154323F4003394
:107198008A6843EA0243114A904213D002F500621A
:1071A80090420FD002F5406290420BD002F5806207
:1071B800904207D002F58062904203D002F5006247
:1071C800904204D124F480344A6944EA0224446099
:1071D80005654A688264036230BC7047002C014030
:1071E80030B4036A026A22F4801202624468026DB3
:1071F80022F0807222F4E0420D6842EA052223F46C
:1072080000138D6843EA0553114DA84213D005F5C4
:107218000065A8420FD005F54065A8420BD005F5DA
:107228008065A84207D005F58065A84203D005F51A
:107238000065A84204D124F480244D6944EA8524D9
:10724800446002654A68C264036230BC704700BF8C
:10725800002C01400368384A904216D0B0F1804FA4
:1072680013D0A2F5943290420FD002F5806290427A
:107278000BD002F58062904207D002F5943290421A
:1072880003D002F5E052904203D123F070034A681C
:107298001343294A904222D0B0F1804F1FD0A2F563
:1072A800943290421BD002F58062904217D002F5CA
:1072B8008062904213D002F5943290420FD002F5CA
:1072C800406290420BD002F58062904207D002F5EE
:1072D8008062904203D002F50062904203D123F409
:1072E8004073CA68134323F080034A6913438A68CA
:1072F800C2620A688262104A904213D002F50062A4
:1073080090420FD002F5406290420BD002F58062A5
:10731800904207D002F58062904203D002F50062E5
:10732800904201D10A690263026842F004020260D5
:107338000122426103607047002C014060B310B520
:10734800044690F83D3013B3022384F83D302146BB
:1073580051F8040BFFF77EFF012384F8483084F8C6
:107368003E3084F83F3084F8403084F8413084F867
:10737800423084F8433084F8443084F8453084F847
:10738800463084F8473084F83D30002010BD80F83E
:107398003C30FAF715FAD7E70120704730B4036A92
:1073A800026A22F0100202624468826922F0807246
:1073B80022F4E6420D6842EA052223F020038D6894
:1073C80043EA05131C4DA84207D005F50065A842FD
:1073D80003D005F5E055A84208D1056A25F0400517
:1073E800056223F08003CD6843EA0513124DA842D5
:1073F80013D005F50065A8420FD005F54065A842F1
:107408000BD005F58065A84207D005F58065A84230
:1074180003D005F50065A84207D124F440644D69FE
:1074280044EA85048D6944EA8504446082614A68B7
:107438008263036230BC7047002C014038B590F875
:107448003C30012B00F0958004460D46012380F85E
:107458003C30142A00F28880DFE802F00B8686862A
:107468001F86868634868686488686865D868686D4
:1074780071000068FFF784FD2268936943F00803F0
:1074880093612268936923F00403936122689369E6
:1074980029690B439361002067E00068FFF77EFFCE
:1074A8002268936943F4006393612268936923F423
:1074B8008063936122689369296943EA0123936190
:1074C800002052E00068FFF7B3FD2268D36943F05B
:1074D8000803D3612268D36923F00403D3612268C7
:1074E800D36929690B43D36100203EE00068FFF7A8
:1074F800EFFD2268D36943F40063D3612268D3693E
:1075080023F48063D3612268D369296943EA01239C
:10751800D361002029E00068FFF72AFE2268136D76
:1075280043F0080313652268136D23F00403136501
:107538002268136D29690B431365002015E0006864
:10754800FFF74EFE2268136D43F40063136522684B
:10755800136D23F4806313652268136D296943EA68
:1075680001231365002000E00120002384F83C304B
:1075780038BD0220FCE7000090F83C20012A4CD0DE
:1075880030B40346012280F83C20022280F83D20D6
:10759800006842688468224DA84207D005F5006556
:1075A800A84203D005F5E055A84203D122F47002A1
:1075B8004D682A4322F0007222F070020D682A43B7
:1075C80042601A68164882421AD0B2F1804F17D02A
:1075D800A0F59430824213D000F5806082420FD02B
:1075E80000F5806082420BD000F59430824207D0CB
:1075F80000F54060824203D000F58050824204D1F9
:1076080024F08004896821439160012283F83D2099
:10761800002083F83C0030BC70470220704700BF50
:10762800002C014090F83C30012B49D010B40246A0
:10763800012380F83C30CB6823F440738868034307
:1076480023F480634868034323F400630868034312
:1076580023F480530869034323F400534869034320
:1076680023F48043086B034323F47023886943EAB7
:10767800004323F08053C86903431068114CA042AB
:1076880007D004F50064A04203D004F5E054A042FA
:1076980010D123F470038C6A43EA045323F08073F7
:1076A8000C6A234323F000734C6A234323F00053EE
:1076B800C96A0B434364002082F83C0010BC704741
:1076C80002207047002C0140026852E8003F23F472
:1076D800907342E800310029F6D1026802F10803EC
:1076E80053E8003F23F0805323F00103083242E8B7
:1076F80000310029F1D1C36E012B06D02023C0F838
:107708008C300023C36643677047026852E8003F25
:1077180023F0100342E800310029F6D1EEE700001B
:1077280070B50446016883680269134342691343CC
:10773800C26913430868964A02401A430A602268DD
:10774800536823F44053E1680B435360A1692268EE
:10775800904B9A4201D0236A1943936823F06E43F1
:1077680023F430630B4393602268D36A23F00F033A
:10777800616A0B43D3622368874A934210D0874AD1
:10778800934221D0864A934237D0864A93425CD0AE
:10779800854A93426BD07F4A93427DD010223AE0CB
:1077A80002F55842D2F8882002F00302032A09D8C9
:1077B800DFE802F00204870601222CE004222AE016
:1077C800082228E0102226E002F5E632D2F88820C6
:1077D80002F00C020C2A0ED8DFE802F0070D0D0D9E
:1077E800090D0D0D750D0D0D0B00002213E004227F
:1077F80011E008220FE010220DE002F5E432D2F881
:10780800882002F03002202A5FD01AD8002A5ED0E1
:10781800102A5ED104225F498B4276D0E069B0F528
:10782800004F00F0C980082A00F23481DFE812F026
:10783800F7001901F50032011C0132013201320151
:107848001F01302A47D10822E5E702F5E232D2F8D3
:10785800882002F0C002802A3FD004D8FAB3402A18
:107868003FD10422D7E7C02A3DD10822D3E702F549
:10787800E032D2F8882002F44072B2F5007F34D0AA
:1078880005D8A2B3B2F5807F33D10422C3E7B2F59D
:10789800407F30D10822BEE702F5C832D2F88820EE
:1078A80002F44062B2F5006F27D005D83AB3B2F5BA
:1078B800806F26D10422AEE7B2F5406F23D10822AB
:1078C800A9E70222A7E70222A5E70222A3E70022EE
:1078D800A1E710229FE710229DE702229BE70022E2
:1078E80099E7102297E7102295E7022293E70022F2
:1078F80091E710228FE710228DE702228BE7002202
:1079080089E7102287E7102285E7082A00F2B2806B
:10791800DFE802F008B03BB038B0B0B005004FF473
:10792800004004E0FEF74CFE002800F0A580626AE3
:107938001E4B33F81220B0FBF2F3656805EB4501E6
:10794800994200F29B80B3EB053F00F29980002634
:1079580033463146F8F776FF090241EA1061000222
:107968006B08C0182A46334641F10001F8F76AFF50
:10797800A0F540720E4B9A4200F284802368D860CA
:10798800304665E0FEF7D6FCCEE70A48CFE700BFF1
:10799800F369FFCF008000400038014000440040F8
:1079A80000480040004C00400050004090BC0008D7
:1079B800FFFC0F000024F400082A65D8DFE802F075
:1079C800072705642A6464640B00354803E0FEF762
:1079D800F7FD00285AD0626A324B33F81230B0FBF8
:1079E800F3F06268530803EB4003B3FBF2F3A3F12F
:1079F80010014FF6EF7291424AD89AB222F00F0264
:107A0800C3F3420313432268D360002020E0FEF74B
:107A1800E9FDDEE7FEF78EFCDBE7214803E0FEF731
:107A2800CFFD002838D0626A1E4B33F81230B0FB05
:107A3800F3F0636800EB5300B0FBF3F0A0F1100221
:107A48004FF6EF739A4229D8236880B2D860002095
:107A58000123A4F86A30A4F8683000236367A36799
:107A680070BDFEF7BFFDDCE7FEF764FCD9E74FF415
:107A78000040D8E70120EBE70020E9E70120E7E72D
:107A88000120E5E70120E3E70120E1E70020DFE747
:107A98000120DDE70120DBE70020D9E70120D7E757
:107AA8000024F40090BC0008836A13F0080F06D085
:107AB8000268536823F40043816B0B435360836A65
:107AC80013F0010F06D00268536823F40033C16A2B
:107AD8000B435360836A13F0020F06D002685368A1
:107AE80023F48033016B0B435360836A13F0040F54
:107AF80006D00268536823F48023416B0B4353601C
:107B0800836A13F0100F06D00268936823F4805339
:107B1800C16B0B439360836A13F0200F06D0026891
:107B2800936823F40053016C0B439360836A13F04A
:107B3800400F0AD00268536823F48013416C0B434A
:107B48005360436CB3F5801F0BD0836A13F0800F2A
:107B580006D00268536823F40023C16C0B435360BA
:107B680070470268536823F4C003816C0B43536069
:107B7800EBE72DE9F84305460E4617469946DDF82A
:107B880020802B68DC6936EA04040CBF0124002439
:107B9800BC4236D1B8F1FF3FF3D0FAF719F8A0EBA1
:107BA8000900404530D8B8F1000F2FD02B681A686B
:107BB80012F0040FE5D0802EE3D0402EE1D0DA6930
:107BC80012F0080F11D1DA6912F4006FD9D04FF40E
:107BD80000621A622846FFF777FD2023C5F8903027
:107BE800002385F8843003200CE008241C62284612
:107BF800FFF76AFDC5F89040002385F8843001201E
:107C080000E00020BDE8F8830320FBE70320F9E744
:107C18002DE9F04182B01E46D0F88830202B60D183
:107C280004460D46904600295FD00AB9012059E064
:107C38000023C0F890302123C0F88830F9F7C8FF36
:107C48000746A4F85480A4F85680A368B3F5805F6B
:107C580002D04FF000081CE0236973B34FF000080E
:107C680017E02023C4F8883003203BE038F8023BB3
:107C78002268C3F308039362D4F8883003F0210321
:107C8800212B34D1B4F8562092B2013A92B2A4F81A
:107C98005620B4F856309BB293B100963B4600226A
:107CA80080212046FFF765FF0028DAD1002DDDD0BE
:107CB80015F8012B23689A62DEE7A8460025E8E755
:107CC80000963B46002240212046FFF752FF18B994
:107CD8002023C4F8883005E02023C4F88830032026
:107CE80000E0022002B0BDE8F0810120FAE701209F
:107CF800F8E730B583B004460023C0F89030F9F7B0
:107D080067FF05462268126812F0080F10D1236831
:107D18001B6813F0040F28D12023C4F88830C4F856
:107D28008C300020E066206784F8840003B030BD02
:107D38006FF07E430093034600224FF40011204663
:107D4800FFF717FF0028E2D0226852E8003F23F02F
:107D5800800342E800310029F6D12023C4F8883096
:107D6800002384F884300320E0E76FF07E4300931B
:107D78002B4600224FF480012046FFF7FAFE002828
:107D8800CAD0226852E8003F23F4907342E80031D9
:107D98000029F6D1226802F1080353E8003F23F0D6
:107DA8000103083242E800310029F3D12023C4F846
:107DB8008C30002384F884300320B7E778B310B5FB
:107DC8000446D0F888300BB32423C4F888302268DE
:107DD800136823F001031360A36AE3B92046FFF791
:107DE8009FFC012811D02268536823F49043536004
:107DF8002268936823F02A0393602268136843F08B
:107E0800010313602046FFF774FF10BD80F884302B
:107E1800F9F7E8FDD8E72046FFF746FEDEE7012040
:107E280070470000436E2BB90123A0F86A30A0F810
:107E38006830704730B403689A68C2F34262996840
:107E4800490F094D6B5CDB00084C615C93FBF1F357
:107E5800A0F86A30AB5CDB00A25C93FBF2F3A0F8FD
:107E6800683030BC704700BFB0BC0008A8BC000830
:107E780090F88430012B18D0012380F88430242313
:107E8800C0F8883003681A68196821F00101196080
:107E980022F000520023436601680A602022C0F8DD
:107EA800882080F88430184670470220704738B51B
:107EB80090F88430012B1DD00446012380F88430CB
:107EC8002423C0F8883003681D681A6822F001026C
:107ED8001A600268936823F0604319439160FFF7C2
:107EE800A1FF23681D602023C4F88830002084F88F
:107EF800840038BD0220FCE738B590F88430012BA7
:107F08001DD00446012380F884302423C0F888302B
:107F180003681D681A6822F001021A6002689368F3
:107F280023F0606319439160FFF77CFF23681D60AD
:107F38002023C4F88830002084F8840038BD02204B
:107F4800FCE703460020A3F844004BF68072A3F830
:107F580040207047B0F8403023F47E535B045B0C3C
:107F6800A0F840300020704782B0034602A800E91C
:107F780006000122A3F840200020A3F84000A3F83F
:107F88004400A3F8500002B0704710B5034691F8BA
:107F980000C030F82C2092B222F4EC4222F0700299
:107FA80092B2C878032861D8DFE800F0555C02581F
:107FB800002048F2800E42EA0E0223F82C2091F8A5
:107FC80000C033F82C2092B222F4E04222F0700272
:107FD8004CEA020242EA0E0223F82C200A7B002A0D
:107FE80040F0DC804A78002A51D0B3F8502013FAC8
:107FF80082F20C7802EBC402B1F806C04FEA5C0CBE
:108008004FEA4C0CA2F800C40C7833F8242012F084
:10801800400F0CD033F8242092B222F4E04222F030
:10802800700242F4004242F0C00223F82420CA78C9
:10803800012A1DD0097833F8212092B222F4E042B7
:1080480022F0400282F0200242F4004242F0800214
:1080580023F82120C3E142F40072AAE742F4C06287
:108068000020A6E742F480620020A2E70120A0E7F2
:10807800097833F8212092B222F4E04222F040023B
:1080880042F4004242F0800223F82120A7E1B3F82D
:10809800502013FA82F20C7802EBC402B1F806C041
:1080A8004FEA5C0C4FEA4C0CA2F804C4B3F8502019
:1080B80013FA82F20C7802EBC402B2F806C4CCF3CD
:1080C800090CA2F806C40C6974BBB2F806C46FEABE
:1080D8004C4C6FEA5C4C1FFA8CFCA2F806C40C7876
:1080E80033F8242012F4804F0CD033F8242092B2B5
:1080F80022F4E04222F0700242F4404242F0800250
:1081080023F824200978C9BB33F8212092B222F43D
:10811800804222F0700282F4405242F4004242F05F
:10812800800223F821205AE13E2C12D84FEA540C41
:1081380014F0010F01D00CF1010CB2F80644A4B2FE
:108148004FEA8C2C1FFA8CFC44EA0C04A2F8064473
:10815800C5E74FEA541C14F01F0F01D10CF1FF3C86
:10816800B2F80644A4B24FEA8C2C1FFA8CFC44EAFD
:108178000C0444F40044A2F80644B0E733F8212084
:1081880092B222F4804222F0700282F4005242F449
:10819800004242F0800223F8212020E1CA78022A16
:1081A80074D091F800C033F82C2092B222F4E24245
:1081B80022F0700242F4004242F0800223F82C20A0
:1081C800B3F8502013FA82F291F800C002EBCC0207
:1081D800B1F808C04FEA5C0C4FEA4C0CA2F800C496
:1081E800B3F8502013FA82F291F800C002EBCC02E7
:1081F800B1F80AC04FEA5C0C4FEA4C0CA2F804C470
:108208004A78002A40F0F7800C7833F8242012F4DA
:10821800804F0CD033F8242092B222F4E04222F0AE
:10822800700242F4404242F0800223F824200C7885
:1082380033F8242012F0400F0CD033F8242092B2E7
:1082480022F4E04222F0700242F4004242F0C002FE
:1082580023F824204A78002A51D1B3F8502013FA81
:1082680082F20C7802EBC402B2F80244C4F30904A7
:10827800A2F802440C69C4B9B2F802446FEA444453
:108288006FEA5444A4B2A2F802443AE00C7833F8F6
:10829800242092B222F4E04222F0700242F4014219
:1082A80042F0800223F824208AE73E2C12D84FEAB5
:1082B800540C14F0010F01D00CF1010CB2F8024477
:1082C800A4B24FEA8C2C1FFA8CFC44EA0C04A2F8E6
:1082D800024416E04FEA541C14F01F0F01D10CF1B0
:1082E800FF3CB2F80244A4B24FEA8C2C1FFA8CFC73
:1082F80044EA0C0444F40044A2F8024401E0012AD0
:108308001BD04A78002A4DD1B3F8502013FA82F2D4
:108318000C7802EBC402B2F80644C4F30904A2F8CC
:1083280006440C69A4B9B2F806446FEA44446FEAFB
:108338005444A4B2A2F8064436E0B3F8502013FA25
:1083480082F20C7802EBC4020C8AA2F80244D8E745
:108358003E2C12D84FEA540C14F0010F01D00CF146
:10836800010CB2F80644A4B24FEA8C2C1FFA8CFC1C
:1083780044EA0C04A2F8064416E04FEA541C14F030
:108388001F0F01D10CF1FF3CB2F80644A4B24FEA2A
:108398008C2C1FFA8CFC44EA0C0444F40044A2F828
:1083A800064401E0012A1BD091F800C033F82C20C4
:1083B80092B222F4804222F0700282F4405248F2D3
:1083C8008004224323F82C20097833F8212092B224
:1083D80022F4E04222F04002224323F8212010BD7B
:1083E800B3F8502013FA82F20C7802EBC4020C8A1C
:1083F800A2F80644D8E70C7833F8242012F4804F0A
:108408000CD033F8242092B222F4E04222F0700219
:1084180042F4404242F0800223F824200C7833F8DA
:10842800242012F0400F0CD033F8242092B222F40A
:10843800E04222F0700242F4004242F0C00223F807
:108448002420CA78012A1ED00C7833F8242092B24E
:1084580022F4E04222F0400282F0200242F400427C
:1084680042F0800223F82420097833F8212092B2C0
:1084780022F4804222F0700242F4004242F080026C
:1084880023F82120ABE70C7833F8242092B222F4A9
:10849800E04222F0400242F4004242F0800223F817
:1084A8002420E1E70B7B002B46D14B7813B30A78E5
:1084B80030F8223013F0400F0CD030F822309BB245
:1084C80023F4E04323F0700343F4004343F0C00374
:1084D80020F822300A7830F822309BB223F4E043A7
:1084E80023F0400343F4004343F0800320F8223094
:1084F800002070470A7830F8223013F4804F0CD0EF
:1085080030F822309BB223F4E04323F0700343F4A5
:10851800404343F0800320F822300A7830F82230B4
:108528009BB223F4804323F0700343F4004343F0E9
:10853800800320F82230DBE74B78002B4ED10A78F5
:1085480030F8223013F4804F0CD030F822309BB230
:1085580023F4E04323F0700343F4404343F08003E3
:1085680020F822300A7830F8223013F0400F0CD06F
:1085780030F822309BB223F4E04323F0700343F435
:10858800004343F0C00320F822300A7830F8223044
:108598009BB223F4E04323F0700343F4004343F019
:1085A800C00320F822300A7830F822309BB223F436
:1085B800804323F0700348F2800C43EA0C0320F850
:1085C80022300A7830F822309BB223F4E04323F0BB
:1085D800400343EA0C0320F8223089E70A7830F890
:1085E800223013F4804F0CD030F822309BB223F4A1
:1085F800E04323F0700343F4404343F0800320F842
:1086080022300A7830F8223013F0400F0CD030F8BE
:1086180022309BB223F4E04323F0700343F4004379
:1086280043F0C00320F822300A7830F822309BB299
:1086380023F4E04323F0700343F4404343F0800302
:1086480020F822300A7830F822309BB223F4E04335
:1086580023F0400348F2800C43EA0C0320F8223050
:108668000A7830F822309BB223F4804323F0700359
:1086780043EA0C0320F822303AE74B788BB10A78AA
:1086880030F822309BB223F4E04323F0400383F018
:10869800100343F4004343F0800320F82230002005
:1086A80070470A7830F822309BB223F4804323F0D5
:1086B800700383F4805343F4004343F0800320F8AD
:1086C8002230ECE74B7833B30A7830F8223013F0D5
:1086D800400F0CD030F822309BB223F4E04323F053
:1086E800700343F4004343F0C00320F82230CB78F2
:1086F800012B33D00A7830F822309BB223F4E043C0
:1087080023F0400383F0200343F4004343F0800345
:1087180020F8223022E00A7830F8223013F4804F13
:108728000CD030F822309BB223F4E04323F07003DE
:1087380043F4404343F0800320F822300A7830F8AD
:1087480022309BB223F4804323F0700383F4405318
:1087580043F4004343F0800320F8223000207047A0
:1087680011B98023A0F84C3000207047B0F8583079
:108778006FEA43436FEA53439BB2A0F85830002096
:108788007047B0F8440080B2704701335B08024478
:1087980002F5806208E0087891F801C040EA0C20F0
:1087A80022F8020B0231013B002BF4D1704770B55F
:1087B80005460C464B78012B1AD00B7B002B40F05A
:1087C80092828B69002B40F06582CB78002B40F0B9
:1087D80061820A7830F822309BB223F4E04323F018
:1087E800700343F4014343F0800320F822305FE232
:1087F8008E690A69964200D91646217B41B3E17811
:10880800022947D0226A921B2262227835F8221068
:1088180011F0400F00F0F681002B40F0E381B5F82D
:10882800503015FA83F303EBC202B2F80634C3F3EF
:108838000903A2F80634002E40F0B481B2F80634D9
:108848006FEA43436FEA53439BB2A2F80634D2E17E
:10885800B6B23346E28861692846FFF796FFB5F855
:10886800503015FA83F3227803EBC203A3F80264AD
:10887800227835F822309BB223F4E04323F04003FA
:1088880083F0300343F4004343F0800325F822309B
:10889800002024E2236A9A4280F06681227835F823
:1088A80022309BB223F4E04323F0700343F40143E6
:1088B80043F0800325F82230236A9B1B2362237828
:1088C80035F8232012F0400F00F0A7806278B2BB81
:1088D800B5F8502015FA82F202EBC303B3F8062468
:1088E800C2F30902A3F806244EB9B3F806246FEAC6
:1088F80042426FEA524292B2A3F8062421E03E2E89
:108908000DD8720816F0010F00D00132B3F8061422
:1089180089B2920292B20A43A3F8062411E07109BF
:1089280016F01F0F00D10139B3F8062492B289025C
:1089380089B20A4342F40042A3F8062401E0012A5E
:1089480029D0B3B2628961692846FFF71EFF6369BF
:1089580033446361236A2269934226D99B1B2362AD
:108968006378002B45D1B5F8503015FA83F3227897
:1089780003EBC203B3F80224C2F30902A3F80224EA
:10898800BEB9B3F802246FEA42426FEA524292B289
:10899800A3F802242FE0B5F8502015FA82F202EB72
:1089A800C303B2B2A3F80624CBE7002222621E4614
:1089B800D6E73E2E0DD8720816F0010F00D001320E
:1089C800B3F8021489B2920292B20A43A3F80224BD
:1089D80011E0710916F01F0F00D10139B3F8022414
:1089E80092B2890289B20A4342F40042A3F80224EF
:1089F80001E0012B06D0B3B2228961692846FFF74E
:108A0800C4FE35E7B5F8503015FA83F3227803EB46
:108A1800C203B2B2A3F80224EDE76278B2BBB5F89C
:108A2800502015FA82F202EBC303B3F80224C2F312
:108A38000902A3F802244EB9B3F802246FEA4242AD
:108A48006FEA524292B2A3F8022421E03E2E0DD8DA
:108A5800720816F0010F00D00132B3F8021489B27F
:108A6800920292B20A43A3F8022411E0710916F0A7
:108A78001F0F00D10139B3F8022492B2890289B2DA
:108A88000A4342F40042A3F8022401E0012A29D053
:108A9800B3B2228961692846FFF777FE63693344D8
:108AA8006361236A2269934226D99B1B23626378F8
:108AB800002B45D1B5F8503015FA83F3227803EB33
:108AC800C203B3F80624C2F30902A3F80624BEB908
:108AD800B3F806246FEA42426FEA524292B2A3F810
:108AE80006242FE0B5F8502015FA82F202EBC303F2
:108AF800B2B2A3F80224CBE7002222621E46D6E7D0
:108B08003E2E0DD8720816F0010F00D00132B3F8CE
:108B1800061489B2920292B20A43A3F8062411E01D
:108B2800710916F01F0F00D10139B3F8062492B26B
:108B3800890289B20A4342F40042A3F8062401E0FC
:108B4800012B06D0B3B2628961692846FFF71DFE82
:108B58008EE6B5F8503015FA83F3227803EBC2039A
:108B6800B2B2A3F80624EDE7217835F8212092B2B5
:108B780022F4E24222F0700242F4004242F0800203
:108B880025F82120B5F8502015FA82F2217802EB59
:108B9800C1029BB2A2F80234228961692846FFF714
:108BA800F4FD65E63E2E0DD8730816F0010F00D0CF
:108BB8000133B2F8061489B29B029BB20B43A2F8A8
:108BC800063418E0710916F01F0F00D10139B2F808
:108BD80006349BB2890289B20B4343F40043A2F8DE
:108BE800063408E0B5F8503015FA83F303EBC203F6
:108BF800B2B2A3F80624B3B2628961692846FFF7C6
:108C0800C4FD35E6B3BBB5F8503015FA83F303EB72
:108C1800C202B2F80234C3F30903A2F802344EB90F
:108C2800B2F802346FEA43436FEA53439BB2A2F8A7
:108C3800023428E03E2E0DD8730816F0010F00D03C
:108C48000133B2F8021489B29B029BB20B43A2F81B
:108C5800023418E0710916F01F0F00D10139B2F87B
:108C680002349BB2890289B20B4343F40043A2F851
:108C7800023408E0B5F8503015FA83F303EBC20369
:108C8800B2B2A3F80224B3B2228961692846FFF779
:108C98007CFDEDE5227835F822309BB223F4E243DF
:108CA80023F0700343F4004343F0800325F8223097
:108CB800A3692269934213D99B1AA361227835F8D4
:108CC80022309BB223F4804323F0700383F4405393
:108CD80043F4004343F0800325F82230002070BDA0
:108CE8000023A361EAE7CB78022B04D0012B1ED125
:108CF80000238B61E2E7CB69002BDFD00A7830F8DC
:108D0800221044F2400303EA01008B4301D00028FB
:108D1800D4D135F822309BB223F4E04323F070031A
:108D280043F4004343F0C00325F82230C6E701208E
:108D3800D5E710B45C08024402F5806207E032F817
:108D4800020B0870C0F3072048700231013C002C68
:108D5800F5D113F0010F01D013880B7010BC7047C8
:108D680010B5D0F8BC4284B1D0F8C0327BB194F8C9
:108D78000002FF280DD09B6894F8012221469847ED
:108D8800FF2384F80032002010BD0320FCE70020F8
:108D9800FAE70020F8E70000432303800048704703
:108DA80050000020432303800048704794000020AF
:108DB80043230380004870470C0000200A230380E7
:108DC800004870471001002038B5D0F8BC5275B182
:108DD800044601F0DAF8C5F80C02D4F8C032DB68B2
:108DE80005F50371D5F804029847002038BD032023
:108DF800FCE710B5D0F8C442D0F8BC3253B301EB4D
:108E0800810200EB820292694AB101EB810C04EB0A
:108E1800CC04246AB2FBF4FC04FB1C2272B10022CD
:108E2800C3F81422D0F8C0221469ACB10A4603F57D
:108E38000471D3F80802A047002010BD01EB81039C
:108E480000EB830300249C612346224601F08DF841
:108E58002046F2E70320F0E70020EEE7F0B583B004
:108E6800D0F8BC6200238DF80730ADF80430002E2E
:108E78006CD007460C460B7813F060052AD0202DDD
:108E88005ED1CA88F2B113F0800F0FD0D0F8C0328B
:108E98009B68314660789847E288072A28BF0722EE
:108EA8003146384600F0ECFD00254CE04B7886F85A
:108EB80000328B7986F80132CA88314600F0F5FD18
:108EC800002540E0D0F8C0329B68002248789847D7
:108ED800002538E04E780B2E2ED8DFE806F0063451
:108EE8002D2D2D2D2D2D2D2D152490F89C32DBB2F6
:108EF800032B03D000F08AFA032524E0022201A9FB
:108F080000F0BEFD35461EE090F89C32DBB2032B24
:108F180003D000F07BFA032515E001220DF10701CB
:108F280000F0AEFD0FE090F89C32DBB2032B0AD0C4
:108F380000F06CFA032506E000F068FA032502E069
:108F480000F064FA0325284603B0F0BD0325FAE7CC
:108F580038B50446812100F0D2FF0025258701217C
:108F6800204600F0CCFFA4F878518221204600F07A
:108F7800C6FFA4F84C50A4F84E50D4F8BC324BB1FC
:108F8800D4F8C0325B689847D4F8BC0201F02CF8DA
:108F9800C4F8BC52002038BD70B504464FF40770C1
:108FA80001F01EF8B8B30646C4F8BC02237CBBBB6C
:108FB8004FF4007302228121204600F095FF01251D
:108FC80025874FF4007302222946204600F08CFFC3
:108FD800A4F878511023A4F84E30082303228221E4
:108FE800204600F081FF0123A4F84C30D4F8C032A9
:108FF8001B6898470023C6F81432C6F81832257C37
:1090080015BB4FF40073D6F804220121204600F066
:10901800B4FF284670BD0023C4F8BC320225F8E727
:10902800402302228121204600F05EFF012525878A
:10903800402302222946204600F056FFA4F8785122
:109048001023A4F84E30C8E74023D6F804220121A3
:10905800204600F092FF0025DBE719B1C0F8C012E6
:109068000020704703207047D0F8BC322BB1C3F8FA
:109078000812C3F810220020704703207047D0F868
:10908800BC321BB1C3F8041200207047032070479C
:10909800D0F8BC2292B108B5D2F814320BB1012035
:1090A80008BD0123C2F81432D2F81032C362D2F8D4
:1090B8000822812100F059FF0020F1E703207047C2
:1090C80010B5D0F8BC2292B1047C44B94FF40073B7
:1090D800D2F80422012100F050FF204610BD4023A1
:1090E800D2F80422012100F048FF0024F5E7032408
:1090F800F3E798B108B503460020C3F8B802C3F8EF
:10910800C002C3F8CC0209B1C3F8B412012183F834
:109118009C121A70184600F09BFE08BD0320704789
:1091280010B582B00023ADF8063061B10446C0F82E
:10913800B812CB6A4BB10DF106009847C4F8CC02BF
:10914800002002B010BD0320FBE70020F9E708B5B6
:1091580000F0C2FE08BD08B5D0F8B83213B11B68DC
:10916800984708BD0320FCE708B5D0F8B8320BB122
:109178005B689847002008BD38B5044600F2AA2568
:10918800284600F02FF90123C4F89432B4F8B0321D
:10919800C4F8983294F8AA1201F01F03012B0DD0DD
:1091A800022B10D02BB101F08001204600F0AFFE59
:1091B80003E02946204600F0E4FA38BD2946204657
:1091C80000F017FBF9E72946204600F046FBF4E7D4
:1091D80038B504460D4641BB1346D0F89422032AFD
:1091E80001D0084638BDD0F85C11D0F86021914212
:1091F80009D890F89C32DBB2032B0FD0204600F040
:109208006BFC2846EEE7891AC0F85C118A4228BF31
:109218000A46194600F058FC2846E3E7D0F8B83269
:109228001B69002BEAD09847E8E790F89C32DBB23C
:10923800032B01D00020D5E7D0F8B8329B690BB1D9
:109248009847CFE70020CDE738B504460D460029FA
:109258004AD11346D0F89422022A05D094F8A032B5
:10926800012B3CD0284638BDC269016A8A420ED813
:109278008A4218D094F89C32DBB2032B27D0802185
:10928800204600F044FE204600F031FCE6E7521A82
:10929800C261194600F001FC00231A46194620460F
:1092A80000F06BFEDAE783699942E3D8D0F8982298
:1092B8009342DFD20022114600F0EFFB0021C4F8F0
:1092C80098120B460A46204600F057FEC6E7D4F827
:1092D800B832DB68002BD2D020469847CFE700236E
:1092E80084F8A0322846BEE790F89C32DBB2032B04
:1092F80001D00020B7E7D0F8B8325B690BB19847C6
:10930800B1E70020AFE7012380F89C320023C0F8C2
:1093180094324360C0F8A432D0F8B832F3B170B5D3
:109328000446D0F8BC221AB15B680BB100219847FB
:10933800402300221146204600F0D6FD0126A4F85D
:1093480064614025C4F860512B46002280212046E4
:1093580000F0CAFDA6842562002070BD0320704776
:1093680001740020704790F89C32DBB280F89D327F
:10937800042380F89C320020704790F89C32DBB2BE
:10938800042B01D00020704790F89D32DBB280F8A2
:109398009C32F7E7D0F8B82262B108B590F89C3251
:1093A800DBB2032B01D0002008BDD36923B1984755
:1093B8000020F9E7032070470020F5E70346002066
:1093C80002E00130C0B201331A78002AF9D170479F
:1093D80008B54B88012B00D008BDC0F8A43200F0B6
:1093E8007BFBF9E70B7803704B7843708B78CA786E
:1093F80043EA022343800B794A7943EA02238380B4
:109408008B79CA7943EA0223C380704710B50446B2
:10941800802100F07CFD0021204600F078FD10BD81
:1094280030B583B004460D460023ADF806304A88AF
:10943800130A013B0E2B00F2BC80DFE803F0153065
:1094480044BABA9EABBABABABABABABA0800D0F82D
:10945800B432DB6923B10DF10601007C98470AE0BC
:109468002946FFF7D3FF18E0D0F8B4321B680DF196
:109478000601007C9847EA88002A00F0A380BDF81E
:109488000630002B00F099809A4228BF1A46ADF8A2
:1094980006200146204600F0F3FA03B030BD037CF5
:1094A80043B9D0F8B8329B6A0DF1060098470223F9
:1094B8004370E0E7D0F8B832DB6A0DF10600984750
:1094C80002234370D7E7D2B2052A52D8DFE802F068
:1094D80003101D2A3744D0F8B4325B6823B10DF16C
:1094E8000601007C9847C6E72946FFF78FFFD4E7B7
:1094F800D0F8B4329B6823B10DF10601007C98477F
:10950800B9E72946FFF782FFC7E7D0F8B432DB682E
:1095180023B10DF10601007C9847ACE72946FFF717
:1095280075FFBAE7D0F8B4321B6923B10DF1060113
:10953800007C98479FE72946FFF768FFADE7D0F81A
:10954800B4325B6923B10DF10601007C984792E7BC
:109558002946FFF75BFFA0E7D0F8B4329B6923B137
:109568000DF10601007C984785E72946FFF74EFF75
:1095780093E72946FFF74AFF8FE7037C33B9D0F812
:10958800B8325B6B0DF10600984774E72946FFF780
:109598003DFF82E7037C43B9D0F8B8321B6B0DF16D
:1095A800060098470723437065E72946FFF72EFF13
:1095B80073E72946FFF72AFF6FE729462046FFF79A
:1095C80025FF6AE7204600F087FA66E738B50446C3
:1095D8008B88FBB9CB88EBB94B887F2B1AD803F063
:1095E8007F0590F89C32DBB2032B0CD080F89E529A
:1095F800294600F0B2FC204600F06EFA35B102238D
:1096080084F89C3209E0FFF701FF06E0012384F8A3
:109618009C3202E02046FFF7F9FE38BD70B50446DB
:109628000E468D782E4B1D70012D10D890F89C3267
:10963800DBB2022B0FD0032B23D0FFF7E7FE284B1A
:1096480019782046FFF790FD0325284670BDFFF7DF
:10965800DDFE0325F9E78DB145602946FFF77BFD5F
:10966800054620B131462046FFF7D0FEEDE72046FB
:1096780000F032FA032384F89C32E6E700F02CFA73
:10968800E3E7CDB141688D4225D0C9B2FFF76CFD43
:10969800134B197861602046FFF75DFD0546B0B1B0
:1096A80031462046FFF7B2FE21792046FFF75CFDE0
:1096B800022384F89C32C8E7022380F89C32456074
:1096C8002946FFF751FD204600F006FABDE720467F
:1096D80000F002FAB9E700F0FFF90025B5E700BF8E
:1096E800B006002008B5CB88012B0BD190F89C322E
:1096F800DBB2022B09D9032B09D10122011D00F08D
:10970800BFF901E0FFF782FE08BD5BB213B9FFF7AE
:109718007DFEF9E70146002341F8083F012200F0E9
:10972800AFF9F1E708B590F89C32013B022B12D84B
:10973800CB88022B0CD10123C360D0F8A4320BB123
:109748000323C360022200F10C0100F099F908BD5F
:10975800FFF75CFEFBE7FFF759FEF8E708B590F85E
:109768009C32013B022B09D84B88012B00D008BD45
:109778000023C0F8A43200F0AFF9F8E7FFF746FE7F
:10978800F5E738B50C7804F06004202C06D0402C9E
:1097980004D054B1FFF73AFE002404E0D0F8B83200
:1097A8009B6898470446204638BD4D78092D1DD83A
:1097B800DFE805F012191C161C08051C0F0BFFF733
:1097C8002FFEF0E7FFF702FFEDE7FFF727FF04465C
:1097D800E9E7FFF787FFE6E7FFF7A4FF2C46E2E794
:1097E800FFF7F6FDDFE7FFF7B9FFDCE7FFF70EFE4F
:1097F800D9E770B505460C460B7803F06003202BBB
:1098080007D0402B05D023B1FFF700FE00263046D5
:1098180070BD95F89C32013B022B18D82379012B97
:109828000FD8D5F8B8329B6821462846984706468F
:10983800E388002BEBD10028E9D1284600F04CF949
:10984800E5E721462846FFF7E1FD0026DFE7214648
:109858002846FFF7DBFD0026D9E7F8B506460D4692
:109868008B880C7804F06004202C08D0D9B2402CE6
:1098780005D06CB12946FFF7C9FD002406E0D6F8EB
:10988800B8329B6829463046984704462046F8BDBA
:109898006F78012F2FD0032F05D0002F59D02946DC
:1098A800FFF7B4FDF2E790F89C32DBB2022B05D04B
:1098B800032B12D02946FFF7A9FDE7E709B1802954
:1098C80004D129463046FFF7A1FDDFE700F01FFB72
:1098D8008021304600F01BFBD8E76B8823B919B10B
:1098E800802901D0EB881BB1304600F0F5F8CDE7B0
:1098F80000F00DFBF8E790F89C32DBB2022B05D0A4
:10990800032B12D02946FFF781FDBFE709B1802953
:1099180004D129463046FFF779FDB7E700F0F7FA9A
:109928008021304600F0F3FAB0E76B88002BADD108
:1099380011F07F0F0AD1304600F0CEF8D6F8B832D1
:109948009B6829463046984704469FE700F0E7FAA7
:10995800F1E790F89C22D2B2022A06D0032A29D035
:109968002946FFF753FD3C4690E709B1802913D1FA
:1099780013F0800F15D101F07F0101EB81018900FF
:1099880001F5A8713144043100230B6002223046EE
:1099980000F076F83C4679E72946FFF737FD3C4664
:1099A80074E701F07F0101EB810189001031314436
:1099B8000431E9E75BB2002B1FDB01F00F0202EB79
:1099C800820200EB8202B2F8642122B3002B27DB6B
:1099D80001F07F0303EB83039C0004F5A87434446F
:1099E800043409B1802924D10023236002222146AE
:1099F800304600F045F83C4648E701F00F0202EB1C
:109A0800820200EB8202928C002ADFD12946FFF7FE
:109A1800FDFC3C463AE72946FFF7F8FC3C4635E7AB
:109A280001F07F0303EB83039C00103434440434B7
:109A3800D7E7304600F07BFA10B101232360D5E761
:109A480000232360D2E7D0B170B50D461646044610
:109A5800FFF7B4FC431C5B009BB233802B700323DD
:109A68006B70022307E0EA5401345A1CD2B2002179
:109A7800A9540233DBB22278002AF4D170BD7047B2
:109A880008B513460222C0F894228361C3610A46CE
:109A9800002100F06AFA002008BD08B513460A46FE
:109AA800002100F062FA002008BD08B51346032221
:109AB800C0F89422C0F85831C0F85C310A46002139
:109AC80000F05BFA002008BD08B513460A460021DD
:109AD80000F053FA002008BD08B50422C0F894220B
:109AE80000231A46194600F040FA002008BD08B5C0
:109AF8000522C0F8942200231A46194600F03DFAC0
:109B0800002008BD08B500220F491048FFF7F1FAF8
:109B180070B90F490D48FFF703FB60B90D490B48B1
:109B2800FFF79BFA50B90948FFF711FB48B908BD80
:109B3800F7F70AFDEDE7F7F707FDEFE7F7F704FD9D
:109B4800F1E7F7F701FDF2E764010020B406002011
:109B5800D80000201C01002000207047002070471A
:109B68000020704738B5054620B119B10968B1F52C
:109B7800803F09D3064C29462046FFF780FA204645
:109B8800FFF79EFA002038BD89B201F013F8F1E71B
:109B9800B406002010B5064C002206492046FFF7FF
:109BA80063FA05492046FFF76AFA002010BD00BF96
:109BB800B40600208409002084110020094BD3F842
:109BC800BC32D3F814320BB10120704710B5054CE4
:109BD8000A4601462046FFF747FA2046FFF758FA9B
:109BE80010BD00BFB406002012230B800048704748
:109BF8005001002004230B80004870474C010020CE
:109C0800002393421ED200B510E00CF1370C01F886
:109C180013C000014FEA430C0CF1010C4FF0000E89
:109C280001F80CE00133DBB2934209D24FEA107C11
:109C3800B0F1204FE9D20CF1300C01F813C0E8E77D
:109C48005DF804FB7047000038B50B4BD3F890055E
:109C5800D3F89445D3F89835C01800D138BD074DCE
:109C680008222946FFF7CCFF042205F110012046FF
:109C7800FFF7C6FFF2E700BF0070FF1F32010020A8
:109C880008B51A230B80FFF7DFFF014808BD00BFA6
:109C98003001002008B50A4628B905490548FFF7EC
:109CA800D2FE034808BD02490248FFF7CCFEF8E798
:109CB80084190020B8BC000810B50A46034C214698
:109CC8000348FFF7C0FE204610BD00BF84190020DE
:109CD800D0BC000808B50A4628B905490548FFF769
:109CE800B2FE034808BD02490248FFF7ACFEF8E798
:109CF80084190020D8BC000808B50A4628B90549C7
:109D08000548FFF7A0FE034808BD02490248FFF7CF
:109D18009AFEF8E784190020E8BC0008032805D853
:109D2800DFE800F0050402050120704703207047B2
:109D380008B5F7F70BFC08BD10B596B004465422D9
:109D4800002101A801F0E8FE2268114B9A4201D0D7
:109D580016B010BD4FF40053019301A8FCF754FC52
:109D680090B90C4B9A6D42F400029A659B6D03F40E
:109D780000030093009B002211461420F9F7C4FB4E
:109D88001420F9F7D1FBE3E7F7F7DEFBE9E700BFBB
:109D9800005C00400010024008B500F52671D0F8BC
:109DA800D802FFF7E9F908BD08B501EB810300EB1C
:109DB800C303D3F86421D0F8D802FFF709FA08BD25
:109DC80008B501EB810300EBC3035A6AD0F8D80247
:109DD800FFF73AFA08BD08B5D0F8D802FFF7DAFA63
:109DE80008BD10B504464379022B09D10121D4F8E6
:109DF800D802FFF7B5FAD4F8D802FFF784FA10BDF5
:109E0800F7F7A2FBF2E7000010B50446D0F8D80235
:109E1800FFF7A9FA637A23B1024A136943F00603EC
:109E2800136110BD00ED00E010B50446437A23B974
:109E3800D4F8D802FFF7A1FA10BD044A136923F039
:109E480006031361FFF774FFF2E700BF00ED00E0BF
:109E580010B504461E48C0F8D842C4F8C4021D4BC9
:109E680003600823037102234371C3710023037243
:109E780043728372C372FAF7A8FF30BB182300221B
:109E88001146D4F8C402FBF7F6FE582300228021BD
:109E9800D4F8C402FBF7EFFEC02300228121D4F8D6
:109EA800C402FBF7E8FE4FF4887300220121D4F8BE
:109EB800C402FBF7E0FE4FF4807300228221D4F83D
:109EC800C402FBF7D8FE002010BDF7F73DFBD5E72D
:109ED800A41D0020005C004008B5D0F8C402FAF7C1
:109EE800CFFFFFF71BFF08BD08B594461A46634627
:109EF800D0F8C402FBF782FDFFF710FF08BD08B5D4
:109F0800D0F8C402FBF7BDFDFFF708FF08BD08B590
:109F1800D0F8C402FBF737FEFFF700FF08BD08B50D
:109F2800D0F8C402FBF768FEFFF7F8FE08BDD0F8CA
:109F3800C43211F0800F08D101F07F0101EB8101DB
:109F480003EBC10393F85201704701F07F0101EB65
:109F5800810103EBC103987C704708B5D0F8C402AF
:109F6800FBF760FCFFF7DAFE08BD08B5D0F8C402BD
:109F7800FBF7E3FDFFF7D2FE08BD08B5D0F8C40231
:109F8800FBF7B5FDFFF7CAFE08BD08B5D0F8C40257
:109F9800FBF7CAFD08BD000010B5044611B1012940
:109FA8000FD010BD437A23B9D4F8D802FFF7E5F9EA
:109FB800F7E7FFF7BDFE094A136923F006031361AB
:109FC800F2E7D0F8D802FFF7CEF9637A002BE8D091
:109FD800024A136943F006031361E2E700ED00E06B
:109FE80000487047841B002070470170C1F30723A5
:109FF8004370C1F307438370090EC170704703783B
:10A00800427843EA0223827843EA0243C07843EA6B
:10A018000060704700B58E464FF0000C4FF0FF33DC
:10A028000CE05B080132072A06D813F0010FF8D0BC
:10A03800074981EA5303F5E70CF1010CF44504D212
:10A0480010F80C2053400022EDE7D8435DF804FBDC
:10A058002083B8EDF8B504460F462430FFF7CFFF4C
:10A06800064624212046FFF7D5FF05462046FFF780
:10A07800C6FF1A4B984229D1201DFFF7C0FF0128BF
:10A0880026D1AE4226D104F10800FFF7B8FF3860A8
:10A0980004F10C00FFF7B3FF786004F11000FFF73C
:10A0A800AEFFB86004F11400FFF7A9FFF86004F1EF
:10A0B8001800FFF7A4FF386104F11C00FFF79FFFA9
:10A0C8007861B0F57A7F07D8012000E00020F8BD5C
:10A0D8000020FCE70020FAE70020F8E75034465556
:10A0E80038B505460C462822FF21204601F014FD0C
:10A0F80017492046FFF779FF0121201DFFF775FF5B
:10A10800296804F10800FFF770FF696804F10C0082
:10A11800FFF76BFFA96804F11000FFF766FFE96815
:10A1280004F11400FFF761FF296904F11800FFF733
:10A138005CFF696904F11C00FFF757FF24212046E2
:10A14800FFF768FF014604F12400FFF74EFF38BD12
:10A158005034465500B5A7B00BA801F017FC01A96B
:10A1680013A8FFF7BDFF002000F023FF282201A954
:10A17800002000F0FEFE27B05DF804FB00B591B0AA
:10A1880000F099FE00F0B9FE0C4B18700C4B002241
:10A198001A7010B911B05DF804FB282206A9002036
:10A1A80000F0C9FE694606A8FFF754FF18B16846D3
:10A1B80001F074FCEEE7FFF7CDFFEBE7812000200C
:10A1C80080200020034B1B7813B1034B01221A7027
:10A1D800704700BF812000208020002008B5064B72
:10A1E8001B7813B1054B1B7803B908BD034B00223C
:10A1F8001A70FFF7AFFFF8E78120002080200020C9
:10A208000378407843EA002070470378427843EAAD
:10A218000223827843EA0243C07843EA0060704729
:10A228000170090A417070470170C1F30723437038
:10A23800C1F307438370090EC170704700231F2BB9
:10A248000CD803EB430206498A5C824201D00133F1
:10A25800F5E703EB430308461844704700207047AE
:10A2680024BD000828B1837813F0010F03D1002022
:10A278007047002070470120704728B1837813F099
:10A28800020F03D10020704700207047012070475B
:10A2980038B32DE9F0410F4614461D4606461AB359
:10A2A8002BB3B2F8008008F103038B4222D808F1DF
:10A2B80001003044FFF7A4FF00EB080303339F427B
:10A2C8001BD316F808302B706880238803331E448C
:10A2D8006E60238803449BB2033323800020BDE8CB
:10A2E800F0814FF0FF3070474FF0FF30F7E74FF045
:10A2F800FF30F4E74FF0FF30F1E74FF0FF30EEE7C3
:10A3080030B10022A0F88621A0F8882180F88A219F
:10A31800704770B5BDF81450F8B114460646FAB146
:10A328001088421903328A421DD8335420880130DC
:10A3380029463044FFF774FF2088033080B220801C
:10A34800A5B1049BA3B12A461946304401F012FC7A
:10A3580023882B442380002009E04FF0FF3006E0DB
:10A368004FF0FF3003E04FF0FF3000E0002070BDF9
:10A378004FF0FF30FBE710B582B00124019404AC24
:10A388000094FFF7C6FF02B010BD2DE9F04184B07C
:10A3980004460D4616461F460DF10C080A9940461C
:10A3A800FFF742FF04230193CDF800803B46324675
:10A3B80029462046FFF7ADFF04B0BDE8F08100B59F
:10A3C80083B0DDF810C0CDF800C0FFF7DEFF03B0A2
:10A3D8005DF804FB10B582B084460C461046049A1A
:10A3E800002900F0EF8019462346002800F0ED8090
:10A3F800002A00F0ED80ACF10A04212C00F2EB8079
:10A40800DFE814F0220028002E0034003A00400053
:10A41800E90046004C00E90052005900600066005F
:10A428006D0074007A00800086008C00920098000D
:10A438009E00A400AA00B000B600BC00C200C8007C
:10A44800E900CE00D400DA001B6800936346FFF7EA
:10A458009CFFC2E05B6800936346FFF796FFBCE091
:10A468009B6800936346FFF790FFB6E0DB680093B4
:10A478006346FFF78AFFB0E01B6900936346FFF766
:10A488009EFFAAE05B6900936346FFF798FFA4E08C
:10A498001B6A00936346FFF778FF9EE05B6A0093B0
:10A4A8006346FFF772FF98E093F8423000936346E3
:10A4B800FFF761FF91E093F8383000936346FFF7A8
:10A4C8005AFF8AE0DB6B00936346FFF75EFF84E088
:10A4D80093F8403000936346FFF74DFF7DE093F813
:10A4E800413000936346FFF746FF76E01B8B0093ED
:10A4F8006346FFF74AFF70E05B8B00936346FFF704
:10A5080044FF6AE09B8B00936346FFF73EFF64E0DD
:10A51800DB8B00936346FFF738FF5EE05B6C0093CC
:10A528006346FFF74CFF58E09B6A00936346FFF7CA
:10A5380046FF52E09B6C00936346FFF726FF4CE012
:10A54800DB6A00936346FFF720FF46E0DB6C00936D
:10A558006346FFF71AFF40E01B6B00936346FFF763
:10A5680014FF3AE01B6D00936346FFF70EFF34E0DB
:10A578005B6D00936346FFF708FF2EE09B6D009329
:10A588006346FFF702FF28E0DB6D00936346FFF7A1
:10A59800FCFE22E05B6B00936346FFF7F6FE1CE0CF
:10A5A8001B6E00936346FFF7F0FE16E05B6E0093A8
:10A5B8006346FFF7EAFE10E09B6E00936346FFF7E1
:10A5C800E4FE0AE04FF0FF3007E04FF0FF3004E010
:10A5D8004FF0FF3001E04FF0FF3002B010BD000037
:10A5E8002DE9F043A1B01D46289E0023ADF87E302A
:10A5F800002A40D081460F469046002E3ED0338038
:10A6080004A801F0C3F9BDF87E30BB4231D202ABD9
:10A618000DF17E0239464846FFF73AFEA8B99DF883
:10A6280008402046FFF70AFEFFF71CFE68B1BDF898
:10A638000A3053B9282C0DD000962B46424604A95F
:10A648002046FFF7C7FE0028DDD04FF0FF3021B0CD
:10A65800BDE8F0830024082CD5D800962B46424646
:10A6680004A90848005DFFF7B5FE0028EDD10134C4
:10A67800F1E70020EBE74FF0FF30E8E74FF0FF305D
:10A68800E5E700BFF8BC0008F0B1F0B59FB00E4692
:10A6980015460746DAB10024148003A801F076F9BC
:10A6A80000E001341C2C0DD8009533463A4603A926
:10A6B8000848005DFFF78EFE0028F2D04FF0FF300B
:10A6C8001FB0F0BD0020FBE74FF0FF3070474FF0A0
:10A6D800FF30F5E704BD0008F0B5A7B007460E4601
:10A6E8000024ADF896400AA801F050F9202221462E
:10A6F80002A801F011FA03AC12AD0FCD0FC495E812
:10A70800030084E803009DF860308DF82430BDF81C
:10A718009630B34269D26B460DF1960231463846FF
:10A72800FFF7B6FD00285CD19DF800402046FFF7F2
:10A7380085FD0546FFF7A1FD002852D0BDF802208F
:10A748006B789A424DD1113C162C4AD8DFE804F0B8
:10A758000C1449491C494949494949494926492E3E
:10A768004936494949493E000198FFF74EFD039093
:10A7780001238DF80830CAE70198FFF746FD0490D9
:10A7880001238DF80830C2E7019B1B78012B28D8DC
:10A798008DF8243001238DF80930B8E70198FFF7C8
:10A7A80034FD059001238DF80830B0E70198FFF7D4
:10A7B8002CFD069001238DF80830A8E70198FFF7D3
:10A7C80024FD079001238DF80830A0E70198FFF7D2
:10A7D8001CFD0890B0F57A7F03D801238DF8083066
:10A7E80095E74FF0FF3027B0F0BD9DF8083023B94A
:10A7F8009DF809303BB90020F5E703A801F04EF9B0
:10A80800FFF7E0FCF4E79DF8240001F059F9002077
:10A81800E9E7F0B100B586464FF0000C4FF6FF703F
:10A8280010E040080133DBB2072B07D810F0010F06
:10A83800F7D04AF2010282EA5000F3E70CF1010C6A
:10A848001FFA8CFC8C4507D21EF80C3058400023A8
:10A85800EAE74FF6FF7070475DF804FB2DE9F84F03
:10A868000A9F9FB38346894690461C469E1CB6B2F3
:10A8780003F10805ADB2B6F5C07F29D8BDF82C3074
:10A888009D4227D804B13AB3AA233B7055237B7065
:10A8980007F1020A31465046FFF7C2FC87F804B0B8
:10A8A80087F8059064B9211D89B25046FFF7B1FFBA
:10A8B80001460436B819FFF7B3FC2846BDE8F88FFF
:10A8C80022464146B81D01F055F9ECE70025F4E7AA
:10A8D8000025F2E70025F0E70025EEE7E0B110B526
:10A8E800E4B08C4611461A460446D0F88C318BB138
:10A8F8004FF4C373019302AB0093BDF898316046DF
:10A90800FFF7ACFF014628B1D4F88C31D4F8902178
:10A9180002A8984764B010BD704700B583B00A46D6
:10A9280000230093FF21FFF7D9FF03B05DF804FB74
:10A93800F0B5E5B006460C461546881CFFF760FCE6
:10A94800237967790022ADF80E20072D0ED9063439
:10A95800811E89B2012809D9022B22D0032B31D0BC
:10A96800012B05D039463046FFF7D7FF65B0F0BD5B
:10A978000DF10E0300934FF4C07304AA2046FFF7AD
:10A988002FFE48B9BDF80E30009304AB3A460021BB
:10A998003046FFF7A3FFE9E739463046FFF7BDFF2A
:10A9A800E4E72046FFF798FE38B9002100910B46EE
:10A9B8003A463046FFF792FFD8E739463046FFF768
:10A9C800ACFFD3E739B90DF10E024FF4C07104A8FA
:10A9D800FFF75AFE20B139463046FFF79EFFC5E71C
:10A9E800BDF80E30009304AB3A4603213046FFF71A
:10A9F80075FFBBE768B170B50D46144606464FF4BF
:10AA0800CA72002101F088F8C6F88C51C6F8904146
:10AA180070BD7047002871D02DE9F8430F46904665
:10AA28000646002968D0002403E0AA282FD0013464
:10AA3800A4B2444560D2385D96F88A31002BF4D030
:10AA4800012B2BD0B6F88631B3F5C37F3AD25D1C03
:10AA5800ADB2A6F88651F054042D37D0B6F88891D7
:10AA6800B9F1000FE3D04D45E1D1A9F1020030441E
:10AA7800FFF7C6FB0546A9F1040189B2B01CFFF730
:10AA8800C8FE854232D03046FFF73AFCCFE7307037
:10AA98000123A6F8863186F88A31C8E7552806D0FA
:10AAA800AA280BD130700123A6F88631BFE7707051
:10AAB8000223A6F8863186F88A31B8E73046FFF7D0
:10AAC8001FFCB4E73046FFF71BFCB0E7B01CFFF7EC
:10AAD80097FB831E9BB2B3F5BF7F03D80630A6F859
:10AAE8008801BBE73046FFF70BFCA0E74A46314632
:10AAF8003046FFF71DFFC6E7BDE8F8837047000042
:10AB080010B518B329B3D4B2012C0DD0022C14D02F
:10AB18001CB14FF0FF34204610BDFFF74FF8002856
:10AB2800F9D04FF0FF34F6E70A230A4601460D48EC
:10AB3800FDF76EF880B90024EDE70A230A460146BE
:10AB48000948FDF765F850B90024E4E74FF0FF34F1
:10AB5800E1E74FF0FF34DEE74FF0FF34DBE74FF07B
:10AB6800FF34D8E7180600208405002010B500241B
:10AB780009E0012205494FF4CA70054B00FB043077
:10AB8800FFF738FF0134022CF3D910BD09AB0008D8
:10AB980084200020022801D801B102B9704708B505
:10ABA8004FF4CA7C024B0CFB0030FFF733FF08BDA3
:10ABB8008420002008B50A4601460020FFF7EAFF76
:10ABC80008BD000038B505460C4600212046F5F7BB
:10ABD800D5FD48B92846F5F7D1FB0449F5F726FC19
:10ABE8002146F5F7D7FC38BD0020FCE75AF551405F
:10ABF80001FB00F002EB1030B0F5803F01D34FF6B7
:10AC0800FF7080B2704700000023044A1360044AB2
:10AC18001360536093609381704700BF50250020F4
:10AC28004025002010B5074A13889BB2064C2380A4
:10AC38005088012240F6FF7180B2FFF7D9FF60808B
:10AC480010BD00BF502500204025002010B50C463F
:10AC5800012241F20301FFF7CBFF024B9880DC8011
:10AC680010BD00BF4025002098B110B50446FFF77D
:10AC7800D9FF084B1A8822805A8862809A88A28055
:10AC8800DA88E2801A8922815A8962819B89A381A4
:10AC980010BD70474025002008B50249FFF792FF14
:10ACA80008BD00BF00F07F4538B50C46FFF7F4FF3C
:10ACB80005460849F5F76CFD50B929460548F5F7EA
:10ACC800ABFA0549F5F766FC2146F5F7AFFB38BD49
:10ACD8000020FCE73333D33F52B89E3E08B5024903
:10ACE800FFF770FF08BD00BF00F07F4708B50249B5
:10ACF800FFF768FF08BD00BF00F07F4708B5FFF702
:10AD0800CBFF0249F5F792FB08BD00BFB4517F4164
:10AD180008B5FFF7C1FF0249F5F788FB08BD00BF7A
:10AD2800B4517F4108B54FF07E51FFF7BDFF08BD14
:10AD380008B54FF07E51FFF7B7FF08BD70B5F5F7BE
:10AD48001DFB4FF07851F5F771FB1749F5F76EFBCE
:10AD58000546164EB6F8CA0080B2F5F70FFB044652
:10AD6800B6F8A80080B2F5F709FB01462046F5F7CA
:10AD780053FA04460021F5F701FD90B9B6F8A8008A
:10AD880080B2F5F7FBFA01462846F5F745FA084977
:10AD9800F5F74CFB2146F5F7FDFB0649F5F73EFABA
:10ADA80070BD0448FCE700BFE7F88B3F0075FF1F44
:10ADB8000000C8420000F04100B338B50C46054613
:10ADC800D9B1C088FFF79AFF2060A888FFF7A0FFD5
:10ADD80060602888FFF7A6FFA0606888FFF7A8FFD3
:10ADE800E0602889FFF782FF20616889FFF776FF16
:10ADF8006061A889FFF7A2FFA06138BD7047000015
:10AE080008B5012211460248F8F71EFE08BD00BF2A
:10AE18000004004808B5002201210248F8F714FE92
:10AE280008BD00BF0004004800B587B08DF80F00CA
:10AE3800FF238DF817306423009301230DF11702C7
:10AE48000DF10F010548FBF71CFF20B99DF817000D
:10AE580007B05DF804FBFF20FAE700BFD404002028
:10AE680010B5FFF7D7FF0520FFF7DEFF054CFF20E1
:10AE7800FFF7DAFF10F0010F01D0013CF7D1FFF71F
:10AE8800BFFF10BDA086010010B50446C0F30740FF
:10AE9800FFF7CAFFC4F30720FFF7C6FFE0B2FFF7CA
:10AEA800C3FF10BD08B5FFF7B5FF0620FFF7BCFFCD
:10AEB800FFF7A6FF08BD08B5FFF7A2FF08BDF8B564
:10AEC80006460D46FFF7A6FF9F20FFF7ADFFFF20C0
:10AED800FFF7AAFF0746FF20FFF7A6FF0402A4B268
:10AEE800FF20FFF7A1FF40EA04039CB2FFF788FFA9
:10AEF80006B1377005B12C80F8BD00B583B001A943
:10AF08000DF10700FFF7DBFF9DF80730013BDBB2CF
:10AF1800FD2B0AD8BDF804304BB14FF6FF729342AF
:10AF280007D0012003B05DF804FB0020FAE70020F9
:10AF3800F8E70020F6E7D9B170B5044615460E4685
:10AF480002B970BDFFF78CFFFFF764FF0320FFF71E
:10AF58006BFF2046FFF798FF002404E0FF20FFF76F
:10AF680063FF30550134AC42F8D3FFF749FFE8E7F7
:10AF78007047E9B170B5044615460E4602B970BD72
:10AF8800FFF76EFFFFF78EFFFFF744FF0220FFF782
:10AF98004BFF2046FFF778FF002404E0305DFFF701
:10AFA80043FF0134A4B2AC42F8D3FFF729FFE6E728
:10AFB800704710B50446FFF753FFFFF773FFFFF71D
:10AFC80029FF2020FFF730FF2046FFF75DFFFFF73E
:10AFD80017FF10BD10B5F5F729FA04460021F5F75B
:10AFE800CDFB38B94FF07C512046F5F717F9F5F746
:10AFF80009FC10BD0020FCE710B5F5F717FA044668
:10B008000021F5F7C5FB38B94FF07C512046F5F71C
:10B0180003F9F5F7D1FB10BD4FF07C512046F5F749
:10B02800FDF8F5F7C9FBF6E7084B1B78032B09D8A1
:10B03800DFE803F0020A0406012070470420704785
:10B04800082070470F20704702207047AE25002067
:10B05800B0F5803F01D280B270474FF6FF7070475D
:10B06800814203DC824203DB00B2704708B27047BA
:10B0780010B2704708B5F5F781F90A49F5F78AFA69
:10B088000949F5F787FA0949F5F7D0F90849F5F7B5
:10B0980081FA4FF07C51F5F7C1F8F5F7B3FBFFF7EC
:10B0A800D7FF08BD00007A44B4517F4100F07F45C6
:10B0B8005AF5514008B5F5F761F90A49F5F76AFA02
:10B0C8000949F5F7B3F90949F5F7B0F90849F5F76A
:10B0D80061FA4FF07C51F5F7A1F8F5F793FBFFF70C
:10B0E800B7FF08BD00007A4452B89E3E00F07F4585
:10B0F8005AF5514010B5044640F60C00FFF7A8FF7A
:10B10800A04202D9001B80B210BD0020FCE700005D
:10B118000023094A1360094A1360094A1360094A5F
:10B128001360094A1360094A1360094A1360094AFF
:10B138001360094A13607047A02500209C25002051
:10B148009825002094250020902500208C2500209B
:10B1580088250020842500208025002038B5054D4D
:10B168002868FFF787FF044CA0606868FFF7A2FF14
:10B17800E06038BD88010020D425002070B54C4B14
:10B1880018884C4B1C784C4B1A6802441A604B497F
:10B198000B780133DBB20B70042B08D9484BA3FBA7
:10B1A8000232C2F38F000023434A13600B70012C54
:10B1B80039D0022C53D07CB1424B1E68F5F7DEF82B
:10B1C80005464149F5F732F9F5F7F6FA864262DAAB
:10B1D800384B01221A700EE03A4B1E68F5F7CEF88C
:10B1E80005463949F5F722F9F5F7E6FA86420ADA0B
:10B1F800304B01221A702F4B1B781B1B18BF0123E1
:10B20800324A137070BD32492846F5F70FF9F5F741
:10B21800D3FA864203DD274B02221A70EBE7254B4F
:10B2280003221A70E7E7274B1E68F5F7A7F80546CB
:10B238002749F5F7FBF8F5F7BFFA864203DD1D4B02
:10B2480002221A70D7E723492846F5F7EFF8F5F7F1
:10B25800B3FA8642CFDD174B03221A70CBE7194B9E
:10B268001E68F5F78BF805461749F5F7DFF8F5F787
:10B27800A3FA864203DA0F4B01221A70BBE716497C
:10B288002846F5F7D3F8F5F797FA8642B3DA094B6B
:10B2980003221A70AFE70E492846F5F7C7F8F5F705
:10B2A8008BFA8642A7DD034B02221A70A3E700BF80
:10B2B800B0250020A6250020582500205425002070
:10B2C800CDCCCCCCD4250020CDCC4C3FA52500201E
:10B2D8009A99993F9A99593F3333933FF8B57E4BE2
:10B2E8009C88D888FFF706FF7C4B9D681D60DB684B
:10B2F800181A7B4B186000EB40037A4E326802EB59
:10B30800430379490968411A0B4478490B6000EBFB
:10B3180040010A443260B2F5805F02DB40F6FF71FB
:10B328003160704A1268002A54DB714A1278022A86
:10B3380054D02B44694A13606E4A002111709D4213
:10B3480004DA664B1D60134601221A70634B1B68B2
:10B35800002B56DB614B1A68121B674B1A60674B50
:10B368001B7843B1002366490B6060490B605D4957
:10B378000B6062490B70634B1B78012B64D0022B66
:10B3880000F08680002B40D05D490B6841F66C7454
:10B3980004FB02335C4C26685C4D05FB06335C4DB0
:10B3A8002F6841F65C6C0CFB07335A4F3B602E60EC
:10B3B80022600B604C4A1060484C4FF4AA42A282AB
:10B3C8001812B4F91220882100EB4000FFF748FE5C
:10B3D800E0821CE0434A00211160A6E705EBD57224
:10B3E800B4EB620FA5DA2B443C4A136041490025AF
:10B3F8000D7052689342A9DD384B1A6001220A7019
:10B40800A4E7364B00221A60A4E7FFF781FE424BFF
:10B418001B7813B9314B88229A823049334B1B6809
:10B428008B61B1F914303D4A1268C3F5D4434033F7
:10B43800C2F89C30D2F89C305B08C2F8A830B1F949
:10B448001630C2F81C32F8BD2D4B186841F29741EE
:10B4580001FB02002C490D68314C04FB05002C4C03
:10B46800266841F2E53707FB06002A4E3060256062
:10B478000A601860194C4FF4E163E3820012B4F9D2
:10B488001020882100EB4000FFF7EAFDA082BEE70C
:10B498001B4B186841F66C7101FB02001A490D68D4
:10B4A8001A4C04FB05001A4C266841F65C6707FB3A
:10B4B8000600184E306025600A601860074C46F296
:10B4C800F043A3820012B4F91220882100EB400057
:10B4D800FFF7C6FDE0829AE7B0250020D4250020BA
:10B4E8009425002080250020902500208425002018
:10B4F800AE25002084010020A0250020A5250020DD
:10B5080088250020A62500209C2500203BC2FFFF9F
:10B51800982500208C250020A4250020D803002091
:10B5280085D7FFFF10B5064B00221A70054C032182
:10B538002046F9F76BF9C0212046F9F767F910BDE5
:10B54800A4250020D803002008B5FFF7EBFF002250
:10B558000A4B1A600A4B1A700A4B1A700A4B1A6087
:10B568005A609A60DA60882199821982D982598250
:10B578009A61FFF7CDFDFFF7F1FD08BDA825002072
:10B58800A6250020A5250020D425002008B5064AB8
:10B59800136803431360FFF7C5FF044B00221A70BA
:10B5A800034B04221A7008BDA8250020A6250020F8
:10B5B800AE250020F8B5294F294E3946F068FFF727
:10B5C80009FD054639467069FFF704FD044639460A
:10B5D800B069FFF711FD42F274739C4202D9B5F5C8
:10B5E800FA7F15D31F4B9B68834215DD1D4BDB6823
:10B5F800AB4215D81C4A138801339BB21380022B27
:10B6080011D9134600221A800820FFF7BFFF15E062
:10B618002020FFF7BBFF11E04020FFF7B7FF0DE048
:10B62800114B00221A800F4B1B69A34203D80F4B02
:10B638001B78032B03D00E4B00221A80F8BD0C4A4E
:10B64800138801339BB213800A2BF7D913460022C3
:10B658001A801020FFF79AFFF0E700BF00007A4435
:10B66800B0250020880100206A250020AE25002092
:10B678006825002030B585B06846FFF7F5FABDF8B3
:10B6880006C01D4B19688C44ACEBD1011960BDF89C
:10B6980000001A4B1A681044A0EBD2001860BDF8DD
:10B6A8000420174B1C682244A2EBD4021A60BDF890
:10B6B8000230144C25682B44A3EBD5032360C1F357
:10B6C800CF0C1149A1F800C0C0F3CF004880C2F3E5
:10B6D800CF028A80C3F3CF03CB80ADF806C0ADF8A4
:10B6E8000000ADF80420ADF8023008316846FFF7D5
:10B6F80063FB05B030BD00BF78250020742500200D
:10B70800702500206C250020B025002010B50A4CBB
:10B71800236846F64022C3F89C20C3F81C22032164
:10B728002046F9F758F8C0212046F9F754F8034B9A
:10B7380001221A7010BD00BFD8030020A4250020E4
:10B7480038B5664B1B78032B00F29880DFE803F0CE
:10B7580002082B8DFFF7F8FE604B01221A7038BDE6
:10B76800FFF7E0FE5E4B1B781BB95E4B00221A8088
:10B77800F5E75D4B1B681BB1584B04221A70EEE7C6
:10B78800584A138801339BB21380C82BE7D900238A
:10B798001380564A1380564A1380564A13704F4BEB
:10B7A80002221A70DBE7534B1B78002B31D0012B98
:10B7B8003DD0514B1B78002B52D04C4A1388013393
:10B7C8009BB213804A4A14880134A4B214804B4DAA
:10B7D800B5F91000C3EB031346F2F0428821184470
:10B7E800FFF73EFC2882B5F91200C4EB041444F2BA
:10B7F800105288212044FFF733FC68822A69404BA5
:10B808009A42ACD13B4B00221A70344B03221A7077
:10B81800A5E7FFF787FE394B88221A825A82FFF77D
:10B8280077FCFFF79BFC334B01221A7097E7354AE8
:10B83800138801339BB21380052B90D9134600223D
:10B848001A802E4C8823A3822382E3826382FFF727
:10B858005FFCA3685B106360264B02221A707EE7C8
:10B86800FFF756FCFFF752FFA7E71D4B1B78002B8D
:10B878007FF475AF194B01221A7070E7FFF752FE7B
:10B88800214B00221A70184B1A6832B9144B1B78D6
:10B898001BB1124B01221A7061E712F0300F3FF40E
:10B8A8005EAF1A490B8801339BB20B80B3F5C87F92
:10B8B8007FF655AF0B460021198015490B780133E7
:10B8C800DBB20B700A2B04D822F03002064B1A6048
:10B8D80045E70F4B0B221A7041E700BFAE25002049
:10B8E800AC25002066250020A8250020642500201E
:10B8F80062250020AD250020A4250020D4250020A5
:10B90800F064104560250020A62500205E25002053
:10B918005C25002010B5154B00241C605C609C6001
:10B92800DC601C615C619C6124222146104800F0A7
:10B93800F3F8104B41F288321A6042F210725A60E2
:10B948000D4A9A604CF25032DA6042F604121A61DB
:10B958005C610A4B1C700A4B1C700A4B1C700A4B2A
:10B9680001221A70FFF7F0FD10BD00BFD42500209A
:10B97800B02500208801002080380100AC25002077
:10B98800AE250020AD25002084010020002873D0BA
:10B9980070B58CB004466C22002100F0BDF808A8F0
:10B9A800FFF762F901A908A8FFF706FA334D2946FF
:10B9B8000198FFF70FFB206029460398FFF70AFB61
:10B9C800606029460298FFF705FBA06029460498A5
:10B9D800FFF700FB0646E06029460798FFF70CFBD7
:10B9E800206129460598FFF707FB6061BDF82630FE
:10B9F8002383BDF820306383BDF82430A383BDF8CA
:10BA08002230E3831E4D04F1200CAE46BEE80F0041
:10BA1800ACE80F009EE803008CE80300194B1B7884
:10BA280084F83830184B1B68E363FFF7FDFA84F895
:10BA38004000164B1B7884F84130154B1B7884F86E
:10BA48004230AB686364EB68A3642B69E364114B11
:10BA5800B3F914302365104B1B68D3F89C2062653A
:10BA6800D3F81C32A3656B69E36526666B68636669
:10BA78002B68A3660CB070BD704700BF00007A4405
:10BA880088010020AC250020A8250020A62500203C
:10BA980084010020D4250020D803002060B110B50F
:10BAA8008446064CBCE80F000FC49CE8030084E8F9
:10BAB8000300FFF753FB10BD704700BF880100204B
:10BAC80008B5034600B10123044A137003B108BD49
:10BAD800034B01221A70FFF725FDF8E7AC2500207B
:10BAE800AE25002008B50B4A138801339BB213809A
:10BAF800B3F57A7F02D2FFF7F1FB08BD13460022A7
:10BB08001A80FFF7B7FDFFF755FDFFF719FEFFF79E
:10BB180035FBF0E77C25002002440346934200D120
:10BB2800704703F8011BF9E770B50D4D0D4C641B08
:10BB3800A4100026A64209D10B4D0C4C00F08CF83D
:10BB4800641BA4100026A64205D170BD55F8043B1D
:10BB580098470136EEE755F8043B98470136F2E777
:10BB68008CBD00088CBD00088CBD000894BD000881
:10BB7800704770470A44914200F1FF3300D1704783
:10BB880010B511F8014B03F8014F9142F9D110BDDE
:10BB9800024B13B1024800F005B8704700000000DE
:10BBA800B9BB0008002301461A46184600F014B82D
:10BBB80038B5074D074C641BA4101CB9BDE83840C4
:10BBC80000F050B8013C55F824309847F5E700BF1D
:10BBD80094BD000898BD00082DE9F047DFF86CA077
:10BBE8000646DAF8000098460F469146FFF7C0FF70
:10BBF800174B1C680CB9174C1C606568DAF8000014
:10BC08001F2D05DDFFF7B5FF4FF0FF30BDE8F087CA
:10BC18009EB104EB85010122C1F88890D4F88831DF
:10BC2800AA401343C4F88831022EC1F8088102BF24
:10BC3800D4F88C311343C4F88C316B1C0235636023
:10BC480044F82570FFF795FF0020DFE7A0010020EA
:10BC5800F4250020F8250020F8B500BFF8BC08BC82
:10BC68009E467047F8B500BFF8BC08BC9E467047B2
:10BC780000000000010203040000000000000000B2
:10BC88000102030406070809010002000400060077
:10BC980008000A000C00100020004000800000018D
:10BCA8000804020408010101010101030701000061
:10BCB8005546344F56455220504F57455220436FF2
:10BCC8006D506F72740000005546344F564552004F
:10BCD800504F57455220436F6E6669670000000059
:10BCE800504F57455220496E74657266616365000E
:10BCF8001B0C1A1C0B0D292A2B0000000A0B0C0D1B
:10BD08000E0F111214151617181A1C1D1E1F2021AC
:10BD1800222324252627292A2B0000000A04010BA8
:10BD280004010C04010D04010E04010F04011104A7
:10BD3800031204031401011501031604011701017C
:10BD48001801011904011A04011B04011C04011D36
:10BD580004011E04031F040120040321040122041A
:10BD680003230401240401250401260401270403F4
:0CBD78002800012904012A04012B040109
:08BD8400F84AFF7F01000000F6
:08BD8C0099BB0008FD0100084D
:04BD9400D9010008C9
:10BD98000024F4000100000010000000090743001F
:10BDA800020104C032090400000102020100052456
:10BDB80000100105240100010424020205240600E4
:10BDC800010705820308001009040100020A0000A7
:10BDD800000705010240000007058102400000003D
:10BDE80009024300020100C03209040000010202F6
:10BDF80001000524001001052401000104240202A9
:10BE08000524060001070582030800100904010043
:10BE1800020A000000070501024000000705810230
:10BE28004000000009024300020100C0320904007A
:10BE3800000102020100052400100105240100018F
:10BE480004240202052406000107058203080010E5
:10BE580009040100020A00000007050102000200AF
:10BE68000705810200020000A18F0008598F000811
:10BE7800658E000800000000698D0008FB8D000831
:10BE8800D18D000800000000000000000000000044
:10BE9800AD8D0008A18D0008B98D0008C58D00087A
:10BEA8000A06000200000040010000009D9B0008F7
:10BEB800619B0008659B00086D9B0008699B000852
:10BEC8001A0300000000000000000000000000004D
:10BED8000000000000000000000000000403090446
:10BEE80012010002020200408304BB2C000201027E
:10BEF80003010000F19B0008FD9B0008C19C00089D
:10BF08009D9C0008899C0008DD9C0008019D000894
:10BF18000000000001000000881300001027000046
:10BF28008038010050C30000042900000000000010
:04BF3800F0250020D0
:0400000508001AFDD8
:00000001FF
