:020000040800F2
:1000000000000220B92D0008B92F0008C12F0008F8
:10001000C32F0008C52F0008C72F000800000000EC
:10002000000000000000000000000000C92F0008D0
:10003000CB2F000800000000CD2F0008CF2F0008B4
:100040002D2E00082D2E00082D2E00082D2E000824
:100050002D2E00082D2E00082D2E00082D2E000814
:100060002D2E00082D2E00082D2E0008D92F000857
:10007000E92F0008F92F000809300008193000089E
:100080002D2E00082D2E00082D2E00082D2E0008E4
:10009000493000082D2E00082D2E00082D2E0008B6
:1000A0002D2E0008593000082D2E00082D2E000896
:1000B0002D2E00082D2E00082D2E00082D2E0008B4
:1000C0002D2E00082D2E00082D2E00082D2E0008A4
:1000D0002D2E000829300008393000082D2E000888
:1000E0002D2E00082D2E00082D2E00082D2E000884
:1000F0002D2E00082D2E00082D2E00082D2E000874
:100100002D2E00082D2E00082D2E00082D2E000863
:100110002D2E00082D2E00086930000879300008C7
:100120002D2E00082D2E00082D2E00082D2E000843
:100130002D2E00082D2E00082D2E00082D2E000833
:100140002D2E00082D2E00082D2E00082D2E000823
:10015000BD0F00202D2E00082D2E00082D2E00088A
:100160002D2E00082D2E00082D2E00082D2E000803
:100170002D2E00082D2E00082D2E00082D2E0008F3
:100180002D2E00082D2E00082D2E00082D2E0008E3
:100190002D2E0008000000002D2E00082D2E000836
:1001A0002D2E00082D2E00082D2E00082D2E0008C3
:1001B0002D2E00082D2E00082D2E00082D2E0008B3
:1001C0002D2E00082D2E00082D2E00082D2E0008A3
:0801D0002D2E00082D2E000861
:1001D80010B5054C237833B9044B13B10448AFF379
:1001E80000800123237010BD0810002000000000CB
:1001F800D8D6000808B5034B1BB103490348AFF331
:10020800008008BD000000000C100020D8D60008AF
:1002180081F0004102E000BF83F0004330B54FEAAF
:1002280041044FEA430594EA050F08BF90EA020F1C
:100238001FBF54EA000C55EA020C7FEA645C7FEAAF
:10024800655C00F0E2804FEA5454D4EB5555B8BFD2
:100258006D420CDD2C4480EA020281EA030382EA43
:10026800000083EA010180EA020281EA0303362DD5
:1002780088BF30BD11F0004F4FEA01314FF4801CA8
:100288004CEA113102D0404261EB410113F0004FBA
:100298004FEA03334CEA133302D0524263EB430371
:1002A80094EA050F00F0A780A4F10104D5F1200E0F
:1002B8000DDB02FA0EFC22FA05F2801841F100016A
:1002C80003FA0EF2801843FA05F359410EE0A5F13E
:1002D80020050EF1200E012A03FA0EFC28BF4CF06F
:1002E800020C43FA05F3C01851EBE37101F0004525
:1002F80007D54FF0000EDCF1000C7EEB00006EEB32
:100308000101B1F5801F1BD3B1F5001F0CD34908BB
:100318005FEA30004FEA3C0C04F101044FEA445212
:1003280012F5800F80F09A80BCF1004F08BF5FEA99
:10033800500C50F1000041EB045141EA050130BD79
:100348005FEA4C0C404141EB0101013C28BFB1F58B
:10035800801FE9D291F0000F04BF01460020B1FAD6
:1003680081F308BF2033A3F10B03B3F120020CDAA9
:100378000C3208DD02F1140CC2F10C0201FA0CF087
:1003880021FA02F10CE002F11402D8BFC2F1200CEC
:1003980001FA02F120FA0CFCDCBF41EA0C019040A2
:1003A800E41AA2BF01EB0451294330BD6FEA0404EB
:1003B8001F3C1CDA0C340EDC04F11404C4F12002D6
:1003C80020FA04F001FA02F340EA030021FA04F3E8
:1003D80045EA030130BDC4F10C04C4F1200220FA3F
:1003E80002F001FA04F340EA0300294630BD21FA7D
:1003F80004F0294630BD94F0000F83F4801306BF43
:1004080081F480110134013D4EE77FEA645C18BF36
:100418007FEA655C29D094EA050F08BF90EA020FCD
:1004280005D054EA000C04BF1946104630BD91EAC5
:10043800030F1EBF0021002030BD5FEA545C05D1C8
:100448004000494128BF41F0004130BD14F5800407
:100458003CBF01F5801130BD01F0004545F0FE417B
:1004680041F470014FF0000030BD7FEA645C1ABFB0
:10047800194610467FEA655C1CBF0B46024650EAE7
:10048800013406BF52EA033591EA030F41F4002113
:1004980030BD00BF90F0000F04BF0021704730B599
:1004A8004FF4806404F132044FF000054FF000016E
:1004B80050E700BF90F0000F04BF0021704730B52F
:1004C8004FF4806404F1320410F0004548BF404204
:1004D8004FF000013EE700BF42004FEAE2014FEA59
:1004E80031014FEA02701FBF12F07F4393F07F4F34
:1004F80081F06051704732F07F4208BF704793F037
:100508007F4F04BF41F40021704730B54FF4607449
:1005180001F0004521F000411CE700BF50EA01024C
:1005280008BF704730B54FF000050AE050EA0102F5
:1005380008BF704730B511F0004502D5404261EB65
:1005480041014FF4806404F132045FEA915C3FF4A6
:10055800D8AE4FF003025FEADC0C18BF03325FEA43
:10056800DC0C18BF033202EBDC02C2F1200300FAF4
:1005780003FC20FA02F001FA03FE40EA0E0021FA19
:1005880002F11444BDE600BF70B54FF0FF0C4CF407
:10059800E06C1CEA11541DBF1CEA135594EA0C0FB9
:1005A80095EA0C0F00F0DEF82C4481EA030621EAF4
:1005B8004C5123EA4C5350EA013518BF52EA03352F
:1005C80041F4801143F4801338D0A0FB02CE4FF0E1
:1005D8000005E1FB02E506F00042E0FB03E54FF011
:1005E8000006E1FB03569CF0000F18BF4EF0010E09
:1005F800A4F1FF04B6F5007F64F5407404D25FEA05
:100608004E0E6D4146EB060642EAC62141EA5551B7
:100618004FEAC52040EA5E504FEACE2EB4F1FD0CF9
:1006280088BFBCF5E06F1ED8BEF1004F08BF5FEA77
:10063800500E50F1000041EB045170BD06F0004629
:1006480046EA010140EA020081EA0301B4EB5C04D6
:10065800C2BFD4EB0C0541EA045170BD41F48011CE
:100668004FF0000E013C00F3AB8014F1360FDEBFF3
:10067800002001F0004170BDC4F10004203C35DACF
:100688000C341BDC04F11404C4F1200500FA05F352
:1006980020FA04F001FA05F240EA020001F00042F3
:1006A80021F0004110EBD37021FA04F642EB060169
:1006B8005EEA430E08BF20EAD37070BDC4F10C0493
:1006C800C4F1200500FA04F320FA05F001FA04F257
:1006D80040EA020001F0004110EBD37041F1000143
:1006E8005EEA430E08BF20EAD37070BDC4F120054E
:1006F80000FA05F24EEA020E20FA04F301FA05F2B6
:1007080043EA020321FA04F001F0004121FA04F25D
:1007180020EA020000EBD3705EEA430E08BF20EA2D
:10072800D37070BD94F0000F0FD101F00046400067
:1007380041EB010111F4801F08BF013CF7D041EAE9
:10074800060195F0000F18BF704703F000465200ED
:1007580043EB030313F4801F08BF013DF7D043EABE
:100768000603704794EA0C0F0CEA135518BF95EA74
:100778000C0F0CD050EA410618BF52EA4306D1D1FB
:1007880081EA030101F000414FF0000070BD50EA1A
:10079800410606BF1046194652EA430619D094EAA4
:1007A8000C0F02D150EA013613D195EA0C0F05D18E
:1007B80052EA03361CBF104619460AD181EA0301E2
:1007C80001F0004141F0FE4141F470014FF000009A
:1007D80070BD41F0FE4141F4780170BD70B54FF035
:1007E800FF0C4CF4E06C1CEA11541DBF1CEA1355B5
:1007F80094EA0C0F95EA0C0F00F0A7F8A4EB050497
:1008080081EA030E52EA03354FEA013100F088808D
:100818004FEA03334FF0805545EA131343EA126356
:100828004FEA022245EA111545EA10654FEA00260B
:100838000EF000419D4208BF964244F1FD0404F5C4
:10084800407402D25B084FEA3202B61A65EB030520
:100858005B084FEA32024FF480104FF4002CB6EBDD
:10086800020E75EB030E22BFB61A754640EA0C005D
:100878005B084FEA3202B6EB020E75EB030E22BF9D
:10088800B61A754640EA5C005B084FEA3202B6EBDE
:10089800020E75EB030E22BFB61A754640EA9C009D
:1008A8005B084FEA3202B6EB020E75EB030E22BF6D
:1008B800B61A754640EADC0055EA060E18D04FEA2B
:1008C800051545EA16754FEA06164FEAC30343EACB
:1008D80052734FEAC2025FEA1C1CC0D111F4801F98
:1008E8000BD141EA00014FF000004FF0004CB6E791
:1008F80011F4801F04BF01430020B4F1FD0C88BF30
:10090800BCF5E06F3FF6AFAEB5EB030C04BFB6EB3A
:10091800020C5FEA500C50F1000041EB045170BD2D
:100928000EF0004E4EEA113114EB5C04C2BFD4EB5A
:100938000C0541EA045170BD41F480114FF0000EDE
:10094800013C90E645EA060E8DE60CEA135594EA5A
:100958000C0F08BF95EA0C0F3FF43BAF94EA0C0F5D
:100968000AD150EA01347FF434AF95EA0C0F7FF4D2
:1009780025AF104619462CE795EA0C0F06D152EA26
:1009880003353FF4FDAE1046194622E750EA41060A
:1009980018BF52EA43067FF4C5AE50EA41047FF41B
:1009A8000DAF52EA43057FF4EBAE12E74FEA41027E
:1009B800B2F1E04324BFB3F5001CDCF1FE5C0DD9B5
:1009C80001F0004C4FEAC0024CEA5070B2F1004FFF
:1009D80040EB830008BF20F00100704711F0804F02
:1009E80021D113F13872BCBF01F00040704741F4C7
:1009F80080114FEA5252C2F11802C2F1200C10FACB
:100A08000CF320FA02F018BF40F001004FEAC123AE
:100A18004FEAD32303FA0CFC40EA0C0023FA02F352
:100A28004FEA4303CCE77FEA625307D150EA013328
:100A38001EBF4FF0FE4040F44000704701F00040F8
:100A480040F0FE4040F40000704700BF53B94AB977
:100A5800002908BF00281CBF4FF0FF314FF0FF30BE
:100A680000F06AB9ADF1080C6DE904CE00F006F8A3
:100A7800DDF804E0DDE9022304B070472DE9F04712
:100A8800089D0C46002B4ED194468C458646B2FAFA
:100A980082F262D94AB1C2F12003914020FA03F3ED
:100AA8000CFA02FC194300FA02FE4FEA1C471FFA2F
:100AB8008CF6B1FBF7F44FEA1E4307FB141143EA27
:100AC800014304FB06F199420AD91CEB030304F124
:100AD800FF3080F01281994240F20F81023C63445A
:100AE800591A1FFA8EF3B1FBF7F007FB101143EA0E
:100AF800014300FB06F69E420AD91CEB030300F1F2
:100B0800FF3180F0FC809E4240F2F9806344023855
:100B18009B1B40EA044000211DB1D3400022C5E9D7
:100B28000032BDE8F0878B4205D90DB1C5E9000157
:100B380000210846F5E7B3FA83F1002946D1A3421C
:100B480002D39042C0F0F080861A64EB03030120C0
:100B5800002DE6D0C5E90063E3E7002A40F0908065
:100B6800A1EB0C044FEA1C481FFA8CF70121B4FBD7
:100B7800F8F64FEA1E4308FB164443EA044307FB12
:100B880006F0984208D91CEB030306F1FF3402D2A1
:100B9800984200F2CD8026461C1A1FFA8EF3B4FB49
:100BA800F8F008FB104443EA044300FB07F79F42B0
:100BB80008D91CEB030300F1FF3402D29F4200F274
:100BC800B0802046DB1B40EA0640A5E7C1F12006BD
:100BD8008B4022FA06F71F4320FA06FC04FA01F3B9
:100BE80043EA0C03F44000FA01F8380C4FEA1349C1
:100BF800B4FBF0FE1FFA87FC00FB1E4449EA0444DC
:100C08000EFB0CF9A14502FA01F20AD93C190EF1C2
:100C1800FF3A80F08480A14540F28180AEF1020E57
:100C28003C44A4EB09041FFA83F9B4FBF0F300FB7E
:100C3800134449EA044403FB0CFCA44507D93C19B6
:100C480003F1FF3067D2A44565D9023B3C4443EA2F
:100C58000E40A0FB0293A4EB0C049C42CE469C469B
:100C680051D34ED055B1B8EB0E0364EB0C0404FA23
:100C780006F6CB401E43CC40C5E90064002150E78E
:100C8800C2F1200320FA03F10CFA02FC24FA03F360
:100C980094400C434FEA1C4800FA02FE1FFA8CF7F6
:100CA800B3FBF8F008FB1031230C43EA014300FBC7
:100CB80007F1994208D91CEB030300F1FF362CD247
:100CC80099422AD9023863445B1AA4B2B3FBF8F1FB
:100CD80008FB113344EA034401FB07F3A34208D994
:100CE8001CEB040401F1FF3613D2A34211D90239D7
:100CF8006444E41A41EA004139E70446F0E608464C
:100D080006E7C845AED2B9EB020E63EB070C013813
:100D1800A8E73146EDE7034699E73046D4E7D646DB
:100D28007FE7634402384DE70646234608460FE747
:100D3800023E634430E700BF704700BF08B5002299
:100D48000121024805F0A0F908BD00BF00040048D1
:100D580008B501221146024805F096F908BD00BF02
:100D68000004004800B587B08DF80F0000238DF807
:100D780017304FF0FF33009301230DF117020DF1E7
:100D88000F01044808F09FF89DF8170007B05DF8B8
:100D980004FB00BF0C14002008B5FFF7CFFF0620A6
:100DA800FFF7E0FFFFF7D4FF08BD000010B5FFF71D
:100DB800C5FF0520FFF7D6FF054CFF20FFF7D2FF40
:100DC80010F0010F01D0013CF7D1FFF7C1FF10BDB2
:100DD800A086010070B504460E461546FFF7E6FFEB
:100DE800FFF7DAFFFFF7AAFF0220FFF7BBFFC4F304
:100DF8000740FFF7B7FFC4F30720FFF7B3FFE0B2E0
:100E0800FFF7B0FF002404E0305DFFF7ABFF0134CB
:100E1800A4B2AC42F8D3FFF79BFF70BD10B50446EF
:100E2800FFF7C4FFFFF7B8FFFFF788FF2020FFF7A1
:100E380099FFC4F30740FFF795FFC4F30720FFF7B6
:100E480091FFE0B2FFF78EFFFFF782FF10BD70B58C
:100E580004460E461546FFF7A9FFFFF76FFF03206C
:100E6800FFF780FFC4F30740FFF77CFFC4F30720B8
:100E7800FFF778FFE0B2FFF775FF002404E0FF20DA
:100E8800FFF770FF30550134AC42F8D3FFF760FF2D
:100E980070BD000010B58CB0002409940A940B941E
:100EA8002022214601A80CF047FA36484FF0A0430B
:100EB80003604FF4403343608460C46004610123DD
:100EC80043610422826104774477026280F82440F7
:100ED8004FF4D462C2624FF48062026380F8383003
:100EE8004FF48053C36380F8404003F0D7FC0028D8
:100EF80035D10023099309A9224804F077FC00287A
:100F080030D1214B019306230293012303937F23BE
:100F18000493042305930023069301A9194803F0B9
:100F280013FF10BB194B01930C23029301A9154819
:100F380003F00AFFE0B9164B01931223029301A9AB
:100F4800104803F001FFB0B9124B01931823029324
:100F580001A90C4803F0F8FE80B90CB010BD01F0EF
:100F6800B1FDC6E701F0AEFDCBE701F0ABFDD9E777
:100F780001F0A8FDDFE701F0A5FDE5E701F0A2FD1E
:100F8800EBE700BFD01100200800900C1000C01043
:100F9800020030040400600800B589B02022002156
:100FA80068460CF0C9F91B481B4B03604FF44033EB
:100FB800436000238360C36003614361042282614C
:100FC800037743770122026280F82430C362036307
:100FD80080F83830C36380F8403003F05FFC98B97C
:100FE8000E4B009306230193052302937F2303935B
:100FF80004230493002305936946064803F0A4FEDE
:1010080028B909B05DF804FB01F05CFDE8E701F0E0
:1010180059FDF6E76411002000010050001060320D
:1010280010B58CB0002409940A940B942022214610
:1010380001A80CF081F91F481F4B03604FF440339F
:1010480043608460C460046144610423836104775D
:1010580044770123036280F82440C462046380F863
:101068003840C46380F8404003F018FCC8B9002336
:10107800099309A90F4804F0B9FBA8B90F4B0193CC
:1010880006230293052303937F23049304230593E4
:101098000023069301A9074803F056FE38B90CB09F
:1010A80010BD01F00FFDE2E701F00CFDE6E701F0ED
:1010B80009FDF4E7F8100020000400500200300495
:1010C80000B589B02022002168460CF035F91B488C
:1010D8001B4B03604FF44033436000238360C360BD
:1010E800036143610422826103774377012202622C
:1010F80080F82430C362036380F83830C36380F813
:10110800403003F0CBFB98B90E4B009306230193B4
:10111800072302937F230393042304930023059357
:101128006946064803F010FE28B909B05DF804FBCB
:1011380001F0C8FCE8E701F0C5FCF6E78C100020D8
:10114800000600501000C09030B5A3B0044600213E
:101158001D911E911F9120912191542208A80CF0F5
:10116800EBF82368B3F1A04F0CD0724A93425BD0DE
:10117800714A934200F08B80704A934200F0BA8023
:1011880023B030BD4FF4004308934FF00053199338
:1011980008A807F05BFB002835D1694A13680133BA
:1011A8001360012B32D0674BDA6C42F00102DA642B
:1011B800DB6C03F001030293029B0F231D930323AF
:1011C8001E9300251F951DA94FF0904004F06CFE5A
:1011D8005D485E4B0360052343608560C5608023DE
:1011E80003614FF4807343614FF48063836120236C
:1011F800C3614FF40053036204F0C2FC88B9524B38
:1012080063659C62BCE701F05DFCC6E74D4BDA6C98
:1012180042F40052DA64DB6C03F400530193019B3F
:10122800C1E701F04FFCEAE74FF4004308934FF0A1
:101238000053199308A807F009FBD0B9404A13686E
:1012480001331360012B17D03E4BDA6C42F00202D7
:10125800DA64DB6C03F002030493049B04231D93FC
:1012680003231E9300231F931DA9394804F01CFE75
:1012780086E701F027FCE1E7324BDA6C42F40052D2
:10128800DA64DB6C03F400530393039BDCE74FF44D
:10129800803308934FF000431A9308A807F0D6FA52
:1012A800D0B92C4A136801331360012B17D0254B92
:1012B800DA6C42F00202DA64DB6C03F00203069394
:1012C800069B02231D9303231E9300231F931DA92E
:1012D8001F4804F0E9FD53E701F0F4FBE1E7194B7F
:1012E800DA6C42F48042DA64DB6C03F480430593E1
:1012F800059BDCE74FF4803308934FF000431A93C3
:1013080008A807F0A3FA88B9124A136801331360D2
:10131800012B7FF435AF0B4BDA6C42F48042DA6470
:10132800DB6C03F480430793079B29E701F0CAFBB2
:10133800EAE700BF0001005000040050000600501A
:1013480028100020001002402C1000200800024045
:10135800000400482410002000B583B01E4B9A6C8E
:1013680042F004029A649A6C02F004020092009A15
:101378009A6C42F001029A649B6C03F0010301939A
:10138800019B002205210B2004F06EFB0B2004F0CA
:101398007BFB002211460C2004F066FB0C2004F0B5
:1013A80073FB002205210D2004F05EFB0D2004F0E4
:1013B8006BFB002205210E2004F056FB0E2004F0E2
:1013C80063FB002205210F2004F04EFB0F2004F0E0
:1013D8005BFB03B05DF804FB00100240814203DCB4
:1013E800824203DB00B270470846704710467047D8
:1013F800034B83FB0023A3EBE07000B200027047AD
:101408005655555530B583B0384B1C8B5B8B0191C5
:1014180091B18AB1DDED017AB8EE677A07EE902ACC
:10142800F8EEE77A02283DD003282DD0012808D00D
:101438002F4B00221A7002E02D4B00221A7003B0C5
:1014480030BDC7EE876ADFED2B7A66EEA77AB6EE77
:10145800007A77EE877A254B9A8A12B28821FDEEB8
:10146800E77A17EE900AFFF7B9FF0446FFF7C0FFC7
:101478004FF4E165204B1C80204B1D80204B1860E9
:101488001B4B01221A70DAE7184C608BE28A12B201
:10149800882100B2FFF7A2FF0546248B24B2FFF78C
:1014A800A7FFE7E737EEC77AC7EE276AF5EEC06A07
:1014B800F1EE10FA17D4DFED0F7A66EEA76AF6EEB2
:1014C800007A76EEA76A094CE28A12B28821FDEE0C
:1014D800E67A17EE900AFFF781FF0546248B24B2BF
:1014E800FFF786FFC6E7DFED076AE4E70C00002098
:1014F800781200200080D4460A000020080000204E
:10150800741200200000000008B5C84BD3ED077A1C
:10151800F8EE677ADFEDC66A67EEA67ADFEDC55AA0
:1015280087EEA56AB2EE0E7A26EE076AD3ED037A45
:10153800F8EE677A67EEA67AC7EEA56A66EE876A5E
:10154800BD4B1B78DBB2012B21D0DFEDBC7ABC4B45
:101558009B79DBB2012B1DD05AB2002A55D0023B31
:10156800DBB2012B54D8B14B93ED047AB8EE477A2D
:10157800DFEDAF5A27EE257A9FEDAE5AC7EE055A32
:1015880077EEE57ADFEDAF5A87EEA57A17E0DFED63
:10159800AE7ADCE7A54BD3ED047AF8EE677A9FEDD7
:1015A800A47A67EE877ADFEDA35A87EEA57ADFED96
:1015B800A77A77EEC77ADFEDA35A87EEA57A9E4B16
:1015C8001B78DBB2012B26D0DFED9C7A9C4B9B79F4
:1015D800DBB2012B22D05AB2B2B3023BDBB2012BF1
:1015E80035D8924BD3ED015AF8EE655A9FED905AD3
:1015F80065EE855ADFED8F4A85EEA45A77EEC55A17
:101608009FED905AC5EE857A23E09FED917AD6E753
:101618009FED8F7AD3E7DFED8C7AD7E7834BD3ED55
:10162800017AF8EE677ADFED825A67EEA57ADFED88
:10163800815A87EEA55ADFED855A75EEC55A9FED9A
:10164800815AC5EE857A04E0DFED817A01E0DFEDAD
:10165800807A804BD3ED005A36EE656AB0EEC65AF2
:10166800F0EE004AB4EEE45AF1EE10FA10DCF6EEB1
:10167800004AB4EEE45AF1EE10FA34DCDFED764AB3
:10168800B4EEE45AF1EE10FA30DDB0EE645A01E03F
:101698009FED725A26EE056A35EE866A6D4B83ED2C
:1016A800006A6F4B83ED006A6E4B93ED006A76EE2D
:1016B800C66AF0EEE65AB0EE005AF4EEC55AF1EEFC
:1016C80010FA16DCB6EE005AF4EEC55AF1EE10FA2E
:1016D8003ADC9FED615AF4EEC55AF1EE10FA36DDA8
:1016E800F0EE455A07E09FED605AD3E79FED675A41
:1016F800D0E7DFED5A5A66EEA56A76EE266A594BB0
:10170800C3ED006A594BC3ED006A594BD3ED006A2B
:1017180037EE667AB0EEC76AF0EE005AB4EEE56AC4
:10172800F1EE10FA16DCF6EE005AB4EEE56AF1EEC8
:1017380010FA3ADCDFED485AB4EEE56AF1EE10FA39
:1017480036DDB0EE656A07E0DFED475AD3E7DFED37
:101758004F5AD0E79FED416A27EE067A36EE877A30
:10176800434B83ED007A434B83ED007A424B93ED74
:10177800007A77EEC77AF0EEE76AB0EE006AF4EE28
:10178800C66AF1EE10FA16DCB6EE006AF4EEC66A26
:10179800F1EE10FA47DC9FED306AF4EEC66AF1EE1E
:1017A80010FA75DDF0EE466A07E09FED2F6AD3E781
:1017B8009FED366AD0E7DFED296A67EEA67A77EE05
:1017C800277A2D4BC3ED007A2C4BC3ED007A294BB9
:1017D800D3ED007AF0EEE77A9FED1F7AF4EEC77A40
:1017E800F1EE10FA01D500221A60244BD3ED007AED
:1017F800F0EEE77A9FED187AF4EEC77AF1EE10FA78
:1018080001D500221A6001F019FD1D4B83ED000A75
:1018180001F030FD1B4B83ED000A01F049FD1A4B26
:1018280083ED000A08BDDFED106AC6E7A8120020A4
:101838003333534000F07F4579120020D7A3D03FBF
:10184800C8120020295C0F3EB29DCF3F3333D33FEF
:1018580000000000E0120020CDCCCC3D3333333FF4
:1018680094120020DC1200209A99993E90120020D0
:10187800D81200208C120020D412002088120020D8
:1018880084120020801200207C1200208FC2F53CB8
:101898005FED026A91E700BF014B01221A80704791
:1018A800C812002019490023CB71194A1268D2F8CE
:1018B800980340F00300C2F89803D2F8980340F068
:1018C800C000C2F898038B718B80124A136088217C
:1018D800118391825183D1820F4A13600F4A13609A
:1018E8000F4A13600F4A13600F4A13600F4B104AD8
:1018F8005A604FF07E529A600E4B0F4A1A600F4B97
:101908000F4A1A600F4B104A1A607047C81200201D
:10191800F81200200C0000203800001034000010DD
:101928003000001024000010200000109C1200203D
:101938000000A040EC1200200000A042E8120020A5
:1019480000003842E41200209A99314138B5164A0D
:101958000023D37193711372144A1370144A1370CD
:10196800144A1360536093608824148394825483C8
:10197800D482114D2B68D3F8982342F00302C3F8A0
:101988009823D3F8982342F0C002C3F8982346F668
:101998004022C3F89C200BF0B3FE2B68C3F8A800C4
:1019A800C3F81C4238BD00BFC81200201600001042
:1019B800791200200C000020F81200201A4BD3EDF9
:1019C800007AF5EEC07AF1EE10FA0ED4174BDB79F7
:1019D8003BB1164B5B7A23B1144B1B889BB2032B8C
:1019E80006D0134B00221A707047DFED127AEDE72C
:1019F8000F4B1B78DBB2012B0AD09FED0F7AF4EE68
:101A0800C77AF1EE10FA02DB094B01221A7070470F
:101A18009FED0A7AF4EEC77AF1EE10FAF7D8044B84
:101A280000221A70704700BF88120020C8120020D8
:101A38007912002000000000CDCC4C4033333340F5
:101A48003B4BDB79B3B13A4B5B7A002B37D0394B40
:101A58001B78DBB2012B34D0354B9B79DBB2022BE0
:101A680031D0334B9B79DBB2032B01D0C02202E08B
:101A7800402200E000222E4BDB79DBB22E490978A8
:101A88008B4222D0C02A3AD0402A41D02B4B196829
:101A9800D1F8983343F0C003C1F89833244BD87970
:101AA80025490870587A264908709979254B197084
:101AB800204B1978244B1970244B1A607047002268
:101AC800D9E7C022D7E74022D5E7194B5B7ADBB2CA
:101AD8001B4909788B42D5D1154B9B79DBB2194943
:101AE80009788B42CED1184B1978124B1B78DBB290
:101AF8009942C7D1154B1B689342C3D1DEE70F4B00
:101B08001968D1F8943343F0C003C1F89433C5E79A
:101B18000A4B1B68D3F8941341F04001C3F894139F
:101B2800D3F8981341F08001C3F89813B6E700BFC3
:101B3800C81200207912002007000020F8120020A7
:101B480006000020050000200400002000000020FE
:101B580008B5FFF7FBFE044B9B889BB213B9024BF9
:101B680001221A8008BD00BFC812002008B5FFF77F
:101B7800EDFE0E4A138801339BB21380C82B0BD994
:101B88001346C8221A800A4B9B889BB223B9084B7C
:101B98005B7ADBB2012B00D008BD0023034A138017
:101BA800034A02211180034A1370F5E762120020EC
:101BB800C8120020981200207B4B1B78012B61D0A3
:101BC800022B7DD003B17047784AD371784A1268E6
:101BD800D2F8981341F00301C2F89813D2F8981379
:101BE80041F0C001C2F89813724A88219182D182CB
:101BF80071490B6071490B6071490B6071490B6049
:101C080071490B6071490B8071490B8071490B80D8
:101C18005360714BD3ED016AF2EE0E7A86EEA77A25
:101C28009FED6E6AC7EE067ADFED6D6A67EEA67AFB
:101C3800FDEEE77AC2ED027AD3ED027A9FED697A7A
:101C480067EE877A9FED687A37EE677AC7EE067A8D
:101C580067EEA67AFDEEE77AC2ED037AD368B3F5AC
:101C6800805F03DB134640F6FF72DA60514BDB6896
:101C7800002B03DB4C4B01221A7070474D4B00229E
:101C8800DA60F7E7514A138801339BB21380052BBA
:101C980099D900231380474A88211183918251835F
:101CA800D18245490B6045490B6045490B60454960
:101CB8000B6045490B6053603B4B02221A7070471A
:101CC8003A4BDB79EBB93C4A13603C4A13603C4A17
:101CD80013603C4A13603C4A1360354B1B6846F658
:101CE8004022C3F89C20C3F81C22D3F8942342F066
:101CF800C002C3F89423D3F8942342F00302C3F834
:101D080094232A4B0122DA712A4B5A689B689A421B
:101D18000ADA284B5A6804325A605A689B689A4211
:101D280002DD244B9A685A60294B1A88013292B214
:101D38001A8028490B8801339BB20B801D49888A79
:101D4800C2EB021212FA80F212B28A82CA8AC3EB7A
:101D5800031313FA82F31BB2CB828B8A9BB246F22F
:101D6800E032934200D98A82124BDB8A9BB244F25A
:101D78001052934201D90F4BDA820E4B9B8A1BB249
:101D880046F2E03293427FF41EAF0A4BDB8A1BB265
:101D980044F2105293427FF416AF044B03221A8088
:101DA800014B00221A700EE798120020C81200207A
:101DB800F81200200C000020380000103400001039
:101DC80030000010240000102000001060120020D5
:101DD8005E1200205C1200209C1200203333534016
:101DE80000F07F45295C0F3E3333D33F3C4BD3EDA6
:101DF800027AF8EE677A9FED3B6A67EE867ADFED46
:101E08003A6A87EEA67AF2EE0E7A27EE277AD3EDB3
:101E1800007AF8EE677A67EE867A87EEA66ADFEDD3
:101E2800337A77EEC67A9FED326AC7EE866AF1EEAC
:101E3800047AF4EEE76AF1EE10FA1EDDF6EE007AA7
:101E4800B4EEE77AF1EE10FA17D52A4A0023D371D7
:101E5800294B1B68D3F8941341F00301C3F894137A
:101E6800D3F8941341F0C001C3F8941393889BB23C
:101E780043F020039380042313801E4B9B8813F0A8
:101E8800200F2CD01D4A136801331360B3F5C87FA7
:101E980025DD134600221A60194B1B780A2B14D92A
:101EA800174B0B221A70134B0022DA71124B1B6866
:101EB800D3F8942342F00302C3F89423D3F894236D
:101EC80042F0C002C3F89423704701330C4A1370E0
:101ED800084A93889BB223F020039BB293807047F3
:101EE800A81200203333534000F07F453333D33FEB
:101EF800295C0F3EC8120020F8120020581200205A
:101F0800561200201E4BD3ED027AF8EE677A9FED49
:101F18001D7A67EE877ADFED1C6A87EEA67AF2EE05
:101F28000E7A67EE277A194B93ED007AB4EEE77ACA
:101F3800F1EE10FA20D8164A138801339BB21380A9
:101F4800022B1CD900231380124AD371124B1B6831
:101F5800D3F8981341F00301C3F89813D3F89813F2
:101F680041F0C001C3F8981393889BB243F008036B
:101F78009380042313807047054B00221A80704712
:101F8800A81200203333534000F07F45E8120020A8
:101F980054120020C8120020F81200203C4BD3ED48
:101FA800007AF8EE677A9FED3B7A67EE877ADFED85
:101FB8003A6A87EEA67ADFED397A77EEC77ADFEDEF
:101FC800386A87EEA67A374BD3ED007AF4EEC77AF3
:101FD800F1EE10FA04D8344B1B889BB2032B2ED099
:101FE800324B00221A80304B9B8813F0100F4ED0D2
:101FF8002F4A138801339BB21380B3F5C87F46D9A3
:10200800134600221A802B4A138801339BB213808F
:102018000A2B35D913460B221A80234B0022DA717A
:10202800254B1B68D3F8982342F00302C3F8982382
:10203800D3F8982342F0C002C3F8982370471B4A8C
:10204800138801339BB213800A2BCCD90023138049
:10205800154AD371184B1B68D3F8981341F0030144
:10206800C3F89813D3F8981341F0C001C3F8981334
:1020780093889BB243F01003938004231380B2E744
:10208800094A93889BB223F010039BB29380704750
:10209800A81200203333534000F07F453333D33F39
:1020A800295C0F3EE4120020C812002052120020C2
:1020B800501200204E120020F812002010B50446DD
:1020C80002F0A4FB2CB1042C0CD95F2C0BD95F2493
:1020D80009E00023184A1370184A1360184A126856
:1020E800D3631BE00524144B1B7833B9124B012230
:1020F8001A7000F59673114A1360104B1B681B1A6F
:10210800002B0CDC04EB840462000D4BDB68B3EBA2
:10211800440F00D313460A4A1268D36310BD084B14
:10212800DB6840F2B532934201D940F2B633044A33
:102138001268D363F2E700BF401200203C1200206F
:10214800BC14002008B5424BD3ED007A414BD3EDC7
:10215800006A9FED417AF4EEC77AF1EE10FA4DDD90
:102168009FED3E7AF4EEC77AF1EE10FA46D59FED70
:102178003A7AF4EEC76AF1EE10FA3FDD9FED377A4E
:10218800F4EEC76AF1EE10FA38D5354B93ED007AC4
:10219800B4EEE77AF1EE10FA07D9314B93ED007AF5
:1021A800B4EEE67AF1EE10FA2CD82E4B1B78092BF8
:1021B80002D801332B4A13702A4B1B78092B20D9DC
:1021C800294B01221A800022DA71284A1268D2F8B3
:1021D800981341F00301C2F89813D2F8981341F00C
:1021E800C001C2F898139A8892B242F040029A80CD
:1021F80004221A805F20FFF761FF02E0194B0022DA
:102208001A7008BD174B00221A70174B9B8813F0E1
:10221800400FD1D0124B93ED007AB1EE046A37EE3D
:10222800467AB4EEE77AF1EE10FAC5DBD3ED007A20
:1022380077EEC67AF4EEE67AF1EE10FABCDB0A4ADB
:1022480093889BB223F040039BB29380B4E700BF0E
:102258008412002080120020000020C200001643D3
:10226800EC1200204D120020C8120020F8120020A5
:1022780010EE103A0360704730B58DB001220BA9FB
:102288000020FEF7E4FD9DF82C300BB90DB030BDF1
:102298000020FEF7C3FD00248DF81440264D95ED6F
:1022A800010A6846FFF7E4FF95ED020A01A8FFF767
:1022B800DFFF224B93ED000A02A8FFF7D9FF204B5E
:1022C80093ED000A03A8FFF7D3FF1E4B93ED000A16
:1022D80004A8FFF7CDFF234626E0581C03F130027F
:1022E8006A4412F8304C03F13101694401F81C4C7E
:1022F80012F82C4C03F13501694401F81C4C12F812
:10230800284C03F13901694401F81C4C12F8244C9B
:1023180003F13D01694401F81C4C12F8202C4133AB
:102328006B4403F81C2CC3B2032BD6D9152205A97C
:102338000020FEF74FFDA9E79C120020EC120020B8
:10234800E4120020E8120020324B93ED007AF7EEF9
:10235800007AB4EE677AF1EE10FA00D0704730B523
:102368008DB00020FEF75AFD00248DF81840294D45
:1023780095ED010A01A8FFF77BFF95ED020A02A877
:10238800FFF776FF244B93ED000A03A8FFF770FFD1
:10239800224B93ED000A04A8FFF76AFF204B93ED48
:1023A800000A05A8FFF764FF234626E0581C03F13E
:1023B80030026A4412F82C4C03F13101694401F8E7
:1023C800184C12F8284C03F13501694401F8184CEF
:1023D80012F8244C03F13901694401F8184C12F839
:1023E800204C03F13D01694401F8184C12F81C2CEB
:1023F80041336B4403F8182CC3B2032BD6D91522EA
:1024080006A90020FEF7E6FC024B00221A600DB078
:1024180030BD00BF9C120020EC120020E412002006
:10242800E8120020036800EE103A704700B52DED61
:10243800048B8BB014220DEB02010120FEF707FD7F
:10244800002325E003F128020DEB020111F8142CFA
:1024580001F8182C03F12C026A4412F8142C01F824
:102468001C2C03F130026A4412F8142C01F8202CB9
:1024780003F134026A4412F8142C01F8242C03F1F5
:1024880038026A4412F8142C01F8282C0133DBB204
:10249800032BD7D904A8FFF7C5FFF0EE408A03A89D
:1024A800FFF7C0FFB0EE408A02A8FFF7BBFFF0EECF
:1024B800409A01A8FFF7B6FFB0EE409A6846FFF7CA
:1024C800B1FFF0EE407AF4EE688AF1EE10FA0ED120
:1024D800F5EEC08AF1EE10FA09DD9FED327AF4EEDE
:1024E800C78AF1EE10FA02D82F4BC3ED018AB4EE79
:1024F800488AF1EE10FA0ED1B5EEC08AF1EE10FA64
:1025080009DB9FED2A7AB4EEC78AF1EE10FA02D8F9
:10251800254B83ED028AF4EE699AF1EE10FA10D198
:10252800B2EE047AF4EEC79AF1EE10FA09DB9FEDE9
:10253800207AF4EEC79AF1EE10FA02D81D4BC3EDDB
:10254800009AB4EE499AF1EE10FA10D19FED1A7A7A
:10255800B4EEC79AF1EE10FA09DB9FED147AB4EEE7
:10256800C79AF1EE10FA02D8144B83ED009AF4EEF4
:10257800677AF1EE10FA10D1B7EE007AF4EEC77A66
:10258800F1EE10FA09DB9FED077AF4EEC77AF1EE67
:1025980010FA02D80A4BC3ED007A0BB0BDEC048BDD
:1025A8005DF804FB0000C8429C120020000048426D
:1025B80000001643EC120020CDCCCC3DE4120020E4
:1025C800E812002030B589B00024039404940594DF
:1025D80006940794174BDA6C42F02002DA64DA6C3E
:1025E80002F020020092009ADA6C42F00102DA64EA
:1025F800DA6C02F001020192019ADA6C42F00202EE
:10260800DA64DB6C03F002030293029B0A4D224654
:1026180043F62101284603F037FD43F621030393CF
:10262800012304930594069403A9284603F03CFC6F
:1026380009B030BD001002400004004802680E4B8B
:102648009A4200D0704700B583B003F528431A6E4C
:1026580042F080621A661B6E03F080630193019B4F
:1026680000220121442003F0FFF9442003F00CFA72
:1026780003B05DF804FB00BF0068014070B588B086
:1026880000230393049305930693079302681A4B58
:102698009A4201D008B070BD03F52843DA6C42F0C5
:1026A8000202DA64DA6C02F002020192019ADA6C30
:1026B80042F00102DA64DB6C03F001030293029B2F
:1026C8004FF44043039302260496032506950D24F0
:1026D800079403A9094803F0E7FB4FF440730393F9
:1026E8000496002305930695079403A94FF090409C
:1026F80003F0DAFBCEE700BF0068014000040048A1
:1027080010B5BAB00024389439943494359436947A
:1027180037942D942E942F9430943194329433948A
:102728006022214615A80AF007FE12941394149407
:10273800242221460DEB02000AF0FEFD202221464C
:1027480001A80AF0F9FDA548A54B03604460846020
:1027580003F0D2FE002840F002810C219F4803F0CC
:1027680037FF002840F0FE800A219C4803F069FFEB
:10277800002840F0FA804FF4803338934FF4006318
:10278800399338AA0121954803F096FF002840F0B4
:10279800EF8000220121914804F0C7F8002840F09A
:1027A800EA8046F640233493002135913691082378
:1027B800379334AA894803F066FF002840F0DE808A
:1027C80000212D912F91309133912DAA834804F047
:1027D800B7F9002840F0D5801023159300211691F1
:1027E80017911891012319931A911B911C911D910E
:1027F8001E914FF000631F93209121914FF00053D9
:102808002293239124914FF0004325934FF4807332
:102818002693279129912A912B912C9115AA6F48DB
:1028280004F048F9002840F0AF800023159327935F
:1028380015AA0321694804F03DF9002840F0A78053
:1028480043F22053129312AB01220021634804F093
:10285800E5F9002840F09E8012AB042200215F4871
:1028680004F0DCF9002840F0988045F2E4731293F4
:102878004FF4805313930021149112AB0822574848
:1028880004F0CCF9002840F08B80002109916423E2
:102898000A930B914FF400420C924FF480420D9230
:1028A8000E930F914FF0004310934FF08043119314
:1028B80009AA4A4804F060F9002874D109AA03213A
:1028C800464804F059F9002870D1002101910423E9
:1028D80002930823039304910591069107910891A7
:1028E80001AB01223D4804F07AFA002861D101AB1E
:1028F80040220321394804F072FA00285CD10021F3
:102908000291039101AB0222344804F068FA0028CE
:1029180055D101AB80220321304804F060FA002829
:1029280050D134AA03212D4803F0ADFE00284CD124
:102938002DAA0321294804F003F9002848D14FF4AF
:102948008873129312AB01220321244804F066F91C
:10295800002840D12148FFF791FE3AB010BD00F0A1
:10296800B1F8FAE600F0AEF8FEE600F0ABF802E7E0
:1029780000F0A8F80DE700F0A5F812E700F0A2F8BB
:102988001EE700F09FF827E700F09CF84DE700F0FD
:1029980099F855E700F096F85EE700F093F864E7D9
:1029A80000F090F871E700F08DF887E700F08AF8FA
:1029B8008BE700F087F89AE700F084F89FE700F0CB
:1029C80081F8A6E700F07EF8ABE700F07BF8AFE708
:1029D80000F078F8B3E700F075F8BBE7F8120020CC
:1029E8000068014008B50848084B036003234360AA
:1029F8004FF47A73C360836004F027FA00B908BD06
:102A080000F060F8FBE700BFF4130020003000403E
:102A180010B504460268234B9A4208D02268224B1C
:102A28009A421AD02268214B9A4237D010BD204AC8
:102A380013889BB201339BB213801E4A13889BB242
:102A480001339BB213801C4A13889BB201339BB29B
:102A580013801A4804F02FFAE0E70AF045FEFFF762
:102A6800C5F9FFF76FFBFFF74DFAFFF797FAFEF787
:102A7800A5FF0AF03DFE0AF03FFEFEF7E1FF01F078
:102A880029FC0F4A13780133DBB21370032BC9D921
:102A9800134600221A7001F0DFFBC3E7FEF734FD8E
:102AA800C4E700BF0010004000140040004401408B
:102AB8000A1400200814002006140020F413002033
:102AC8000414002072B6FEE700B595B03822002144
:102AD80006A80AF031FC00200190029003900490AF
:102AE800059005F003FA292306934FF480330793E2
:102AF80001230B930C9302230D9303220E920522BC
:102B08000F9244221092119308221292139306A84E
:102B180005F0A6FA90B90F2301930323029300232B
:102B280003930493059304210DEB010005F04EFD7A
:102B380030B905F071FE15B05DF804FBFFF7C2FF70
:102B4800FFF7C0FF08B501F045FEFFF7BDFFFFF72F
:102B580039FDFEF701FCFEF79DF9FEF7B1FAFFF724
:102B6800CFFD00F0CBF800F00BFD01F091FC01F077
:102B7800C3FCFEF711FAFEF753FA09F03BFE00F02A
:102B880001FC00F029FC00F051FCFFF72BFF344B4F
:102B980000221A800821334806F092FF5F20FFF7D1
:102BA8008DFA314806F078FC304806F075FC30485C
:102BB80006F072FC00F05AF900F06EF8FEF772FEAB
:102BC800FFF75AFBFFF732FC01F0E8FA0122202157
:102BD800284803F059FA642001F01EFE264C7F2194
:102BE800204602F0B5FD7F21244802F0B1FD7F2187
:102BF800234802F0ADFD7F21224802F0A9FD0422FE
:102C08002149204602F098FC204C4FF40031204620
:102C180004F001F94FF48011204604F0FCF8226812
:102C2800D2F88C3043F01003C2F88C3001E001F088
:102C380051FB174B1B889BB2312BF8D9144B002240
:102C48001A8000F023F9134B1B889BB2B3F5FA7F67
:102C5800EDD3104B00221A80FFF776FBE7E700BFA1
:102C6800C8120020BC1400205415002008150020AC
:102C78007014002000040048D011002064110020C6
:102C8800F81000208C100020F0120020F81200200C
:102C9800061400200A14002000230C4A13600C4A72
:102CA80013600C4A13600C4A13600C4A13600C4AF8
:102CB80013600C4A13600C4A13600C4A13600C4AE8
:102CC80013700C4A13600C4A1370704738000010D8
:102CD8003400001030000010240000102000001004
:102CE8001C000010180000102C0000102800001014
:102CF80016000010100000100C00001008B5104855
:102D0800104B03604FF482734360002383604FF4D9
:102D1800E062C260036143614FF40072826118226D
:102D2800C2610362436283620722C26203630823AB
:102D3800436306F054F800B908BDFFF7C3FEFBE78C
:102D48000C1400200030014000B589B00023039323
:102D580004930593069307930268144B9A4202D092
:102D680009B05DF804FB03F560431A6E42F4805223
:102D78001A661A6E02F480520192019ADA6C42F0D5
:102D88000102DA64DB6C03F001030293029BE02387
:102D9800039302230493032306930523079303A9AC
:102DA8004FF0904003F080F8DAE700BF00300140B0
:102DB8001348854600F064F912481349134A002362
:102DC80002E0D458C4500433C4188C42F9D3104AD2
:102DD800104C002301E013600432A242FBD30E48DA
:102DE8000E490F4A002302E0D458C4500433C418D3
:102DF8008C42F9D30AF0A8FAFFF7A4FEFEE7000018
:102E0800000002200000002074040020A8D7000859
:102E180008100020E47C002078040020081000201E
:102E28001CDC0008FEE7B0FBF1F000F00100704781
:102E380010B582B001900C4C9DF804204FF400614D
:102E4800204603F021F99DF805204FF480512046D3
:102E580003F01AF99DF806204FF40051204603F0BC
:102E680013F902B010BD00BF0004004800B583B0DC
:102E780000238DF8043001228DF805208DF80630E6
:102E88000198FFF7D5FF03B05DF804FB30B589B0B2
:102E980001F0BCFC04464FF4FA71FFF7C4FF054685
:102EA80064212046FFF7BFFF324B9B889BB26BB96A
:102EB800304B1B889BB2042B08D02E4B1B889BB22F
:102EC800032B4BD8DFE803F00E1A333E8DF80400CD
:102ED80000238DF805308DF806300198FFF7A8FF1C
:102EE80009B030BD00238DF8083001228DF8092083
:102EF8008DF80A300298FFF79BFFF1E71D4B5B7ACC
:102F080053B100238DF818308DF819008DF81A3058
:102F18000698FFF78DFFE3E700238DF81C308DF846
:102F28001D508DF81E300798FFF782FFD8E7002361
:102F38008DF80C308DF80D008DF80E000398FFF712
:102F480077FFCDE700238DF810308DF8113001237D
:102F58008DF812300498FFF76BFFC1E78DF8140065
:102F680000238DF815308DF816300598FFF760FFAF
:102F7800B6E700BFC812002000B583B00B4B1A6E2D
:102F880042F001021A661A6E02F001020092009ADB
:102F98009A6D42F080529A659B6D03F080530193BD
:102FA800019B05F029F803B05DF804FB001002400E
:102FB80008B505F03BFCFEE7FEE7FEE7FEE7FEE7A7
:102FC80070477047704708B501F014FC08BD000051
:102FD80008B5024802F005FF08BD00BF2C1000200C
:102FE80008B5024802F0FDFE08BD00BF905B002056
:102FF80008B5024802F0F5FE08BD00BF305B0020AE
:1030080008B5024802F0EDFE08BD00BF505C002084
:1030180008B5024802F0E5FE08BD00BFF05B0020DD
:1030280008B5024806F0BAFF08BD00BF445D00209D
:1030380008B5024806F0B2FF08BD00BFB05C00202A
:1030480008B5024804F009FD08BD00BFD07400208F
:1030580008B5024806F06EFA08BD00BF70140020DB
:1030680008B5024806F066FA08BD00BF54150020EE
:1030780008B5024806F05EFA08BD00BF0815002032
:10308800034AD2F8883043F47003C2F88830704796
:1030980000ED00E020EE800AF7EE007A77EEE00A15
:1030A800D0ED007A60EEA70A30EE200A80ED000A23
:1030B800704700000000000040F6FE73984202D9F5
:1030C8009FED490A70472DE9D0430C46C0F57F6053
:1030D8000F3007EE900AF8EE677A17EE900AFDF7C0
:1030E800FBF935A3D3E90023FDF74EFA34A3D3E95E
:1030F8000023FDF773FBFDF759FCFDF7EDF980465A
:10310800894631A3D3E90023FDF73EFA06460F4668
:1031180042464B4628A1D1E90001FDF77DF8024659
:103128000B4630463946FDF759FBFDF73FFC00EEEC
:10313800100AF2EE047A80EE270A0AF0A3F910EEDC
:10314800100AFDF7C9F922A3D3E90023FDF746FBCE
:1031580021A3D3E90023FDF761F802460B460020BE
:103168002249FDF73BFBFDF721FCFDF7B5F91CA350
:10317800D3E90023FDF750F8FDF718FC00EE100A1C
:10318800DFED197AB4EEE70AF1EE10FA09D4DFEDB3
:10319800187AB4EEE70AF1EE10FA04DD9FED140A8E
:1031A80001E09FED110A2046DFED120AFFF772FFDA
:1031B800BDE8D083AFF300806666666666660A403F
:1031C8000000000000FEAF403333333333331B407D
:1031D800000000000068AA40000000E0E1796B3FB1
:1031E8006666666666127140000020C20000F03F05
:1031F8000000F042CDCCCC3D70B5D8B10C460646A7
:10320800D1B102F0FFF8054610B10025284670BD7F
:103218000221304601F090FC40B9304601F038FDFB
:103228002060304602F072FA0125EFE7304602F0DE
:103238006DFAEBE70025E9E70025E7E700B583B07D
:1032480001A90948FFF7D8FF28B9084B93ED000AF0
:1032580003B05DF804FB06490198FFF72DFF034B07
:1032680083ED000AF4E700BF641100204400002049
:103278004000002000B583B001A90948FFF7BCFF52
:1032880028B9084B93ED000A03B05DF804FB064922
:103298000198FFF711FF034B83ED000AF4E700BF25
:1032A800F81000203C00002038000020000000003A
:1032B80070B52DED028B82B001A92B48FFF79CFF5A
:1032C80030B92A4B93ED000A02B0BDEC028B70BDF9
:1032D800274EB6F8CA309BB2B6F8A82092B29B1A0D
:1032E80007EE903AF8EEE77A9FED227A87EE278A82
:1032F800DDED017AF8EE677A17EE900AFDF7ECF843
:1033080017A3D3E90023FDF73FF904460D46B6F8A5
:10331800A80080B2FDF7CEF802460B4620462946A3
:10332800FCF77AFF04460D4618EE100AFDF7D4F8AC
:1033380022462B46FDF728F900220F4BFCF76EFFBB
:10334800FDF734FB00EE100A0C48DFED0D0AFFF71D
:10335800A1FE064B83ED000AB6E700BFAFF300807D
:10336800999999999999F13F8C100020340000207F
:103378000075FF1F0000C84200003E4030000020DA
:10338800CDCCCC3D00B585B00023019302930393C7
:103398000F48104A0260A9224260836040F2E73376
:1033A800C3608023836106F02FFA50B9002301938C
:1033B800039301A9064806F041FC28B905B05DF859
:1033C80004FBFFF77FFBF1E7FFF77CFBF6E700BFA5
:1033D800541500200010004000B585B0002301936B
:1033E800029303930F48104A0260A9224260836047
:1033F80041F28733C3608023836106F005FA50B930
:1034080000230193039301A9064806F017FC28B985
:1034180005B05DF804FBFFF755FBF1E7FFF752FB3A
:10342800F6E700BF081500200014004008B50A4858
:103438000A4B0360A92343600023836042F20F72A2
:10344800C260036143618023836106F0DDF900B93E
:1034580008BDFFF737FBFBE770140020004401406C
:1034680000B585B00368224A934208D0214A9342A6
:1034780018D0214A934228D005B05DF804FB1F4BB1
:103488009A6D42F010029A659B6D03F01003019348
:10349800019B00220321362002F0E6FA362002F0D2
:1034A800F3FAE9E7154B9A6D42F020029A659B6D95
:1034B80003F020030293029B00220221372002F02E
:1034C800D3FA372002F0E0FAD6E70C4B1A6E42F432
:1034D80000321A661B6E03F400330393039B002229
:1034E8000321192002F0C0FA192002F0CDFAC3E72F
:1034F8000010004000140040004401400010024049
:103508000268094B9A4200D0704782B003F55C43C9
:103518001A6E42F400521A661B6E03F400530193AC
:10352800019B02B0704700BF0034014000B587B06E
:1035380000230193029303930493059302680E4BAF
:103548009A4202D007B05DF804FB03F55C43DA6CDD
:1035580042F00202DA64DB6C03F002030093009B82
:103568004FF400730193022302930A23059301A9E0
:10357800024802F099FCE5E70034014000040048E5
:1035880010B598B000241594169417940E940F94BF
:10359800109411941294139414943422214601A87F
:1035A80009F0CAFE29482A4B0360A92343608460B6
:1035B80040F2E733C360046144618023836106F00D
:1035C80053F9002836D1002315931693179315A99C
:1035D8001E4806F033FB00282FD160230E934FF4CA
:1035E800FA730F9300231093119312931393149368
:1035F80008220EA9154806F0B7F908BB0023019365
:1036080002930393049305934FF400520692079391
:10361800089309934FF000720A920B930C930D9341
:1036280001A90A4806F060FB68B90848FFF77EFF61
:1036380018B010BDFFF746FAC5E7FFF743FACCE725
:10364800FFF740FADAE7FFF73DFAEEE7BC1400208F
:10365800003401400020704710B50446FFF7FAFF18
:10366800A04214BF0020012010BD000010B5044680
:10367800FFF7F2FF50B1022C0AD841F20E4303FBC8
:1036880004F000F61800034B184410BD0020FCE7B6
:103698000020FAE7EC160020B0F5803F01D280B296
:1036A80070474FF6FF707047B5EEC00AF1EE10FA9A
:1036B8000FD908B5DFED087A20EE270AF6EE007A72
:1036C80030EE270AFCEEC07A17EE900AFFF7E4FF07
:1036D80008BD0020704700BF00007A44B5EEC00A5C
:1036E800F1EE10FA11DBDFED107A20EE270AF6EE84
:1036F800007A30EE270AFDEEC07A17EE900A00280D
:1037080010DB08B5FFF7C8FF08BDDFED077A20EE2C
:10371800270AF6EE007A30EE670AFDEEC07A17EE59
:10372800900AECE7002070470000C842094B1B884C
:103738009BB2032B09D8DFE803F0020A0406012034
:10374800704704207047082070470F2070470220F8
:10375800704700BFC8120020084B9B79DBB2022BD0
:1037680007D0032B07D0012B01D000207047012080
:103778007047022070470320704700BFC81200201E
:10378800034B1878C0B2013818BF0120704700BF3A
:1037980016000010064B9B79DBB2012B03D0054BBA
:1037A800588B80B27047034B188B80B2704700BFAC
:1037B800C81200200C00002008B50D4B1B68002B18
:1037C80013DD0B4BD3ED007AF8EEE77A9FED097A1B
:1037D80067EE877AB2EE0E7A67EE877A9FED060A71
:1037E80087EE800AFFF760FF08BD0020FCE700BFF6
:1037F8000C0000203333534000F07F4508B5034BDD
:1038080093ED020AFFF750FF08BD00BF9C1200208D
:1038180008B50E4BD3ED007AF5EEC07AF1EE10FA4A
:1038280009DC0B4BD3ED007AF5EEC07AF1EE10FA15
:1038380006DC002003E093ED000AFFF735FF08BD22
:1038480093ED000AFFF730FFF9E700BF8812002068
:103858008C120020014BB3F808087047EC160020C2
:10386800014BB3F808087047EC1600201B4AD2ED4C
:10387800016AF2EE0E7A86EEA77A9FED196AC7EE14
:10388800067ADFED186A67EEA67AFDEEE77A164B40
:10389800C3ED027AD2ED027A9FED147A67EE877A49
:1038A8009FED137A37EE677AC7EE067A67EEA67A47
:1038B800FDEEE77AC3ED037ADB68B3F5805F03DBDF
:1038C800094B40F6FF72DA60074BDB68002B00DB20
:1038D8007047054B0022DA60FAE700BF9C1200200F
:1038E8003333534000F07F450C000020295C0F3E25
:1038F8003333D33F10B52DED028B654B93ED008A22
:10390800644BD3ED007AF4EEC87AF1EE10FA01DDDB
:1039180093ED008A604B93ED000AFFF7C5FE5F4BFD
:1039280018805F4B93ED000AFFF7BEFE5D4B1880D1
:103938005D4B93ED000AFFF7B7FE5C4B18805C4BBC
:1039480093ED000AFFF7B0FE5A4B18805A4B93EDDF
:10395800000AFFF7C3FE594B18804D4B93ED000A40
:10396800FFF7BCFE564B18804A4B93ED000AFFF751
:10397800B5FE544B1880544C94ED010AFFF794FEA1
:10398800524B188094ED020AFFF78EFE504B1880B8
:10399800FFF7F6FE4F4B18804F4B5B7A002B75D024
:1039A80001224E4B1A804C4B9A884D4B1A80FFF7D8
:1039B800BDFE4C4B1880FFF7CFFE4B4B18804B4C8D
:1039C800A069FFF769FE4A4B18802069FFF764FE7B
:1039D800484B1880A068FFF75FFE474B18802068A7
:1039E800FFF75AFE454B1880B0EE480AFFF776FEFF
:1039F800434B1880434B93ED000AFFF76FFE424B91
:103A08001880294B93ED000AFFF74EFE3F4B1880B4
:103A18003F4B93ED000AFFF747FE3E4B1880244BBF
:103A280093ED000AFFF740FE3B4B18803B4B93EDAC
:103A3800000AFFF739FE3A4B1880FFF7ABFE394B07
:103A48001880394B1C68D4F89C00FFF725FE374BCB
:103A58001880D4F81C02FFF71FFE354B1880FFF7BB
:103A6800F9FE344B1880FFF7FBFE334B1880FFF745
:103A7800CFFE324B1880FFF7C1FE314B1880FFF79D
:103A88009BFE304B1880BDEC028B10BD002288E7EE
:103A9800841200208012002094120020DE150020DD
:103AA8008C120020DC15002090120020DA1500206E
:103AB80088120020D81500207C120020D61500207E
:103AC800D4150020D21500209C120020D01500200B
:103AD800CE150020CC150020C8120020CA150020E1
:103AE800C8150020C6150020C4150020A812002003
:103AF800C2150020C0150020BE150020BC150020EE
:103B0800BA150020EC120020B8150020B6150020C8
:103B1800E8120020B4150020B2150020E41200209D
:103B2800B0150020AE150020F8120020AC150020BA
:103B3800AA150020A8150020A6150020A41500200D
:103B4800A2150020A015002080B1072910D90278FD
:103B5800AA2A01D0002070474278552A01D00020B7
:103B680070470379902B05D00020704700207047DC
:103B7800002070470120704788B1094A92F8072849
:103B88006AB10178064A1278914208D100F580534B
:103B9800B3F80C341BB9024B002283F8072870478E
:103BA800EC160020054BD3F8BC322BB1D3F8140225
:103BB800B0FA80F04009704701207047E05D0020AE
:103BC80080B310B5044600F5805393F80D346BB1FB
:103BD800037823B9144AD2F88820202A07D0012B69
:103BE8000BD0022B14D02046FFF7C6FF10BD00F5FE
:103BF8008053002283F80D24F5E70C4AD2F8882078
:103C0800202AEED104F58053002283F80D24EAE738
:103C1800FFF7C8FF0028E6D004F58053002283F898
:103C28000D24E0E7704700BF445D0020B05C002031
:103C380008B500F0EBFD5030014BC3F8140808BD7F
:103C4800EC16002010B5054BD3F8144800F0DEFD43
:103C5800201A0028D4BF0020012010BDEC16002037
:103C680010B5112009F010FA044668B1614B1B88A1
:103C780007EE903AF8EE677ADFED5F6A87EEA67A8C
:103C88005E4B83ED017A0124122009F0FDF968B139
:103C98005B4B1B8807EE903AF8EE677ADFED566AC1
:103CA80087EEA67A554B83ED027A01241E2009F08F
:103CB800EBF9D0B1534B1B8807EE903AF8EE677AD0
:103CC800DFED516A87EEA67AF2EE047AB4EEE77A6F
:103CD800F1EE10FA09DBDFED4D7AB4EEE77AF1EE9A
:103CE80010FA02D84A4B83ED007A202009F0CCF96B
:103CF800D0B1484B1B8807EE903AF8EE677ADFEDB3
:103D08003E6A87EEA67AF7EE007AB4EEE77AF1EE2D
:103D180010FA09DBDFED3C7AB4EEE77AF1EE10FA3F
:103D280002D83D4B83ED007A222009F0ADF9D0B1DD
:103D38003A4B1B8807EE903AF8EE677ADFED2E6A69
:103D480087EEA67ADFED367AB4EEE77AF1EE10FA6E
:103D580009DBDFED347AB4EEE77AF1EE10FA02D837
:103D6800314B83ED007AE4B9152009F08DF938B1AB
:103D78002E4B1B88E3B101222D4B5A725B7ACBB1D3
:103D8800272009F081F9002833D02A4B1B885A1EB6
:103D980092B240F2B5318A4217D8312B17D8322364
:103DA80015E0164B4FF07E521A60FFF75FFDDBE718
:103DB8000022E1E7FDF7CAFD1D4B1B889BB2042BCF
:103DC800DED01B4B01221A80DAE740F2B6331A48DC
:103DD800A0FB0320194C012284F80628A4F808380F
:103DE800144A1380C008FEF769F900F00FFDC4F803
:103DF8000C0810BDD015002000007A449C12002049
:103E0800CE150020B81500200000C8420000164357
:103E1800EC120020B4150020E8120020B015002094
:103E2800CDCCCC3D00004842E4120020CA15002049
:103E3800C8120020A6150020CDCCCCCCEC16002052
:103E480008B5FFF70DFFFFF755FD08BD10B504468F
:103E58004FF4806206F034FE38B9D4F8803023B1CC
:103E68001A68136823F00403136010BD70B50E467A
:103E780015461C46B3F5806F01D94FF480642B8832
:103E8800A3420AD3A34211D8B4F5806F1ED0B4F56B
:103E9800806F00D300242C8070BDFFF7C9FE2888EE
:103EA800211A89B2304408F0C9FFF0E7FFF7C0FED5
:103EB8002888C0F5806189B2304408F0BFFF002C23
:103EC800E9D02146304608F0B9FFE0E7FFF7B0FE39
:103ED8002888C0F5806189B2304408F0AFFFD6E782
:103EE80008B50020FFF7B8FB78B1124BD3F8803043
:103EF8005BB11B685B689BB2C3F580630E4A9BB2DB
:103F0800A2F601010020FFF7B1FF0120FFF7A4FB93
:103F180078B10A4BD3F880305BB11B685B689BB201
:103F2800C3F58063064A9BB2A2F203410120FFF762
:103F38009DFF08BD445D0020EE1E0020B05C0020FF
:103F4800F01E002000286DD070B5144605460029E3
:103F58006AD0002A6AD0B2F5806F69D800F580531C
:103F680093F80D3443B1037823B9334AD2F8882043
:103F7800202A22D0012B26D005F5805393F80D3442
:103F8800002B57D16E1C2246304609F003FA2B78D5
:103F980023B3012B34D005F58053012283F80D2477
:103FA8002146304608F088FC002840D005F58053AB
:103FB800002283F80D24022039E000F58053002206
:103FC80083F80D24D8E71D4BD3F88830202BD3D1A4
:103FD80005F58053002283F80D24CDE705F58053BD
:103FE800012283F80D2422463146134805F01CFFB0
:103FF800E8B105F58053002283F80D24022016E06D
:1040080005F58053012283F80D24224631460B48DA
:1040180005F00AFF58B105F58053002283F80D24F6
:10402800022004E001207047012000E0012070BD5B
:104038000120FCE70220FAE7445D0020B05C002084
:10404800C8B338B5044600F5805393F80C3403B967
:1040580038BD00F5805393F80A5405EB4521490013
:1040680001F58061014405EB452300EB4303B3F8F8
:1040780002280231FFF766FF0028E9D105EB452544
:1040880004EB45050023A5F8023804F5805292F8A0
:104098000A340133DBB282F80A34032B03D91346FE
:1040A800002283F80A2404F5805494F80C34013B68
:1040B80084F80C34CCE7704770B110B50446FFF7AC
:1040C8007FFD2046FFF7BCFF04F58054B4F80C04CC
:1040D800B0FA80F0400910BD00207047002852D087
:1040E8002DE9F8430E461446054600294DD0002A0E
:1040F8004DD0B2F5806F4DD811463046FFF724FDFC
:10410800074618B1244B012283F807282246314676
:104118002846FFF717FFD8B305F5805393F80C34FA
:10412800032B29D805F5805999F80B844FEA4827BD
:1041380008EB4820400000F58060284422463146BC
:10414800023009F027F9474405EB4707A7F802486A
:1041580099F80B340133DBB289F80B34032B02D9FD
:10416800002289F80B2405F5805595F80C340133A5
:1041780085F80C3400200BE01FB1074B002283F8B0
:104188000728022004E001207047012000E00120F8
:10419800BDE8F8830120FBE7EC16002010B5244C9D
:1041A80044F244420021204609F0C6F8FFF752FACB
:1041B8002070012384F8063840F2B633A4F8083892
:1041C80000F024FBC4F80C08002307E0184A41F269
:1041D8000E4101FB032282F818380133022BF5D96E
:1041E800FFF788FB2021134809F062F800211248E4
:1041F80008F092FD0021114808F09EFD104808F0D3
:10420800BAFF0020FFF728FA38B90120FFF724FA8F
:1042180040B90C4B01221A7010BD0B490B48FFF72F
:1042280015FEF2E70A490B48FFF710FEF1E700BF59
:10423800EC1600204800002081430008493E000891
:10424800E0150020EB160020ED160020445D00204C
:10425800ED1A0020B05C0020014B01221A70704753
:10426800E916002038B5FFF745FB002400E00134CB
:10427800022C19D8164B41F20E4202FB043393F874
:104288001808FFF7E9F90028F1D041F20E4504FBC0
:1042980005F505F618050E4B1D442846FFF790FC5A
:1042A8002846FFF7CDFEE2E7094B1878FFF7DEF95D
:1042B800FFF702FF18B1064B93F8073803B138BD72
:1042C800FFF7C0FC0028FAD108F04CFDF7E700BF63
:1042D800EC16002038B51D4B1B7813B11C4B1B780E
:1042E80003B138BD1A4B01221A70FFF703FBFFF721
:1042F800F7FD002400E00134022C19D8154B41F2D7
:104308000E4202FB043393F81808FFF7A5F90028BA
:10431800F1D041F20E4504FB05F505F618050D4BE5
:104328001D442846FFF74CFC2846FFF789FEE2E7C4
:10433800094B1B781BB9064B00221A70D1E7064BB4
:1043480000221A70FFF78EFFF5E700BFEB1600207A
:10435800EA160020EC160020E916002038B50446BD
:104368000D46044B1878FFF781F92A462146FFF7D6
:10437800B5FE38BDEC16002008B5FFF7EFFF08BD05
:10438800B0B138B50C46054619B10220FFF764F9FB
:1043980000B938BD074B02221A70FFF749FCFFF736
:1043A800A9FA2146284608F049FDFFF7A3FAF0E7E5
:1043B800704700BFEC16002010B50446FFF756F909
:1043C80040B100F58053002183F80D14074B1B788A
:1043D800A34200D010BD00F5805292F80C34002B97
:1043E800F8D1024B83F80718F4E700BFEC16002059
:1043F800014B00221A707047E81600207047000031
:1044080008B5144B984203D0134B984210D008BDFE
:104418000020FFF7D1FF0020104BA3F80208FFF798
:104428001BF90028F3D00E490A48FFF70FFDEEE705
:104438000120FFF7C1FF094B0022A3F8042801203F
:10444800FFF70AF90028E2D006490348FFF7FEFC07
:10445800DDE700BF445D0020B05C0020EC160020C2
:10446800ED160020ED1A002008B5074B984203D03E
:10447800064B984204D008BD0020FFF79DFFFAE7DD
:104488000120FFF799FFF6E7445D0020B05C0020AB
:1044980008B51748174B03604FF4612343600023A6
:1044A8008360C36003610C2242618361C36103625C
:1044B8004362836206F079FA70B900210C4806F06D
:1044C8006DFB60B900210A4806F08DFB50B9084819
:1044D80006F045FB48B908BDFEF7F4FAEDE7FEF72C
:1044E800F1FAEFE7FEF7EEFAF1E7FEF7EBFAF2E79B
:1044F800445D00200038014008B51748174B036099
:104508004FF46123436000238360C36003610C227E
:1045180042618361C36103624362836206F045FAC4
:1045280070B900210C4806F039FB60B900210A482F
:1045380006F059FB50B9084806F011FB48B908BD08
:10454800FEF7C0FAEDE7FEF7BDFAEFE7FEF7BAFAB5
:10455800F1E7FEF7B7FAF2E7B05C0020004400404C
:10456800F0B5A1B0044600211B911C911D911E912C
:104578001F91542206A808F0DFFE2368754A93426B
:1045880004D0754A934268D021B0F0BD0123069348
:1045980006A804F05BF9002856D1704B1A6E42F455
:1045A80080421A661A6E02F480420192019ADA6C0D
:1045B80042F00202DA64DB6C03F002030293029B0E
:1045C800C0231B9302231C9300251D951E950723CA
:1045D8001F931BA9624801F067FC6248624B0360A5
:1045E800182343608560C560802303614561856148
:1045F8002023C3614FF40053036201F0C1FA30BBBA
:10460800584BC4F880309C625848594B03601923B2
:104618004360102383600023C360802202614361EA
:104628008361C3614FF40053036201F0A9FA88B9AA
:104638004E4BE3679C6200220521252001F014FA05
:10464800252001F021FA9FE7FEF73CFAA5E7FEF7DF
:1046580039FAD5E7FEF736FAEAE70223069306A801
:1046680004F0F4F800286BD13C4B9A6D42F4003208
:104678009A659A6D02F400320392039ADA6C42F05A
:104688000102DA64DA6C02F001020492049ADA6C2C
:1046980042F00202DA64DB6C03F002030593059B27
:1046A8004FF400431B9302271C9700251D951E9568
:1046B80007261F961BA94FF0904001F0F5FB082331
:1046C8001B931C971D951E951F961BA9244801F046
:1046D800EBFB2848284B03601A2343608560C560BC
:1046E80080230361456185612023C3614FF4005332
:1046F800036201F045FA30BB1E4BC4F880309C625F
:104708001E481F4B03601B23436010238360002354
:10471800C3608022026143618361C3614FF4005327
:10472800036201F02DFA88B9144BE3679C620022FA
:104738000521262001F098F9262001F0A5F923E7A4
:10474800FEF7C0F990E7FEF7BDF9D5E7FEF7BAF92D
:10475800EAE700BF00380140004400400010024072
:1047680000040048505C002044000240F05B002038
:1047780058000240905B00201C000240305B002083
:1047880030000240104B1B680BB90120704710B570
:1047980004464FF47A70B0FBF3F30C4A1068B0FB90
:1047A800F3F001F075F968B90F2C01D901200AE07E
:1047B800002221464FF0FF3001F056F9044B1C60EF
:1047C800002000E0012010BDC80100202C000020BE
:1047D800CC01002010B5032001F034F90F20FFF7B9
:1047E800D1FF10B10124204610BD0446FEF7C4FBDA
:1047F800F9E70000034A1368034909680B4413608A
:10480800704700BFD85D0020C8010020014B186820
:10481800704700BFD85D002038B50446FFF7F6FFA3
:104828000546B4F1FF3F02D0044B1B681C44FFF758
:10483800EDFF401BA042FAD338BD00BFC8010020DD
:1048480010B430300B0A9B0003F00C03C45801F07D
:104858001F014FF01F0C0CFA01FC24EA0C0CC2F3E8
:1048680084628A404CEA0202C2505DF8044B7047E9
:1048780010B414304B0E9B0003F00403C458C1F36A
:1048880004514FF0070C0CFA01FC24EA0C0C8A4086
:104898004CEA0202C2505DF8044B704730B583B051
:1048A80000230193002800F032810446C36D13B33E
:1048B80023689A6812F0005F05D09A6822F02042B7
:1048C80022F03F029A602268936813F0805F1FD13C
:1048D800936823F0104323F03F0343F08053936021
:1048E8008C4B1B689B098C4AA2FB03239B09013351
:1048F8005B00019309E0FCF727FC0023236684F89A
:104908005830D5E7019B013B0193019B002BF9D15E
:104918002268936813F0805F3DD1E36D43F0100384
:10492800E365236E43F0010323660120936813F0C7
:10493800040300D00123E16D11F0100F40F0E08076
:10494800002B40F0DD80E36D23F4817343F0020314
:10495800E365936813F0010F3ED1B2F1A04F1CD06C
:104968006E4B9A4219D06E4B996811F0010100D034
:1049780001216C4B9B6813F0010300D001230B430A
:104988006949896811F0010100D001210B430CBF6E
:104998000123002312E00020C8E74FF0A0439968E4
:1049A80011F0010100D001215C4B9B6813F0010359
:1049B80000D001230B430CBF0123002363B1B2F1E4
:1049C800A04F6CD0554B9A4267D0584963688A68A3
:1049D80022F47C1213438B60627FE36B43EA423319
:1049E800E2681343A268134394F8242043EA02437D
:1049F800012A56D0E26A22B102F47872216B0A4386
:104A080013432168CD684A4A2A401A43CA6022687B
:104A1800136923F04063616B0B4313612268936849
:104A280013F0080300D0012343BB237F94F8381008
:104A3800490041EA8331D36823F4804323F0020319
:104A48000B43D3602369002B30D02268136943F4E9
:104A5800803313612268D2F8C03023F47F5323F0E7
:104A68003F0321690B43C2F8C03094F84030012B52
:104A78002BD02268136923F0010313616369012BAA
:104A880035D02268136B23F00F031363E36D23F013
:104A9800030343F00103E36537E0264996E7254918
:104AA80094E7A26A013A43EA4243A3E722681369FA
:104AB80023F4803313612268D2F8C03023F47F5383
:104AC80023F03F03C2F8C030CFE721680B6923F415
:104AD800FF6323F00403626CA56C2A43E56C2A4348
:104AE800256D2A43134343F001030B61C6E7216890
:104AF8000B6B23F00F03226A013A13430B63C5E7DC
:104B0800E36D43F01003E365012003B030BD0120DD
:104B1800FBE700BF2C000020632D3E05000100507C
:104B28000004005000050050000600500007005027
:104B38000740F0FF000300502DE9F04104460E46FF
:104B48000368B3F1A04F21D04E4A93421BD04E4A7E
:104B5800976807F01F07A569082D1ED0092F05D8EB
:104B680040F22122FA4012F0010F11D1B3F1A04F07
:104B78003AD0444A934235D0434B9B6813F4604F74
:104B880034D1042509E002F50072E1E73F4ADFE786
:104B9800DB6813F0010F1FD10425FFF737FE8046AD
:104BA80023681A682A4227D1B6F1FF3FF8D0FFF7E9
:104BB8002DFEA0EB0800B04201D8002EF0D12368EA
:104BC8001B682B42ECD1E36D43F00403E36500233B
:104BD80084F85830032050E0E36D43F02003E36588
:104BE80001204AE0294BC8E7284BC6E7E36D43F0AC
:104BF8002003E365012040E0E26D42F40072E265C3
:104C0800DA6812F4406F11D1627F7AB91A6812F02B
:104C1800080F0BD0E26D22F48072E265E26D12F4A7
:104C2800805F03D1E26D42F00102E265154A9342CA
:104C380013D002F5806293420CD01A4693420FD0EB
:104C4800092F05D840F22121F94011F0010F07D1B1
:104C5800D26806E0A2F58072F0E74FF0A042EDE7D7
:104C6800DA68082D06D012F4804F08D10C221A6099
:104C7800002002E008221A600020BDE8F081002030
:104C8800FBE700BF00010050000700500003005080
:104C98000368186C70477047704708B5806AFFF75B
:104CA800FBFF08BD704708B50346806AC26D12F065
:104CB800500F30D1C36D43F40073C36503681A689D
:104CC80012F0080F14D0DA6812F4406F20D1DB68B4
:104CD80013F4005F1CD1C36D23F48073C365C36DE7
:104CE80013F4805F14D1C36D43F00103C3650FE073
:104CF800DB6813F0020F0BD1C36D23F48073C36517
:104D0800C36D13F4805F03D1C36D43F00103C36522
:104D1800FFF7C1FF08BDC26D12F0100F04D1426D3C
:104D2800526B18469047F5E7FFF7BCFFF2E708B566
:104D3800806AC36D43F04003C365036E43F0040308
:104D48000366FFF7AFFF08BDF0B583B000230193FA
:104D580090F85830012B00F0488204460D46012394
:104D680080F858300068836813F0040F09D0E36DA9
:104D780043F02003E3650120002384F8583003B092
:104D8800F0BD0A684968FFF75BFD2068836813F087
:104D9800040300D00123866816F0080600D0012617
:104DA800002B3ED1002E3CD1AA68B2F1004F78D03A
:104DB8002968FFF75DFD2268536923F000435361BA
:104DC80069692268D368C3F3C1035B009940286905
:104DD800042873D0603252F82070AB4B3B402F68E8
:104DE80007F0F84C41EA0C010B4343F0004342F84A
:104DF800203023682869AA69603353F8201021F00D
:104E080080710A4343F82020236829692A7F012AF0
:104E180051D0603353F8212022F00072324343F816
:104E280021202268936813F0010F16D12B68E868D7
:104E3800D2F8B010C3F3120621EA060100F01806F2
:104E48009248F0400340C3F312030B43C2F8B0305A
:104E5800EA688F4B9A4200F099802B688D4A13427A
:104E680000F0B9812268B2F1A04F00F050818A4960
:104E78008A4200F049818949896801F0E070884DCB
:104E8800AB4200F04681874DAB4200F04281864D2F
:104E9800AB4200F07181854DAB4200F08781002064
:104EA8006AE700222968FFF7E3FC2268536943F0A8
:104EB8000043536184E74FF00076AAE7136E116E42
:104EC800C1F384612B68C3F3120080BBC3F384630E
:104ED800994234D021684B6E4A6EC2F384622B68C3
:104EE800C3F3120080BBC3F384639A4234D02168B1
:104EF8008B6E8A6EC2F384622B68C3F3120080BB88
:104F0800C3F384639A4234D02168CB6ECA6EC2F36D
:104F180084622B68C3F3120080BBC3F384639A4294
:104F28007FF47FAFCB6E23F00043CB6679E793FA2B
:104F3800A3F313B1B3FA83F3CAE72023C8E7136EC8
:104F480023F000431366C5E793FAA3F313B1B3FA4A
:104F580083F3CAE72023C8E74B6E23F000434B6670
:104F6800C5E793FAA3F313B1B3FA83F3CAE720238F
:104F7800C8E78B6E23F000438B66C5E793FAA3F36B
:104F880013B1B3FA83F3CAE72023C8E720682B6874
:104F9800C3F3120626BB9A0E013202F01F02092A39
:104FA8008CBF00220122002A52D046BB990E013143
:104FB800890601F0F84176BB9F0E013707F01F07FD
:104FC8000122BA401143AEBB9B0E013303F01F030D
:104FD80003EB43031B051943AA68FFF749FC3CE7A9
:104FE80093FAA3F24AB1B2FA82F2013202F01F0236
:104FF800092A8CBF00220122D5E72022F5E793FA7F
:10500800A3F131B1B1FA81F10131890601F0F8411A
:10501800D1E72021F8E793FAA3F24AB1B2FA82F273
:10502800013202F01F024FF0010C0CFA02F2C9E73C
:105038002022F5E793FAA3F343B1B3FA83F30133DC
:1050480003F01F0303EB43031B05C4E72023F6E724
:1050580076BB990E0131890601F0F841A6BB9F0E77
:10506800013707F01F070122BA401143DEBB9B0E30
:10507800013303F01F0303EB43031E3B1B0543F0FF
:1050880000731943A8E700BF00F0FF03FFFF070004
:1050980000007F4000000880000100500007005019
:1050A800000021C31000C090000052C7000084CB4C
:1050B80093FAA3F131B1B1FA81F10131890601F016
:1050C800F841CBE72021F8E793FAA3F24AB1B2FA04
:1050D80082F2013202F01F024FF0010C0CFA02F2C8
:1050E800C3E72022F5E793FAA3F35BB1B3FA83F39E
:1050F800013303F01F0303EB43031E3B1B0543F07F
:105108000073BEE72023F3E701F50071B4E63849E0
:10511800B2E611F4000F7FF4BAAEB2F1A04F04D09A
:10512800344B9A4201D0002026E6B2F1A04F19D0A4
:10513800314B9A4214D0314A40F40000936823F06E
:10514800E073184390602E4B1B689B092D4AA2FB05
:1051580003239B09013303EB43039B00019306E000
:10516800234AE9E7224AE7E7019B013B0193019BB8
:10517800002BF9D10020FFE511F0807F7FF48BAE82
:105188001D4B9A4229D003F580639A4227D0B2F189
:10519800A04F09D0194940F080738A6822F0E07264
:1051A80013438B600020E7E51149F4E711F4800F01
:1051B80017D1114B9A4216D0B2F1A04F09D00F491E
:1051C80040F480038A6822F0E07213438B60002069
:1051D800D2E50749F4E70020CEE50020CCE5002021
:1051E800CAE50020C8E50020C6E50220C7E500BFE3
:1051F8000003005000060050000100500007005056
:105208002C000020632D3E0570B5044603689A689B
:1052180012F0040200D00122986810F0080000D0B3
:1052280001200AB900286DD0DA6812F0007F04D096
:10523800A08B40F2011290424ED0022912D023686E
:105248009A6812F0040F0BD09A6812F0020F07D177
:105258009A6822F0004222F03F0242F010029A605F
:10526800012947D023689A6812F0080F0BD09A6872
:1052780012F0020F07D19A6822F0004222F03F0292
:1052880042F020029A60022936D0032936D10C2533
:10529800FFF7BCFA064623689B682B4230D0FFF71D
:1052A800B5FA801B0528F6D923689B682B42F2D0F3
:1052B800E36D43F01003E365236E43F001032366B7
:1052C80001201EE0E36D43F01003E365236E43F015
:1052D80001032366012014E00022196811F0400F31
:1052E80004D109498A42EDD80132F6E740221A6012
:1052F8000121A4E70425CBE70825C9E70425C7E76A
:10530800002070BD0020FCE7FFFF3FA330B583B04D
:105318000023019303689A6812F0010F63D10446D1
:105328009968324A114220D19A6822F0004222F04C
:105338003F0242F001029A600368B3F1A04F20D007
:105348002B4A93421BD02B4B9B6813F4000F20D0A1
:10535800294B1B689B09294AA2FB03239B0901339C
:1053680003EB43039B00019310E0C36D43F010036C
:10537800C365036E43F001030366012034E0204B4C
:10538800E2E71F4BE0E7019B013B0193019B002BE8
:10539800F9D1FFF73BFA054623681A6812F0010FA6
:1053A8001FD19A6812F0010F07D19A6822F00042C3
:1053B80022F03F0242F001029A60FFF727FA431BEE
:1053C800022BE9D923681B6813F0010FE4D1E36DC0
:1053D80043F01003E365236E43F0010323660120C5
:1053E80002E0002000E0002003B030BD3F00008054
:1053F80000010050000700502C000020632D3E05DE
:105408000003005038B504460368B3F1A04F60D0DC
:10541800464A93425AD0464A956805F01F059B684C
:1054280013F0040F7DD194F85830012B7BD0012361
:1054380084F858302046FFF769FF00286DD1E36DE6
:1054480023F4706323F0010343F48073E365236856
:10545800364A934242D002F5806293423BD01A46C4
:10546800934200D01DB9E26D22F48012E265E26D2C
:1054780012F4805F35D0226E22F0060222661C22CA
:105488001A60002384F858302368284A93422ED0A3
:1054980002F58062934227D01A4693422AD0092DFA
:1054A80005D840F22121E94011F0010F22D1E36D26
:1054B80043F48013E365D36813F0007F32D0E36DC3
:1054C80023F4405343F48053E3652BE002F5007264
:1054D800A2E7184AA0E7A2F58072C1E74FF0A04200
:1054E800BEE700222266CAE7A2F58072D5E74FF030
:1054F800A042D2E7DA6812F0007F05D0E26D22F40C
:10550800405242F48052E2659A6822F0004222F04A
:105518003F0242F004029A6004E0002384F8583005
:1055280000E0022038BD0220FCE700BF0001005067
:1055380000070050000300502DE9F04104460F46D3
:1055480090460068B0F1A04F24D0444B98421ED03A
:10555800434B9E6806F01F06856815F0040F77D147
:1055680094F85830012B76D0012384F858303D4BFD
:10557800984211D0092E05D840F22123F34013F0A8
:10558800010F09D1002384F85830012061E003F5A8
:105598000073DEE7344BDCE72046FFF7B7FE002850
:1055A80052D1E36D23F4706323F0010343F4807355
:1055B800E3652368294A934240D002F5806293420A
:1055C80039D01A46934200D01EB9E36D23F48013F4
:1055D800E365E36D13F4805F33D0236E23F0060395
:1055E8002366636D214ADA62636D214A1A63636D2B
:1055F800204A5A6323681C221A60002384F8583012
:105608002268536843F0100353602268D36843F05C
:105618000103D360216843463A464031606D00F08B
:105628001DFB2268936823F0004323F03F0343F0F7
:10563800040393600DE0A2F58072C3E74FF0A04227
:10564800C0E700232366CCE7002384F8583000E045
:105658000220BDE8F0810220FBE700BF00010050F6
:10566800000700500006005000030050AF4C00082F
:10567800A34C0008374D000838B504460268936803
:1056880013F0020300D00123916811F0010F39D003
:10569800002B39D1936803F00D03012B09D0E36D7A
:1056A80043F01003E365236E43F0010323660120F2
:1056B80029E0936823F0004323F03F0343F00203FB
:1056C8009360236803221A60FFF7A0F80546236851
:1056D8009B6813F0010F13D0FFF798F8401B0228BE
:1056E800F5D923689B6813F0010FF0D0E36D43F000
:1056F8001003E365236E43F001032366012002E0F3
:10570800002000E0002038BD0020FCE790F8583069
:10571800012B1AD010B50446012380F85830032114
:10572800FFF772FD18B1002384F8583010BD2046E9
:10573800FFF7A2FF0028F6D1E36D23F4885323F086
:10574800010343F00103E365EDE702207047000021
:1057580030B583B00023019390F85830012B41D025
:1057680004460D46012380F85830FFF785FF80BBBB
:10577800E36D23F4885323F0020343F00203E36547
:105788002268936823F0404323F03F0305F08045E7
:105798002B4343F00043936023689B68002B06DB90
:1057A800E36D23F0030343F00103E36515E0019B78
:1057B80001330193019A0C4B9A42EDD9E36D23F022
:1057C800120343F01003E365002384F858300120E6
:1057D80006E0E36D43F01003E365002384F85830D6
:1057E80003B030BD0220FBE701DE040090F858202A
:1057F800012A00F0D68010B49DB00346012280F83B
:1058080058200022189219920068B0F1A04F47D092
:10581800654A904247D000220192019A002A46D058
:10582800926812F0040200D00122846814F0040F78
:1058380040F0A780002A40F0A480B0F1A04F42D0E9
:105848005A4A90423CD05A4A086800285CD090686E
:1058580020F460404C6893F838C044EA4C34204344
:1058680090601868B0F1A04F2FD0504CA0422CD0B7
:105878004D48846814F0010400D001244D48806824
:1058880010F0010000D0012020434B4CA46814F014
:10589800010400D0012420430CBF0120002025E092
:1058A800424A0192B9E702F580720192B5E7DA6DD2
:1058B80042F02002DA65002283F85820012068E0CF
:1058C80002F50072C0E73D4ABEE74FF0A040846889
:1058D80014F0010400D001243448806810F001005D
:1058E80000D0012020430CBF01200020002854D004
:1058F800906820F4716020F00F000C6889682143DB
:1059080008439060002041E0916821F46041916073
:105918001968B1F1A04F1AD02448814217D0224902
:10592800886810F0010000D001202249896811F030
:10593800010100D0012101431F48806810F00100D7
:1059480000D0012001430CBF0121002110E04FF0DD
:10595800A041886810F0010000D00120134989682F
:1059680011F0010100D0012101430CBF01210021E8
:10597800A9B1916821F4716121F00F0191600020B3
:1059880004E0DA6D42F02002DA650120002283F893
:1059980058201DB05DF8044B70470020F6E7002042
:1059A800F4E70220704700BF0004005000010050D7
:1059B800000700500005005000060050000300508A
:1059C800002807DB00F01F02400901239340024A28
:1059D80042F82030704700BF00E100E0002808DBF3
:1059E8000901C9B200F1604000F5614080F8001378
:1059F800704700F00F000901C9B2014B19547047F4
:105A080014ED00E000B500F00700C0F1070CBCF190
:105A1800040F28BF4FF0040C031D062B0FD9C31E1B
:105A28004FF0FF3E0EFA0CF021EA000199400EFA01
:105A380003FE22EA0E0241EA02005DF804FB00239D
:105A4800EEE70000074AD36823F4E0631B041B0C4D
:105A5800000200F4E060034343F0BF6343F4003303
:105A6800D360704700ED00E010B50446054BD868D8
:105A7800C0F30220FFF7C6FF01462046FFF7AEFF3E
:105A880010BD00BF00ED00E008B5FFF799FF08BDA5
:105A98000138B0F1807F0BD24FF0E0235861054AFE
:105AA800F02182F823100020986107221A617047BC
:105AB8000120704700ED00E030B4C46C056D6560EE
:105AC800446D14B1846DC56D6560446C04F01F0CA1
:105AD800012404FA0CF4056C6C6004686360836844
:105AE800102B05D0036899600368DA6030BC7047F2
:105AF80003689A600368D960F8E700000368104AF1
:105B0800934214D8DBB2083B0E4AA2FB03231B09BD
:105B18000D49426C22F003020A4482640B4AC264B3
:105B280003F01F03012202FA03F303657047DBB297
:105B3800083B044AA2FB03231B0908330449E8E78E
:105B480007040240CDCCCCCC0008024080080240BB
:105B580020080240436803F07F03074A1A44920072
:105B68004265064A8265013B03F01F03012202FADF
:105B780003F3C365704700BF3F820010400902402D
:105B880000285DD010B5044601682E4B99423FD8D5
:105B98002D4B0B442D4AA2FB03231B099B00436496
:105BA8002B4B0364022384F825300A6822F4FF4251
:105BB80022F07002A368E068034320690343606928
:105BC8000343A0690343E0690343206A0343134383
:105BD8000B602046FFF792FFA368B3F5804F22D0F1
:105BE8006368A26C03F07F031360E36C226D5A6054
:105BF8006368013B032B19D900236365A365E3653B
:105C08000020E063012384F8253084F8240010BDC7
:105C1800104B0B440D4AA2FB03231B099B00436452
:105C28000D4B0364BEE700236360D9E72046FFF706
:105C380091FF636D00221A60A36DE26D5A60DFE781
:105C48000120704707040240F8FFFDBFCDCCCCCC43
:105C580000000240F8FBFDBF0004024038B50446CE
:105C680090F82400012841D0012084F8240094F8F9
:105C78002500C0B2012804D0002384F82430022073
:105C880038BD022084F825000020E06325682868D4
:105C980020F0010028602046FFF70EFF236BD3B1E8
:105CA8002268136843F00E031360A36C1A6812F499
:105CB800803F03D01A6842F480721A60636D1BB18A
:105CC8001A6842F480721A602268136843F001036C
:105CD80013600020D4E72268136823F004031360DC
:105CE8002268136843F00A031360DEE70220C7E75F
:105CF8000346002834D090F82520D2B2022A09D0D1
:105D08000422C2630120012283F82520002283F89F
:105D18002420704701680A6822F001020A600168BD
:105D28000A6822F00E020A60816C0A6822F4807206
:105D38000A60426C02F01F01006C01228A40426036
:105D4800DA6C196D51605A6D42B1116821F4807195
:105D580011609A6DD96D51600020D4E70020D2E718
:105D68000120704708B590F82530DBB2022B09D026
:105D78000423C363012380F82530002280F82420FF
:105D8800184608BD0268136823F00103136002680F
:105D9800136823F00E031360826C136823F4807376
:105DA8001360436C03F01F02016C012393404B60A6
:105DB800C36C026D5A60436D33B11A6822F4807265
:105DC8001A60836DC26D5A60012380F82530002364
:105DD80080F82430836B13B198470020D1E7002066
:105DE800CFE738B5036C196804682568436C03F07D
:105DF8001F0304229A400A4215D015F0040F12D04E
:105E0800236813F0200F03D1236823F004032360D1
:105E1800436C03F01F02016C042393404B60036B37
:105E280003B1984738BD02229A400A421CD015F0A7
:105E3800020F19D0236813F0200F06D1236823F02E
:105E48000A032360012380F82530436C03F01F0206
:105E5800016C022393404B60002380F82430C36A0E
:105E6800002BDFD09847DDE7082202FA03F30B4244
:105E7800D8D015F0080FD5D0236823F00E0323607F
:105E8800436C03F01F03016C012202FA03F34B6019
:105E9800C26380F82520002380F82430436B002B50
:105EA800C0D09847BEE70000F0B583B0002366E095
:105EB80085685E000324B44025EA0405CC68B44034
:105EC8002C438460456825EA0C054C68C4F300142B
:105ED8009C402C43446063E08C68012C65D173E0DE
:105EE800DD08083550F8254003F0070C4FEA8C0C04
:105EF8004FF00F0E0EFA0CFE24EA0E0E0C6904FA8F
:105F08000CF444EA0E0440F8254062E0052400E061
:105F1800002404FA0EF42C430CF1020C564D45F8FB
:105F28002C40564CA568D44325EA02064F6817F45E
:105F3800801F01D042EA0506504DAE60ED6804EAC4
:105F480005064F6817F4001F01D042EA05064B4DBD
:105F5800EE606D6804EA05064F6817F4003F01D04B
:105F680042EA0506454D6E602D682C404E6816F4D1
:105F7800803F01D042EA0504404A146001330A68B0
:105F880032FA03F476D04FF0010C0CFA03FC1CEA49
:105F98000202F3D04C6804F00304013C012C87D9B9
:105FA8004C6804F00304032C96D0C4684FEA430EEF
:105FB8004FF0030C0CFA0EFC24EA0C0C8C6804FA63
:105FC8000EF444EA0C04C4604C6804F00304022C88
:105FD80086D004684FEA430E4FF0030C0CFA0EFC0F
:105FE80024EA0C0C4C6804F0030404FA0EF444EAA6
:105FF8000C0404604C6814F4403FBFD0204C256E5C
:1060080045F001052566246E04F001040194019C05
:106018004FEA930C0CF10205174C54F8255003F085
:10602800030E4FEA8E0E0F2404FA0EF425EA040537
:10603800B0F1904F3FF46CAF124CA04212D004F56F
:106048008064A04210D004F58064A0420ED004F50C
:106058008064A0420CD004F58064A0423FF456AF9F
:10606800062456E7012454E7022452E7032450E7A4
:1060780004244EE703B0F0BD0000014000040140D5
:1060880000100240000400480AB181617047816233
:10609800704710B40468226822F007028B68134323
:1060A80023F01803CA681A43226003680A685A6111
:1060B80003684A689A615DF8044B704730B5046814
:1060C80001F1010C4FEACC1C54F80C3023F0070EF8
:1060D800936843EA0E0323F01803D5682B4344F86A
:1060E8000C300368146803EBC113C3F894400368C9
:1060F800526803EBC113C3F8982030BD70B404682C
:106108002368D4F8A05323F020034E69334323F0C7
:10611800C002202E09D08E69022E06D0032E29D067
:10612800042E2AD023F0E00201E042F0200222F4FB
:106138000062CB69134323F480620B6A134323F094
:10614800C0624B6A134323F000628B6A134323F047
:106158004043CA6A43EA820323F000534A6B1A4356
:1061680025F480350B6B1D4322600368C3F8A053E8
:1061780070BC704742F04002D9E742F08002D6E78F
:106188002DE9F04105684B1CDB01EC5824F0704404
:10619800EC500668F35806EBC114D4F8E880D4F83C
:1061A800E440D6F8A05323F0200C536943EA0C0CC2
:1061B800202B09D09369022B06D0032B60D0042B27
:1061C80063D02CF4D07C03E02CF4C07C4CF0200C81
:1061D8002CF4006CD36943EA0C0323F48063176A38
:1061E80047EA030C2CF0C06C536A43EA0C0323F013
:1061F800006C936A43EA0C0323F0704CD36A43EAB9
:106208000C0323F40033576BB7F1005F42D023F03F
:106218004003D2F838C04CEA030323F48023976D77
:1062280047EA030E2EF0FC7E2EF4803E136D43EAFF
:106238000E0E28F03F07D36B03F03F033B4323F0D8
:106248000043176C3B43BCF1000F03D124F4807466
:10625800576C3C43976CB7F5606F1ED0B7F5F05F8D
:106268001BD024F4F0543C4324F48044D76C3C43C2
:10627800576D05291AD8DFE801F01431373D434935
:106288002CF4807C4CF0800CA2E72CF0800C4CF4B1
:10629800807C9DE743F40033B9E7BCF1400FE3D1BC
:1062A800DFE725F40035126B45EA42054A1CD201A6
:1062B80046F802E0026802EBC112C2F8E83003684F
:1062C80003EBC113C3F8E440036803EBC113C3F83D
:1062D800D4700368C3F8A053BDE8F08125F4802585
:1062E800126B45EA8205E1E725F40025126B45EAC1
:1062F800C205DBE725F48015126B45EA0215D5E7E0
:1063080025F40015126B45EA4215CFE725F4800500
:10631800126B45EA8215C9E730B4006800EBC11377
:10632800D3F8EC3023F01003146843EA041323F481
:106338008013546844EA030C2CF4803CD36843EA85
:106348000C0323F4003C936843EA0C039469012C82
:1063580005D000EBC110C0F8EC3030BC704723F01A
:106368000403156945EA030C2CF0020C536943EA4F
:106378000C0323F001032343EBE70000F0B40768A4
:1063880007EBC114D4F8E460D4F8B850402A52D0CE
:1063980035D8012A4FD0002A5ED0202A5ED8022A9A
:1063A8005ED3023A012404FA02F2324C224230D17E
:1063B80044F2040422423ED10022FE24944026EAFC
:1063C80004061C68944044EA060CDC68944044EADD
:1063D8000C041E6906FA02FC4CEA040C5C69944041
:1063E80044EA0C0C9C69944044EA0C04082E39D009
:1063F800036803EBC113C3F8E440F0BC7047B2F57F
:10640800007F06D012D9B2F5806F14D0B2F5006FB4
:1064180020D15A6807EBC117C7F8C42002689C68E6
:1064280002EBC112C2F8C8401022C6E7802AF0D099
:10643800B2F5807F0CD15A6807EBC117C7F8BC20AA
:1064480002689C6802EBC112C2F8C0400022B4E79F
:106458000022B2E70022B0E70022AEE70022ACE754
:106468000022AAE715F0022FC2D1DB6993401C4332
:10647800BEE700BF4100004006293CD8DFE801F034
:106488000C141C242C3404000268D2F8843343F022
:106498000103C2F8843370470268D2F8843343F0AA
:1064A8000203C2F8843370470268D2F8843343F099
:1064B8000403C2F8843370470268D2F8843343F087
:1064C8000803C2F8843370470268D2F8843343F073
:1064D8001003C2F8843370470268D2F8843343F05B
:1064E8002003C2F8843370470268D2F8843343F03B
:1064F8004003C2F884337047002864D010B582B0D6
:106508000446022380F8DD300023C0F8E030C0F8EC
:10651800E430C0F8E830C0F8EC30C0F8F030C0F82B
:10652800F430C0F8F830836813F0010F12D0026815
:10653800264B9A4225D021680A6822F440422369F2
:1065480003F44043134323F44053626902F4405276
:106558001A430A602046FCF771F8A36813F0020F8B
:1065680008D021680A6822F44072E36803F4407393
:1065780013430B60012384F8DD30002384F8DC30FA
:106588001CE003F528431A6E42F080621A661B6EFF
:1065980003F080630193019BCDE7C3EBC30204EBD7
:1065A800820200219161D161116251629162C3EB53
:1065B800C30204EB820211630133DBB2062BECD970
:1065C800002002B010BD0120704700BF00680140E4
:1065D80090F8DC30012B32D0012380F8DC30022324
:1065E80080F8DD30B1F1FF3F1AD00268D2F8CC3321
:1065F80043F00203C2F8CC330268D2F8CC3323F05C
:106608000C030B43C2F8CC330268D2F8CC3343F006
:106618000103C2F8CC33012380F8DD300020704735
:106628000268D2F8CC3323F00203C2F8CC330268F4
:10663800D2F8CC3343F00103C2F8CC33EBE70220A5
:10664800704770B504460D46FEF7E0F80646236825
:10665800D3F8883313F4803F0ED1B5F1FF3FF6D05D
:10666800FEF7D4F8801BA84201D8002DEFD10723EC
:1066780084F8DD30032005E0012384F8DD300020B4
:1066880084F8DC0070BD10B5044690F8DD00C0B297
:1066980002280BD0022384F8DD30062907D02046D3
:1066A800FFF70CFD012384F8DD30002010BD1146F2
:1066B8002046FFF7EEFCF5E7034690F8DD00C0B290
:1066C800022800F0318193F8DC00012800F02881CD
:1066D80070B5012083F8DC00022083F8DD0018681B
:1066E800D0F88053D0F8FC4320292AD8002900F09C
:1066F8000C8101F1FF3CBCF11F0F00F20681DFE8BD
:106708001CF063007F0004018C00040104010401F3
:1067180099000401040104010401040104010401B5
:10672800A600040104010401040104010401040198
:106738000401040104010401040104010401040129
:10674800B900B1F5807F00F0C9801DD9B1F5007F8F
:1067580040F0DB8024F4E00416684FEA061C0CF4D1
:10676800E00C4CEA0404D0F8F86326F0F846C0F8C8
:10677800F8631E68D6F8F8035268920602F0F842E9
:106788000243C6F8F82328E0402900F08D808029CC
:1067980040F0BB8024F4E04416684FEA161C0CF461
:1067A800E04C4CEA0404D0F8F86326F4F816C0F874
:1067B800F8631E68D6F8F8035268120402F4F81257
:1067C8000243C6F8F82308E025F4E025166806F425
:1067D800E02635435268C0F8BC2393F8DD20D2B2D6
:1067E800072A00F09F800F2900F296801A68C2F8E5
:1067F8008053012283F8DD20002083F8DC0070BD7F
:1068080025F4601516684FEAC60C0CF4601C4CEAB7
:1068180005055268C0F8C023DFE725F0E075166863
:106828004FEA861C0CF0E07C4CEA05055268C0F87B
:10683800C423D2E725F0606516684FEA462C0CF0B1
:10684800606C4CEA05055268C0F8C823C5E756884D
:1068580066F30204D0F8F86326F01F06C0F8F86360
:106868001E68D6F8F803526802F01F020243C6F801
:10687800F823B2E724F0700416684FEA163C0CF0CF
:10688800700C4CEA0404D0F8F86326F47876C0F863
:10689800F8631E68D6F8F8035268520102F4787259
:1068A8000243C6F8F82398E724F4E06416684FEA30
:1068B800162C0CF4E06C4CEA0404D0F8F86326F4C7
:1068C800F846C0F8F8631E68D6F8F80352689202D2
:1068D80002F4F8420243C6F8F8237EE724F4E024E1
:1068E800166806F4E0263443D0F8F86326F0787684
:1068F800C0F8F8631E68D6F8F8035268520502F02B
:1069080078720243C6F8F82367E7072283F8DD2088
:10691800002283F8DC2060E71A68C2F8FC4368E7C5
:106928000220704701206AE77047034690F8DD00AF
:10693800C0B2022800F0BD8093F8DC00012800F006
:10694800B580012083F8DC00022083F8DD002029CF
:1069580018D8002900F0A38001391F2900F29F8070
:10696800DFE801F0344A9D569D9D9D629D9D9D9D49
:106978009D9D9D6E9D9D9D9D9D9D9D9D9D9D9D9D6E
:106988009D9D9D7AB1F5807F7DD00FD9B1F5007FAF
:1069980040F085801868D0F8041421F0F8511206E8
:1069A80002F0F8520A43C0F8042419E040295ED0E6
:1069B800802974D11868D0F8041421F4F83112032E
:1069C80002F4F8320A43C0F8042409E01868D0F841
:1069D800001421F01F0102F01F020A43C0F800242E
:1069E80093F8DD20D2B2072A62D0012283F8DD2095
:1069F800002083F8DC0070471868D0F8001421F4F0
:106A0800F861920102F4F8620A43C0F80024E7E74B
:106A18001868D0F8001421F4F831120302F4F8329F
:106A28000A43C0F80024DBE71868D0F8001421F402
:106A3800F801920402F4F8020A43C0F80024CFE7F0
:106A48001868D0F8001421F0F851120602F0F85234
:106A58000A43C0F80024C3E71868D0F8041421F0EA
:106A68001F0102F01F020A43C0F80424B8E718689F
:106A7800D0F8041421F4F861920102F4F8620A4390
:106A8800C0F80424ACE71868D0F8041421F4F8011D
:106A9800920402F4F8020A43C0F80424A0E707228B
:106AA80083F8DD20002283F8DC2099E70220704774
:106AB8000120704770B5044690F8DD00C0B2022886
:106AC80036D00D46164694F8DC30012B36D001231B
:106AD80084F8DC30022384F8DD30062929D02046EA
:106AE800FFF74EFB3268C5EBC50304EB83031A625C
:106AF80072685A62B2689A62F268DA6232691A6334
:106B080029462046FFF7B8FC062D0BD0F36A4BB98F
:106B180022680135ED01535923F40073F16D43EAFE
:106B280041235351012384F8DD30002084F8DC0030
:106B380070BD11462046FFF7E1FAD3E70220F7E7D8
:106B480038B5044690F8DD00C0B2022811D094F898
:106B5800DC30012B0ED0012584F8DC50022384F8A8
:106B6800DD302046FFF7D8FB84F8DD50002084F89C
:106B7800DC0038BD0220FCE7034690F8DD00C0B217
:106B8800022845D093F8DC0001283FD030B54FF0FB
:106B9800010E83F8DCE0022083F8DD00106800F4C1
:106BA800E0545068C0F308000443906800F4007093
:106BB8000443106900F480400443D06800F40040A6
:106BC80004431448556900EA054C4CEA040C9069E2
:106BD80000F0007040EA0C0C106A00F0804040EAB7
:106BE8000C0CD06900F0004040EA0C001A6802EB77
:106BF800C111D1F8B840084A22400243C1F8B82070
:106C080083F8DDE0002083F8DC0030BD0220704707
:106C1800704700BF0000FF010020003C844690F848
:106C2800DD00C0B2022800F0D9809CF8DC00012801
:106C380000F0D08030B401208CF8DC0002208CF801
:106C4800DD00062909D0013A072A00F2BC80DFE8F6
:106C580002F02E43BA7ABABABA82013A072A1FD882
:106C6800DFE802F0040F1E141E1E1E19DCF80020B7
:106C78001B68D3619CF8DD30DBB2072B24D10120DF
:106C880028E0DCF800201B685362F3E7DCF80020FA
:106C98001B689362EEE7DCF800201B68D362E9E723
:106CA80007238CF8DD3000238CF8DC30E2E7DCF8D1
:106CB80000201B6802EBC112C2F89C309CF8DD3042
:106CC800DBB2072B00F0888001238CF8DD30002030
:106CD8008CF8DC0030BC7047DCF80020186802EB48
:106CE800C112C2F8A4005A6822B3DCF800404A1C5A
:106CF800D201A05820F44050A050DCF80040A05821
:106D08005D682843A0505A68B2F5005F0AD0B2F512
:106D1800405FD3D1DCF800209B6802EBC112C2F8B7
:106D2800A830CBE7DCF800209B6802EBC112C2F860
:106D38009C30C3E7DCF800200131C901535823F423
:106D480040535350BAE7DCF800201B6802EBC1122D
:106D5800C2F8A830B2E7DCF80020186802EBC112CC
:106D6800C2F8AC005A682AB3DCF800404A1CD201C9
:106D7800A05820F44040A050DCF80040A0585D68BE
:106D880040EA8500A0505A68B2F5005F0AD0B2F513
:106D9800405F93D1DCF800209B6802EBC112C2F877
:106DA800A8308BE7DCF800209B6802EBC112C2F820
:106DB8009C3083E7DCF800200131C901535823F4E3
:106DC800404353507AE707238CF8DD3000238CF8D2
:106DD800DC3073E70220704701207BE7704738B545
:106DE800044690F8DD00C0B2022811D094F8DC0007
:106DF80001280ED0012584F8DC50022084F8DD003B
:106E08002046FFF7BBFA84F8DD50002084F8DC0048
:106E180038BD0220FCE790F8DC30012B13D010B409
:106E2800012280F8DC20022380F8DD300468236822
:106E38000B43236080F8DD20002380F8DC301846FF
:106E48005DF8044B704702207047002831D038B5F0
:106E5800044603684CF6CC421A60036845F2555262
:106E68001A60036842685A60036882689A60FDF78E
:106E7800CDFC05462368DA6812F0070F0DD0FDF740
:106E8800C5FC401B41F601039842F3D92368DB682F
:106E980013F0070FEED0032005E01969E26891426C
:106EA80002D01A61002038BD4AF6AA221A600020D2
:106EB800F9E70120704703684AF6AA221A60002001
:106EC800704738B512F4804F43D00468B4F8503096
:106ED80091F800C04FEACC0E1EFA83F32344B3F8AE
:106EE8000244C4F309048B69A34228D31B1B8B619A
:106EF8008B697BB9056835F82C309BB223F4804345
:106F080023F0700383F4005343F4004343F08003F9
:106F180025F82C3012F0400F0ED002680D7832F8A8
:106F280025309BB223F4E04323F0700343F400437D
:106F380043F0C00322F8253024B9204638BD002389
:106F48008B61D5E723460A894969006804F068FD22
:106F5800F3E70468B4F8503091F800C04FEACC0E5B
:106F68001EFA83F32344B3F80644C4F309048B6977
:106F7800A3422FD31B1B8B618B697BB9056835F83E
:106F88002C309BB223F4804323F0700383F4005326
:106F980043F4004343F0800325F82C3012F0400FEF
:106FA8000FD1026891F800C032F82C309BB223F45C
:106FB800E04323F0700343F4004343F0C00322F896
:106FC8002C30002CB9D023464A894969006804F05E
:106FD80027FDB2E700238B61CEE7002856D010B515
:106FE800044690F891323BB1032384F8913220682B
:106FF80003F027FE002315E080F8903205F032FDFB
:10700800F2E703EB830204EBC2020121517413740B
:107018000021D17411625162013303EB8302D20063
:10702800A150DBB220799842EBD8002316E003EB9D
:10703800830204EBC202002182F8511182F8503118
:1070480082F85311C2F86011C2F8641103EB83028D
:1070580004EBC202C2F868110133DBB29842E6D8E9
:10706800234653F8040B93E8060003F0F4FD0023CD
:107078002373012384F89132A37A012B01D00020D5
:1070880010BD204600F01BFF0020F9E701207047E3
:1070980090F89032012B0ED010B50446012380F8E9
:1070A8009032006803F0C4FD206804F0D6F900208F
:1070B80084F8900210BD0220704770B505460C4652
:1070C800164612F0400F00F020810268B2F85030E6
:1070D80009784FEAC10C1CFA83F31344B3F802246D
:1070E800C2F30902A36993422CD99B1AA361A06930
:1070F80058B316F4804F0DD0286830F821309BB271
:1071080023F4E04323F0700343F4404343F0800347
:1071180020F8213094F82430012B00F08D802A6863
:10712800217832F821309BB223F4E04323F0400366
:1071380083F0300343F4004343F0800322F8213006
:10714800002070BD0023A361D1E76378002B48D1EC
:107158002A68B2F8503012FA83F36344B3F8022471
:10716800C2F30902A3F80224B3F802246FEA4242E8
:107178006FEA524292B2A3F802242A686378002B7D
:107188003BD1B2F8503012FA83F3227803EBC203F2
:10719800B3F80624C2F30902A3F80624B3F80624B8
:1071A8006FEA42426FEA524292B2A3F80624E378A9
:1071B800022B2FD02178284605F098FC16F4804F32
:1071C800BED02A68217832F821309BB223F4E043FC
:1071D80023F0700343F4404343F0800322F8213046
:1071E800AEE7012BC9D12A68B2F8503012FA83F3FE
:1071F80063440022A3F80224BFE7012BD7D1B2F8D9
:10720800503012FA83F3227803EBC2030022A3F86A
:107218000624CCE72A68217832F821309BB223F47F
:10722800E04323F0400383F0200343F4004343F09A
:10723800800322F82130BDE7636913446361E36981
:107248001344E361216A236999421DD3C91A216253
:107258006278002A44D12968B1F8502011FA82F2E4
:10726800217802EBC102B2F80214C1F30901A2F8B5
:107278000214ABB9B2F802146FEA41416FEA514106
:1072880089B2A2F802142DE021B9002384F8243031
:107298001346DDE7002384F8243023620B46D7E742
:1072A8003E2B0DD8590813F0010F00D00131B2F868
:1072B800020480B2890289B20143A2F8021411E0E3
:1072C800580913F01F0F00D10138B2F8021489B21F
:1072D800800280B2014341F40041A2F8021401E0A7
:1072E800012A06D09BB222896169286804F0C4F893
:1072F80015E72968B1F8502011FA82F2217802EBDB
:10730800C10299B2A2F80214ECE70268B2F8503050
:107318000978C80010FA83F31344B3F80624C2F3BB
:107328000902A369934246D39B1AA361A369002B60
:1073380044D016F4804F0DD1286830F821309BB224
:1073480023F4E04323F0700343F4404343F0800305
:1073580020F8213094F82430012B7FF4E0AE6369E3
:1073680013446361E3691344E361216A2369994221
:10737800C0F09C80C91A216229686278002A40F00E
:10738800C180B1F8502011FA82F2217802EBC102D3
:10739800B2F80614C1F30901A2F80614002B40F054
:1073A8009180B2F806146FEA41416FEA514189B2FF
:1073B800A2F80614A8E00023A361B7E76378002BBE
:1073C80049D12A68B2F8503012FA83F30344B3F86B
:1073D8000224C2F30902A3F80224B3F802246FEAD4
:1073E80042426FEA524292B2A3F802242A686378B2
:1073F800002B3CD1B2F8503012FA83F3227803EB19
:10740800C203B3F80624C2F30902A3F80624B3F8AA
:1074180006246FEA42426FEA524292B2A3F8062467
:10742800E378022B30D02178284605F05FFB16F46C
:10743800804F7FF485AE2A68217832F821309BB2DC
:1074480023F4E04323F0700343F4404343F0800304
:1074580022F8213074E6012BC8D12A68B2F85030DE
:1074680012FA83F303440022A3F80224BEE7012B97
:10747800D6D1B2F8503012FA83F3227803EBC20364
:107488000022A3F80624CBE72A68217832F82130B5
:107498009BB223F4E04323F0400383F0200343F43A
:1074A800004343F0800322F82130BCE721B90023D0
:1074B80084F8243013465FE70023236284F82430DD
:1074C8000B4659E73E2B0DD8590813F0010F00D091
:1074D8000131B2F8060480B2890289B20143A2F8E8
:1074E800061411E0580913F01F0F00D10138B2F843
:1074F800061489B2800280B2014341F40041A2F827
:10750800061401E0012A06D09BB2628961692868E5
:1075180003F0B2FF03E6B1F8502011FA82F22178A5
:1075280002EBC10299B2A2F80614EDE72DE9F04783
:1075380004463EE003889BB223F4E14323F0700342
:107548006FEA43436FEA53439BB203802168B1F863
:107558005030227CD20012FA83F30B44B3F8023481
:10756800C3F30903E362626A1A4462620021204697
:1075780005F0BCFA237BE3B1A36AD3B9237B226865
:1075880043F08003A2F84C300023237311E0B4F8D1
:10759800562104F5267104F043FA2268138823F073
:1075A80070031B051B0D43F080031380204605F074
:1075B80089FA2068B0F8443013F4004F00F03482A0
:1075C800B0F844309AB203F00F0513F0080F40F0FA
:1075D8002F82002D75D112F0100FABD003889AB20C
:1075E80013F4006F30D0B0F8503094F85021D20026
:1075F80012FA83F30344B3F80634C3F30903C4F857
:107608006C31082BC3D003889BB223F4804323F04A
:10761800700383F4805348F280010B43038022688F
:1076280013889BB223F4E04323F0400383F0100354
:107638000B4313802268138823F070031B051B0D6E
:1076480043F080031380F0E112F4004FB1D00388B7
:1076580023F070031B051B0D43F080030380206893
:10766800B0F8503094F85021D20012FA83F3034452
:10767800B3F80634C3F30903C4F86C316BB9038853
:107688009BB223F4804323F0700383F4405343F404
:10769800004343F0800303808BE7D4F8641100298A
:1076A80087D0B4F8562104F0BBF9D4F86431D4F883
:1076B8006C211344C4F864310021204605F00AFA0D
:1076C80077E7AF0030F825309EB213F4004F4DD164
:1076D80016F0800F3FF46DAF2A4605EB8501C9000F
:1076E800103121442068C35B9BB223F4E14323F0AB
:1076F80070036FEA43436FEA53439BB2C35305EBEE
:10770800850304EBC303DB7C012B00F0F58016F442
:10771800807F40F084812068B0F8503005EB850503
:1077280004EBC5052E7CF50015FA83F30344B3F882
:107738000234C3F30903551C05EB850554F835508D
:107748009D4240F24F81571C07EB8707ED1A44F81A
:107758003750551C05EB850554F83550002D40F081
:1077680048813146204605F0C1F922E730F8253036
:1077780023F070031B051B0D43F0800320F8253010
:10778800A84605EB85094FEAC90909F5A879A14476
:1077980005EB850304EBC30393F85C31EBBB20686E
:1077A800B0F8503005EB850204EBC20292F8502184
:1077B800D20012FA83F30344B3F806A4CAF3090A01
:1077C800BAF1000F1DD108EB880304EBC303D3F80B
:1077D8006C215244C3F86C21D3F868313BB108EBF3
:1077E800880304EBC303D3F860319A4572D208EBDF
:1077F800880804EBC80898F85011204605F06AF983
:1078080066E705EB850104EBC1015346B1F8562143
:10781800D1F8641104F004F9D5E705EB850304EB0E
:10782800C30393F85331022B34D0216805EB85024A
:1078380004EBC20292F8500131F820309BB223F4D5
:10784800E04323F0700343F4004343F0C00321F8FE
:107858002030206892F8503130F8232012F4804FFD
:107868001FD0B0F85020DB0013FA82F30344B3F8BA
:1078780002A4CAF3090ABAF1000FA4D005EB8501E6
:1078880004EBC1015346B1F85821D1F8641104F052
:10789800C7F898E7324649462046FFF712FB82466A
:1078A80091E7B0F85020DB0013FA82F30344B3F8F1
:1078B80006A4CAF3090ABAF1000F84D005EB8501C2
:1078C80004EBC1015346B1F85A21D1F8641104F010
:1078D800A7F878E708EB880304EBC303D3F864310F
:1078E80008EB880804EBC8085344C8F864314946D3
:1078F800206803F0D3FDEBE66B1C03EB8303DB008E
:107908000021E15005EB850504EBC5052B7FDBB1B4
:1079180016F0400F33D06B7CFBB92168B1F85030BA
:1079280011FA83F3297C03EBC103B3F80214C1F302
:107938000901A3F80214B3F802146FEA41416FEA8F
:10794800514189B2A3F8021402EB820204EBC2028D
:10795800117C204605F0CAF82BE6012BF4D12168EA
:10796800B1F8503011FA83F302EB820104EBC10144
:10797800097C03EBC1030021A3F80214E4E72168A2
:1079880002EB820304EBC3035B7CD3B9B1F850303C
:1079980011FA83F302EB820104EBC101097C03EBCA
:1079A800C103B3F80614C1F30901A3F80614B3F828
:1079B80006146FEA41416FEA514189B2A3F80614EF
:1079C800C2E7012BC0D1B1F8503011FA83F302EBB2
:1079D800820104EBC101097C03EBC1030021A3F878
:1079E8000614B1E7551C05EB8505ED000027675126
:1079F800AFE602EB820504EBC5056E6A1E446E62B3
:107A0800013202EB820504EBC5056D6802EB8202C8
:107A180004EBC2022B44536003F040FDC9E5324633
:107A28002046FFF74AFBC4E500252846BDE8F08755
:107A38000125FAE790F89032012B0CD010B50446D6
:107A4800012380F890320173006803F000FD0020E4
:107A580084F8900210BD0220704710B504460068F3
:107A680003F006FD10F4004F23D110F4806F24D1E9
:107A780010F4804F32D110F4005F39D110F4805FD8
:107A880040D110F4006F67D110F0800F40F0818072
:107A980010F4007F40F0AD8010F4807F27D022687A
:107AA800B2F844309BB223F480739BB2A2F84430FE
:107AB8001DE02046FFF73AFD19E02268B2F844308D
:107AC8009BB223F480639BB2A2F84430204605F0B1
:107AD8001EF800212046FFF7ADFF08E02268B2F843
:107AE80044309BB223F480439BB2A2F8443010BDCB
:107AF8002268B2F844309BB223F400539BB2A2F838
:107B08004430F4E72268B2F840309BB223F0040313
:107B18009BB2A2F840302268B2F840309BB223F002
:107B280008039BB2A2F8403094F8C832012B0CD05D
:107B3800204605F00FF82268B2F844309BB223F4CF
:107B480080539BB2A2F84430D1E7002184F8C812D0
:107B5800204605F0B7F8EBE72268B2F840309BB250
:107B680043F00803A2F840302268B2F844309BB2D0
:107B780023F400639BB2A2F844302268B2F8403084
:107B88009BB243F00403A2F84030204604F0D2FF31
:107B9800ADE72268B2F844309BB223F080039BB271
:107BA800A2F8443094F8C832FBB92268B2F84030E1
:107BB8009BB243F00403A2F840302268B2F8403088
:107BC8009BB243F00803A2F84030012184F8C812A0
:107BD8002368B3F85430C3F38D0303F03C03C4F8AF
:107BE800CC32204605F06EF881E7204604F0A2FF6B
:107BF8007DE72268B2F844309BB223F400739BB24D
:107C0800A2F84430204604F07CFF70E710B5044623
:107C1800084611F0800F27D101F0070C0CEB8C01FE
:107C2800C90001F5A87E04EB0E010CEB8C0C04EBEB
:107C3800CC0C4FF0000E8CF851E100F007000870F2
:107C4800C2F30A020A61CB70022B1DD094F890325D
:107C5800012B1CD0012384F89032206803F00CF823
:107C6800002084F8900210BD01F0070C0CEB8C0189
:107C7800C900103121440CEB8C0C04EBCC0C4FF0F8
:107C8800010E8CF811E0D8E700230B71DEE7022023
:107C9800E9E710B504460A4611F0800F1FD101F03C
:107CA800070000EB8003DB0003F5A873E11800EB85
:107CB800800004EBC000002380F8513102F0070275
:107CC8000A7094F89032012B17D0012384F890326F
:107CD800206803F05EFA002084F8900210BD01F0DD
:107CE800070000EB8003DB001033E11800EB800095
:107CF80004EBC00001234374E0E70220EEE710B56F
:107D080001F0070C0CEB8C01C90001F5A8710CEB14
:107D18008C0E00EBCE0ECEF86421CEF8683100242C
:107D2800CEF86C418EF851418EF850C1014400687C
:107D380003F0B4FB204610BD01F0070101EB8101FF
:107D480000EBC100D0F86C01704738B501F0070CA2
:107D58000CEB8C01C90010310CEB8C0E00EBCE0E35
:107D6800CEF824200CF1010202EB820440F83430F2
:107D780001258EF83450CEF8303000EBC4020024D0
:107D880054608EF811508EF810C00144006803F05A
:107D980085FB204638BD0B4601F007020179914268
:107DA8002ED310B5044613F0800F1DD103EB8301C9
:107DB800C90001F5A871014403EB830300EBC30379
:107DC800002083F8510101238B700A7094F89032D7
:107DD800012B17D0012384F89032206803F0C4FAED
:107DE800002084F8900210BD02EB8201C900103116
:107DF800014402EB820300EBC30301205874E2E75D
:107E0800012070470220EEE70B46017903F00F02CC
:107E1800914234D310B5044613F0800F21D103F0FA
:107E2800070202EB8201C90001F5A871014402EBC7
:107E3800820200EBC202002082F8510100228A70FF
:107E480003F007030B7094F89032012B19D001232B
:107E580084F89032206803F0ACFA002084F890028D
:107E680010BD03F0070202EB8201C9001031014482
:107E780002EB820200EBC20201205074DEE701200F
:107E880070470220ECE711F0800F0BD001F00701DA
:107E980001EB8101C9001031084452B90273C38053
:107EA8000020704701EB8101C90001F5A871084461
:107EB800F3E70122027303811B0C4381F0E70346B9
:107EC80002680121C0F8D012002083F8C802B2F875
:107ED80054309BB20B43A2F85430B2F854309BB2E2
:107EE80043F00203A2F8543070470000002836D14E
:107EF8003E4B1B6803F4C063B3F5806F08D03B4A60
:107F0800D2F8803023F48073C2F8803000207047A4
:107F1800364AD2F8803023F48073C2F88030136870
:107F280023F4C06343F400731360314B1B6832229F
:107F380002FB03F32F4AA2FB03239B0C013300E04F
:107F4800013B2A4A526912F4806F01D0002BF7D105
:107F5800264B5B6913F4806F44D100207047B0F55D
:107F6800007F08D0214A136823F4C06343F4806378
:107F78001360002070471D4B1B6803F4C063B3F502
:107F8800806F08D0194AD2F8803043F48073C2F861
:107F9800803000207047154AD2F8803043F480734F
:107FA800C2F88030136823F4C06343F4007313608D
:107FB8000F4B1B68322202FB03F30E4AA2FB03237A
:107FC8009B0C013300E0013B084A526912F4806FB0
:107FD80001D0002BF7D1054B5B6913F4806F03D1F7
:107FE800002070470320704703207047007000404E
:107FF8002C00002083DE1B43024A936843F480432D
:108008009360704700700040124BDA6802F0030278
:10801800DB68C3F303130133032A11D00E48B0FB06
:10802800F3F00C4BDB68C3F3062303FB00F0094BAA
:10803800DB68C3F3416301335B00B0FBF3F07047C7
:108048000648B0FBF3F0034BDB68C3F3062303FBDE
:1080580000F0ECE7001002400024F40040787D01B5
:10806800002800F04F8270B582B00446036813F010
:10807800010F37D0A44A936803F00C03D26802F0CA
:1080880003020C2B23D0082B23D06368B3F5803F61
:108098004ED0B3F5A02F51D09B4B1A6822F48032F2
:1080A8001A601A6822F480221A606368002B52D082
:1080B800FCF7ACFB0546944B1B6813F4003F11D149
:1080C800FCF7A4FB401B6428F5D9032023E2032A0C
:1080D800D9D18D4B1B6813F4003F03D06368002B84
:1080E80000F01282236813F0020F5DD0864A93686D
:1080F80003F00C03D26802F003020C2B3AD0042BD5
:108108003AD0E368002B75D07F4A136843F4807334
:108118001360FCF77BFB05467B4B1B6813F4806FF1
:108128005FD1FCF773FB401B0228F5D90320F2E16D
:10813800754A136843F480331360B6E703F180434C
:10814800A3F53C331A6842F480221A601A6842F494
:1081580080321A60A9E7FCF759FB05466A4B1B6891
:1081680013F4003FBED0FCF751FB401B6428F5D93F
:108178000320D0E1022AC2D1634B1B6813F4806F3D
:1081880003D0E368002B00F0C1815F4A536823F0F5
:10819800FE43216943EA016353605C4B1868FCF7AE
:1081A800F1FA002840F0B481236813F0080F4CD08E
:1081B80063699BB3544AD2F8943043F00103C2F880
:1081C8009430FCF723FB05464F4BD3F8943013F05B
:1081D800020F3AD1FCF71AFB401B0228F4D90320FE
:1081E80099E1494A536823F0FE43216943EA016350
:1081F8005360D9E7444A136823F480731360FCF78B
:1082080005FB0546404B1B6813F4806FCCD0FCF788
:10821800FDFA401B0228F5D903207CE13A4AD2F83E
:10822800943023F00103C2F89430FCF7EFFA0546C6
:10823800354BD3F8943013F0020F06D0FCF7E6FA6A
:10824800401B0228F4D9032065E1236813F0040FCA
:1082580000F081802C4B9B6D13F0805F36D12A4B48
:108268009A6D42F080529A659B6D03F0805301939A
:10827800019B0125264B1B6813F4807F28D0A36837
:10828800012B39D0052B45D01F4BD3F8902022F075
:108298000102C3F89020D3F8902022F00402C3F81A
:1082A8009020A368002B43D0FCF7B0FA0646164B83
:1082B800D3F8903013F0020F4CD1FCF7A7FA801BCB
:1082C80041F288339842F2D9032024E10025D1E70E
:1082D8000F4A136843F480731360FCF797FA064655
:1082E8000B4B1B6813F4807FC9D1FCF78FFA801BF6
:1082F8000228F5D903200EE1034AD2F8903043F062
:108308000103C2F89030CCE700100240CC010020F5
:1083180000700040884BD3F8902042F00402C3F864
:108328009020D3F8902042F00102C3F89020B8E7DB
:10833800FCF76CFA0646804BD3F8903013F0020F26
:1083480008D0FCF763FA801B41F288339842F2D9CF
:108358000320E0E0E5B9236813F0200F35D0A369C6
:10836800E3B1754AD2F8983043F00103C2F8983067
:10837800FCF74CFA0546704BD3F8983013F0020F0F
:1083880023D1FCF743FA401B0228F4D90320C2E0AA
:10839800694A936D23F080539365DCE7664AD2F807
:1083A800983023F00103C2F89830FCF72FFA0546FD
:1083B800614BD3F8983013F0020F06D0FCF726FA79
:1083C800401B0228F4D90320A5E0E369002B00F044
:1083D800A180594A926802F00C020C2A64D0022B40
:1083E80013D0554A136823F080731360FCF70EFA14
:1083F8000446514B1B6813F0007F4ED0FCF706FA79
:10840800001B0228F5D9032085E04B4A136823F0A6
:1084180080731360FCF7FAF90546474B1B6813F0A5
:10842800007F06D0FCF7F2F9401B0228F5D903209B
:1084380071E0414AD36841491940236A606A0138AA
:1084480043EA0013A06A43EA0023206B400801387E
:1084580043EA4053606B4008013843EA4063E06AEE
:1084680043EAC0631943D160136843F08073136013
:10847800D36843F08073D360FCF7C8F904462E4BE9
:108488001B6813F0007F06D1FCF7C0F9001B022817
:10849800F5D903203FE000203DE0274AD168284B6A
:1084A8000B40D360002036E0012B36D0224BDB682E
:1084B80003F00301226A914231D103F0F002616AAC
:1084C8000139B2EB011F2CD103F4FE42A16AB2EBD1
:1084D800012F28D103F07842E16AB2EBC16F24D1B1
:1084E80003F4C001226B5208013AB1EB425F1ED17E
:1084F80003F0C063626B5208013AB3EB426F18D1C4
:10850800002008E001207047012004E0012002E07B
:10851800012000E0002002B070BD0120FBE701202F
:10852800F9E70120F7E70120F5E70120F3E701204B
:10853800F1E70120EFE700BF001002400C809F0127
:10854800FCFFEEFE1E4B9B6803F00C03042B33D09C
:108558001B4B9B6803F00C03082B2FD0184B9B6810
:1085680003F00C030C2B01D000207047144BDA6881
:1085780002F00302DB68C3F303130133032A11D0AB
:108588001048B0FBF3F00E4BDB68C3F3062303FB84
:1085980000F00B4BDB68C3F3416301335B00B0FBB6
:1085A800F3F070470848B0FBF3F0054BDB68C3F302
:1085B800062303FB00F0ECE70248704702487047C7
:1085C800001002400024F40040787D01002800F0EB
:1085D800E680F8B50C460546744B1B6803F00F039C
:1085E8008B420BD2714A136823F00F030B431360BD
:1085F800136803F00F038B4240F0D3802E6816F007
:1086080001065FD06B68032B2FD0022B4DD0684B2F
:108618001B6813F4806F00F0C680FFF793FF654B6B
:1086280098424DD9624A936823F0F00343F08003DF
:10863800936080265E4A936823F0030369680B43BE
:108648009360FCF7E3F80746594B9B6803F00C036B
:108658006A68B3EB820F35D0FCF7D8F8C01B41F23B
:1086680088339842F0D9032078E0514B1B6813F007
:10867800007F01D1012071E0FFF7C6FC4D4B984205
:108688001AD94B4B9B6813F0F00F05D02E6816F0E3
:108698000206CFD0AB688BB9454A936823F0F00344
:1086A80043F0800393608026C4E7414B1B6813F4B2
:1086B800003FB2D1012051E00026BBE70026B9E710
:1086C8000026B7E72B6813F0020F48D013F0040F09
:1086D80004D0374A936843F4E06393602B6813F03F
:1086E800080F06D0324A936823F47C5343F4E063BE
:1086F80093602F4A936823F0F003A9680B439360B3
:108708002A4B1B6803F00F03A34230D82B6813F0E1
:10871800040F06D0264A936823F4E063E9680B4304
:1087280093602B6813F0080F07D0214A936823F44D
:108738006053296943EAC1039360FFF703FF1C4BA9
:108748009B68C3F303131C4AD35C03F01F03D84090
:108758001A4B18601A4B1868FCF714F8F8BD802EED
:10876800CED1134A936823F0F0039360C8E70F4A09
:10877800136823F00F0323431360FCF747F80646FA
:108788000A4B1B6803F00F03A342BFD0FCF73EF867
:10879800801B41F288339842F2D90320DEE701209A
:1087A80070470120DAE70120D8E700BF0020024027
:1087B8000010024000B4C40418D700082C000020A0
:1087C800CC010020014B1868704700BF2C00002026
:1087D80008B5FFF7F7FF054B9B68C3F30223044A6C
:1087E800D35C03F01F03D84008BD00BF001002404F
:1087F80010D7000808B5FFF7E5FF054B9B68C3F3E2
:10880800C223044AD35C03F01F03D84008BD00BF4D
:108818000010024010D70008024A136843F40023EE
:1088280013607047001002407047000008B5064BFF
:10883800DB6913F4807F00D108BDFFF7F5FF024B19
:108848004FF480721A62F7E700100240F0B583B067
:108858000446036813F4002F6ED0354B9B6D13F05C
:10886800805F1ED1324B9A6D42F080529A659B6DA3
:1088780003F080530193019B01262E4A136843F4A9
:1088880080731360FBF7C2FF05462A4B1B6813F47D
:10889800807F08D1FBF7BAFF401B0228F5D90325D2
:1088A80002E00026E9E7002545BB214BD3F89030CC
:1088B80013F4407315D0226D9A4212D01C4AD2F894
:1088C800903023F44073D2F8901041F48031C2F80C
:1088D8009010D2F8901021F48031C2F89010C2F8AC
:1088E800903013F0010F10D145B9114AD2F89030E9
:1088F80023F44073216D0B43C2F89030EEB10C4A5B
:10890800936D23F08053936517E0FBF77FFF0746CD
:10891800074BD3F8903013F0020FE5D1FBF776FF41
:10892800C01B41F288339842F2D90325DCE700BF27
:1089380000100240007000400025236813F0010F6A
:1089480008D09F4AD2F8883023F0030361680B43AC
:10895800C2F88830236813F0020F08D0984AD2F87A
:10896800883023F00C03A1680B43C2F888302368D1
:1089780013F0040F08D0924AD2F8883023F030035D
:10898800E1680B43C2F88830236813F0080F08D059
:108998008B4AD2F8883023F0C00321690B43C2F810
:1089A8008830236813F0100F08D0854AD2F8883031
:1089B80023F4407361690B43C2F88830236813F0CD
:1089C800200F08D07E4AD2F8883023F44063A1698A
:1089D8000B43C2F88830236813F0400F08D0784A58
:1089E800D2F8883023F44053E1690B43C2F8883049
:1089F800236813F0800F08D0714AD2F8883023F426
:108A08004043216A0B43C2F88830236813F4807FFF
:108A180008D06B4AD2F8883023F44033616A0B439C
:108A2800C2F88830236813F4003F08D0644AD2F8AB
:108A38009C3023F00303A16A0B43C2F89C302368DF
:108A480013F4007F08D05E4AD2F8883023F440231C
:108A5800E16A0B43C2F88830236813F4806F0CD0A6
:108A6800574AD2F8883023F44013216B0B43C2F8DD
:108A78008830236BB3F5801F79D0236813F4006F17
:108A88000CD04F4AD2F8883023F44003616B0B4373
:108A9800C2F88830636BB3F5800F6DD0236813F488
:108AA800805F0CD0464AD2F8883023F04073A16B1F
:108AB8000B43C2F88830A36BB3F1807F61D0236881
:108AC80013F4005F0CD03E4AD2F8883023F040639C
:108AD800E16B0B43C2F88830E36BB3F1006F55D0FC
:108AE800236813F4804F0CD0354AD2F8883023F02D
:108AF8004063216C0B43C2F88830236CB3F1006FDC
:108B080049D0236813F4004F0CD02D4AD2F888308E
:108B180023F04053616C0B43C2F88830636CB3F1A7
:108B2800805F3DD0236813F4803F0CD0244AD2F8EC
:108B3800883023F04043A16C0B43C2F88830A36C03
:108B4800B3F1804F31D0236813F4802F0CD01C4A26
:108B5800D2F89C3023F44013E16C0B43C2F89C30EC
:108B6800E36CB3F5001F25D0284603B0F0BDD368E9
:108B780043F48013D36080E7D36843F48013D36051
:108B88008CE7D36843F48013D36098E7D36843F441
:108B98008013D360A4E7D36843F48013D360B0E7AD
:108BA800D36843F48033D360BCE7D36843F480339D
:108BB800D360C8E7D36843F48013D360D4E700BF19
:108BC800001002402DE9F04782B005468846174656
:108BD8001E46FBF71BFE0A9B1B1A03EB0609FBF755
:108BE80015FE8246284B1B68C3F3CB3309FB03F3FE
:108BF80001932B689C6838EA04040CBF0123002306
:108C0800BB423DD0B6F1FF3FF3D0FBF7FFFDA0EB31
:108C18000A00484503D2019B73BB9946E9E72A68D5
:108C2800536823F0E00353606B68B3F5827F0BD081
:108C3800AB6AB3F5005F14D0012385F85D300023DB
:108C480085F85C3003201CE0AB68B3F5004F02D018
:108C5800B3F5806FECD12A68136823F040031360E2
:108C6800E6E72A68136823F4005313602A68136838
:108C780043F400531360DFE7019B013B0193B8E71E
:108C8800002002B0BDE8F0872C0000202DE9F04755
:108C980082B006460C4615461F4600238DF8033061
:108CA800FBF7B4FD0A9B1B1A03EB0708FBF7AEFDA5
:108CB8008146D6F800A0304B1B6803EB8303C3EB57
:108CC800C3031B0D08FB03F3019302E0B7F1FF3F59
:108CD80012D133689B6803EA040CAC4547D0B4F55D
:108CE800C06FF3D1002DF1D19AF80C30DBB28DF8BA
:108CF80003309DF80330E9E7FBF788FDA0EB090096
:108D0800404503D2019B73BB9846E2E7326853683B
:108D180023F0E00353607368B3F5827F0BD0B36A26
:108D2800B3F5005F14D0012386F85D30002386F880
:108D38005C3003201CE0B368B3F5004F02D0B3F5F4
:108D4800806FECD13268136823F040031360E6E7C4
:108D58003268136823F4005313603268136843F4CD
:108D680000531360DFE7019B013B0193B1E700204B
:108D780002B0BDE8F08700BF2C00002070B582B0BB
:108D880004460D46164600920B4600224FF4C05189
:108D9800FFF77CFFB0B900962B46002280212046C1
:108DA800FFF710FFA8B900962B4600224FF4C061C8
:108DB8002046FFF76BFF50B1236E43F02003236674
:108DC800032004E0236E43F020032366032002B04F
:108DD80070BD236E43F0200323660320F7E70028C5
:108DE8006FD010B50446436A33B94368B3F5827F40
:108DF80005D00023C36102E000230361436100231F
:108E0800A36294F85D30002B52D0022384F85D30C1
:108E18002268136823F040031360E368B3F5E06F3A
:108E28004CD90022B3F5706F04D0B3F5E06F01D0D0
:108E38000023A362636803F48273A16801F4044108
:108E48000B43216901F002010B43616901F0010143
:108E58000B43A16901F400710B43E16901F038018A
:108E68000B43216A01F080010B43A16A01F4005110
:108E780020680B430360638B03F00403616A01F00D
:108E880010010B43616B01F008010B43E16801F429
:108E980070610B4321681A434A602268D36923F43E
:108EA8000063D36100202066012384F85D3010BD83
:108EB80084F85C302046F9F747FFA6E74FF4805264
:108EC800B0E7012070472DE9F843044688469146EB
:108ED8001F46089DFBF79AFC064694F85D30DBB206
:108EE8006268012B0AD0B2F5827F40F05C81A268EB
:108EF800002A40F05B81042B40F05A81B8F1000F42
:108F080000F05881B9F1000F00F05681002F00F0F1
:108F1800558194F85C30012B00F05281012384F8CC
:108F28005C3094F85D30DBB2042B02D0052384F862
:108F38005D3000232366C4F84090A4F84670A4F876
:108F48004470C4F83880E787A787E3642365E3683B
:108F5800B3F5E06F01D8012F23D92268536823F4B1
:108F68008053536023681A6812F0400F03D11A68BF
:108F780042F040021A60E368B3F5E06F5FD96368B6
:108F88000BB1012F0BD1A26B23681288DA60A36B97
:108F98000233A363E38F9BB2013B9BB2E3870127B4
:108FA80030E02268536843F480535360DAE7A26BD9
:108FB8001288DA60A36B0233A363E38F9BB2013B91
:108FC8009BB2E387002723689A6812F0010F11D03B
:108FD800B4F8462092B26AB1DA68236C1A80236C1E
:108FE80002332364B4F846309BB2013B9BB2A4F829
:108FF80046300127FBF70AFC831BAB4202D3B5F1CD
:10900800FF3F14D1E38F9BB22BB9B4F846309BB223
:10901800002B00F0B18023689A6812F0020FD2D0BA
:10902800E28F92B2002ACED0002FCCD0BFE7012326
:1090380084F85D30002384F85C300320B4E0636872
:109048000BB1012F0FD1E38F9BB2012B0DD9A26B6E
:1090580023681288DA60A36B0233A363E38F9BB2A1
:10906800023B9BB2E387012749E0A26B2368127891
:109078001A73A36B0133A363E38F9BB2013B9BB2CB
:10908800E387F0E7E28F92B2012A0CD9A26B12882B
:10909800DA60A36B0233A363E38F9BB2023B9BB2FC
:1090A800E38700273DE0A26B12781A73A36B0133A4
:1090B800A363E38F9BB2013B9BB2E387002730E0B9
:1090C8002268536843F48053536001270DE0226CF3
:1090D8001B7B1370236C01332364B4F846309BB2B6
:1090E800013B9BB2A4F846300127FBF78FFB801B9E
:1090F800A84202D3B5F1FF3F36D1002D34D0E38F1B
:109108009BB223B9B4F846309BB2002B34D0236805
:109118009A6812F0020F04D0E28F92B20AB1002FBF
:10912800B0D123689A6812F0010FDED0B4F8462057
:1091380092B2002AD9D0B4F8462092B2012AC6D9F0
:10914800DA68236C1A80236C02332364B4F846303F
:109158009BB2023B9BB2A4F84630B4F846309BB2AF
:10916800012BADD90127C0E7012384F85D30002326
:1091780084F85C30032017E0324629462046FFF782
:10918800FDFD48B9012384F85D30002384F85C3084
:10919800236E4BB1012007E020232366002384F8C7
:1091A8005C30012000E00220BDE8F8830220FBE7E4
:1091B8000220F9E70120F7E70120F5E70120F3E7AE
:1091C8000220F1E730B4026A036A23F00103036264
:1091D8004468836923F4803323F073030D681D43C7
:1091E80022F002028B681343214A904213D002F501
:1091F800006290420FD002F5406290420BD002F517
:109208008062904207D002F58062904203D002F556
:109218000062904207D1026A22F00402026223F03F
:109228000803CA681343124A904213D002F5006239
:1092380090420FD002F5406290420BD002F5806256
:10924800904207D002F58062904203D002F5006296
:10925800904205D124F440744A6922438C6914432E
:10926800446085614A684263036230BC704700BF4E
:10927800002C014030B4036A026A22F48072026250
:109288004468C26922F4803222F073020D681543E3
:1092980023F400738A6843EA02231D4A904207D0E8
:1092A80002F50062904203D002F5E052904208D1E4
:1092B800026A22F48062026223F40063CA6843EA05
:1092C8000223134A904213D002F5006290420FD055
:1092D80002F5406290420BD002F58062904207D0BE
:1092E80002F58062904203D002F50062904207D1F5
:1092F80024F440544A6944EA02148A6944EA02148C
:109308004460C5614A68C263036230BC704700BFED
:10931800002C014030B4036A026A22F480520262CF
:109328004468C26922F0807222F4E6420D6842EA7B
:10933800052223F400538D6843EA05331C4DA842E7
:1093480007D005F50065A84203D005F5E055A84209
:1093580008D1056A25F48045056223F40043CD68E9
:1093680043EA0533124DA84213D005F50065A8421B
:109378000FD005F54065A8420BD005F58065A842D9
:1093880007D005F58065A84203D005F50065A84219
:1093980007D124F440444D6944EA85148D6944EAB0
:1093A80085144460C2614A680264036230BC704735
:1093B800002C014030B4036A026A22F4803202624F
:1093C8004468026D22F4803222F070020D68154361
:1093D80023F400338A6843EA0243114A904213D0C7
:1093E80002F5006290420FD002F5406290420BD025
:1093F80002F58062904207D002F58062904203D065
:1094080002F50062904204D124F480344A6944EAA7
:109418000224446005654A688264036230BC704770
:10942800002C014030B4036A026A22F480120262FE
:109438004468026D22F0807222F4E0420D6842EA2C
:10944800052223F400138D6843EA0553114DA84201
:1094580013D005F50065A8420FD005F54065A84270
:109468000BD005F58065A84207D005F58065A842B0
:1094780003D005F50065A84204D124F480244D6981
:1094880044EA8524446002654A68C264036230BCC9
:10949800704700BF002C014090F83D30DBB2012B33
:1094A8003AD1022380F83D300268D36843F00103C3
:1094B800D36003681B4A934220D0B3F1804F1DD07C
:1094C800A2F59432934219D002F58062934215D0E6
:1094D80002F58062934211D002F5943293420DD086
:1094E80002F54062934209D002F58052934205D0BA
:1094F8001A6842F001021A600020704799680A4A07
:109508000A40062A0AD0B2F5803F09D01A6842F00C
:1095180001021A6000207047012070470020704740
:1095280000207047002C0140070001007047704779
:109538007047704770B505460368DE681C6914F00B
:10954800020F10D016F0020F0DD06FF002021A6150
:109558000123037703689B6913F0030F7CD0FFF79F
:10956800E6FF00232B7714F0040F12D016F0040F37
:109578000FD02B686FF004021A6102232B772B6837
:109588009B6913F4407F6DD02846FFF7D0FF002376
:109598002B7714F0080F12D016F0080F0FD02B6895
:1095A8006FF008021A6104232B772B68DB6913F02C
:1095B800030F5ED02846FFF7BAFF00232B7714F07D
:1095C800100F12D016F0100F0FD02B686FF010028A
:1095D8001A6108232B772B68DB6913F4407F4FD07F
:1095E8002846FFF7A4FF00232B7714F0010F02D0C1
:1095F80016F0010F4BD114F4025F02D016F0800F61
:109608004DD114F4807F02D016F0800F4FD114F0A2
:10961800400F02D016F0400F51D114F0200F02D0A5
:1096280016F0200F53D114F4801F02D016F4801FB7
:1096380055D114F4001F02D016F4001F57D114F4AA
:10964800800F02D016F4800F59D114F4000F02D005
:1096580016F4000F5BD170BDFFF768FF2846FFF7CF
:1096680067FF7EE72846FFF761FF2846FFF760FFA0
:109678008DE72846FFF75AFF2846FFF759FF9CE772
:109688002846FFF753FF2846FFF752FFABE72B6842
:109698006FF001021A612846F9F7BAF9ABE72B68AF
:1096A8006FF402521A61284600F073FBA9E72B6891
:1096B8006FF480721A61284600F06CFBA7E72B68EC
:1096C8006FF040021A612846FFF733FFA5E72B68C1
:1096D8006FF020021A61284600F05AFBA3E72B68B6
:1096E8006FF480121A61284600F055FBA1E72B6839
:1096F8006FF400121A61284600F04EFB9FE72B68B2
:109708006FF480021A61284600F047FB9DE72B683A
:109718006FF400021A61284600F040FB9BE7000046
:109728000368384A904216D0B0F1804F13D0A2F5A2
:10973800943290420FD002F5806290420BD002F52D
:109748008062904207D002F59432904203D002F52D
:10975800E052904203D123F070034A681343294A28
:10976800904222D0B0F1804F1FD0A2F5943290429F
:109778001BD002F58062904217D002F580629042B9
:1097880013D002F5943290420FD002F54062904215
:109798000BD002F58062904207D002F580629042B9
:1097A80003D002F50062904203D123F44073CA68E3
:1097B800134323F080034A6913438A68C2620A6824
:1097C8008262104A904213D002F5006290420FD094
:1097D80002F5406290420BD002F58062904207D0B9
:1097E80002F58062904203D002F50062904201D1F6
:1097F8000A690263026842F00402026001224261BF
:1098080003607047002C014060B310B5044690F81F
:109818003D3013B3022384F83D30214651F8040B40
:10982800FFF77EFF012384F8483084F83E3084F83F
:109838003F3084F8403084F8413084F8423084F86E
:10984800433084F8443084F8453084F8463084F84E
:10985800473084F83D30002010BD80F83C30F9F7DF
:10986800FFFDD7E70120704760B310B5044690F8B4
:109878003D3013B3022384F83D30214651F8040BE0
:10988800FFF74EFF012384F8483084F83E3084F80F
:109898003F3084F8403084F8413084F8423084F80E
:1098A800433084F8443084F8453084F8463084F8EE
:1098B800473084F83D30002010BD80F83C30F9F77F
:1098C8001FFED7E70120704730B4036A026A22F00E
:1098D800100202624468826922F0807222F4E64231
:1098E8000D6842EA052223F020038D6843EA051338
:1098F8001C4DA84207D005F50065A84203D005F520
:10990800E055A84208D1056A25F04005056223F014
:109918008003CD6843EA0513124DA84213D005F51C
:109928000065A8420FD005F54065A8420BD005F5A3
:109938008065A84207D005F58065A84203D005F5E3
:109948000065A84207D124F440644D6944EA8504BF
:109958008D6944EA8504446082614A6882630362CF
:1099680030BC7047002C014038B590F83C30012BD2
:1099780000F0958004460D46012380F83C30142AF7
:1099880000F28880DFE802F00B8686861F868686CE
:1099980034868686488686865D8686867100006857
:1099A800FFF710FC2268936943F00803936122686B
:1099B800936923F0040393612268936929690B432F
:1099C8009361002067E00068FFF77EFF22689369D3
:1099D80043F4006393612268936923F4806393617D
:1099E80022689369296943EA01239361002052E0C0
:1099F8000068FFF73FFC2268D36943F00803D3618E
:109A08002268D36923F00403D3612268D3692969E2
:109A18000B43D36100203EE00068FFF77BFC22681F
:109A2800D36943F40063D3612268D36923F4806364
:109A3800D3612268D369296943EA0123D3610020ED
:109A480029E00068FFF7B6FC2268136D43F00803AD
:109A580013652268136D23F0040313652268136DE0
:109A680029690B431365002015E00068FFF7DAFC4D
:109A78002268136D43F4006313652268136D23F4A1
:109A8800806313652268136D296943EA012313650E
:109A9800002000E00120002384F83C3038BD02207B
:109AA800FCE701F01F014FF0010C0CFA01FC036AFE
:109AB80023EA0C030362036A8A4013430362704774
:109AC80010B5044610293DD8DFE801F0093C3C3CBC
:109AD800203C3C3C273C3C3C2E3C3C3C350090F830
:109AE8003E30DBB2013B18BF0123002B40F09B80C6
:109AF800102900F28680DFE801F02C8484847484C5
:109B08008484788484847C848484800090F83F30C2
:109B1800DBB2013B18BF0123E7E790F84030DBB226
:109B2800013B18BF0123E0E790F84130DBB2013B6D
:109B380018BF0123D9E790F84230DBB2013B18BFC8
:109B48000123D2E790F84330DBB2013B18BF012371
:109B5800CBE7022384F83E3001222068FFF7A1FFFB
:109B68002368344A934213D002F5006293420FD01F
:109B780002F5406293420BD002F58062934207D00F
:109B880002F58062934203D002F50062934203D14A
:109B98005A6C42F400425A642368264A934234D0ED
:109BA800B3F1804F31D0A2F5943293422DD002F513
:109BB8008062934229D002F58062934225D002F553
:109BC8009432934221D002F5406293421DD002F5AF
:109BD8008052934219D01A6842F001021A6000209C
:109BE80022E0022384F83F30B6E7022384F84030AD
:109BF800B2E7022384F84130AEE7022384F842300A
:109C0800AAE7022384F84330A6E799680A4A0A407B
:109C1800062A0AD0B2F5803F09D01A6842F001023C
:109C28001A60002000E0012010BD0020FCE70020A1
:109C3800FAE700BF002C01400700010090F83C2023
:109C4800012A4CD030B40346012280F83C2002227D
:109C580080F83D20006842688468224DA84207D0F9
:109C680005F50065A84203D005F5E055A84203D1E3
:109C780022F470024D682A4322F0007222F070022A
:109C88000D682A4342601A68164882421AD0B2F117
:109C9800804F17D0A0F59430824213D000F5806031
:109CA80082420FD000F5806082420BD000F59430DC
:109CB800824207D000F54060824203D000F5805010
:109CC800824204D124F080048968214391600122F2
:109CD80083F83D20002083F83C0030BC7047022008
:109CE800704700BF002C014090F83C30012B4AD04F
:109CF80010B40246012380F83C30CB6823F440734B
:109D08008868034323F480634868034323F40063AB
:109D18000868034323F480530869034323F400537A
:109D28004869034323F48043086B034323F47023F7
:109D3800886943EA004323F08053C86903431068E5
:109D4800124CA04207D004F50064A04203D004F5E9
:109D5800E054A04210D123F470038C6A43EA045300
:109D680023F080730C6A234323F000734C6A234367
:109D780023F00053C96A0B434364002082F83C0077
:109D88005DF8044B70470220704700BF002C01406B
:109D98007047704770477047704770477047026850
:109DA80052E8003F23F0C00342E800310029F6D111
:109DB800026802F1080353E8003F23F40003083265
:109DC80042E800310029F3D12023C0F888307047D9
:109DD800026852E8003F23F4907342E800310029FA
:109DE800F6D1026802F1080353E8003F23F08053DC
:109DF80023F00103083242E800310029F1D1C36E93
:109E0800012B06D02023C0F88C300023C36643679B
:109E18007047026852E8003F23F0100342E800311F
:109E28000029F6D1EEE700001346D0F88820202A52
:109E38003DD110B5044600293BD0002B3BD001652D
:109E4800A0F85430A0F856300022C0F89020212203
:109E5800C0F88820C26FCAB11849D162C26F1849C8
:109E68001163C26F17495163C26F00219163026881
:109E78002832016DC06FFBF7F1FE38B11023C4F82A
:109E880090302023C4F8883001200FE02368402256
:109E98001A62226802F1080353E8003F43F0800386
:109EA800083242E800310029F3D1002010BD022019
:109EB80070470120FAE70120F8E700BFD19E0008AB
:109EC8003F9F00084D9F000808B50346806A1B683D
:109ED8001B6813F0200F18D10023A0F85630026831
:109EE80002F1080353E8003F23F08003083242E8F8
:109EF80000310029F3D1026852E8003F43F04003E3
:109F080042E800310029F6D108BDFAF7ADFAFBE7BF
:109F180008B5026852E8003F23F0400342E80031E8
:109F28000029F6D12023C0F8883000238367FAF788
:109F38009BFA08BD704708B5806AFFF7FBFF08BDAC
:109F48007047704738B5846AD4F88820D4F88C50A4
:109F580023689B6813F0800F01D0212A10D0236852
:109F68009B6813F0400F01D0222D0DD0D4F890300B
:109F780043F01003C4F890302046FAF741FA38BD90
:109F88002046FFF70CFFEAE72046FFF721FFEDE741
:109F980008B5806AFAF734FA08BD000070B50446BF
:109FA8000268D3691068916840F60F0C13EA0C0F29
:109FB8000DD113F0200F10D010F0200F02D111F0A6
:109FC800805F0AD0636F93B3204698472FE09D4D7A
:109FD8000D402DD19C4E30422AD1E56E012D00F066
:109FE800C08013F4801F03D011F4800F40F06C81FF
:109FF80013F0800F07D010F0800F40F06C8111F43F
:10A00800000F40F0688113F0400F03D010F0400FAC
:10A0180040F0688113F4000F03D010F0804F40F037
:10A02800658113F0807F02D00028C0F2638170BD83
:10A0380013F0010F09D010F4807F06D001261662B4
:10A04800D4F890203243C4F8902013F0020F0BD0BC
:10A0580011F0010F08D0226802261662D4F8902069
:10A0680042F00402C4F8902013F0040F0BD011F052
:10A07800010F08D0226804261662D4F8902042F016
:10A088000202C4F8902013F0080F0BD010F0200F34
:10A0980000D13DB1226808251562D4F890202A43E2
:10A0A800C4F8902013F4006F0CD010F0806F09D022
:10A0B80022684FF400651562D4F8902042F020021F
:10A0C800C4F89020D4F89020002AB0D013F0200FC4
:10A0D80009D010F0200F02D111F0805F03D0636F18
:10A0E8000BB120469847D4F8902023689B6813F05A
:10A0F800400F02D112F0280F2CD02046FFF768FE3F
:10A1080023689B6813F0400F20D0226802F10803EF
:10A1180053E8003F23F04003083242E800310029A9
:10A12800F3D1D4F880306BB1484A9A63D4F88000F0
:10A13800FBF718FE00283FF47AAFD4F88000836B51
:10A14800984774E72046FAF75BF970E72046FAF774
:10A1580057F96CE72046FAF753F90023C4F8903012
:10A1680065E713F0100F3FF43CAF10F0100F3FF409
:10A1780038AF1023136223689B6813F0400F67D031
:10A18800D4F880100A6853689BB2002B4AD0B4F800
:10A198005C00984246D9A4F85E300B681B6813F03F
:10A1A800200F32D1226852E8003F23F4807342E83E
:10A1B80000310029F6D1226802F1080353E8003F74
:10A1C80023F00103083242E800310029F3D1226864
:10A1D80002F1080353E8003F23F04003083242E845
:10A1E80000310029F3D12023C4F88C300023E36622
:10A1F800226852E8003F23F0100342E800310029AA
:10A20800F6D1D4F88000FBF773FD02232367B4F876
:10A218005C10B4F85E309BB2C91A89B22046FAF7CE
:10A22800EDF804E7B4F85C1099427FF400AF1368C6
:10A2380013F0200F3FF4FBAE022323672046FAF702
:10A24800DDF8F4E60100001020010004999F0008E1
:10A25800B4F85C10B4F85E309BB2C91A89B2B4F88D
:10A268005E309BB2002B3FF4E2AE00293FF4DFAE34
:10A27800226852E8003F23F4907342E80030002837
:10A28800F6D1226802F1080353E8003F23F0805317
:10A2980023F00103083242E800300028F1D12023DE
:10A2A800C4F88C300023E3666367226852E8003FF5
:10A2B80023F0100342E800300028F6D10223236778
:10A2C8002046FAF79BF8B2E64FF480131362204653
:10A2D80000F042FCABE6A36F002B3FF4A8AE20468B
:10A2E8009847A4E62046FFF713FEA0E6204600F0B4
:10A2F80035FC9CE6204600F030FC98E608B503469D
:10A30800806A01220267C26E012A13D1B0F85C107C
:10A318004A08A0F85E201B685B689BB2994201D38B
:10A32800A0F85E30B0F85E309BB2C91A89B2FAF76D
:10A3380065F808BDFFF705FEFBE708B58446806AA7
:10A34800DCF800301B6813F0200F29D10023A0F897
:10A358005E30026852E8003F23F4807342E800311F
:10A368000029F6D1026802F1080353E8003F23F000
:10A378000103083242E800310029F3D1026802F1F2
:10A38800080353E8003F23F04003083242E8003155
:10A398000029F3D12023C0F88C30C36E012B19D0CB
:10A3A80000230367C36E012B1ED10023A0F85E3083
:10A3B800DCF800305B689BB2B0F85C10994201D9B8
:10A3C800A0F85E30B0F85E309BB2C91A89B2FAF7CD
:10A3D80015F808BD026852E8003F23F0100342E870
:10A3E80000310029F6D1DBE7FFF7AAFDF1E700000D
:10A3F80070B50446016883680269134342691343D0
:10A40800C26913430868964A02401A430A602268E0
:10A41800536823F44053E1680B435360A1692268F1
:10A42800904B9A4201D0236A1943936823F06E43F4
:10A4380023F430630B4393602268D36A23F00F033D
:10A44800616A0B43D3622368874A934210D0874AD4
:10A45800934221D0864A934237D0864A93425CD0B1
:10A46800854A93426BD07F4A93427DD010223AE0CE
:10A4780002F55842D2F8882002F00302032A09D8CC
:10A48800DFE802F00204870601222CE004222AE019
:10A49800082228E0102226E002F5E632D2F88820C9
:10A4A80002F00C020C2A0ED8DFE802F0070D0D0DA1
:10A4B800090D0D0D750D0D0D0B00002213E0042282
:10A4C80011E008220FE010220DE002F5E432D2F884
:10A4D800882002F03002202A5FD01AD8002A5ED0E5
:10A4E800102A5ED104225F498B4276D0E069B0F52C
:10A4F800004F00F0C980082A00F23481DFE812F02A
:10A50800F7001901F50032011C0132013201320154
:10A518001F01302A47D10822E5E702F5E232D2F8D6
:10A52800882002F0C002802A3FD004D8FAB3402A1B
:10A538003FD10422D7E7C02A3DD10822D3E702F54C
:10A54800E032D2F8882002F44072B2F5007F34D0AD
:10A5580005D8A2B3B2F5807F33D10422C3E7B2F5A0
:10A56800407F30D10822BEE702F5C832D2F88820F1
:10A5780002F44062B2F5006F27D005D83AB3B2F5BD
:10A58800806F26D10422AEE7B2F5406F23D10822AE
:10A59800A9E70222A7E70222A5E70222A3E70022F1
:10A5A800A1E710229FE710229DE702229BE70022E5
:10A5B80099E7102297E7102295E7022293E70022F5
:10A5C80091E710228FE710228DE702228BE7002205
:10A5D80089E7102287E7102285E7082A00F2B2806F
:10A5E800DFE802F008B03BB038B0B0B005004FF477
:10A5F800004004E0FEF7ECF8002800F0A580626A4D
:10A608001E4B33F81220B0FBF2F3656805EB4501E9
:10A61800994200F29B80B3EB053F00F29980002637
:10A6280033463146F6F712FA090241EA1061000290
:10A638006B08C0182A46334641F10001F6F706FABE
:10A64800A0F540720E4B9A4200F284802368D860CD
:10A65800304665E0FDF776FFCEE70A48CFE700BF52
:10A66800F369FFCF008000400038014000440040FB
:10A6780000480040004C00400050004028D7000827
:10A68800FFFC0F000024F400082A65D8DFE802F078
:10A69800072705642A6464640B00354803E0FEF765
:10A6A80097F800285AD0626A324B33F81230B0FB60
:10A6B800F3F06268530803EB4003B3FBF2F3A3F132
:10A6C80010014FF6EF7291424AD89AB222F00F0267
:10A6D800C3F3420313432268D360002020E0FEF74F
:10A6E80089F8DEE7FDF72EFFDBE7214803E0FEF7F8
:10A6F8006FF8002838D0626A1E4B33F81230B0FB6E
:10A70800F3F0636800EB5300B0FBF3F0A0F1100224
:10A718004FF6EF739A4229D8236880B2D860002098
:10A728000123A4F86A30A4F8683000236367A3679C
:10A7380070BDFEF75FF8DCE7FDF704FFD9E74FF4DB
:10A748000040D8E70120EBE70020E9E70120E7E730
:10A758000120E5E70120E3E70120E1E70020DFE74A
:10A768000120DDE70120DBE70020D9E70120D7E75A
:10A778000024F40028D70008836A13F0080F06D0D5
:10A788000268536823F40043816B0B435360836A68
:10A7980013F0010F06D00268536823F40033C16A2E
:10A7A8000B435360836A13F0020F06D002685368A4
:10A7B80023F48033016B0B435360836A13F0040F57
:10A7C80006D00268536823F48023416B0B4353601F
:10A7D800836A13F0100F06D00268936823F480533D
:10A7E800C16B0B439360836A13F0200F06D0026895
:10A7F800936823F40053016C0B439360836A13F04E
:10A80800400F0AD00268536823F48013416C0B434D
:10A818005360436CB3F5801F0BD0836A13F0800F2D
:10A8280006D00268536823F40023C16C0B435360BD
:10A8380070470268536823F4C003816C0B4353606C
:10A84800EBE72DE9F84305460E4617469946DDF82D
:10A8580020802B68DC6936EA04040CBF012400243C
:10A86800BC4236D1B8F1FF3FF3D0F9F7CFFFA0EBE8
:10A878000900404530D8B8F1000F2FD02B681A686E
:10A8880012F0040FE5D0802EE3D0402EE1D0DA6933
:10A8980012F0080F11D1DA6912F4006FD9D04FF411
:10A8A80000621A622846FFF793FA2023C5F8903011
:10A8B800002385F8843003200CE008241C62284615
:10A8C800FFF786FAC5F89040002385F88430012008
:10A8D80000E00020BDE8F8830320FBE70320F9E748
:10A8E80030B583B004460023C0F89030F9F78EFFE6
:10A8F80005462268126812F0080F10D123681B68F9
:10A9080013F0040F28D12023C4F88830C4F88C3001
:10A918000020E066206784F8840003B030BD6FF043
:10A928007E430093034600224FF400112046FFF7B0
:10A9380088FF0028E2D0226852E8003F23F0800315
:10A9480042E800310029F6D12023C4F888300023DA
:10A9580084F884300320E0E76FF07E4300932B46B1
:10A9680000224FF480012046FFF76BFF0028CAD071
:10A97800226852E8003F23F4907342E8003100292E
:10A98800F6D1226802F1080353E8003F23F00103DF
:10A99800083242E800310029F3D12023C4F88C3072
:10A9A800002384F884300320B7E778B310B5044651
:10A9B800D0F888300BB32423C4F888302268136891
:10A9C80023F001031360A36AE3B92046FFF710FDE3
:10A9D800012811D02268536823F4904353602268F9
:10A9E800936823F02A0393602268136843F00103F5
:10A9F80013602046FFF774FF10BD80F88430F9F724
:10AA0800AFFDD8E72046FFF7B7FEDEE70120704725
:10AA180010B5044613468165A0F85C200022C0F8F2
:10AA280090202222C0F88C20D0F88020AAB1214999
:10AA3800D162D0F8802020491163D0F880201F49C6
:10AA48005163D0F88020002191630168826D243120
:10AA5800D0F88000FBF702F920BB236943B12268D4
:10AA680052E8003F43F4807342E800310029F6D1F0
:10AA7800226802F1080353E8003F43F0010308325B
:10AA880042E800310029F3D1226802F1080353E8B3
:10AA9800003F43F04003083242E800310029F3D177
:10AAA800002010BD1023C4F890302023C4F88C3047
:10AAB8000120F6E743A3000805A300084D9F0008FE
:10AAC80038B5D0F88C30202B17D1C1B1CAB10023CA
:10AAD800C36603680C4CA3420CD05B6813F4000FE8
:10AAE80008D0046854E8003F43F0806344E8003528
:10AAF800002DF6D1FFF78CFF00E0022038BD0120C1
:10AB0800FCE70120FAE700BF00800040436E2BB944
:10AB18000123A0F86A30A0F86830704730B40368A1
:10AB28009A68C2F342629968490F094D6B5CDB0071
:10AB3800084C615C93FBF1F3A0F86A30AB5CDB0076
:10AB4800A25C93FBF2F3A0F8683030BC704700BFFA
:10AB580048D7000840D7000870477047704790F8FA
:10AB68008430012B18D0012380F884302423C0F8C6
:10AB7800883003681A68196821F00101196022F009
:10AB880000520023436601680A602022C0F888202A
:10AB980080F88430184670470220704738B590F81E
:10ABA8008430012B1DD00446012380F884302423EF
:10ABB800C0F8883003681D681A6822F001021A601C
:10ABC8000268936823F0604319439160FFF79EFF82
:10ABD80023681D602023C4F88830002084F884008E
:10ABE80038BD0220FCE738B590F88430012B1DD021
:10ABF8000446012380F884302423C0F88830036891
:10AC08001D681A6822F001021A600268936823F02E
:10AC1800606319439160FFF779FF23681D60202363
:10AC2800C4F88830002084F8840038BD0220FCE78E
:10AC380003460020A3F844004BF68072A3F8402096
:10AC48007047B0F8403023F47E535B045B0CA0F8E7
:10AC580040300020704782B0034602A800E9060091
:10AC68000122A3F840200020A3F84000A3F84400E4
:10AC7800A3F8500002B0704710B5034691F800C021
:10AC880030F82C2092B222F4EC4222F0700292B2F8
:10AC9800C878032861D8DFE800F0555C0258002026
:10ACA80048F2800E42EA0E0223F82C2091F800C0E8
:10ACB80033F82C2092B222F4E04222F070024CEADF
:10ACC800020242EA0E0223F82C200A7B002A40F0F6
:10ACD800DC804A78002A51D0B3F8502013FA82F267
:10ACE8000C7802EBC402B1F806C04FEA5C0C4FEADC
:10ACF8004C0CA2F800C40C7833F8242012F0400F52
:10AD08000CD033F8242092B222F4E04222F07002F0
:10AD180042F4004242F0C00223F82420CA78012AF3
:10AD28001DD0097833F8212092B222F4E04222F0B3
:10AD3800400282F0200242F4004242F0800223F8EE
:10AD48002120C3E142F40072AAE742F4C062002065
:10AD5800A6E742F480620020A2E70120A0E7097874
:10AD680033F8212092B222F4E04222F0400242F469
:10AD7800004242F0800223F82120A7E1B3F85020D6
:10AD880013FA82F20C7802EBC402B1F806C04FEA5B
:10AD98005C0C4FEA4C0CA2F804C4B3F8502013FA28
:10ADA80082F20C7802EBC402B2F806C4CCF3090CA8
:10ADB800A2F806C40C6974BBB2F806C46FEA4C4C1E
:10ADC8006FEA5C4C1FFA8CFCA2F806C40C7833F8C6
:10ADD800242012F4804F0CD033F8242092B222F4AD
:10ADE800E04222F0700242F4404242F0800223F82E
:10ADF80024200978C9BB33F8212092B222F480427A
:10AE080022F0700282F4405242F4004242F0800282
:10AE180023F821205AE13E2C12D84FEA540C14F0A2
:10AE2800010F01D00CF1010CB2F80644A4B24FEAAC
:10AE38008C2C1FFA8CFC44EA0C04A2F80644C5E7E3
:10AE48004FEA541C14F01F0F01D10CF1FF3CB2F86B
:10AE58000644A4B24FEA8C2C1FFA8CFC44EA0C047A
:10AE680044F40044A2F80644B0E733F8212092B233
:10AE780022F4804222F0700282F4005242F400422E
:10AE880042F0800223F8212020E1CA78022A74D0F7
:10AE980091F800C033F82C2092B222F4E24222F05A
:10AEA800700242F4004242F0800223F82C20B3F8EA
:10AEB800502013FA82F291F800C002EBCC02B1F8EC
:10AEC80008C04FEA5C0C4FEA4C0CA2F800C4B3F877
:10AED800502013FA82F291F800C002EBCC02B1F8CC
:10AEE8000AC04FEA5C0C4FEA4C0CA2F804C44A783A
:10AEF800002A40F0F7800C7833F8242012F4804FB1
:10AF08000CD033F8242092B222F4E04222F07002EE
:10AF180042F4404242F0800223F824200C7833F8AF
:10AF2800242012F0400F0CD033F8242092B222F4DF
:10AF3800E04222F0700242F4004242F0C00223F8DC
:10AF480024204A78002A51D1B3F8502013FA82F20B
:10AF58000C7802EBC402B2F80244C4F30904A2F864
:10AF680002440C69C4B9B2F802446FEA44446FEA77
:10AF78005444A4B2A2F802443AE00C7833F82420EE
:10AF880092B222F4E04222F0700242F4014242F00E
:10AF9800800223F824208AE73E2C12D84FEA540C6A
:10AFA80014F0010F01D00CF1010CB2F80244A4B264
:10AFB8004FEA8C2C1FFA8CFC44EA0C04A2F80244D9
:10AFC80016E04FEA541C14F01F0F01D10CF1FF3C9E
:10AFD800B2F80244A4B24FEA8C2C1FFA8CFC44EA63
:10AFE8000C0444F40044A2F8024401E0012A1BD0F6
:10AFF8004A78002A4DD1B3F8502013FA82F20C781F
:10B0080002EBC402B2F80644C4F30904A2F80644E9
:10B018000C69A4B9B2F806446FEA44446FEA544490
:10B02800A4B2A2F8064436E0B3F8502013FA82F22C
:10B038000C7802EBC4020C8AA2F80244D8E73E2C32
:10B0480012D84FEA540C14F0010F01D00CF1010C86
:10B05800B2F80644A4B24FEA8C2C1FFA8CFC44EADE
:10B068000C04A2F8064416E04FEA541C14F01F0F13
:10B0780001D10CF1FF3CB2F80644A4B24FEA8C2C83
:10B088001FFA8CFC44EA0C0444F40044A2F8064479
:10B0980001E0012A1BD091F800C033F82C2092B2AD
:10B0A80022F4804222F0700282F4405248F2800476
:10B0B800224323F82C20097833F8212092B222F475
:10B0C800E04222F04002224323F8212010BDB3F8C9
:10B0D800502013FA82F20C7802EBC4020C8AA2F810
:10B0E8000644D8E70C7833F8242012F4804F0CD0AB
:10B0F80033F8242092B222F4E04222F0700242F4A3
:10B10800404242F0800223F824200C7833F82420AF
:10B1180012F0400F0CD033F8242092B222F4E0420F
:10B1280022F0700242F4004242F0C00223F82420C8
:10B13800CA78012A1ED00C7833F8242092B222F45F
:10B14800E04222F0400282F0200242F4004242F043
:10B15800800223F82420097833F8212092B222F4BF
:10B16800804222F0700242F4004242F0800223F84A
:10B178002120ABE70C7833F8242092B222F4E04285
:10B1880022F0400242F4004242F0800223F82420D8
:10B19800E1E70B7B002B46D14B7813B30A7830F8E4
:10B1A800223013F0400F0CD030F822309BB223F439
:10B1B800E04323F0700343F4004343F0C00320F856
:10B1C80022300A7830F822309BB223F4E04323F08F
:10B1D800400343F4004343F0800320F8223000206A
:10B1E80070470A7830F8223013F4804F0CD030F8CA
:10B1F80022309BB223F4E04323F0700343F440432E
:10B2080043F0800320F822300A7830F822309BB2CD
:10B2180023F4804323F0700343F4004343F0800396
:10B2280020F82230DBE74B78002B4ED10A7830F833
:10B23800223013F4804F0CD030F822309BB223F424
:10B24800E04323F0700343F4404343F0800320F8C5
:10B2580022300A7830F8223013F0400F0CD030F842
:10B2680022309BB223F4E04323F0700343F40043FD
:10B2780043F0C00320F822300A7830F822309BB21D
:10B2880023F4E04323F0700343F4004343F0C00386
:10B2980020F822300A7830F822309BB223F4804319
:10B2A80023F0700348F2800C43EA0C0320F82230A4
:10B2B8000A7830F822309BB223F4E04323F04003AD
:10B2C80043EA0C0320F8223089E70A7830F8223064
:10B2D80013F4804F0CD030F822309BB223F4E043B3
:10B2E80023F0700343F4404343F0800320F82230F6
:10B2F8000A7830F8223013F0400F0CD030F82230A2
:10B308009BB223F4E04323F0700343F4004343F07B
:10B31800C00320F822300A7830F822309BB223F498
:10B32800E04323F0700343F4404343F0800320F8E4
:10B3380022300A7830F822309BB223F4E04323F01D
:10B34800400348F2800C43EA0C0320F822300A78C4
:10B3580030F822309BB223F4804323F0700343EA91
:10B368000C0320F822303AE74B788BB10A7830F892
:10B3780022309BB223F4E04323F0400383F0100310
:10B3880043F4004343F0800320F822300020704744
:10B398000A7830F822309BB223F4804323F07003FC
:10B3A80083F4805343F4004343F0800320F82230B1
:10B3B800ECE74B7833B30A7830F8223013F0400FBB
:10B3C8000CD030F822309BB223F4E04323F0700312
:10B3D80043F4004343F0C00320F82230CB78012B1C
:10B3E80033D00A7830F822309BB223F4E04323F0BC
:10B3F800400383F0200343F4004343F0800320F824
:10B40800223022E00A7830F8223013F4804F0CD032
:10B4180030F822309BB223F4E04323F0700343F466
:10B42800404343F0800320F822300A7830F8223075
:10B438009BB223F4804323F0700383F4405343F416
:10B44800004343F0800320F822300020704711B9F0
:10B458008023A0F84C3000207047B0F858306FEACD
:10B4680043436FEA53439BB2A0F85830002070471B
:10B47800B0F8440080B2704701335B08024402F51B
:10B48800806208E0087891F801C040EA0C2022F8B0
:10B49800020B0231013B002BF4D1704770B5054611
:10B4A8000C464B78012B1AD00B7B002B40F0928274
:10B4B8008B69002B40F06582CB78002B40F06182CD
:10B4C8000A7830F822309BB223F4E04323F070036B
:10B4D80043F4014343F0800320F822305FE28E6991
:10B4E8000A69964200D91646217B41B3E1780229C0
:10B4F80047D0226A921B2262227835F8221011F076
:10B50800400F00F0F681002B40F0E381B5F8503091
:10B5180015FA83F303EBC202B2F80634C3F3090346
:10B52800A2F80634002E40F0B481B2F806346FEA6F
:10B5380043436FEA53439BB2A2F80634D2E1B6B252
:10B548003346E28861692846FFF796FFB5F8503020
:10B5580015FA83F3227803EBC203A3F80264227876
:10B5680035F822309BB223F4E04323F0400383F004
:10B57800300343F4004343F0800325F822300020D1
:10B5880024E2236A9A4280F06681227835F82230D4
:10B598009BB223F4E04323F0700343F4014343F0E8
:10B5A800800325F82230236A9B1B2362237835F811
:10B5B800232012F0400F00F0A7806278B2BBB5F8E4
:10B5C800502015FA82F202EBC303B3F80624C2F343
:10B5D8000902A3F806244EB9B3F806246FEA4242DA
:10B5E8006FEA524292B2A3F8062421E03E2E0DD80B
:10B5F800720816F0010F00D00132B3F8061489B2B0
:10B60800920292B20A43A3F8062411E0710916F0D7
:10B618001F0F00D10139B3F8062492B2890289B20A
:10B628000A4342F40042A3F8062401E0012A29D083
:10B63800B3B2628961692846FFF71EFF6369334424
:10B648006361236A2269934226D99B1B236263782C
:10B65800002B45D1B5F8503015FA83F3227803EB67
:10B66800C203B3F80224C2F30902A3F80224BEB944
:10B67800B3F802246FEA42426FEA524292B2A3F848
:10B6880002242FE0B5F8502015FA82F202EBC3032A
:10B69800B2B2A3F80624CBE7002222621E46D6E700
:10B6A8003E2E0DD8720816F0010F00D00132B3F803
:10B6B800021489B2920292B20A43A3F8022411E05A
:10B6C800710916F01F0F00D10139B3F8022492B2A4
:10B6D800890289B20A4342F40042A3F8022401E035
:10B6E800012B06D0B3B2228961692846FFF7C4FE50
:10B6F80035E7B5F8503015FA83F3227803EBC20327
:10B70800B2B2A3F80224EDE76278B2BBB5F85020D4
:10B7180015FA82F202EBC303B3F80224C2F309025A
:10B72800A3F802244EB9B3F802246FEA42426FEA42
:10B73800524292B2A3F8022421E03E2E0DD872089C
:10B7480016F0010F00D00132B3F8021489B2920248
:10B7580092B20A43A3F8022411E0710916F01F0FF0
:10B7680000D10139B3F8022492B2890289B20A439E
:10B7780042F40042A3F8022401E0012A29D0B3B21E
:10B78800228961692846FFF777FE6369334463615C
:10B79800236A2269934226D99B1B23626378002B74
:10B7A80045D1B5F8503015FA83F3227803EBC2037C
:10B7B800B3F80624C2F30902A3F80624BEB9B3F805
:10B7C80006246FEA42426FEA524292B2A3F8062474
:10B7D8002FE0B5F8502015FA82F202EBC303B2B29B
:10B7E800A3F80224CBE7002222621E46D6E73E2EAB
:10B7F8000DD8720816F0010F00D00132B3F8061404
:10B8080089B2920292B20A43A3F8062411E07109A0
:10B8180016F01F0F00D10139B3F8062492B289023D
:10B8280089B20A4342F40042A3F8062401E0012B3E
:10B8380006D0B3B2628961692846FFF71DFE8EE61D
:10B84800B5F8503015FA83F3227803EBC203B2B28D
:10B85800A3F80624EDE7217835F8212092B222F4E6
:10B86800E24222F0700242F4004242F0800225F8DF
:10B878002120B5F8502015FA82F2217802EBC10296
:10B888009BB2A2F80234228961692846FFF7F4FDC9
:10B8980065E63E2E0DD8730816F0010F00D001336F
:10B8A800B2F8061489B29B029BB20B43A2F8063485
:10B8B80018E0710916F01F0F00D10139B2F80634EB
:10B8C8009BB2890289B20B4343F40043A2F80634C1
:10B8D80008E0B5F8503015FA83F303EBC203B2B2AF
:10B8E800A3F80624B3B2628961692846FFF7C4FD4C
:10B8F80035E6B3BBB5F8503015FA83F303EBC20253
:10B90800B2F80234C3F30903A2F802344EB9B2F80C
:10B9180002346FEA43436FEA53439BB2A2F80234FE
:10B9280028E03E2E0DD8730816F0010F00D0013321
:10B93800B2F8021489B29B029BB20B43A2F80234FC
:10B9480018E0710916F01F0F00D10139B2F802345E
:10B958009BB2890289B20B4343F40043A2F8023434
:10B9680008E0B5F8503015FA83F303EBC203B2B21E
:10B97800A3F80224B3B2228961692846FFF77CFD47
:10B98800EDE5227835F822309BB223F4E24323F028
:10B99800700343F4004343F0800325F82230A36981
:10B9A8002269934213D99B1AA361227835F8223071
:10B9B8009BB223F4804323F0700383F4405343F491
:10B9C800004343F0800325F82230002070BD002397
:10B9D800A361EAE7CB78022B04D0012B1ED1002308
:10B9E8008B61E2E7CB69002BDFD00A7830F82210B0
:10B9F80044F2400303EA01008B4301D00028D4D16C
:10BA080035F822309BB223F4E04323F0700343F46B
:10BA1800004343F0C00325F82230C6E70120D5E7EC
:10BA280010B45C08024402F5806207E032F8020BA9
:10BA38000870C0F3072048700231013C002CF5D192
:10BA480013F0010F01D013880B705DF8044B704799
:10BA580010B5D0F8BC4284B1D0F8C0327BB194F8AC
:10BA68000002FF280DD09B6894F8012221469847D0
:10BA7800FF2384F80032002010BD0320FCE70020DB
:10BA8800FAE70020F8E700004323038000487047E6
:10BA98001402002043230380004870475802002006
:10BAA8004323038000487047D00100200A23038005
:10BAB80000487047D402002038B5D0F8BC5275B1A0
:10BAC800044601F0F8F8C5F80C02D4F8C032DB6877
:10BAD80005F50371D5F804029847002038BD032006
:10BAE800FCE710B5D0F8C442D0F8BC3253B301EB30
:10BAF800810200EB820292694AB101EB810C04EBEE
:10BB0800CC04246AB2FBF4FC04FB1C2272B10022B0
:10BB1800C3F81422D0F8C0221469ACB10A4603F560
:10BB28000471D3F80802A047002010BD01EB81037F
:10BB380000EB830300249C612346224601F0ABF806
:10BB48002046F2E70320F0E70020EEE7F0B583B0E7
:10BB5800D0F8BC6200238DF80730ADF80430002E11
:10BB68006CD007460C460B7813F060052AD0202DC0
:10BB78005ED1CA88F2B113F0800F0FD0D0F8C0326E
:10BB88009B68314660789847E288072A28BF0722D1
:10BB98003146384600F0ECFD00254CE04B7886F83D
:10BBA80000328B7986F80132CA88314600F0F5FDFB
:10BBB800002540E0D0F8C0329B68002248789847BA
:10BBC800002538E04E780B2E2ED8DFE806F0063434
:10BBD8002D2D2D2D2D2D2D2D152490F89C32DBB2D9
:10BBE800032B03D000F08AFA032524E0022201A9DE
:10BBF80000F0BEFD35461EE090F89C32DBB2032B08
:10BC080003D000F07BFA032515E001220DF10701AE
:10BC180000F0AEFD0FE090F89C32DBB2032B0AD0A7
:10BC280000F06CFA032506E000F068FA032502E04C
:10BC380000F064FA0325284603B0F0BD0325FAE7AF
:10BC480038B50446812100F0F0FF00252587012141
:10BC5800204600F0EAFFA4F878518221204600F03F
:10BC6800E4FFA4F84C50A4F84E50D4F8BC324BB1C1
:10BC7800D4F8C0325B689847D4F8BC0201F04AF89F
:10BC8800C4F8BC52002038BD70B504464FF40770A4
:10BC980001F03CF8B8B30646C4F8BC02237CBBBB31
:10BCA8004FF4007302228121204600F0B3FF0125E2
:10BCB80025874FF4007302222946204600F0AAFF88
:10BCC800A4F878511023A4F84E30082303228221C7
:10BCD800204600F09FFF0123A4F84C30D4F8C0326E
:10BCE8001B6898470023C6F81432C6F81832257C1A
:10BCF80015BB4FF40073D6F804220121204600F04A
:10BD0800D2FF284670BD0023C4F8BC320225F8E7EC
:10BD1800402302228121204600F07CFF012525874F
:10BD2800402302222946204600F074FFA4F87851E7
:10BD38001023A4F84E30C8E74023D6F80422012186
:10BD4800204600F0B0FF0025DBE719B1C0F8C012AB
:10BD58000020704703207047D0F8BC322BB1C3F8DD
:10BD68000812C3F810220020704703207047D0F84B
:10BD7800BC321BB1C3F8041200207047032070477F
:10BD8800D0F8BC2292B108B5D2F814320BB1012018
:10BD980008BD0123C2F81432D2F81032C362D2F8B7
:10BDA8000822812100F077FF0020F1E70320704787
:10BDB80010B5D0F8BC2292B1047C44B94FF400739A
:10BDC800D2F80422012100F06EFF204610BD402366
:10BDD800D2F80422012100F066FF0024F5E70324CD
:10BDE800F3E798B108B503460020C3F8B802C3F8D2
:10BDF800C002C3F8CC0209B1C3F8B412012183F818
:10BE08009C121A70184600F0B9FE08BD032070474E
:10BE180010B582B00023ADF8063061B10446C0F811
:10BE2800B812CB6A4BB10DF106009847C4F8CC02A2
:10BE3800002002B010BD0320FBE70020F9E708B599
:10BE480000F0E0FE08BD08B5D0F8B83213B11B68A1
:10BE5800984708BD0320FCE708B5D0F8B8320BB105
:10BE68005B689847002008BD38B5044600F2AA254B
:10BE7800284600F02FF90123C4F89432B4F8B03200
:10BE8800C4F8983294F8AA1201F01F03012B0DD0C0
:10BE9800022B10D02BB101F08001204600F0CDFE1E
:10BEA80003E02946204600F0E4FA38BD294620463A
:10BEB80000F017FBF9E72946204600F046FBF4E7B7
:10BEC80038B504460D4641BB1346D0F89422032AE0
:10BED80001D0084638BDD0F85C11D0F860219142F5
:10BEE80009D890F89C32DBB2032B0FD0204600F023
:10BEF8006BFC2846EEE7891AC0F85C118A4228BF15
:10BF08000A46194600F058FC2846E3E7D0F8B8324C
:10BF18001B69002BEAD09847E8E790F89C32DBB21F
:10BF2800032B01D00020D5E7D0F8B8329B690BB1BC
:10BF38009847CFE70020CDE738B504460D460029DD
:10BF48004AD11346D0F89422022A05D094F8A03298
:10BF5800012B3CD0284638BDC269016A8A420ED8F6
:10BF68008A4218D094F89C32DBB2032B27D0802168
:10BF7800204600F062FE204600F031FCE6E7521A47
:10BF8800C261194600F001FC00231A4619462046F2
:10BF980000F089FEDAE783699942E3D8D0F898225D
:10BFA8009342DFD20022114600F0EFFB0021C4F8D3
:10BFB80098120B460A46204600F075FEC6E7D4F8EC
:10BFC800B832DB68002BD2D020469847CFE7002351
:10BFD80084F8A0322846BEE790F89C32DBB2032BE7
:10BFE80001D00020B7E7D0F8B8325B690BB19847A9
:10BFF800B1E70020AFE7012380F89C320023C0F8A6
:10C0080094324360C0F8A432D0F8B832F3B170B5B6
:10C018000446D0F8BC221AB15B680BB100219847DE
:10C02800402300221146204600F0F4FD0126A4F822
:10C0380064614025C4F860512B46002280212046C7
:10C0480000F0E8FDA6842562002070BD032070473B
:10C0580001740020704790F89C32DBB280F89D3262
:10C06800042380F89C320020704790F89C32DBB2A1
:10C07800042B01D00020704790F89D32DBB280F885
:10C088009C32F7E7D0F8B82262B108B590F89C3234
:10C09800DBB2032B01D0002008BDD36923B1984738
:10C0A8000020F9E7032070470020F5E70346002049
:10C0B80002E00130C0B201331A78002AF9D1704782
:10C0C80008B54B88012B00D008BDC0F8A43200F099
:10C0D8007BFBF9E70B7803704B7843708B78CA7851
:10C0E80043EA022343800B794A7943EA0223838097
:10C0F8008B79CA7943EA0223C380704710B5044696
:10C10800802100F09AFD0021204600F096FD10BD28
:10C1180030B583B004460D460023ADF806304A8892
:10C12800130A013B0E2B00F2BC80DFE803F0153048
:10C1380044BABA9EABBABABABABABABA0800D0F810
:10C14800B432DB6923B10DF10601007C98470AE09F
:10C158002946FFF7D3FF18E0D0F8B4321B680DF179
:10C168000601007C9847EA88002A00F0A380BDF801
:10C178000630002B00F099809A4228BF1A46ADF885
:10C1880006200146204600F0F3FA03B030BD037CD8
:10C1980043B9D0F8B8329B6A0DF1060098470223DC
:10C1A8004370E0E7D0F8B832DB6A0DF10600984733
:10C1B80002234370D7E7D2B2052A52D8DFE802F04B
:10C1C80003101D2A3744D0F8B4325B6823B10DF14F
:10C1D8000601007C9847C6E72946FFF78FFFD4E79A
:10C1E800D0F8B4329B6823B10DF10601007C984762
:10C1F800B9E72946FFF782FFC7E7D0F8B432DB6812
:10C2080023B10DF10601007C9847ACE72946FFF7FA
:10C2180075FFBAE7D0F8B4321B6923B10DF10601F6
:10C22800007C98479FE72946FFF768FFADE7D0F8FD
:10C23800B4325B6923B10DF10601007C984792E79F
:10C248002946FFF75BFFA0E7D0F8B4329B6923B11A
:10C258000DF10601007C984785E72946FFF74EFF58
:10C2680093E72946FFF74AFF8FE7037C33B9D0F8F5
:10C27800B8325B6B0DF10600984774E72946FFF763
:10C288003DFF82E7037C43B9D0F8B8321B6B0DF150
:10C29800060098470723437065E72946FFF72EFFF6
:10C2A80073E72946FFF72AFF6FE729462046FFF77D
:10C2B80025FF6AE7204600F087FA66E738B50446A6
:10C2C8008B88FBB9CB88EBB94B887F2B1AD803F046
:10C2D8007F0590F89C32DBB2032B0CD080F89E527D
:10C2E800294600F0D0FC204600F06EFA35B1022352
:10C2F80084F89C3209E0FFF701FF06E0012384F887
:10C308009C3202E02046FFF7F9FE38BD70B50446BE
:10C318000E468D782E4B1D70012D10D890F89C324A
:10C32800DBB2022B0FD0032B23D0FFF7E7FE284BFD
:10C3380019782046FFF790FD0325284670BDFFF7C2
:10C34800DDFE0325F9E78DB145602946FFF77BFD42
:10C35800054620B131462046FFF7D0FEEDE72046DE
:10C3680000F032FA032384F89C32E6E700F02CFA56
:10C37800E3E7CDB141688D4225D0C9B2FFF76CFD26
:10C38800134B197861602046FFF75DFD0546B0B193
:10C3980031462046FFF7B2FE21792046FFF75CFDC3
:10C3A800022384F89C32C8E7022380F89C32456057
:10C3B8002946FFF751FD204600F006FABDE7204662
:10C3C80000F002FAB9E700F0FFF90025B5E700BF71
:10C3D800DC5D002008B5CB88012B0BD190F89C328E
:10C3E800DBB2022B09D9032B09D10122011D00F070
:10C3F800BFF901E0FFF782FE08BD5BB213B9FFF792
:10C408007DFEF9E70146002341F8083F012200F0CC
:10C41800AFF9F1E708B590F89C32013B022B12D82E
:10C42800CB88022B0CD10123C360D0F8A4320BB106
:10C438000323C360022200F10C0100F099F908BD42
:10C44800FFF75CFEFBE7FFF759FEF8E708B590F841
:10C458009C32013B022B09D84B88012B00D008BD28
:10C468000023C0F8A43200F0AFF9F8E7FFF746FE62
:10C47800F5E738B50C7804F06004202C06D0402C81
:10C4880004D054B1FFF73AFE002404E0D0F8B832E3
:10C498009B6898470446204638BD4D78092D1DD81D
:10C4A800DFE805F012191C161C08051C0F0BFFF716
:10C4B8002FFEF0E7FFF702FFEDE7FFF727FF04463F
:10C4C800E9E7FFF787FFE6E7FFF7A4FF2C46E2E777
:10C4D800FFF7F6FDDFE7FFF7B9FFDCE7FFF70EFE32
:10C4E800D9E770B505460C460B7803F06003202B9E
:10C4F80007D0402B05D023B1FFF700FE00263046B9
:10C5080070BD95F89C32013B022B18D82379012B7A
:10C518000FD8D5F8B8329B68214628469847064672
:10C52800E388002BEBD10028E9D1284600F04CF92C
:10C53800E5E721462846FFF7E1FD0026DFE721462B
:10C548002846FFF7DBFD0026D9E7F8B506460D4675
:10C558008B880C7804F06004202C08D0D9B2402CC9
:10C5680005D06CB12946FFF7C9FD002406E0D6F8CE
:10C57800B8329B6829463046984704462046F8BD9D
:10C588006F78012F2FD0032F05D0002F59D02946BF
:10C59800FFF7B4FDF2E790F89C32DBB2022B05D02E
:10C5A800032B12D02946FFF7A9FDE7E709B1802937
:10C5B80004D129463046FFF7A1FDDFE700F03DFB37
:10C5C8008021304600F039FBD8E76B8823B919B1D0
:10C5D800802901D0EB881BB1304600F0F5F8CDE793
:10C5E80000F02BFBF8E790F89C32DBB2022B05D069
:10C5F800032B12D02946FFF781FDBFE709B1802937
:10C6080004D129463046FFF779FDB7E700F015FB5E
:10C618008021304600F011FBB0E76B88002BADD1CC
:10C6280011F07F0F0AD1304600F0CEF8D6F8B832B4
:10C638009B6829463046984704469FE700F005FB6B
:10C64800F1E790F89C22D2B2022A06D0032A29D018
:10C658002946FFF753FD3C4690E709B1802913D1DD
:10C6680013F0800F15D101F07F0101EB81018900E2
:10C6780001F5A8713144043100230B6002223046D1
:10C6880000F076F83C4679E72946FFF737FD3C4647
:10C6980074E701F07F0101EB810189001031314419
:10C6A8000431E9E75BB2002B1FDB01F00F0202EB5C
:10C6B800820200EB8202B2F8642122B3002B27DB4E
:10C6C80001F07F0303EB83039C0004F5A874344452
:10C6D800043409B1802924D1002323600222214691
:10C6E800304600F045F83C4648E701F00F0202EBFF
:10C6F800820200EB8202928C002ADFD12946FFF7E2
:10C70800FDFC3C463AE72946FFF7F8FC3C4635E78E
:10C7180001F07F0303EB83039C001034344404349A
:10C72800D7E7304600F099FA10B101232360D5E726
:10C7380000232360D2E7D0B170B50D4616460446F3
:10C74800FFF7B4FC431C5B009BB233802B700323C0
:10C758006B70022307E0EA5401345A1CD2B200215C
:10C76800A9540233DBB22278002AF4D170BD704795
:10C7780008B513460222C0F894228361C3610A46B1
:10C78800002100F088FA002008BD08B513460A46C3
:10C79800002100F080FA002008BD08B513460322E6
:10C7A800C0F89422C0F85831C0F85C310A4600211C
:10C7B80000F079FA002008BD08B513460A460021A2
:10C7C80000F071FA002008BD08B50422C0F89422D0
:10C7D80000231A46194600F05EFA002008BD08B585
:10C7E8000522C0F8942200231A46194600F05BFA85
:10C7F800002008BD08B500220F491048FFF7F1FADC
:10C8080070B90F490D48FFF703FB60B90D490B4894
:10C81800FFF79BFA50B90948FFF711FB48B908BD63
:10C82800F6F750F9EDE7F6F74DF9EFE7F6F74AF9BD
:10C83800F1E7F6F747F9F2E728030020E05D00206A
:10C848009C020020E0020020002070470020704772
:10C8580008B50220F7F7B0FDF7F7CAFD002008BDBC
:10C8680038B5054620B119B10968B1F5803F09D33B
:10C87800064C29462046FFF77AFA2046FFF798FA31
:10C88800002038BD89B2F7F77BFDF1E7E05D0020B5
:10C8980010B5064C002206492046FFF75DFA054907
:10C8A8002046FFF764FA002010BD00BFE05D0020BD
:10C8B800B0600020B068002038B5144BD3F8BC3203
:10C8C800D0B10C460146CCB1B4F5006F18D8CBB145
:10C8D800D3F81432C3B90E4B984203D022461846F7
:10C8E80000F058FD094D224609492846FFF734FA59
:10C8F8002846FFF745FA38BD0320FCE70320FAE78E
:10C908000320F8E70120F6E70120F4E7E05D0020C6
:10C91800B060002012230B800048704714030020E9
:10C9280004230B8000487047100300200023934223
:10C938001ED200B510E00CF1370C01F813C000014D
:10C948004FEA430C0CF1010C4FF0000E01F80CE01B
:10C958000133DBB2934209D24FEA107CB0F1204F89
:10C96800E9D20CF1300C01F813C0E8E75DF804FBDC
:10C978007047000038B50B4BD3F89005D3F89445B1
:10C98800D3F89835C01800D138BD074D082229467C
:10C99800FFF7CCFF042205F110012046FFF7C6FF80
:10C9A800F2E700BF0070FF1FF602002008B51A2347
:10C9B8000B80FFF7DFFF014808BD00BFF40200202D
:10C9C80008B50A4628B905490548FFF7B4FE0348E3
:10C9D80008BD02490248FFF7AEFEF8E7B070002034
:10C9E80050D7000810B50A46034C21460348FFF704
:10C9F800A2FE204610BD00BFB070002068D7000816
:10CA080008B50A4628B905490548FFF794FE0348C2
:10CA180008BD02490248FFF78EFEF8E7B070002013
:10CA280070D7000808B50A4628B905490548FFF730
:10CA380082FE034808BD02490248FFF77CFEF8E77A
:10CA4800B070002080D70008032805D8DFE800F080
:10CA580005040205012070470320704708B5F6F762
:10CA680033F808BD10B596B004465422002101A839
:10CA780000F062FC2268114B9A4201D016B010BD3A
:10CA88004FF40053019301A8FBF7E0FE90B90C4B5B
:10CA98009A6D42F400029A659B6D03F400030093BB
:10CAA800009B002211461420F8F7DEFF1420F8F747
:10CAB800EBFFE3E7F6F706F8E9E700BF005C0040A4
:10CAC8000010024008B500F52671D0F8D802FFF72B
:10CAD800CBF908BD08B501EB810300EBC303D3F81C
:10CAE8006421D0F8D802FFF7EBF908BD08B501EBCF
:10CAF800810300EBC3035A6AD0F8D802FFF71CFA87
:10CB080008BD08B5D0F8D802FFF7BCFA08BD10B5C3
:10CB180004464379022B09D10121D4F8D802FFF742
:10CB280097FAD4F8D802FFF766FA10BDF5F7CAFFEE
:10CB3800F2E7000010B50446D0F8D802FFF78BFAE8
:10CB4800637A23B1024A136943F00603136110BDE7
:10CB580000ED00E010B50446437A23B9D4F8D802B2
:10CB6800FFF783FA10BD044A136923F00603136123
:10CB7800FFF774FFF2E700BF00ED00E010B50446D0
:10CB88001E48C0F8D842C4F8C4021D4B03600823ED
:10CB9800037102234371C3710023037243728372CA
:10CBA800C372FAF71AFA30BB182300221146D4F8D8
:10CBB800C402FBF768F9582300228021D4F8C40284
:10CBC800FBF761F9C02300228121D4F8C402FBF7E6
:10CBD8005AF94FF4887300220121D4F8C402FBF7F4
:10CBE80052F94FF4807300228221D4F8C402FBF773
:10CBF8004AF9002010BDF5F765FFD5E7D07400208D
:10CC0800005C004008B5D0F8C402FAF741FAFFF713
:10CC18001BFF08BD08B594461A466346D0F8C402FF
:10CC2800FAF7F4FFFFF710FF08BD08B5D0F8C40203
:10CC3800FBF72FF8FFF708FF08BD08B5D0F8C402C6
:10CC4800FBF7A9F8FFF700FF08BD08B5D0F8C40244
:10CC5800FBF7DAF8FFF7F8FE08BDD0F8C43211F098
:10CC6800800F08D101F07F0101EB810103EBC103C3
:10CC780093F85201704701F07F0101EB810103EB4A
:10CC8800C103987C704708B5D0F8C402FAF7D2FE01
:10CC9800FFF7DAFE08BD08B5D0F8C402FBF755F86F
:10CCA800FFF7D2FE08BD08B5D0F8C402FBF727F895
:10CCB800FFF7CAFE08BD08B5D0F8C402FBF73CF878
:10CCC80008BD000010B5044611B101290FD010BDF0
:10CCD800437A23B9D4F8D802FFF7C7F9F7E7FFF783
:10CCE800BDFE094A136923F006031361F2E7D0F881
:10CCF800D802FFF7B0F9637A002BE8D0024A13692B
:10CD080043F006031361E2E700ED00E000487047D6
:10CD1800B07200207047000008B5044B1860044B3F
:10CD28001960044800F027FA08BD00BFC078002049
:10CD3800BC780020AC770020024B1860024B1960C9
:10CD4800704700BFB8780020B478002008B5034BBE
:10CD58001B6813B1024A1068984708BDB8780020CC
:10CD6800B478002008B500F0B5F908BD70B59DF895
:10CD78001050059C5CB305F10806BDF818C066455F
:10CD880027D86BB14FF0AA0C84F800C04FF0550CAF
:10CD980084F801C0A070E17022716571002208E07A
:10CDA800002DEFD0002610E0911D985C60540132F0
:10CDB800D2B2AA42F8D3291DA01C00F0BFF9AB1DBE
:10CDC800E0540735C0F307206055304670BD002693
:10CDD800FBE70026F9E7000010B5C6B040F20714DB
:10CDE800029404AC01949DF820410094FFF7BEFF23
:10CDF80050B10146064B1B6843B1064A126804A8A5
:10CE08009847012046B010BD0020FBE70020F9E755
:10CE1800C0780020BC78002000B5C3B0014601AA44
:10CE2800054800F0B4F910B943B05DF804FB01A857
:10CE380000F030F90120F7E7AC770020F8B578B1B9
:10CE48000E4607460024254606E0385DFFF7E4FF56
:10CE58000544EDB20134A4B2B442F6D32846F8BD75
:10CE68000025FBE700B583B00023064A1370064A85
:10CE780013700078009391220221FFF7ADFF03B0F1
:10CE88005DF804FB087A0020C479002000B585B05D
:10CE9800FF238DF80C3000238DF80D308DF80E200F
:10CEA80000780323009303AB0A460621FFF794FF9B
:10CEB80005B05DF804FB0000F0B5C3B00646C478C1
:10CEC8001C4BA3FB042303F0FE0202EB5303E41AFA
:10CED80014F0FF0419D12546F378AB4220D9731911
:10CEE8001F79384600F0EEF9A0B143681888611C34
:10CEF800C9B202AA1755A31CDBB2070A5754033458
:10CF0800E4B2D0540335EDB2E6E704228121FFF7FD
:10CF1800BDFF0CE0012281213046FFF7B7FF06E094
:10CF2800009402AB812202213078FFF755FF43B00D
:10CF3800F0BD00BFABAAAAAAF0B583B00546C47875
:10CF4800254BA3FB042303F0FE0202EB5303E41A70
:10CF580014F0FF0406D14FF4807200211F4800F03E
:10CF6800EBF912E004228221FFF790FF03B0F0BD35
:10CF7800012282212846FFF789FFF7E743681F80CF
:10CF8800164B01229A550334E4B2EB78A34217D921
:10CF98002B191E79631C2B441A79A31C2B441B796B
:10CFA80043EA0227304600F08DF90028E0D0027AE3
:10CFB800002AE3D1052282212846FFF767FFD5E73B
:10CFC800FFF7C4FE2B4613F8040BEA78009282227E
:10CFD8000221FFF701FFC9E7ABAAAAAAC47800207B
:10CFE80030B583B00546C278234BA3FB021303F088
:10CFF800FE0404EB5304141B14F0FF041BD1C22AD3
:10D0080019D81E4B012119701D4B00211970CAB186
:10D01800EB78A3421CD92B19187900F053F9F8B111
:10D02800174A1378591C11702A191179154AD154C5
:10D038000334E4B2ECE7042290212846FFF726FFE8
:10D0480003B030BD40210F4800F056F90C4B187062
:10D0580000230093902202212878FFF7BDFEEFE716
:10D068000023064A1370064A1370012290212846AD
:10D07800FFF70CFFE4E700BFABAAAAAA087A0020D2
:10D08800C4790020C8790020014B185C704700BFA4
:10D09800C478002008B581784B1E102B16D8DFE81D
:10D0A80003F0090C15151515151515151515151574
:10D0B800150F1200FFF700FF08BDFFF73DFFFBE764
:10D0C800FFF78EFFF8E7FFF7CDFEF5E70222FFF73F
:10D0D800DDFEF1E7164B1B7823B170B5C2B0002412
:10D0E800254602E070470134E4B2124B1B78A34294
:10D0F80014D9114B1E5D304600F0E4F80028F2D038
:10D1080043681888691CC9B202AA5655AB1CDBB221
:10D11800060A56540335EDB2D054E4E7009502AB45
:10D12800152200210846FFF757FE42B070BD00BF28
:10D13800087A0020C4790020C879002084464FF678
:10D14800FF700B46013989B2A3B11CF8013B80EA94
:10D158000320002303E0400080B20133DBB2072B39
:10D16800EFD810F4004FF6D041F2210282EA4000D5
:10D1780080B2F2E7704748B100220270A0F804219B
:10D18800A0F8062142708270C2700271704770B5B3
:10D19800C2B0002800F0848016460446002A00F039
:10D1A80083800578082D77D8DFE805F0050B13187C
:10D1B8001D222D3C4200AA2914BF00210121017023
:10D1C8006FE0552903D000232370002569E002236E
:10D1D800FAE7417003230370002562E0817004239D
:10D1E800037000255DE0C17005230370002558E039
:10D1F80001710023A0F8043119B907232370002511
:10D208004FE00623FAE7B0F80421531C9BB2A0F8BC
:10D218000431024451710279934247D307230370C2
:10D2280000253EE0A0F8061108230370002538E029
:10D23800B0F8063143EA0123A0F8063143788DF8A7
:10D24800043083788DF80530C3788DF8063003797B
:10D258008DF8073000232179994207D91A1DE11862
:10D26800487901A988540133DBB2F4E7043101A8F5
:10D27800FFF764FFB4F8063183420CBF012500258F
:10D2880003D02046FFF777FF0BE040F20312611C42
:10D29800304600F07FF8F4E7FFF76DFF002500E067
:10D2A8000025284642B070BD0025FAE70025F8E7BA
:10D2B800024B1860024B1960704700BF107A0020BB
:10D2C8000C7A00208446002300E00133084A1268E3
:10D2D8009A420AD903EB43020649096801EB820026
:10D2E80011F822206245F0D100E00020704700BF0D
:10D2F8000C7A0020107A00200D4B1B68994228BF39
:10D30800194688B100B58646002308E003EB430CB4
:10D31800084A126812F82C200EF8032001338B42B9
:10D32800F4D308465DF804FB00210846704700BFA7
:10D338000C7A0020107A002002440346934200D160
:10D34800704703F8011BF9E770B50D4D0D4C641BD0
:10D35800A4100026A64209D10B4D0C4C00F0B8F9D8
:10D36800641BA4100026A64205D170BD55F8043BE5
:10D3780098470136EEE755F8043B98470136F2E73F
:10D388009CD700089CD700089CD70008A4D70008A1
:10D39800704770470A44914200F1FF3300D170474B
:10D3A80010B511F8014B03F8014F9142F9D110BDA6
:10D3B800024B13B1024800F005B8704700000000A6
:10D3C800D9D30008002301461A46184600F014B8BD
:10D3D80038B5074D074C641BA4101CB9BDE838408C
:10D3E80000F07CB9013C55F824309847F5E700BFB8
:10D3F800A4D70008A8D700082DE9F047DFF874A0E3
:10D408000646DAF8000098460F469146FFF7C0FF37
:10D41800164B1C680CB9164C1C606568DAF80000DD
:10D428001F2D05DDFFF7B5FF4FF0FF30BDE8F08792
:10D438009EB104EB85010122C1F88890D4F88831A7
:10D44800AA401343C4F88831022EC1F8088102BFEC
:10D45800D4F88C311343C4F88C316B1C02356360EB
:10D4680044F82570FFF795FF0020DFE7507B002088
:10D47800547B002070040020014B1868704700BFDF
:10D488004803002008B52DED028BB0EE408A00F06D
:10D498002DF8B4EE488AF1EE10FA0FD6B5EEC08A30
:10D4A800F1EE10FA0ADCB5EE408AF1EE10FA08D176
:10D4B800FFF7E2FF22239FED080A0360BDEC028B11
:10D4C80008BDFFF7D9FFBDEC028B21230360BDE83F
:10D4D8000840024800F004B8000080FF90D7000818
:10D4E8009FED010A704700BF0000C07F10EE103AA0
:10D4F80033F0004206D19FED667ADFED667A87EE5B
:10D50800270A7047002B1A4602DA30EE407AF4E711
:10D51800B3F1FF4F02DB30EE000A7047B3F5000F9E
:10D52800B8BFDFED5D7A5D48BEBF60EE277A6FF069
:10D53800180117EE902A4FEAE253C2F3160210447C
:10D54800A8BF00217F3B0B4400F4000181F07E510D
:10D55800114300EE101A524903EBD05302F10F00A9
:10D56800F7EE007A014030EE670A89BBB5EE400A53
:10D57800F1EE10FA0FD1002B00F0878007EE903AF9
:10D588009FED480A9FED487AF8EEE77A27EE800A81
:10D59800A7EE870A7047DFED456AF6EE007AE0EEFF
:10D5A800667A20EE007A27EE277A13B930EE470A1A
:10D5B800704707EE903ADFED3B6AF8EEE77AA7EEA0
:10D5C800E67A37EE400A9FED387A97EE870A704779
:10D5D800F0EE007A70EE277ADFED355ADFED354A46
:10D5E800354980EE276A1144C2F5571202F52272B6
:10D5F8000A43002A07EE903A26EE065AF8EEE76A42
:10D6080025EE057ADFED2D7AE7EE257ADFED2C5A47
:10D61800E7EE875ADFED2B7AE7EE247ADFED2A4A28
:10D62800E7EE874ADFED297AE4EE877A67EE857AB6
:10D63800E5EE877A1ADDB6EE007A20EE077A27EE55
:10D64800007A77EE877A67EE867A13B937EE677ACB
:10D65800ACE79FED146AE6EE867A37EE677A37EE26
:10D66800400ADFED117A96EEA70A704770EE677AE6
:10D6780067EE867A13B930EE670A70479FED097A2C
:10D68800E6EEC77A37EEC00AEBE79FED020A70476D
:10D69800000000CC000000000000004C20FB4A0005
:10D6A800F0FF7F00D1F717378071313FABAAAA3E50
:10D6B8004FD01C3E9788173E305CCFFF298E633EC3
:10D6C800CDCCCC3E25333A3E2549923EABAA2A3FE3
:10D6D800F8B500BFF8BC08BC9E467047F8B500BF57
:10D6E800F8BC08BC9E4670475FF800F0790400203B
:10D6F8005FF800F0510500205FF800F08505002074
:08D708005FF800F0CD070020DE
:10D7100000000000010203040000000000000000FF
:10D7200001020304060708090100020004000600C4
:10D7300008000A000C0010002000400080000001DA
:10D7400008040204080101010101010307010000AE
:10D750005546344F56455220504F57455220436F3F
:10D760006D506F72740000005546344F564552009C
:10D77000504F57455220436F6E66696700000000A6
:10D78000504F57455220496E74657266616365005B
:04D790000000000095
:08D79400F032FF7F01000000EC
:08D79C00B9D30008FD010008EB
:04D7A400D90100089F
:10D7A800FFFFFFFFFFFFFFFF880088000000000069
:10D7B80000000000000000000000000088000000D9
:10D7C8000000000000000000000000000024F40039
:10D7D8000000C8410000C8410000C8410000C8411D
:10D7E8000000C8410000C8410A000000DE15002002
:10D7F800000000000B000000DC1500200000000005
:10D808000C000000DA150020000000000D000000E8
:10D81800D8150020000000000E000000D6150020DA
:10D82800000000000F000000D415002000000000D8
:10D8380010000000D21500200000000011000000B8
:10D84800D01500200100000012000000CE150020B5
:10D858000100000014000000CC15002000000000AA
:10D8680015000000CA150020010000001600000085
:10D87800C81500200000000017000000C615002091
:10D888000000000018000000C4150020000000007F
:10D8980019000000C2150020000000001A00000056
:10D8A800C0150020000000001B000000BE1500206D
:10D8B800000000001C000000BC1500200000000053
:10D8C8001D000000BA150020000000001E00000026
:10D8D800B8150020010000001F000000B615002048
:10D8E8000000000020000000B41500200100000026
:10D8F80021000000B21500200000000022000000F6
:10D90800B01500200100000023000000AE15002023
:10D918000100000024000000AC15002000000000F9
:10D9280025000000AA1500200000000026000000C5
:10D93800A81500200000000027000000A615002000
:10D948000100000029000000A415002000000000CC
:10D958002A000000A2150020000000002B00000093
:10D96800A0150020000000000100000010000000C9
:10D9780009074300020104C0320904000001020241
:10D9880001000524001001052401000104240202FD
:10D998000524060001070582030800100904010098
:10D9A800020A000000070501024000000705810285
:10D9B8004000000009024300020100C032090400CF
:10D9C80000010202010005240010010524010001E4
:10D9D800042402020524060001070582030800103A
:10D9E80009040100020A00000007050102400000C6
:10D9F800070581024000000009024300020100C03F
:10DA0800320904000001020201000524001001058A
:10DA180024010001042402020524060001070582EE
:10DA28000308001009040100020A000000070501AC
:10DA380002000200070581020002000091BC0008F4
:10DA480049BC000855BB00080000000059BA00088E
:10DA5800EBBA0008C1BA000800000000000000008E
:10DA6800000000009DBA000891BA0008A9BA000891
:10DA7800B5BA00080A0600020000004001000000D4
:10DA880099C8000851C8000855C8000869C80008A6
:10DA980059C800081A030000000000000000000038
:10DAA800000000000000000000000000000000006E
:10DAB8000403090412010002020200408304BB2C83
:10DAC80000020102030100001DC9000829C900085D
:10DAD800EDC90008C9C90008B5C9000809CA000885
:10DAE8002DCA0008000000005003002000000000BC
:10DAF80000000000147A00207C7A0020E47A0020DC
:10DB0800000000000000000000000000000000000D
:10DB180000000000000000000000000000000000FD
:10DB280000000000000000000000000000000000ED
:10DB380000000000000000000000000000000000DD
:10DB480000000000000000000000000000000000CD
:10DB580000000000000000000000000000000000BD
:10DB680000000000000000000000000000000000AD
:10DB7800000000000000000000000000000000009D
:10DB8800000000000000000001000000000000008C
:10DB98000E33CDAB34126DE6ECDE05000B00000051
:10DBA800000000000000000000000000000000006D
:10DBB800000000000000000000000000000000005D
:10DBC800000000000000000000000000000000004D
:10DBD800000000000000000000000000000000003D
:10DBE800000000000000000000000000000000002D
:10DBF800000000000000000000000000000000001D
:10DC0800000000000000000000000000000000000C
:04DC18004C7B002021
:10DC1C002F498B889BB240F6917202FB03F31B13C6
:10DC2C0021332C4A9361CB889BB2C3EB03331B1378
:10DC3C00013313610B889BB240F6DB7000FB03F3DE
:10DC4C001B130D3393604B889BB2C3EB03331B1335
:10DC5C00013313609369012B2DD91E4B9B68012B4B
:10DC6C002DD91C4B1B68012B2DD91A4B9A691A49BB
:10DC7C0008680244A2EBD0020A60D208DA611A6981
:10DC8C00164908680244A2EBD0020A60D2085A6115
:10DC9C009A68134908680244A2EBD0020A60D208C1
:10DCAC00DA601A680F4908680244A2EBD0020A60D5
:10DCBC00D2085A607047134600229A61CDE7054B93
:10DCCC0000229A60CDE7034B00221A60CDE700BF1B
:10DCDC00F0120020A8120020701200206C120020FC
:10DCEC00681200206412002008B50B4B1B889BB2F5
:10DCFC00042B06D8DFE803F0030609050C0000F03E
:10DD0C003BFD08BD00F044FDFBE700F045FDF8E7E6
:10DD1C0000F03AFDF5E700BFC812002038B5864B7D
:10DD2C009879C0B2854B998889B240F6917202FB02
:10DD3C0001F1091321311A8892B240F6DB7303FB0F
:10DD4C0002F212130D327E4B1B78042B06D87D4D3C
:10DD5C002C680C442C600133794C2370784B1B7865
:10DD6C00052B25D0784B1B68002B2CD1764B1960DA
:10DD7C00714B5B7A002B31D06F4BDB79002B2DD0A4
:10DD8C00724B1B68002B29DD6B4B1B889BB2022B43
:10DD9C002CD06E4B9B68002B01DD6C4B9A68664B4C
:10DDAC009B79DBB2032B3DD8DFE803F02756799C37
:10DDBC00644C2168664BA3FB013189080023236066
:10DDCC005F4C2370CEE78B4202D25F4B1960CFE7DA
:10DDDC005C1AA3EBD4035C4C2360C9E7564B0122BD
:10DDEC009A7100221A72584B196038BD574B5B68F8
:10DDFC00002BCEDD554B5A68D1E707EE902AF8EE92
:10DE0C00676A514BD3ED007AF8EE677A9FED517A41
:10DE1C0027EE877AF4EEC76AF1EE10FA0BD5464B73
:10DE2C0001249C71444B9B79DBB283427DD1424BE4
:10DE3C0000221A72D9E79FED487A67EE877AF4EEE2
:10DE4C00E76AF1EE10FA03DD3B4B02249C71E9E723
:10DE5C00394B03249C71E5E707EE902AF8EE676ACC
:10DE6C00394BD3ED007AF8EE677A9FED3B7A27EECB
:10DE7C00877AF4EEC76AF1EE10FA03DD2E4B02241A
:10DE8C009C71CFE79FED357A67EE877AF4EEE76AFF
:10DE9C00F1EE10FAC6DD284B03249C71C2E707EEA5
:10DEAC00902AF8EE676A284BD3ED007AF8EE677A81
:10DEBC009FED287A27EE877AF4EEC76AF1EE10FA16
:10DECC0003D51D4B01249C71ACE79FED257A67EEC1
:10DEDC00877AF4EEE76AF1EE10FAA3D5164B032419
:10DEEC009C719FE707EE902AF8EE676A164BD3ED0C
:10DEFC00007AF8EE677A9FED177A27EE877AF4EEC0
:10DF0C00C76AF1EE10FA03D50B4B01249C7189E71B
:10DF1C009FED117A67EE877AF4EEE76AF1EE10FA6C
:10DF2C0080DD054B02249C717CE7034CA07900F04A
:10DF3C0027FC0123237258E7C8120020F01200209E
:10DF4C004C12002048120020441200200C0000202B
:10DF5C00CDCCCCCC6666663FCDCC8C3F3333733F97
:10DF6C006666863F084B188880B2B0F52A7F04D3CA
:10DF7C0046F29873984203D870474FF42A70704752
:10DF8C0046F29870F8E700BF14000010F0B4404B54
:10DF9C009A681A603F4B1A8892B240F6DB7101FB0B
:10DFAC0002F212130D325B889BB2C3EB03331B13CB
:10DFBC0001333949097819B13849C979002940D157
:10DFCC0037490A60344901200870354908683349DB
:10DFDC00C97911B13149497A41B90021314C2160DB
:10DFEC00314C2170314C2180314C2160284CE1683E
:10DFFC00591A304D2960E1680339994228DD2A4BC2
:10E00C0001211970294B00211980274B1B78002BFB
:10E01C0056D1284B1968284B1960002321490B60F5
:10E02C0026490B60224B1B68002B40F39080023B6F
:10E03C001F490B60002B80F28A800B46002119606F
:10E04C0085E017480168541A01EBA4010160BCE794
:10E05C0015490978B9B10E49C9680F31994212DADC
:10E06C00124B1B88B3F5C87F03D201330F490B80C9
:10E07C00CBE700230C490B700C490B8009490B6052
:10E08C000E490B60C1E7094B00211980BDE700BFA9
:10E09C000C000020F01200200C000010C812002010
:10E0AC00100000100800001002000010000000100A
:10E0BC00040000102C000010280000101C000010A0
:10E0CC008A4C216801EB41014B00894E31680B44AD
:10E0DC002568884F3F68A5EB070C6344864D2B6081
:10E0EC00236801EB43033360B3F5006F02DD4FF49B
:10E0FC00006131607E4B1B6813F5006F02DA7C4BBC
:10E10C007E4919607C4B1B68082B02DD7A4B082179
:10E11C001960794B1B6813F1080F03DA764B6FF01B
:10E12C0007011960744B1C6875490B681B1B0B604D
:10E13C00002B7CDB724B1B68B3F5006F03DD704B5F
:10E14C004FF400611960694B19686A4B19606D4B8B
:10E15C001B889BB2022B6ED06B4B1C6868490968FC
:10E16C00641A1C600029D4BF00210121674C217066
:10E17C0019689B68994204DD634B9968196000210A
:10E18C002170614B1B68002B72DB5F4B1B681B1AE9
:10E19C005F490B605B4B1B7A002B3CD05A4B1968C8
:10E1AC00891A00235B480360594801605A48016092
:10E1BC005A4801604E490B6059490B7059490B8004
:10E1CC004F490B604C490B6048490B6049490B6047
:10E1DC004E490B70544B1A60544B01221A70544B1D
:10E1EC001B78ABB1534B1A88474B1A83524A12888F
:10E1FC005A83524B1968524A11601A68454B1A607F
:10E20C00404B9B79DBB2032B36D0494B00221A7062
:10E21C003C4B00221A723B4B9B79DBB2032B00F276
:10E22C00AC80DFE813F09100C5001F01DD010B4647
:10E23C00002119607EE7344B1C6831490968641A67
:10E24C001C600029D4BF00210121304C21701968B9
:10E25C005B68994204DD2C4B5968196000212170D0
:10E26C00294B1B68002B90DA274B002119608CE797
:10E27C00254B0021196088E7234BDB8A1BB243F244
:10E28C00CB3293422CDC204BDB8A1AB29BB2872B0D
:10E29C0029D92C4B83FB0213A3EBE2731BB21B0299
:10E2AC00B3F5385F01DA4FF43853254A12689A42B5
:10E2BC0001DD234A1360224B1B68B3F5385F03DA88
:10E2CC001F4B4FF438521A601D4B1968114A1160DC
:10E2DC001B681B1203EB43031BB20B4A538394E7DB
:10E2EC0043F2CC32D5E78822D3E700BF2C000010D4
:10E2FC0008000010280000101C00001000F8FFFFA0
:10E30C0004000010C81200200C00002016000010A1
:10E31C0038000010200000103400001030000010F5
:10E32C000200001000000010100000100C00001083
:10E33C00781200200A00002008000020741200202F
:10E34C0024000010565555550023924A1360924AEA
:10E35C001360924A1360924A1360924A1360924A75
:10E36C001360924A1360924A1360924A1370924A55
:10E37C001380924A1360924A1360924BDB7913B963
:10E38C00914B88221A8390490B8B1BB2C3F5D44353
:10E39C0040338E4A1268C2F89C308D4B1B889BB25E
:10E3AC00C2F8A8304B8B1BB2C2F81C32F0BC7047C1
:10E3BC00784B1A687B4B1B6841F2A36101FB02335B
:10E3CC00754A1268834901FB0233744A126841F2A0
:10E3DC00F15101FB0233724A13607B4B9A8A12B2E1
:10E3EC007D4B83FB0213A3EBE2731BB21B02B3F551
:10E3FC00385F01DA4FF43853694A12689A4201DDEA
:10E40C00674A1360664B1B68B3F5385F03DA644BDD
:10E41C004FF438521A60624B1968624A11605E4AB6
:10E42C0010685E4908605B4909681160664A4FF4E0
:10E43C00E16151831B681B1203EB43031BB2138373
:10E44C00118B09B2938A1BB2994202DD1346928A50
:10E45C001A835D4B1B8B9BB2872B8ED85A4B882211
:10E46C001A838AE74B4B1A684E4B1B6842F28C217D
:10E47C0001FB0233484A1268584901FB0233474AF0
:10E48C00126842F27C1101FB0233454A13604E4B79
:10E49C00DA8A12B2504B83FB0213A3EBE2731BB26A
:10E4AC001B02B3F5385F01DA4FF438533C4A12685B
:10E4BC009A4201DD3A4A1360394B1B68B3F5385F59
:10E4CC0003DA374B4FF438521A60354B1A68354B18
:10E4DC001A60314B1968314A11602E4A12681A6061
:10E4EC00394B1B8B1BB246F2DF32934239DC364A76
:10E4FC00138B9BB220331BB21383138B1BB246F2CC
:10E50C00E032934201DD304B1A832F4B1A8B12B23F
:10E51C009B8A1BB29A4202DD2B4B9A8A1A832A4B96
:10E52C001B8B9BB2872B02D8274B88221A831C4B40
:10E53C001B681B1203EB43031BB223494B834A8B0F
:10E54C0012B2CB8A1BB29A4201DDCA8A4A831E4B95
:10E55C005B8B9BB2872B3FF610AF1B4B88225A83E9
:10E56C000BE7194B1B8B1BB246F2E0329342CCDD0E
:10E57C00154A138B9BB2203B1BB21383138B1BB21C
:10E58C0046F2DF329342C0DC0F4B46F2E0321A8384
:10E59C00BBE700BF38000010340000103000001042
:10E5AC0024000010200000101C00001004000010BB
:10E5BC000800001002000010000000102C000010D9
:10E5CC0028000010C81200200C000020F8120020B7
:10E5DC00140000106DD3FFFF56555555FBBBFFFFC4
:10E5EC00524BDB8A1BB243F2CB32934200F3838053
:10E5FC004E4BDB8A1AB29BB2872B7FD94C4B1968D6
:10E60C004C4B1B6841F6E91000FB01334A49096881
:10E61C004A4800FB01334A49096841F61D1000FBCA
:10E62C00013348490B60484B83FB0213A3EBE273A5
:10E63C001BB21B02B3F5385F01DA4FF43853414972
:10E64C000968994201DD3F490B603E4B1B68B3F5ED
:10E65C00385F03DA3B4B4FF438511960394B19686A
:10E66C00344B1960344B18683549086030490968D7
:10E67C001960364B1968364B19602C4B1B8B1BB22F
:10E68C00B3F5AA4F3CDA29490B8B9BB220331BB252
:10E69C000B830B8B1BB2B3F5AA4F03DD0B464FF468
:10E6AC00AA411983214B198B09B29B8A1BB299423F
:10E6BC0002DD1E4B998A19831C4B1B8B9BB2872B3B
:10E6CC0002D81A4B882119831E4B1B681B1203EBB3
:10E6DC0043031BB215494B834B8B1BB2934200DD9A
:10E6EC004A83124B5B8B9BB2872B3FF646AE0F4B8C
:10E6FC0088225A8341E643F2CC327FE788227DE7B9
:10E70C000A4B1B8B1BB2B3F5AA4FCBDD07490B8B06
:10E71C009BB2203B1BB20B830B8B1BB2B3F5AA4FE6
:10E72C00C0DA0B464FF4AA411983BBE70C0000205A
:10E73C00380000102000001034000010FCCCFFFF4B
:10E74C003000001024000010565555552C000010B8
:10E75C002800001008B5074B1B68D3F8842012F072
:10E76C00100F00D108BD1022C3F88820FFF70EFC53
:10E77C00F8E700BFF81200205FF800F0A1180008BD
:10E78C005FF800F00D1400085FF800F0591B00084A
:10E79C005FF800F0751B00085FF800F0C11B000863
:0400000508002DB909
:00000001FF
