:020000040800F2
:10000000000002208D2800088D2A0008952A00088B
:10001000972A0008992A00089B2A0008000000007F
:100020000000000000000000000000009D2A000801
:100030009F2A000800000000A12A0008A32A000847
:1000400001290008012900080129000801290008E8
:1000500001290008012900080129000801290008D8
:10006000012900080129000801290008AD2A00081B
:10007000BD2A0008CD2A0008DD2A0008ED2A000864
:1000800001290008012900080129000801290008A8
:10009000FD2A00080129000801290008012900089B
:1000A000012900080D2B000801290008012900087A
:1000B0000129000801290008012900080129000878
:1000C0000129000801290008012900080129000868
:1000D0000129000801290008012900080129000858
:1000E0000129000801290008012900080129000848
:1000F0000129000801290008012900080129000838
:100100000129000801290008012900080129000827
:1001100001290008012900081D2B00082D2B0008CB
:100120000129000801290008012900080129000807
:1001300001290008012900080129000801290008F7
:1001400001290008012900080129000801290008E7
:100150003D2B000801290008012900080129000899
:1001600001290008012900080129000801290008C7
:1001700001290008012900080129000801290008B7
:1001800001290008012900080129000801290008A7
:1001900001290008000000000129000801290008C9
:1001A0000129000801290008012900080129000887
:1001B0000129000801290008012900080129000877
:1001C0000129000801290008012900080129000867
:0801D0000129000801290008C3
:1001D80010B5054C237833B9044B13B10448AFF379
:1001E80000800123237010BDD80C002000000000FF
:1001F8006CCB000808B5034B1BB103490348AFF3A8
:10020800008008BD00000000DC0C00206CCB00085A
:1002180081F0004102E000BF83F0004330B54FEAAF
:1002280041044FEA430594EA050F08BF90EA020F1C
:100238001FBF54EA000C55EA020C7FEA645C7FEAAF
:10024800655C00F0E2804FEA5454D4EB5555B8BFD2
:100258006D420CDD2C4480EA020281EA030382EA43
:10026800000083EA010180EA020281EA0303362DD5
:1002780088BF30BD11F0004F4FEA01314FF4801CA8
:100288004CEA113102D0404261EB410113F0004FBA
:100298004FEA03334CEA133302D0524263EB430371
:1002A80094EA050F00F0A780A4F10104D5F1200E0F
:1002B8000DDB02FA0EFC22FA05F2801841F100016A
:1002C80003FA0EF2801843FA05F359410EE0A5F13E
:1002D80020050EF1200E012A03FA0EFC28BF4CF06F
:1002E800020C43FA05F3C01851EBE37101F0004525
:1002F80007D54FF0000EDCF1000C7EEB00006EEB32
:100308000101B1F5801F1BD3B1F5001F0CD34908BB
:100318005FEA30004FEA3C0C04F101044FEA445212
:1003280012F5800F80F09A80BCF1004F08BF5FEA99
:10033800500C50F1000041EB045141EA050130BD79
:100348005FEA4C0C404141EB0101013C28BFB1F58B
:10035800801FE9D291F0000F04BF01460020B1FAD6
:1003680081F308BF2033A3F10B03B3F120020CDAA9
:100378000C3208DD02F1140CC2F10C0201FA0CF087
:1003880021FA02F10CE002F11402D8BFC2F1200CEC
:1003980001FA02F120FA0CFCDCBF41EA0C019040A2
:1003A800E41AA2BF01EB0451294330BD6FEA0404EB
:1003B8001F3C1CDA0C340EDC04F11404C4F12002D6
:1003C80020FA04F001FA02F340EA030021FA04F3E8
:1003D80045EA030130BDC4F10C04C4F1200220FA3F
:1003E80002F001FA04F340EA0300294630BD21FA7D
:1003F80004F0294630BD94F0000F83F4801306BF43
:1004080081F480110134013D4EE77FEA645C18BF36
:100418007FEA655C29D094EA050F08BF90EA020FCD
:1004280005D054EA000C04BF1946104630BD91EAC5
:10043800030F1EBF0021002030BD5FEA545C05D1C8
:100448004000494128BF41F0004130BD14F5800407
:100458003CBF01F5801130BD01F0004545F0FE417B
:1004680041F470014FF0000030BD7FEA645C1ABFB0
:10047800194610467FEA655C1CBF0B46024650EAE7
:10048800013406BF52EA033591EA030F41F4002113
:1004980030BD00BF90F0000F04BF0021704730B599
:1004A8004FF4806404F132044FF000054FF000016E
:1004B80050E700BF90F0000F04BF0021704730B52F
:1004C8004FF4806404F1320410F0004548BF404204
:1004D8004FF000013EE700BF42004FEAE2014FEA59
:1004E80031014FEA02701FBF12F07F4393F07F4F34
:1004F80081F06051704732F07F4208BF704793F037
:100508007F4F04BF41F40021704730B54FF4607449
:1005180001F0004521F000411CE700BF50EA01024C
:1005280008BF704730B54FF000050AE050EA0102F5
:1005380008BF704730B511F0004502D5404261EB65
:1005480041014FF4806404F132045FEA915C3FF4A6
:10055800D8AE4FF003025FEADC0C18BF03325FEA43
:10056800DC0C18BF033202EBDC02C2F1200300FAF4
:1005780003FC20FA02F001FA03FE40EA0E0021FA19
:1005880002F11444BDE600BF70B54FF0FF0C4CF407
:10059800E06C1CEA11541DBF1CEA135594EA0C0FB9
:1005A80095EA0C0F00F0DEF82C4481EA030621EAF4
:1005B8004C5123EA4C5350EA013518BF52EA03352F
:1005C80041F4801143F4801338D0A0FB02CE4FF0E1
:1005D8000005E1FB02E506F00042E0FB03E54FF011
:1005E8000006E1FB03569CF0000F18BF4EF0010E09
:1005F800A4F1FF04B6F5007F64F5407404D25FEA05
:100608004E0E6D4146EB060642EAC62141EA5551B7
:100618004FEAC52040EA5E504FEACE2EB4F1FD0CF9
:1006280088BFBCF5E06F1ED8BEF1004F08BF5FEA77
:10063800500E50F1000041EB045170BD06F0004629
:1006480046EA010140EA020081EA0301B4EB5C04D6
:10065800C2BFD4EB0C0541EA045170BD41F48011CE
:100668004FF0000E013C00F3AB8014F1360FDEBFF3
:10067800002001F0004170BDC4F10004203C35DACF
:100688000C341BDC04F11404C4F1200500FA05F352
:1006980020FA04F001FA05F240EA020001F00042F3
:1006A80021F0004110EBD37021FA04F642EB060169
:1006B8005EEA430E08BF20EAD37070BDC4F10C0493
:1006C800C4F1200500FA04F320FA05F001FA04F257
:1006D80040EA020001F0004110EBD37041F1000143
:1006E8005EEA430E08BF20EAD37070BDC4F120054E
:1006F80000FA05F24EEA020E20FA04F301FA05F2B6
:1007080043EA020321FA04F001F0004121FA04F25D
:1007180020EA020000EBD3705EEA430E08BF20EA2D
:10072800D37070BD94F0000F0FD101F00046400067
:1007380041EB010111F4801F08BF013CF7D041EAE9
:10074800060195F0000F18BF704703F000465200ED
:1007580043EB030313F4801F08BF013DF7D043EABE
:100768000603704794EA0C0F0CEA135518BF95EA74
:100778000C0F0CD050EA410618BF52EA4306D1D1FB
:1007880081EA030101F000414FF0000070BD50EA1A
:10079800410606BF1046194652EA430619D094EAA4
:1007A8000C0F02D150EA013613D195EA0C0F05D18E
:1007B80052EA03361CBF104619460AD181EA0301E2
:1007C80001F0004141F0FE4141F470014FF000009A
:1007D80070BD41F0FE4141F4780170BD70B54FF035
:1007E800FF0C4CF4E06C1CEA11541DBF1CEA1355B5
:1007F80094EA0C0F95EA0C0F00F0A7F8A4EB050497
:1008080081EA030E52EA03354FEA013100F088808D
:100818004FEA03334FF0805545EA131343EA126356
:100828004FEA022245EA111545EA10654FEA00260B
:100838000EF000419D4208BF964244F1FD0404F5C4
:10084800407402D25B084FEA3202B61A65EB030520
:100858005B084FEA32024FF480104FF4002CB6EBDD
:10086800020E75EB030E22BFB61A754640EA0C005D
:100878005B084FEA3202B6EB020E75EB030E22BF9D
:10088800B61A754640EA5C005B084FEA3202B6EBDE
:10089800020E75EB030E22BFB61A754640EA9C009D
:1008A8005B084FEA3202B6EB020E75EB030E22BF6D
:1008B800B61A754640EADC0055EA060E18D04FEA2B
:1008C800051545EA16754FEA06164FEAC30343EACB
:1008D80052734FEAC2025FEA1C1CC0D111F4801F98
:1008E8000BD141EA00014FF000004FF0004CB6E791
:1008F80011F4801F04BF01430020B4F1FD0C88BF30
:10090800BCF5E06F3FF6AFAEB5EB030C04BFB6EB3A
:10091800020C5FEA500C50F1000041EB045170BD2D
:100928000EF0004E4EEA113114EB5C04C2BFD4EB5A
:100938000C0541EA045170BD41F480114FF0000EDE
:10094800013C90E645EA060E8DE60CEA135594EA5A
:100958000C0F08BF95EA0C0F3FF43BAF94EA0C0F5D
:100968000AD150EA01347FF434AF95EA0C0F7FF4D2
:1009780025AF104619462CE795EA0C0F06D152EA26
:1009880003353FF4FDAE1046194622E750EA41060A
:1009980018BF52EA43067FF4C5AE50EA41047FF41B
:1009A8000DAF52EA43057FF4EBAE12E74FEA41027E
:1009B800B2F1E04324BFB3F5001CDCF1FE5C0DD9B5
:1009C80001F0004C4FEAC0024CEA5070B2F1004FFF
:1009D80040EB830008BF20F00100704711F0804F02
:1009E80021D113F13872BCBF01F00040704741F4C7
:1009F80080114FEA5252C2F11802C2F1200C10FACB
:100A08000CF320FA02F018BF40F001004FEAC123AE
:100A18004FEAD32303FA0CFC40EA0C0023FA02F352
:100A28004FEA4303CCE77FEA625307D150EA013328
:100A38001EBF4FF0FE4040F44000704701F00040F8
:100A480040F0FE4040F40000704700BF53B94AB977
:100A5800002908BF00281CBF4FF0FF314FF0FF30BE
:100A680000F06AB9ADF1080C6DE904CE00F006F8A3
:100A7800DDF804E0DDE9022304B070472DE9F04712
:100A8800089D0C46002B4ED194468C458646B2FAFA
:100A980082F262D94AB1C2F12003914020FA03F3ED
:100AA8000CFA02FC194300FA02FE4FEA1C471FFA2F
:100AB8008CF6B1FBF7F44FEA1E4307FB141143EA27
:100AC800014304FB06F199420AD91CEB030304F124
:100AD800FF3080F01281994240F20F81023C63445A
:100AE800591A1FFA8EF3B1FBF7F007FB101143EA0E
:100AF800014300FB06F69E420AD91CEB030300F1F2
:100B0800FF3180F0FC809E4240F2F9806344023855
:100B18009B1B40EA044000211DB1D3400022C5E9D7
:100B28000032BDE8F0878B4205D90DB1C5E9000157
:100B380000210846F5E7B3FA83F1002946D1A3421C
:100B480002D39042C0F0F080861A64EB03030120C0
:100B5800002DE6D0C5E90063E3E7002A40F0908065
:100B6800A1EB0C044FEA1C481FFA8CF70121B4FBD7
:100B7800F8F64FEA1E4308FB164443EA044307FB12
:100B880006F0984208D91CEB030306F1FF3402D2A1
:100B9800984200F2CD8026461C1A1FFA8EF3B4FB49
:100BA800F8F008FB104443EA044300FB07F79F42B0
:100BB80008D91CEB030300F1FF3402D29F4200F274
:100BC800B0802046DB1B40EA0640A5E7C1F12006BD
:100BD8008B4022FA06F71F4320FA06FC04FA01F3B9
:100BE80043EA0C03F44000FA01F8380C4FEA1349C1
:100BF800B4FBF0FE1FFA87FC00FB1E4449EA0444DC
:100C08000EFB0CF9A14502FA01F20AD93C190EF1C2
:100C1800FF3A80F08480A14540F28180AEF1020E57
:100C28003C44A4EB09041FFA83F9B4FBF0F300FB7E
:100C3800134449EA044403FB0CFCA44507D93C19B6
:100C480003F1FF3067D2A44565D9023B3C4443EA2F
:100C58000E40A0FB0293A4EB0C049C42CE469C469B
:100C680051D34ED055B1B8EB0E0364EB0C0404FA23
:100C780006F6CB401E43CC40C5E90064002150E78E
:100C8800C2F1200320FA03F10CFA02FC24FA03F360
:100C980094400C434FEA1C4800FA02FE1FFA8CF7F6
:100CA800B3FBF8F008FB1031230C43EA014300FBC7
:100CB80007F1994208D91CEB030300F1FF362CD247
:100CC80099422AD9023863445B1AA4B2B3FBF8F1FB
:100CD80008FB113344EA034401FB07F3A34208D994
:100CE8001CEB040401F1FF3613D2A34211D90239D7
:100CF8006444E41A41EA004139E70446F0E608464C
:100D080006E7C845AED2B9EB020E63EB070C013813
:100D1800A8E73146EDE7034699E73046D4E7D646DB
:100D28007FE7634402384DE70646234608460FE747
:100D3800023E634430E700BF704700BF08B5002299
:100D48000121024804F076FB08BD00BF00040048FA
:100D580008B501221146024804F06CFB08BD00BF2B
:100D68000004004800B587B08DF80F0000238DF807
:100D780017304FF0FF33009301230DF117020DF1E7
:100D88000F01044807F0CBFC9DF8170007B05DF889
:100D980004FB00BFD410002008B5FFF7CFFF0620E2
:100DA800FFF7E0FFFFF7D4FF08BD000010B5FFF71D
:100DB800C5FF0520FFF7D6FF054CFF20FFF7D2FF40
:100DC80010F0010F01D0013CF7D1FFF7C1FF10BDB2
:100DD800A086010070B504460E461546FFF7E6FFEB
:100DE800FFF7DAFFFFF7AAFF0220FFF7BBFFC4F304
:100DF8000740FFF7B7FFC4F30720FFF7B3FFE0B2E0
:100E0800FFF7B0FF002404E0305DFFF7ABFF0134CB
:100E1800A4B2AC42F8D3FFF79BFF70BD10B50446EF
:100E2800FFF7C4FFFFF7B8FFFFF788FF2020FFF7A1
:100E380099FFC4F30740FFF795FFC4F30720FFF7B6
:100E480091FFE0B2FFF78EFFFFF782FF10BD70B58C
:100E580004460E461546FFF7A9FFFFF76FFF03206C
:100E6800FFF780FFC4F30740FFF77CFFC4F30720B8
:100E7800FFF778FFE0B2FFF775FF002404E0FF20DA
:100E8800FFF770FF30550134AC42F8D3FFF760FF2D
:100E980070BD000010B58CB0002409940A940B941E
:100EA8002022214601A80BF091FC36484FF0A043C0
:100EB80003604FF4403343608460C46004610123DD
:100EC80043610422826104774477026280F82440F7
:100ED8004FF4D462C2624FF48062026380F8383003
:100EE8004FF48053C36380F8404003F077F800283C
:100EF80035D10023099309A9224803F0C7FE002829
:100F080030D1214B019306230293002303937F22C0
:100F180004920422059206930DEB0201194803F08E
:100F280007FA10BB194B01930C23029301A915482A
:100F380003F0FEF9E0B9164B01931223029301A9BD
:100F4800104803F0F5F9B0B9124B01931823029336
:100F580001A90C4803F0ECF980B90CB010BD01F000
:100F68001DFBC6E701F01AFBCBE701F017FBD9E739
:100F780001F014FBDFE701F011FBE5E701F00EFBE0
:100F8800EBE700BFA00E0020020030040400600858
:100F98000800900C1000C01000B589B02022002174
:100FA80068460BF013FC1B481B4B03604FF440339F
:100FB800436000238360C36003614361042282614C
:100FC800037743770122026280F82430C362036307
:100FD80080F83830C36380F8403002F0FFFF98B9DA
:100FE8000E4B009306230193052302937F2303935B
:100FF80004230493002305936946064803F098F9EF
:1010080028B909B05DF804FB01F0C8FAE8E701F077
:10101800C5FAF6E7340E00200001005000106032D7
:1010280010B58CB0002409940A940B942022214610
:1010380001A80BF0CBFB1F481F4B03604FF4403354
:1010480043608460C460046144610423836104775D
:1010580044770123036280F82440C462046380F863
:101068003840C46380F8404002F0B8FFC8B9002394
:10107800099309A90F4803F009FEA8B90F4B01937A
:1010880006230293052303937F23049304230593E4
:101098000023069301A9074803F04AF938B90CB0B0
:1010A80010BD01F07BFAE2E701F078FAE6E701F01B
:1010B80075FAF4E7C80D002000040050020030045F
:1010C80000B589B02022002168460BF07FFB1B4841
:1010D8001B4B03604FF44033436000238360C360BD
:1010E800036143610422826103774377012202622C
:1010F80080F82430C362036380F83830C36380F813
:10110800403002F06BFF98B90E4B00930623019311
:10111800072302937F230393042304930023059357
:101128006946064803F004F928B909B05DF804FBDC
:1011380001F034FAE8E701F031FAF6E75C0D002037
:10114800000600501000C09030B5A3B0044600213E
:101158001D911E911F9120912191542208A80BF0F6
:1011680035FB2368B3F1A04F0CD0724A93425BD091
:10117800714A934200F08B80704A934200F0BA8023
:1011880023B030BD4FF4004308934FF00053199338
:1011980008A806F087FF002835D1694A136801338B
:1011A8001360012B32D0674BDA6C42F00102DA642B
:1011B800DB6C03F001030293029B0F231D930323AF
:1011C8001E9300251F951DA94FF0904004F042F88A
:1011D8005D485E4B0360052343608560C5608023DE
:1011E80003614FF4807343614FF48063836120236C
:1011F800C3614FF40053036203F012FF88B9524BE6
:1012080063659C62BCE701F0C9F9C6E74D4BDA6C2F
:1012180042F40052DA64DB6C03F400530193019B3F
:10122800C1E701F0BBF9EAE74FF4004308934FF038
:101238000053199308A806F035FFD0B9404A13683F
:1012480001331360012B17D03E4BDA6C42F00202D7
:10125800DA64DB6C03F002030493049B04231D93FC
:1012680003231E9300231F931DA9394803F0F2FF9F
:1012780086E701F093F9E1E7324BDA6C42F4005269
:10128800DA64DB6C03F400530393039BDCE74FF44D
:10129800803308934FF000431A9308A806F002FF22
:1012A800D0B92C4A136801331360012B17D0254B92
:1012B800DA6C42F00202DA64DB6C03F00203069394
:1012C800069B02231D9303231E9300231F931DA92E
:1012D8001F4803F0BFFF53E701F060F9E1E7194B3E
:1012E800DA6C42F48042DA64DB6C03F480430593E1
:1012F800059BDCE74FF4803308934FF000431A93C3
:1013080008A806F0CFFE88B9124A136801331360A3
:10131800012B7FF435AF0B4BDA6C42F48042DA6470
:10132800DB6C03F480430793079B29E701F036F948
:10133800EAE700BF0001005000040050000600501A
:10134800F80C002000100240FC0C002008000240AD
:1013580000040048F40C002000B583B01E4B9A6CC2
:1013680042F004029A649A6C02F004020092009A15
:101378009A6C42F001029A649B6C03F0010301939A
:10138800019B002205210B2003F0BEFD0B2003F07A
:10139800CBFD002211460C2003F0B6FD0C2003F013
:1013A800C3FD002205210D2003F0AEFD0D2003F042
:1013B800BBFD002205210E2003F0A6FD0E2003F040
:1013C800B3FD002205210F2003F09EFD0F2003F03E
:1013D800ABFD03B05DF804FB00100240814203DC62
:1013E800824203DB00B270470846704710467047D8
:1013F800034B83FB0023A3EBE07000B200027047AD
:101408005655555530B583B0404B1C8B5B8B0191BD
:1014180099B1002A11DDDDED017AB8EE677A07EEA1
:10142800902AF8EEE77A02284BD003282DD001281D
:1014380008D0374B00221A7002E0354B00221A7090
:1014480003B030BDC7EE876ADFED327A66EEA77A61
:10145800B6EE007A77EE877A2C4B9A8A12B28821F8
:10146800FDEEE77A17EE900AFFF7B8FF0446FFF79C
:10147800BFFF4FF4E165284B1C80284B1D80284B8B
:101488001860234B01221A70DAE737EE277AC7EE85
:10149800876ADFED207A66EEA77AB6EE007A77EEF5
:1014A800877A1A4CE28A12B28821FDEEE77A17EEA3
:1014B800900AFFF793FF0546248B24B2FFF798FFA5
:1014C800D9E737EEC77AC7EE276AF5EEC06AF1EEBC
:1014D80010FA17D4DFED0F7A66EEA76AF6EE007AF7
:1014E80076EEA76A094CE28A12B28821FDEEE67A06
:1014F80017EE900AFFF772FF0546248B24B2FFF718
:1015080077FFB8E7DFED076AE4E700BF04000020D3
:10151800500F00200080D446020000200000002068
:101528004C0F00200000000008B5354BD3ED077ABA
:10153800F8EE677A9FED336A67EE867ADFED326AF6
:1015480087EEA67AF2EE0E4A67EE247A2F4AC2EDAB
:10155800007AD3ED057AF8EE677A67EE867AC7EEF9
:10156800A65A9FED2B7A77EE657A9FED2A5AC7EE39
:10157800855A294AC2ED005AD3ED037AF8EE677A04
:1015880067EE867AC7EEA65A65EEA47A2349C1EDBE
:10159800007AD3ED017AF8EE677A67EE867A87EEFD
:1015A800A66A37EE467AC7EE057A1D4BC3ED007A78
:1015B80092ED007ADFED1B7AB4EEE77AF1EE10FADD
:1015C80002D5134600221A60154B93ED007ADFED21
:1015D800157AB4EEE77AF1EE10FA01D500221A6016
:1015E80001F064FB104B83ED000A01F06DFB0F4B1B
:1015F80083ED000A01F078FB0D4B83ED000A08BD6E
:10160800800F0020E5D0524000F07F456C0F00208D
:101618003333D33F295C0F3E640F0020680F00204E
:10162800600F00200AD7A33D5C0F0020580F002050
:10163800540F0020014B01221A807047A00F002090
:1016480070B5174D0024EC71164E0321304604F096
:10165800D4FDC021304604F0D0FDAC71AC80124BF3
:101668001C6088221A839A825A83DA820F4B1C6084
:101678000F4B1C600F4B1C600F4B1C600F4B1C600A
:101688000F4B104A5A604FF07E529A600E4B0F4A29
:101698001A600F4B0F4A1A600F4B104A1A6070BD40
:1016A800A00F0020C00F0020040000202C00001014
:1016B800280000102400001018000010140000106A
:1016C800740F00200000A040B40F00200000A042CA
:1016D800B00F002000003442AC0F00200000204171
:1016E80038B5124B0022DA719A711A72104B1A70BF
:1016F800104B1A605A609A6088241C839C825C8311
:10170800DC820D4D0321284604F077FDC0212846D0
:1017180004F073FD2B6846F64022C3F89C2043F280
:101728002052C3F8A820C3F81C4238BDA00F0020DF
:101738000800001004000020C00F002008B5FFF7C3
:10174800CFFF044B9B889BB213B9024B01221A802E
:1017580008BD00BFA00F002008B5FFF7C1FF104A61
:10176800138801339BB21380C82B0BD91346C822A8
:101778001A800C4B9B889BB223B90A4B5B7ADBB26D
:10178800012B00D008BD0023054A1380064A1360C8
:10179800064A1360034A02211180054A1370F1E7D3
:1017A800380F0020A00F0020340F0020300F002039
:1017B800700F002038B56F4B1B78012B56D0022BC9
:1017C80075D003B138BD00246B4BDC716B4D032120
:1017D800284604F012FDC021284604F00EFD684B8F
:1017E80088229A82DA82674A1460674A1460674AD4
:1017F8001460674A1460674A1460674AD2ED016A48
:10180800F2EE0E7A86EEA77A9FED646AC7EE067A44
:10181800DFED636A67EEA67AFDEEE77AC3ED027A3A
:10182800D2ED027A9FED5F7A67EE877A9FED5E7A56
:1018380037EE677AC7EE067A67EEA67AFDEEE77AA4
:10184800C3ED037ADB68B3F5805F03DB4C4B40F6EE
:10185800FF72DA604A4BDB68002B03DB454B012241
:101868001A70AFE7464B0022DA60F7E74F4A138851
:1018780001339BB21380052BA4D900224B4B1A804D
:101888003F4B8821198399825983D9823D490A603F
:101898003D490A603D490A603D490A603D490A6080
:1018A8009A6852105A60334B02221A708AE7324BF8
:1018B800DB79002B42D0304B0122DA713C4B1A887D
:1018C800013292B21A803B490B8801339BB20B80DC
:1018D8002B49888AC2EB021212FA80F212B28A826B
:1018E800CA8AC3EB031313FA82F31BB2CB828B8A27
:1018F8009BB246F2E032934200D98A82204BDB8ABF
:101908009BB244F21052934201D91D4BDA821C4B10
:101918009B8A1BB246F2E03293427FF453AF184BD6
:10192800DB8A1BB244F2105293427FF44BAF124B46
:1019380003221A800F4B00221A7043E7114A1360E2
:10194800114A1360114A1360114A1360114A136057
:101958000A4C236846F64022C3F89C20C3F81C2290
:10196800C021204604F02DFC0321204604F029FC68
:10197800A1E700BF700F0020A00F0020C00F0020BB
:10198800040000202C000010280000102400001083
:101998001800001014000010740F0020E5D0524009
:1019A80000F07F45295C0F3E3333D33F2C0F0020D6
:1019B8002A0F0020280F002038B5384BD3ED027AC3
:1019C800F8EE677A9FED366A67EE867ADFED356A5C
:1019D80087EEA67AF2EE0E7A27EE277AD3ED007A12
:1019E800F8EE677A67EE867A87EEA66ADFED2E7ADA
:1019F80077EEC67A9FED2D6AC7EE866AF2EE047A14
:101A0800F4EEE76AF1EE10FA06DDF6EE007AB4EECF
:101A1800E77AF1EE10FA1DD4254B9B8813F0200FBE
:101A280017D0244A136801331360B3F5C87F10DD5B
:101A3800134600221A60204B1B780A2B1ED801334C
:101A48001D4A13701A4A93889BB223F020039BB255
:101A5800938038BD164C0023E371184D03212846A6
:101A680004F0AFFBC021284604F0ABFBA3889BB26F
:101A780043F02003A38004232380CDE70E4B0B22E1
:101A88001A700B4B0022DA710C4C0321204604F02B
:101A980098FBC021204604F094FBDAE7800F002071
:101AA800E5D0524000F07F453333D33F295C0F3EE9
:101AB800A00F0020240F0020220F0020C00F0020BC
:101AC80038B51C4BD3ED027AF8EE677A9FED1A7A97
:101AD80067EE877ADFED196A87EEA67AF2EE0E7A5C
:101AE80067EE277A164B93ED007AB4EEE77AF1EEBB
:101AF80010FA1BD8134A138801339BB21380022BA8
:101B080017D900231380104CE371104D0321284688
:101B180004F073FBC021284604F06FFBA3889BB236
:101B280043F00803A3800423238002E0054B00222E
:101B38001A8038BD800F0020E5D0524000F07F4564
:101B4800B00F0020200F0020A00F0020C00F0020A1
:101B580038B5384BD3ED007AF8EE677A9FED367AD0
:101B680067EE877ADFED356A87EEA67ADFED347A9D
:101B780077EEC77ADFED336A87EEA67A324BD3ED7C
:101B8800007AF4EEC77AF1EE10FA04D82F4B1B88CE
:101B98009BB2032B21D02E4B00221A802B4B9B8803
:101BA80013F0100F18D02B4A138801339BB21380FF
:101BB800B3F5C87F10D9134600221A80264A138825
:101BC80001339BB213800A2B23D8204A93889BB2F7
:101BD80023F010039BB2938038BD1D4A138801334C
:101BE8009BB213800A2BD9D900231380174CE371B9
:101BF8001A4D0321284604F000FBC021284604F0B2
:101C0800FCFAA3889BB243F01003A380042323802B
:101C1800C4E713460B221A800C4B0022DA710F4CD2
:101C28000321204604F0E9FAC021204604F0E5FA31
:101C3800D2E700BF800F0020E5D0524000F07F457A
:101C48003333D33F295C0F3EAC0F0020A00F002098
:101C58001E0F00201C0F00201A0F0020C00F0020AC
:101C680038B52DED028B01F021F8B0EE408A01F075
:101C78002BF8134BD3ED007AF4EEC87AF1EE10FA94
:101C880006D9D3ED007AF4EEC07AF1EE10FA14D842
:101C98000C4C012323800023E3710B4D03212846BC
:101CA80004F0ABFAC021284604F0A7FAA3889BB237
:101CB80043F04003A38004232380BDEC028B38BD8E
:101CC800B40F0020A00F0020C00F002010B504465C
:101CD80002F03CF92CB1042C0CD95F2C0BD95F24F1
:101CE80009E00023184A1370184A1360184A12684A
:101CF800D3631BE00524144B1B7833B9124B012224
:101D08001A7000F59673114A1360104B1B681B1A62
:101D1800002B0CDC04EB840462000D4BDB68B3EB96
:101D2800440F00D313460A4A1268D36310BD084B08
:101D3800DB6840F2B532934201D940F2B633044A27
:101D48001268D363F2E700BF100F00200C0F0020C9
:101D58008811002010EE103A0360704730B58DB03E
:101D680001220BA90020FFF772F89DF82C300BB95F
:101D78000DB030BD0020FFF751F800248DF8144055
:101D8800264D95ED010A6846FFF7E4FF95ED020A36
:101D980001A8FFF7DFFF224B93ED000A02A8FFF727
:101DA800D9FF204B93ED000A03A8FFF7D3FF1E4B82
:101DB80093ED000A04A8FFF7CDFF234626E0581C40
:101DC80003F130026A4412F8304C03F131016944DE
:101DD80001F81C4C12F82C4C03F13501694401F848
:101DE8001C4C12F8284C03F13901694401F81C4CC9
:101DF80012F8244C03F13D01694401F81C4C12F817
:101E0800202C41336B4403F81C2CC3B2032BD6D9C6
:101E1800152205A90020FEF7DDFFA9E7740F0020B1
:101E2800B40F0020AC0F0020B00F0020324B93ED10
:101E3800007AF7EE007AB4EE677AF1EE10FA00D085
:101E4800704730B58DB00020FEF7E8FF00248DF80C
:101E58001840294D95ED010A01A8FFF77BFF95ED84
:101E6800020A02A8FFF776FF244B93ED000A03A8A5
:101E7800FFF770FF224B93ED000A04A8FFF76AFFF3
:101E8800204B93ED000A05A8FFF764FF234626E0E0
:101E9800581C03F130026A4412F82C4C03F131014A
:101EA800694401F8184C12F8284C03F135016944CB
:101EB80001F8184C12F8244C03F13901694401F86F
:101EC800184C12F8204C03F13D01694401F8184CF4
:101ED80012F81C2C41336B4403F8182CC3B2032BA3
:101EE800D6D9152206A90020FEF774FF024B00225E
:101EF8001A600DB030BD00BF740F0020B40F002071
:101F0800AC0F0020B00F0020036800EE103A7047B5
:101F180000B52DED048B8BB014220DEB02010120CE
:101F2800FEF795FF002325E003F128020DEB0201DF
:101F380011F8142C01F8182C03F12C026A4412F839
:101F4800142C01F81C2C03F130026A4412F8142CEA
:101F580001F8202C03F134026A4412F8142C01F819
:101F6800242C03F138026A4412F8142C01F8282CA6
:101F78000133DBB2032BD7D904A8FFF7C5FFF0EE76
:101F8800408A03A8FFF7C0FFB0EE408A02A8FFF717
:101F9800BBFFF0EE409A01A8FFF7B6FFB0EE409AFB
:101FA8006846FFF7B1FFF0EE407AF4EE688AF1EE8A
:101FB80010FA0ED1F5EEC08AF1EE10FA09DD9FEDA8
:101FC800327AF4EEC78AF1EE10FA02D82F4BC3ED3D
:101FD800018AB4EE488AF1EE10FA0ED1B5EEC08A45
:101FE800F1EE10FA09DB9FED2A7AB4EEC78AF1EE1A
:101FF80010FA02D8254B83ED028AF4EE699AF1EEC5
:1020080010FA10D1B2EE047AF4EEC79AF1EE10FA93
:1020180009DB9FED207AF4EEC79AF1EE10FA02D8A8
:102028001D4BC3ED009AB4EE499AF1EE10FA10D1A7
:102038009FED1A7AB4EEC79AF1EE10FA09DB9FED1C
:10204800147AB4EEC79AF1EE10FA02D8144B83ED65
:10205800009AF4EE677AF1EE10FA10D1B7EE007A32
:10206800F4EEC77AF1EE10FA09DB9FED077AF4EE89
:10207800C77AF1EE10FA02D80A4BC3ED007A0BB01A
:10208800BDEC048B5DF804FB0000C842740F00200F
:102098000000484200001643B40F0020CDCCCC3DD0
:1020A800AC0F0020B00F002030B589B00024039495
:1020B8000494059406940794174BDA6C42F02002B6
:1020C800DA64DA6C02F020020092009ADA6C42F0CC
:1020D8000102DA64DA6C02F001020192019ADA6C08
:1020E80042F00202DA64DB6C03F002030293029B03
:1020F8000A4D224643F62101284603F09BF943F690
:1021080021030393012304930594069403A9284605
:1021180003F0A0F809B030BD0010024000040048E8
:1021280002680E4B9A4200D0704700B583B003F5A1
:1021380028431A6E42F080621A661B6E03F08063B1
:102148000193019B00220121442002F0DDFE44207E
:1021580002F0EAFE03B05DF804FB00BF006801402E
:1021680070B588B0002303930493059306930793EF
:1021780002681A4B9A4201D008B070BD03F5284393
:10218800DA6C42F00202DA64DA6C02F002020192BE
:10219800019ADA6C42F00102DA64DB6C03F00103A5
:1021A8000293029B4FF440430393022604960325AF
:1021B80006950D24079403A9094803F04BF84FF43A
:1021C800407303930496002305930695079403A987
:1021D8004FF0904003F03EF8CEE700BF00680140A2
:1021E8000004004810B5BAB00024389439943494E7
:1021F8003594369437942D942E942F9430943194AA
:10220800329433946022214615A80AF0DFFA12941A
:1022180013941494242221460DEB02000AF0D6FAF6
:102228002022214601A80AF0D1FAA548A54B03604F
:102238004460846003F036FB002840F002810C21E2
:102248009F4803F09BFB002840F0FE800A219C4831
:1022580003F0CDFB002840F0FA804FF48033389328
:102268004FF40063399338AA0121954803F0FAFB2B
:10227800002840F0EF8000220121914803F02BFD57
:10228800002840F0EA8046F6402334930021359137
:1022980036910823379334AA894803F0CAFB0028EB
:1022A80040F0DE8000212D912F91309133912DAA9D
:1022B800834803F01BFE002840F0D58010231593B7
:1022C8000021169117911891012319931A911B91C6
:1022D8001C911D911E914FF000631F932091219135
:1022E8004FF000532293239124914FF000432593FC
:1022F8004FF480732693279129912A912B912C9141
:1023080015AA6F4803F0ACFD002840F0AF80002309
:102318001593279315AA0321694803F0A1FD002806
:1023280040F0A78043F22053129312AB0122002100
:10233800634803F049FE002840F09E8012AB042257
:1023480000215F4803F040FE002840F0988045F2E5
:10235800E47312934FF4805313930021149112AB3A
:102368000822574803F030FE002840F08B800021F7
:10237800099164230A930B914FF400420C924FF495
:1023880080420D920E930F914FF0004310934FF03F
:102398008043119309AA4A4803F0C4FD002874D168
:1023A80009AA0321464803F0BDFD002870D1002189
:1023B8000191042302930823039304910591069144
:1023C8000791089101AB01223D4803F0DEFE002889
:1023D80061D101AB40220321394803F0D6FE002821
:1023E8005CD100210291039101AB0222344803F031
:1023F800CCFE002855D101AB80220321304803F0E0
:10240800C4FE002850D134AA03212D4803F011FB43
:1024180000284CD12DAA0321294803F067FD002884
:1024280048D14FF48873129312AB01220321244838
:1024380003F0CAFD002840D12148FFF791FE3AB0C9
:1024480010BD00F0ABF8FAE600F0A8F8FEE600F0E0
:10245800A5F802E700F0A2F80DE700F09FF812E7F0
:1024680000F09CF81EE700F099F827E700F096F8CE
:102478004DE700F093F855E700F090F85EE700F0BC
:102488008DF864E700F08AF871E700F087F887E7CD
:1024980000F084F88BE700F081F89AE700F07EF806
:1024A8009FE700F07BF8A6E700F078F8ABE700F0CC
:1024B80075F8AFE700F072F8B3E700F06FF8BBE724
:1024C800C00F00200068014008B50848084B0360A9
:1024D800032343604FF47A73C360836004F0E2F827
:1024E80000B908BD00F05AF8FBE700BFBC10002097
:1024F8000030004010B504460268204B9A4208D0CC
:1025080022681F4B9A421AD022681E4B9A4231D039
:1025180010BD1D4A13889BB201339BB213801B4A1E
:1025280013889BB201339BB21380194A13889BB25C
:1025380001339BB21380174804F0EAF8E0E70AF089
:1025480027FBFFF739FAFFF78BFBFFF7B9FAFFF71D
:10255800FFFA0AF021FB0AF017FB0F4A1378013340
:10256800DBB21370032BCFD9134600221A7001F087
:1025780099FAC9E7FEF7D8FFCAE700BF0010004084
:102588000014004000440140D2100020D010002068
:10259800CE100020BC100020CC10002072B6FEE740
:1025A80000B595B03822002106A80AF00FF90020DE
:1025B8000190029003900490059005F0C3F8292338
:1025C80006934FF48033079301230B930C93022354
:1025D8000D9303220E9205220F924422109211931A
:1025E80008221292139306A805F066F990B90F23F2
:1025F8000193032302930023039304930593042177
:102608000DEB010005F00EFC30B905F031FD15B0F9
:102618005DF804FBFFF7C2FFFFF7C0FF08B501F044
:1026280079FCFFF7BDFFFFF73FFDFEF795FEFEF7CC
:1026380031FCFEF745FDFFF7D5FD00F0C9F800F0C5
:10264800A7FC01F0D5FA01F007FBFEF7A5FCFEF7A1
:10265800E7FC09F02FFB00F09DFB00F0C5FB00F044
:10266800EDFBFFF731FF374B00221A80082136486F
:1026780006F052FE5F20FFF729FB344806F038FBCE
:10268800334806F035FB334806F032FB00F076F8A5
:10269800FEF7D6FFFFF762FBFFF73AFC01F068F997
:1026A800012220212C4802F0C5FE642001F054FCD0
:1026B8002A4E7F21304602F09BFA294D7F21284679
:1026C80002F096FA274C7F21204602F091FA042264
:1026D8002549304602F0A2F9284602F005F92348B8
:1026E80002F002F9204602F0FFF8214C4FF40031C5
:1026F800204603F09EFD4FF48011204603F099FD1B
:102708002268D2F88C3043F01003C2F88C3000F005
:1027180017F901E001F082F9164B1B889BB2312BA7
:10272800F8D9144B00221A8000F01AF9124B1B88B2
:102738009BB2B3F5FA7FEDD30F4B00221A80FFF757
:1027480075FBE7E7A00F0020881100202012002069
:10275800D41100203C11002000040048A00E0020E5
:10276800340E00205C0D0020B80F0020C80D00209A
:10277800C00F0020CE100020D210002000230A4AEB
:1027880013600A4A13600A4A13600A4A13600A4A25
:1027980013600A4A13600A4A13600A4A13600A4A15
:1027A80013600A4A137070472C00001028000010AC
:1027B8002400001018000010140000101000001071
:1027C8000C000010200000101C0000100800001071
:1027D80008B51048104B03604FF482734360002320
:1027E80083604FF4E062C260036143614FF400729A
:1027F80082611822C2610362436283620722C26255
:1028080003630823436305F016FF00B908BDFFF70B
:10281800C5FEFBE7D41000200030014000B589B0A8
:102828000023039304930593069307930268144BBC
:102838009A4202D009B05DF804FB03F560431A6EB2
:1028480042F480521A661A6E02F480520192019A7A
:10285800DA6C42F00102DA64DB6C03F001030293E4
:10286800029BE02303930223049303230693052387
:10287800079303A94FF0904002F0ECFCDAE700BFA1
:10288800003001401348854600F05EF912481349AC
:10289800134A002302E0D458C4500433C4188C42AD
:1028A800F9D3104A104C002301E013600432A2420D
:1028B800FBD30E480E490F4A002302E0D458C450F7
:1028C8000433C4188C42F9D309F088FFFFF7A6FE39
:1028D800FEE7000000000220000000205404002051
:1028E80040CC0008D80C0020BC3B00205804002035
:1028F800D80C002094D00008FEE7B0FBF1F000F0FF
:102908000100704710B582B001900C4C9DF804206E
:102918004FF40061204602F08DFD9DF805204FF42C
:102928008051204602F086FD9DF806204FF40051A4
:10293800204602F07FFD02B010BD00BF0004004831
:1029480000B583B000238DF8043001228DF80520EE
:102958008DF806300198FFF7D5FF03B05DF804FB4A
:1029680030B589B001F0F2FA04464FF4FA71FFF776
:10297800C4FF054664212046FFF7BFFF324B9B8802
:102988009BB26BB9304B1B889BB2042B08D02E4BE3
:102998001B889BB2032B4BD8DFE803F00E1A333E9B
:1029A8008DF8040000238DF805308DF80630019865
:1029B800FFF7A8FF09B030BD00238DF808300122C9
:1029C8008DF809208DF80A300298FFF79BFFF1E790
:1029D8001D4B5B7A53B100238DF818308DF8190020
:1029E8008DF81A300698FFF78DFFE3E700238DF87E
:1029F8001C308DF81D508DF81E300798FFF782FFA8
:102A0800D8E700238DF80C308DF80D008DF80E00F6
:102A18000398FFF777FFCDE700238DF810308DF886
:102A2800113001238DF812300498FFF76BFFC1E7CE
:102A38008DF8140000238DF815308DF816300598A0
:102A4800FFF760FFB6E700BFA00F002000B583B016
:102A58000B4B1A6E42F001021A661A6E02F001025E
:102A68000092009A9A6D42F080529A659B6D03F02D
:102A780080530193019B04F0EBFE03B05DF804FB67
:102A88000010024008B505F0FDFAFEE7FEE7FEE794
:102A9800FEE7FEE770477047704708B501F04AFA4D
:102AA80008BD000008B5024802F072FB08BD00BF6F
:102AB800FC0C002008B5024802F06AFB08BD00BF04
:102AC800681B002008B5024802F062FB08BD00BF81
:102AD800081B002008B5024802F05AFB08BD00BFD9
:102AE800281C002008B5024802F052FB08BD00BFB0
:102AF800C81B002008B5024804F0DCFB08BD00BF75
:102B0800A834002008B5024806F040F908BD00BF07
:102B18003C11002008B5024806F038F908BD00BF8E
:102B28002012002008B5024806F030F908BD00BFA1
:102B3800D411002008B50AF023F80021014803F059
:102B4800A3FD08BDC00F0020034AD2F8883043F423
:102B58007003C2F88830704700ED00E020EE800A6C
:102B6800F7EE007A77EEE00A044BD3ED007A60EED8
:102B7800A70A30EE200A83ED000A704738110020BA
:102B8800F8B540F6FE73984202D99FED450AF8BDA4
:102B9800C0F57F600F3007EE900AF8EE677A17EEFF
:102BA800900AFDF799FC32A3D3E90023FDF7ECFC6A
:102BB80031A3D3E90023FDF711FEFDF7F7FEFDF77A
:102BC8008BFC06460F462EA3D3E90023FDF7DCFC59
:102BD80004460D4632463B4625A1D1E90001FDF7E2
:102BE8001BFB02460B4620462946FDF7F7FDFDF77D
:102BF800DDFE00EE100AF2EE047A80EE270A09F0F4
:102C08008BFE10EE100AFDF767FC1FA3D3E9002323
:102C1800FDF7E4FD1EA3D3E90023FDF7FFFA024602
:102C28000B4600201F49FDF7D9FDFDF7BFFEFDF754
:102C380053FC19A3D3E90023FDF7EEFAFDF7B6FE1E
:102C480000EE100ADFED167AB4EEE70AF1EE10FA9C
:102C580009D4DFED157AB4EEE70AF1EE10FA96DD45
:102C68009FED110A93E79FED0E0A90E7AFF30080FE
:102C78006666666666660A400000000000FEAF40B1
:102C88003333333333331B40000000000068AA405D
:102C9800000000E0E1796B3F666666666612714087
:102CA800000020C20000F03F0000F04210B5054CC3
:102CB800204601F019FE204601F0DEFAFFF760FF1A
:102CC80010BD00BF340E002010B5054C204601F0A1
:102CD8000BFE204601F0D0FAFFF752FF10BD00BFEF
:102CE800C80D0020000000002DE9F041244E3046B8
:102CF80001F0FAFDDFF89880B8F8CA309BB2B8F84E
:102D0800A82092B29B1A07EE903AF8EEE77A9FED68
:102D18001D7AC7EE277A17EE900AFDF7DDFB044609
:102D28000D46304601F0A8FAFDF7B4FB12A3D3E92B
:102D38000023FDF729FC06460F46B8F8A80080B224
:102D4800FDF7B8FB02460B4630463946FDF764FAF4
:102D580002460B4620462946FDF716FC00220A4B80
:102D6800FDF75CFAFDF722FEDFED080A00EE100A17
:102D7800FFF7F4FEBDE8F081999999999999F13F87
:102D88005C0D00200000C84200003E40CDCCCC3D88
:102D98000075FF1F00B585B00023019302930393CC
:102DA8000F48104A0260A9224260836040F2E7336C
:102DB800C3608023836106F053F950B9002301935F
:102DC800039301A9064806F065FB28B905B05DF82C
:102DD80004FBFFF7E3FBF1E7FFF7E0FBF6E700BFD3
:102DE800201200200010004000B585B00023019398
:102DF800029303930F48104A0260A922426083603D
:102E080041F28733C3608023836106F029F950B902
:102E180000230193039301A9064806F03BFB28B958
:102E280005B05DF804FBFFF7B9FBF1E7FFF7B6FB68
:102E3800F6E700BFD41100200014004008B50A4886
:102E48000A4B0360A92343600023836042F20F7298
:102E5800C260036143618023836106F001F900B910
:102E680008BDFFF79BFBFBE73C1100200044014035
:102E780000B585B00368224A934208D0214A93429C
:102E880018D0214A934228D005B05DF804FB1F4BA7
:102E98009A6D42F010029A659B6D03F0100301933E
:102EA800019B00220321362002F02EF8362002F082
:102EB8003BF8E9E7154B9A6D42F020029A659B6D45
:102EC80003F020030293029B00220221372002F024
:102ED8001BF8372002F028F8D6E70C4B1A6E42F49C
:102EE80000321A661B6E03F400330393039B00221F
:102EF8000321192002F008F8192002F015F8C3E799
:102F0800001000400014004000440140001002403E
:102F18000268094B9A4200D0704782B003F55C43BF
:102F28001A6E42F400521A661B6E03F400530193A2
:102F3800019B02B0704700BF0034014000B587B064
:102F480000230193029303930493059302680E4BA5
:102F58009A4202D007B05DF804FB03F55C43DA6CD3
:102F680042F00202DA64DB6C03F002030093009B78
:102F78004FF400730193022302930A23059301A9D6
:102F8800024802F067F9E5E7003401400004004810
:102F980010B598B000241594169417940E940F94B5
:102FA800109411941294139414943422214601A875
:102FB80009F00CFC29482A4B0360A923436084606C
:102FC80040F2E733C360046144618023836106F003
:102FD80077F8002836D1002315931693179315A96F
:102FE8001E4806F057FA00282FD160230E934FF49D
:102FF800FA730F930023109311931293139314935E
:1030080008220EA9154806F0DBF808BB0023019337
:1030180002930393049305934FF400520692079387
:10302800089309934FF000720A920B930C930D9337
:1030380001A90A4806F084FA68B90848FFF77EFF34
:1030480018B010BDFFF7AAFAC5E7FFF7A7FACCE753
:10305800FFF7A4FADAE7FFF7A1FAEEE788110020F4
:10306800003401400220704710B50446FFF7FAFF0C
:10307800A04214BF0020012010BD000010B5044676
:10308800FFF7F2FF58B1022C0BD84FF4067303FB7D
:1030980004F000F50470044B1844043010BD0020FF
:1030A800FCE70020FAE700BFAC120020B0F5803F33
:1030B80001D280B270474FF6FF707047B5EEC00A74
:1030C800F1EE10FA0FD908B5DFED087A20EE270ADD
:1030D800F6EE007A30EE270AFCEEC07A17EE900A78
:1030E800FFF7E4FF08BD0020704700BF00007A44E6
:1030F800B5EEC00AF1EE10FA11DBDFED107A20EE22
:10310800270AF6EE007A30EE270AFDEEC07A17EEAF
:10311800900A002810DB08B5FFF7C8FF08BDDFEDEF
:10312800077A20EE270AF6EE007A30EE670AFDEEFF
:10313800C07A17EE900AECE7002070470000C842FA
:10314800094B1B889BB2032B09D8DFE803F0020A5E
:1031580004060120704704207047082070470F209C
:1031680070470220704700BFA00F0020084B9B79D2
:10317800DBB2022B07D0032B07D0012B01D0002094
:10318800704701207047022070470320704700BF36
:10319800A00F0020034B1878C0B2013818BF0120D7
:1031A800704700BF08000010064B9B79DBB2012B6B
:1031B80003D0054B588B80B27047034B188B80B2F5
:1031C800704700BFA00F00200400002008B50D4B79
:1031D8001B68002B13DD0B4BD3ED007AF8EEE77A72
:1031E8009FED097A67EE877AB2EE0E7A67EE877AF4
:1031F8009FED060A87EE800AFFF760FF08BD0020F2
:10320800FCE700BF04000020E5D0524000F07F45F5
:1032180008B5034B93ED020AFFF750FF08BD00BF46
:10322800740F002008B50E4BD3ED007AF5EEC07A86
:10323800F1EE10FA09DC0B4BD3ED007AF5EEC07A0B
:10324800F1EE10FA06DC002003E093ED000AFFF728
:1032580035FF08BD93ED000AFFF730FFF9E700BF1F
:10326800600F0020640F0020044B1B68D86BB0F57A
:103278007A7F01D94FF47A7080B2704788110020A4
:10328800014BB3F808027047AC1200201B4AD2ED7C
:10329800016AF2EE0E7A86EEA77A9FED196AC7EEFA
:1032A800067ADFED186A67EEA67AFDEEE77A164B26
:1032B800C3ED027AD2ED027A9FED147A67EE877A2F
:1032C8009FED137A37EE677AC7EE067A67EEA67A2D
:1032D800FDEEE77AC3ED037ADB68B3F5805F03DBC5
:1032E800094B40F6FF72DA60074BDB68002B00DB06
:1032F8007047054B0022DA60FAE700BF740F002020
:10330800E5D0524000F07F4504000020295C0F3EC4
:103318003333D33F10B52DED028B654B93ED008A07
:10332800644BD3ED007AF4EEC87AF1EE10FA01DDC1
:1033380093ED008A604B93ED000AFFF7BFFE5F4BE9
:1033480018805F4B93ED000AFFF7B8FE5D4B1880BD
:103358005D4B93ED000AFFF7B1FE5C4B18805C4BA8
:1033680093ED000AFFF7AAFE5A4B18805A4B93EDCB
:10337800000AFFF7BDFE594B18804D4B93ED000A2C
:10338800FFF7B6FE564B18804A4B93ED000AFFF73D
:10339800AFFE544B1880544C94ED010AFFF78EFE93
:1033A800524B188094ED020AFFF788FE504B1880A4
:1033B800FFF7F0FE4F4B18804F4B5B7A002B75D010
:1033C80001224E4B1A804C4B9A884D4B1A80FFF7BE
:1033D800B7FE4C4B1880FFF7C9FE4B4B18804B4C7F
:1033E800A069FFF763FE4A4B18802069FFF75EFE6D
:1033F800484B1880A068FFF759FE474B1880206893
:10340800FFF754FE454B1880B0EE480AFFF770FEF0
:10341800434B1880434B93ED000AFFF769FE424B7C
:103428001880294B93ED000AFFF748FE3F4B1880A0
:103438003F4B93ED000AFFF741FE3E4B1880244BAB
:1034480093ED000AFFF73AFE3B4B18803B4B93ED98
:10345800000AFFF733FE3A4B1880FFF7A5FE394BF9
:103468001880394B1C68D4F89C00FFF71FFE374BB7
:103478001880D4F81C02FFF719FE354B1880FFF7A7
:10348800F3FE344B1880FFF7FBFE334B1880FFF731
:10349800C9FE324B1880FFF7BBFE314B1880FFF78F
:1034A80095FE304B1880BDEC028B10BD002288E7DA
:1034B8005C0F0020580F00206C0F0020AA1200207B
:1034C800640F0020A8120020680F0020A612002018
:1034D800600F0020A4120020540F0020A212002028
:1034E800A01200209E120020740F00209C120020C1
:1034F8009A12002098120020A00F00209612002097
:10350800941200209212002090120020800F0020B8
:103518008E1200208C1200208A12002088120020AF
:1035280086120020B40F002084120020821200208E
:10353800B00F0020801200207E120020AC0F002067
:103548007C1200207A120020C00F00207812002080
:1035580076120020741200207212002070120020CF
:103568006E1200206C120020054BD3F8BC322BB130
:10357800D3F81402B0FA80F0400970470120704770
:10358800B81D002020B310B5044690F8163253B188
:10359800037823B90F4AD2F88820202A04D0012BB7
:1035A80005D0022B0CD010BD80F81632FBE70A4A72
:1035B800D2F88820202AF4D1002384F81632F2E7C2
:1035C800FFF7D2FF0028EED0002384F81632EAE78E
:1035D800704700BF1C1D0020881C002038B54C4BCC
:1035E8001B8807EE103AB8EE477ADFED4A7AC7EE45
:1035F800274A494B1B8807EE103AB8EE477A87EE00
:10360800275A464B1B8807EE103AB8EE477ADFED8B
:10361800446AC7EE265A434B1B8807EE103AB8EEA9
:10362800477AC7EE276A404B1B8807EE103AB8EE78
:10363800477A87EE276A3D4B1C8840F2B6339C4296
:1036480000D91C463A4BC3ED014A83ED025AF2EE0B
:10365800047AF4EEE75AF1EE10FA09DBDFED357A79
:10366800F4EEE75AF1EE10FA02D8334BC3ED005AE4
:10367800F7EE007AF4EEE76AF1EE10FA09DBDFED17
:10368800287AF4EEE76AF1EE10FA02D82B4BC3ED74
:10369800006ADFED2B7AB4EEE76AF1EE10FA09DB87
:1036A800DFED287AB4EEE76AF1EE10FA02D8264B7D
:1036B80083ED006A1E4B4FF07E521A60FFF7E6FD5D
:1036C800224B1B88BBB10122214B5A725B7AA3B1F2
:1036D800204D012385F80632A5F8084203F1CC33C2
:1036E800A3FB0430C0F3CF00FEF7F0FA00F02EFC85
:1036F800C5F80C0238BD0022E6E7FDF7F1FF144BD0
:103708001B889BB2042BE3D0114B01221A80DFE700
:103718009C12002000007A449A1200208412002093
:103728000000C842801200207C1200207212002083
:10373800740F002000001643B40F0020B00F0020C3
:10374800CDCCCC3D00004842AC0F002096120020A2
:10375800A00F0020AC12002008B5FFF73FFFFFF7CD
:10376800D9FD08BD10B504464FF4807206F00CFC74
:1037780038B9D4F8803023B11A68136823F00403E9
:10378800136010BD70B50E4615461C46B3F5807F14
:1037980001D94FF480742888A04209D3A0420DD8DB
:1037A800B4F5807F17D0FF2C00D900242C8070BD81
:1037B800211A89B2304408F09FFDF4E7C0F5807102
:1037C80089B2304408F098FD002CEFD021463046ED
:1037D80008F092FDE7E7C0F5807189B2304408F03F
:1037E8008BFDE0E708B50020FFF73EFC78B1124BEF
:1037F800D3F880305BB11B685B689BB2C3F58073FC
:103808000E4A9BB2A2F201210020FFF7BBFF012064
:10381800FFF72AFC78B10A4BD3F880305BB11B68FC
:103828005B689BB2C3F58073064A9BB2A2F2031190
:103838000120FFF7A7FF08BD1C1D0020AE140020C3
:10384800881C0020B014002000284AD070B5144607
:103858000546002947D0002A47D0B2F5857F46D2D1
:1038680090F8163243B1037823B9264AD2F8882053
:10387800202A16D0012B17D095F81632CBBB6E1C18
:103888002246304608F0D0FF2B78B3B1012B1ED06A
:103898002146304608F06EFA88BB012385F81632B7
:1038A80024E080F81632E7E7174BD3F88830202B4E
:1038B800E2D1002385F81632DEE722463146114868
:1038C80005F0DEFEB8B9012385F816320EE022466F
:1038D80031460D4805F0D4FE78B9012385F8163233
:1038E80004E001207047012000E0012070BD0120A4
:1038F800FCE70220FAE70220F8E70220F6E70220B8
:10390800F4E700BF1C1D0020881C002078B110B50A
:103918000446B0F8142202B910BD00F58571FFF70E
:1039280093FF0028F8D10023A4F81432F4E7704775
:10393800B8B170B50D4614460646A1B1AAB1B2F5A4
:10394800857F01D3012011E0FFF77EFF70B1224689
:10395800294606F5857008F067FFA6F8144200208E
:1039680004E001207047012000E0012070BD000044
:1039780010B5224C40F65C020021204608F026FFD4
:10398800FFF770FB2070012384F8063240F2B6334B
:10399800A4F8083200F0DAFAC4F80C02002307E0B1
:1039A800164A4FF4067101FB032282F814320133E0
:1039B800022BF5D95F20FEF789F9FFF7ABFC202130
:1039C8000F4808F0BFFE00210E4808F003FC002154
:1039D8000D4808F00FFC0020FFF746FB20B9012036
:1039E800FFF742FB28B910BD08490948FFF7BAFE9E
:1039F800F5E708490848FFF7B5FEF4E7AC120020E0
:103A080028000020193B000861370008AD1200208B
:103A18001C1D0020AD130020881C002038B500F0C4
:103A280095FA0446FFF776FCFFF7DCFE1B4B93F88C
:103A380006322BB1194BD3F80C32E31A312B01D8CB
:103A480000240CE0154DB5F80802154BA3FB003017
:103A5800C008FEF73BF9C5F80C42F1E70134022C27
:103A68001AD80E4B4FF4067202FB043393F8140273
:103A7800FFF7FAFA0028F1D04FF4067504FB05F5B4
:103A880005F50475054B1D4404352846FFF77AFDF6
:103A98002846FFF73BFFE1E738BD00BFAC12002026
:103AA800CDCCCCCC38B5FFF735FC002400E0013490
:103AB800022C1AD80E4B4FF4067202FB043393F80B
:103AC8001402FFF7D1FA0028F1D04FF4067504FB71
:103AD80005F505F50475064B1D4404352846FFF722
:103AE80051FD2846FFF712FFE1E708F099FB38BDC2
:103AF800AC12002038B504460D46044B1878FFF781
:103B0800BDFA2A462146FFF713FF38BDAC12002044
:103B180008B5FFF7EFFF08BDA0B138B50C4605465C
:103B280019B10220FFF7A0FA00B938BD064B0222EE
:103B38001A70FFF7EFFB2146284608F0DDFBFFF778
:103B4800E9FBF2E7704700BFAC12002008B5FFF7A9
:103B580095FA10B1002280F8162208BD70470000BF
:103B680008B5144B984203D0134B984210D008BDA7
:103B78000020FFF7EBFF0020104BA3F80202FFF72D
:103B880073FA0028F3D00E490A48FFF7EBFDEEE779
:103B98000120FFF7DBFF094B0022A3F804220120D4
:103BA800FFF762FA0028E2D006490348FFF7DAFD7A
:103BB800DDE700BF1C1D0020881C0020AC1200207F
:103BC800AD120020AD13002008B5074B984203D072
:103BD800064B984204D008BD0020FFF7B7FFFAE76C
:103BE8000120FFF7B3FFF6E71C1D0020881C00200A
:103BF80008B51748174B03604FF46123436000234F
:103C08008360C36003610C2242618361C361036204
:103C18004362836206F02DF970B900210C4806F062
:103C28001EFA60B900210A4806F03EFA50B9084861
:103C380006F0F6F948B908BDFEF7B0FCEDE7FEF767
:103C4800ADFCEFE7FEF7AAFCF1E7FEF7A7FCF2E709
:103C58001C1D00200038014008B51748174B0360A9
:103C68004FF46123436000238360C36003610C2227
:103C780042618361C36103624362836206F0F9F8BB
:103C880070B900210C4806F0EAF960B900210A4829
:103C980006F00AFA50B9084806F0C2F948B908BD52
:103CA800FEF77CFCEDE7FEF779FCEFE7FEF776FC24
:103CB800F1E7FEF773FCF2E7881C0020004400409F
:103CC800F0B5A1B0044600211B911C911D911E91D5
:103CD8001F91542206A808F079FD23686D4A934283
:103CE80004D06D4A934260D021B0F0BD0123069301
:103CF80006A804F0D7F900284ED1684B1A6E42F492
:103D080080421A661A6E02F480420192019ADA6CB5
:103D180042F00202DA64DB6C03F002030293029BB6
:103D2800C0231B9302231C9300251D951E95072372
:103D38001F931BA95A4801F08DFA5A485A4B036041
:103D4800182343608560C5608023036145618561F0
:103D58002023C3614FF40053036201F061F9F0B905
:103D6800504BC4F880309C625048514B0360192373
:103D78004360102383600023C36080220261436193
:103D88008361C3614FF40053036201F049F948B9F4
:103D9800464BE3679C62A7E7FEF700FCADE7FEF73A
:103DA800FDFBDDE7FEF7FAFBF2E70223069306A820
:103DB80004F078F9002863D1384B9A6D42F4003248
:103DC8009A659A6D02F400320392039ADA6C42F013
:103DD8000102DA64DA6C02F001020492049ADA6CE5
:103DE80042F00202DA64DB6C03F002030593059BE0
:103DF8004FF400431B9302271C9700251D951E9521
:103E080007261F961BA94FF0904001F023FA0823BC
:103E18001B931C971D951E951F961BA9204801F002
:103E280019FA2448244B03601A2343608560C5604F
:103E380080230361456185612023C3614FF40053EA
:103E4800036201F0EDF8F0B91A4BC4F880309C62B7
:103E58001A481B4B03601B23436010238360002315
:103E6800C3608022026143618361C3614FF40053E0
:103E7800036201F0D5F848B9104BE3679C6233E759
:103E8800FEF78CFB98E7FEF789FBDDE7FEF786FB7C
:103E9800F2E700BF00380140004400400010024033
:103EA80000040048281C002044000240C81B0020D1
:103EB80058000240681B00201C000240081B00201C
:103EC80030000240104B1B680BB90120704710B539
:103ED80004464FF47A70B0FBF3F30C4A1068B0FB59
:103EE800F3F001F025F868B90F2C01D901200AE098
:103EF800002221464FF0FF3001F006F8044B1C6009
:103F0800002000E0012010BDA801002024000020AE
:103F1800AC01002010B5032000F0E4FF0F20FFF7EC
:103F2800D1FF10B10124204610BD0446FEF78EFDD6
:103F3800F9E70000034A1368034909680B44136052
:103F4800704700BFB01D0020A8010020014B186871
:103F5800704700BFB01D002038B50446FFF7F6FFD4
:103F68000546B4F1FF3F02D0044B1B681C44FFF721
:103F7800EDFF401BA042FAD338BD00BFA8010020C6
:103F880010B430300B0A9B0003F00C03C45801F046
:103F98001F014FF01F0C0CFA01FC24EA0C0CC2F3B1
:103FA80084628A404CEA0202C2505DF8044B7047B2
:103FB80010B414304B0E9B0003F00403C458C1F333
:103FC80004514FF0070C0CFA01FC24EA0C0C8A404F
:103FD8004CEA0202C2505DF8044B704730B583B01A
:103FE80000230193002800F032810446C36D13B307
:103FF80023689A6812F0005F05D09A6822F0204280
:1040080022F03F029A602268936813F0805F1FD104
:10401800936823F0104323F03F0343F080539360E9
:104028008C4B1B689B098C4AA2FB03239B09013319
:104038005B00019309E0FDF787F80023236684F805
:104048005830D5E7019B013B0193019B002BF9D127
:104058002268936813F0805F3DD1E36D43F010034D
:10406800E365236E43F0010323660120936813F090
:10407800040300D00123E16D11F0100F40F0E0803F
:10408800002B40F0DD80E36D23F4817343F00203DD
:10409800E365936813F0010F3ED1B2F1A04F1CD035
:1040A8006E4B9A4219D06E4B996811F0010100D0FD
:1040B80001216C4B9B6813F0010300D001230B43D3
:1040C8006949896811F0010100D001210B430CBF37
:1040D8000123002312E00020C8E74FF0A0439968AD
:1040E80011F0010100D001215C4B9B6813F0010322
:1040F80000D001230B430CBF0123002363B1B2F1AD
:10410800A04F6CD0554B9A4267D0584963688A686B
:1041180022F47C1213438B60627FE36B43EA4233E1
:10412800E2681343A268134394F8242043EA024345
:10413800012A56D0E26A22B102F47872216B0A434E
:1041480013432168CD684A4A2A401A43CA60226844
:10415800136923F04063616B0B4313612268936812
:1041680013F0080300D0012343BB237F94F83810D1
:10417800490041EA8331D36823F4804323F00203E2
:104188000B43D3602369002B30D02268136943F4B2
:10419800803313612268D2F8C03023F47F5323F0B0
:1041A8003F0321690B43C2F8C03094F84030012B1B
:1041B8002BD02268136923F0010313616369012B73
:1041C80035D02268136B23F00F031363E36D23F0DC
:1041D800030343F00103E36537E0264996E72549E1
:1041E80094E7A26A013A43EA4243A3E722681369C3
:1041F80023F4803313612268D2F8C03023F47F534C
:1042080023F03F03C2F8C030CFE721680B6923F4DD
:10421800FF6323F00403626CA56C2A43E56C2A4310
:10422800256D2A43134343F001030B61C6E7216858
:104238000B6B23F00F03226A013A13430B63C5E7A4
:10424800E36D43F01003E365012003B030BD0120A6
:10425800FBE700BF24000020632D3E05000100504D
:1042680000040050000500500006005000070050F0
:104278000740F0FF000300500368186C7047704750
:10428800704708B5806AFFF7FBFF08BD704708B59F
:104298000346806AC26D12F0500F30D1C36D43F4EB
:1042A8000073C36503681A6812F0080F14D0DA683F
:1042B80012F4406F20D1DB6813F4005F1CD1C36D8A
:1042C80023F48073C365C36D13F4805F14D1C36D89
:1042D80043F00103C3650FE0DB6813F0020F0BD155
:1042E800C36D23F48073C365C36D13F4805F03D17A
:1042F800C36D43F00103C365FFF7C1FF08BDC26D7D
:1043080012F0100F04D1426D526B18469047F5E732
:10431800FFF7BCFFF2E708B5806AC36D43F04003BE
:10432800C365036E43F004030366FFF7AFFF08BDE0
:10433800F0B583B00023019390F85830012B00F0BA
:10434800488204460D46012380F858300068836887
:1043580013F0040F09D0E36D43F02003E365012057
:10436800002384F8583003B0F0BD0A684968FFF7A5
:1043780007FE2068836813F0040300D001238668D1
:1043880016F0080600D00126002B3ED1002E3CD1A5
:10439800AA68B2F1004F78D02968FFF709FE2268B1
:1043A800536923F00043536169692268D368C3F3F2
:1043B800C1035B0099402869042873D0603252F821
:1043C8002070AB4B3B402F6807F0F84C41EA0C01DA
:1043D8000B4343F0004342F8203023682869AA6958
:1043E800603353F8201021F080710A4343F82020ED
:1043F800236829692A7F012A51D0603353F8212084
:1044080022F00072324343F821202268936813F0A7
:10441800010F16D12B68E868D2F8B010C3F3120662
:1044280021EA060100F018069248F0400340C3F361
:1044380012030B43C2F8B030EA688F4B9A4200F07F
:1044480099802B688D4A134200F0B9812268B2F135
:10445800A04F00F050818A498A4200F04981894979
:10446800896801F0E070884DAB4200F04681874DC5
:10447800AB4200F04281864DAB4200F07181854D20
:10448800AB4200F0878100206AE700222968FFF725
:104498008FFD2268536943F00043536184E74FF06E
:1044A8000076AAE7136E116EC1F384612B68C3F31B
:1044B800120080BBC3F38463994234D021684B6EE9
:1044C8004A6EC2F384622B68C3F3120080BBC3F345
:1044D80084639A4234D021688B6E8A6EC2F38462F8
:1044E8002B68C3F3120080BBC3F384639A4234D0B1
:1044F8002168CB6ECA6EC2F384622B68C3F31200C4
:1045080080BBC3F384639A427FF47FAFCB6E23F002
:104518000043CB6679E793FAA3F313B1B3FA83F3B5
:10452800CAE72023C8E7136E23F000431366C5E7E4
:1045380093FAA3F313B1B3FA83F3CAE72023C8E7C6
:104548004B6E23F000434B66C5E793FAA3F313B110
:10455800B3FA83F3CAE72023C8E78B6E23F000433E
:104568008B66C5E793FAA3F313B1B3FA83F3CAE7EB
:104578002023C8E720682B68C3F3120626BB9A0ECF
:10458800013202F01F02092A8CBF00220122002AF0
:1045980052D046BB990E0131890601F0F84176BB2D
:1045A8009F0E013707F01F070122BA401143AEBB27
:1045B8009B0E013303F01F0303EB43031B05194351
:1045C800AA68FFF7F5FC3CE793FAA3F24AB1B2FAFE
:1045D80082F2013202F01F02092A8CBF0022012256
:1045E800D5E72022F5E793FAA3F131B1B1FA81F1C9
:1045F8000131890601F0F841D1E72021F8E793FA63
:10460800A3F24AB1B2FA82F2013202F01F024FF06D
:10461800010C0CFA02F2C9E72022F5E793FAA3F39A
:1046280043B1B3FA83F3013303F01F0303EB4303EE
:104638001B05C4E72023F6E776BB990E01318906EE
:1046480001F0F841A6BB9F0E013707F01F070122B2
:10465800BA401143DEBB9B0E013303F01F0303EB8B
:1046680043031E3B1B0543F000731943A8E700BF33
:1046780000F0FF03FFFF070000007F4000000880F4
:104688000001005000070050000021C31000C09036
:10469800000052C7000084CB93FAA3F131B1B1FAFC
:1046A80081F10131890601F0F841CBE72021F8E7D3
:1046B80093FAA3F24AB1B2FA82F2013202F01F026F
:1046C8004FF0010C0CFA02F2C3E72022F5E793FA47
:1046D800A3F35BB1B3FA83F3013303F01F0303EBD6
:1046E80043031E3B1B0543F00073BEE72023F3E79B
:1046F80001F50071B4E63849B2E611F4000F7FF411
:10470800BAAEB2F1A04F04D0344B9A4201D0002087
:1047180026E6B2F1A04F19D0314B9A4214D0314A53
:1047280040F40000936823F0E073184390602E4B28
:104738001B689B092D4AA2FB03239B09013303EB4A
:1047480043039B00019306E0234AE9E7224AE7E78F
:10475800019B013B0193019B002BF9D10020FFE550
:1047680011F0807F7FF48BAE1D4B9A4229D003F560
:1047780080639A4227D0B2F1A04F09D0194940F07E
:1047880080738A6822F0E07213438B600020E7E5AB
:104798001149F4E711F4800F17D1114B9A4216D042
:1047A800B2F1A04F09D00F4940F480038A6822F083
:1047B800E07213438B600020D2E50749F4E700203C
:1047C800CEE50020CCE50020CAE50020C8E50020A1
:1047D800C6E50220C7E500BF0003005000060050F0
:1047E800000100500007005024000020632D3E0502
:1047F80030B583B00023019303689A6812F0010F63
:1048080063D104469968324A114220D19A6822F04D
:10481800004222F03F0242F001029A600368B3F1BD
:10482800A04F20D02B4A93421BD02B4B9B6813F4EC
:10483800000F20D0294B1B689B09294AA2FB0323A0
:104848009B09013303EB43039B00019310E0C36D05
:1048580043F01003C365036E43F0010303660120B0
:1048680034E0204BE2E71F4BE0E7019B013B01935B
:10487800019B002BF9D1FFF769FB054623681A68ED
:1048880012F0010F1FD19A6812F0010F07D19A6830
:1048980022F0004222F03F0242F001029A60FFF744
:1048A80055FB431B022BE9D923681B6813F0010F42
:1048B800E4D1E36D43F01003E365236E43F0010395
:1048C8002366012002E0002000E0002003B030BD94
:1048D8003F00008000010050000700502400002025
:1048E800632D3E050003005038B504460368B3F154
:1048F800A04F60D0464A93425AD0464A956805F080
:104908001F059B6813F0040F7DD194F85830012BD4
:104918007BD0012384F858302046FFF769FF002830
:104928006DD1E36D23F4706323F0010343F48073C6
:10493800E3652368364A934242D002F58062934287
:104948003BD01A46934200D01DB9E26D22F4801282
:10495800E265E26D12F4805F35D0226E22F0060225
:1049680022661C221A60002384F858302368284ADB
:1049780093422ED002F58062934227D01A46934282
:104988002AD0092D05D840F22121E94011F0010F64
:1049980022D1E36D43F48013E365D36813F0007FFD
:1049A80032D0E36D23F4405343F48053E3652BE0A6
:1049B80002F50072A2E7184AA0E7A2F58072C1E7E3
:1049C8004FF0A042BEE700222266CAE7A2F5807235
:1049D800D5E74FF0A042D2E7DA6812F0007F05D0A1
:1049E800E26D22F4405242F48052E2659A6822F065
:1049F800004222F03F0242F004029A6004E00023E1
:104A080084F8583000E0022038BD0220FCE700BFDF
:104A18000001005000070050000300502DE9F0414C
:104A280004460F4690460068B0F1A04F24D0444B8E
:104A380098421ED0434B9E6806F01F06856815F005
:104A4800040F77D194F85830012B76D0012384F8DD
:104A580058303D4B984211D0092E05D840F22123F9
:104A6800F34013F0010F09D1002384F858300120D6
:104A780061E003F50073DEE7344BDCE72046FFF71F
:104A8800B7FE002852D1E36D23F4706323F00103CD
:104A980043F48073E3652368294A934240D002F5C2
:104AA8008062934239D01A46934200D01EB9E36D12
:104AB80023F48013E365E36D13F4805F33D0236E32
:104AC80023F006032366636D214ADA62636D214A87
:104AD8001A63636D204A5A6323681C221A600023F4
:104AE80084F858302268536843F0100353602268F2
:104AF800D36843F00103D360216843463A46403106
:104B0800606D00F0FBFA2268936823F0004323F0FD
:104B18003F0343F0040393600DE0A2F58072C3E7FE
:104B28004FF0A042C0E700232366CCE7002384F8B7
:104B3800583000E00220BDE8F0810220FBE700BF0A
:104B4800000100500007005000060050000300500C
:104B5800974200088B4200081F43000838B50446F6
:104B68000268936813F0020300D00123916811F0E2
:104B7800010F39D0002B39D1936803F00D03012BB5
:104B880009D0E36D43F01003E365236E43F001039E
:104B98002366012029E0936823F0004323F03F03B4
:104BA80043F002039360236803221A60FFF7CEF9EB
:104BB800054623689B6813F0010F13D0FFF7C6F969
:104BC800401B0228F5D923689B6813F0010FF0D029
:104BD800E36D43F01003E365236E43F0010323669E
:104BE800012002E0002000E0002038BD0020FCE7A2
:104BF80030B583B00023019390F85830012B41D091
:104C080004460D46012380F85830FFF7A7FF80BB04
:104C1800E36D23F4885323F0020343F00203E365B2
:104C28002268936823F0404323F03F0305F0804552
:104C38002B4343F00043936023689B68002B06DBFB
:104C4800E36D23F0030343F00103E36515E0019BE3
:104C580001330193019A0C4B9A42EDD9E36D23F08D
:104C6800120343F01003E365002384F85830012051
:104C780006E0E36D43F01003E365002384F8583041
:104C880003B030BD0220FBE701DE040090F8582095
:104C9800012A00F0D68010B49DB00346012280F8A6
:104CA80058200022189219920068B0F1A04F47D0FE
:104CB800654A904247D000220192019A002A46D0C4
:104CC800926812F0040200D00122846814F0040FE4
:104CD80040F0A780002A40F0A480B0F1A04F42D055
:104CE8005A4A90423CD05A4A086800285CD09068DA
:104CF80020F460404C6893F838C044EA4C342043B0
:104D080090601868B0F1A04F2FD0504CA0422CD022
:104D18004D48846814F0010400D001244D4880688F
:104D280010F0010000D0012020434B4CA46814F07F
:104D3800010400D0012420430CBF0120002025E0FD
:104D4800424A0192B9E702F580720192B5E7DA6D3D
:104D580042F02002DA65002283F85820012068E03A
:104D680002F50072C0E73D4ABEE74FF0A0408468F4
:104D780014F0010400D001243448806810F00100C8
:104D880000D0012020430CBF01200020002854D06F
:104D9800906820F4716020F00F000C688968214346
:104DA80008439060002041E0916821F460419160DF
:104DB8001968B1F1A04F1AD02448814217D022496E
:104DC800886810F0010000D001202249896811F09C
:104DD800010100D0012101431F48806810F0010043
:104DE80000D0012001430CBF0121002110E04FF049
:104DF800A041886810F0010000D00120134989689B
:104E080011F0010100D0012101430CBF0121002153
:104E1800A9B1916821F4716121F00F01916000201E
:104E280004E0DA6D42F02002DA650120002283F8FE
:104E380058201DB05DF8044B70470020F6E70020AD
:104E4800F4E70220704700BF000400500001005042
:104E580000070050000500500006005000030050F5
:104E6800002807DB00F01F02400901239340024A93
:104E780042F82030704700BF00E100E0002808DB5E
:104E88000901C9B200F1604000F5614080F80013E3
:104E9800704700F00F000901C9B2014B195470475F
:104EA80014ED00E000B500F00700C0F1070CBCF1FC
:104EB800040F28BF4FF0040C031D062B0FD9C31E87
:104EC8004FF0FF3E0EFA0CF021EA000199400EFA6D
:104ED80003FE22EA0E0241EA02005DF804FB002309
:104EE800EEE70000074AD36823F4E0631B041B0CB9
:104EF800000200F4E060034343F0BF6343F400336F
:104F0800D360704700ED00E010B50446054BD86843
:104F1800C0F30220FFF7C6FF01462046FFF7AEFFA9
:104F280010BD00BF00ED00E008B5FFF799FF08BD10
:104F38000138B0F1807F0BD24FF0E0235861054A69
:104F4800F02182F823100020986107221A61704727
:104F58000120704700ED00E030B4C46C056D656059
:104F6800446D14B1846DC56D6560446C04F01F0C0C
:104F7800012404FA0CF4056C6C60046863608368AF
:104F8800102B05D0036899600368DA6030BC70475D
:104F980003689A600368D960F8E700000368104A5C
:104FA800934214D8DBB2083B0E4AA2FB03231B0929
:104FB8000D49426C22F003020A4482640B4AC2641F
:104FC80003F01F03012202FA03F303657047DBB203
:104FD800083B044AA2FB03231B0908330449E8E7FA
:104FE80007040240CDCCCCCC000802408008024027
:104FF80020080240436803F07F03074A1A449200DE
:105008004265064A8265013B03F01F03012202FA4A
:1050180003F3C365704700BF3F8200104009024098
:1050280000285DD010B5044601682E4B99423FD840
:105038002D4B0B442D4AA2FB03231B099B00436401
:105048002B4B0364022384F825300A6822F4FF42BC
:1050580022F07002A368E068034320690343606993
:105068000343A0690343E0690343206A03431343EE
:105078000B602046FFF792FFA368B3F5804F22D05C
:105088006368A26C03F07F031360E36C226D5A60BF
:105098006368013B032B19D900236365A365E365A6
:1050A8000020E063012384F8253084F8240010BD33
:1050B800104B0B440D4AA2FB03231B099B004364BE
:1050C8000D4B0364BEE700236360D9E72046FFF772
:1050D80091FF636D00221A60A36DE26D5A60DFE7ED
:1050E8000120704707040240F8FFFDBFCDCCCCCCAF
:1050F80000000240F8FBFDBF0004024038B504463A
:1051080090F82400012841D0012084F8240094F864
:105118002500C0B2012804D0002384F824300220DE
:1051280038BD022084F825000020E063256828683F
:1051380020F0010028602046FFF70EFF236BD3B153
:105148002268136843F00E031360A36C1A6812F404
:10515800803F03D01A6842F480721A60636D1BB1F5
:105168001A6842F480721A602268136843F00103D7
:1051780013600020D4E72268136823F00403136047
:105188002268136843F00A031360DEE70220C7E7CA
:1051980038B5036C196804682568436C03F01F036D
:1051A80004229A400A4215D015F0040F12D0236841
:1051B80013F0200F03D1236823F004032360436C0A
:1051C80003F01F02016C042393404B60036B03B18F
:1051D800984738BD02229A400A421CD015F0020FA7
:1051E80019D0236813F0200F06D1236823F00A038F
:1051F8002360012380F82530436C03F01F02016C03
:10520800022393404B60002380F82430C36A002BAC
:10521800DFD09847DDE7082202FA03F30B42D8D023
:1052280015F0080FD5D0236823F00E032360436CD4
:1052380003F01F03016C012202FA03F34B60C263FF
:1052480080F82520002380F82430436B002BC0D041
:105258009847BEE7F0B583B0002366E085685E0036
:105268000324B44025EA0405CC68B4402C43846088
:10527800456825EA0C054C68C4F300149C402C438F
:10528800446063E08C68012C65D173E0DD08083563
:1052980050F8254003F0070C4FEA8C0C4FF00F0E26
:1052A8000EFA0CFE24EA0E0E0C6904FA0CF444EA19
:1052B8000E0440F8254062E0052400E0002404FACA
:1052C8000EF42C430CF1020C564D45F82C40564C6C
:1052D800A568D44325EA02064F6817F4801F01D059
:1052E80042EA0506504DAE60ED6804EA05064F68CF
:1052F80017F4001F01D042EA05064B4DEE606D68B9
:1053080004EA05064F6817F4003F01D042EA050693
:10531800454D6E602D682C404E6816F4803F01D0D4
:1053280042EA0504404A146001330A6832FA03F479
:1053380076D04FF0010C0CFA03FC1CEA0202F3D001
:105348004C6804F00304013C012C87D94C6804F034
:105358000304032C96D0C4684FEA430E4FF0030CA5
:105368000CFA0EFC24EA0C0C8C6804FA0EF444EADD
:105378000C04C4604C6804F00304022C86D0046852
:105388004FEA430E4FF0030C0CFA0EFC24EA0C0C07
:105398004C6804F0030404FA0EF444EA0C040460B4
:1053A8004C6814F4403FBFD0204C256E45F00105F1
:1053B8002566246E04F001040194019C4FEA930CC5
:1053C8000CF10205174C54F8255003F0030E4FEA70
:1053D8008E0E0F2404FA0EF425EA0405B0F1904F5E
:1053E8003FF46CAF124CA04212D004F58064A04286
:1053F80010D004F58064A0420ED004F58064A04269
:105408000CD004F58064A0423FF456AF062456E75A
:10541800012454E7022452E7032450E704244EE70A
:1054280003B0F0BD0000014000040140001002403C
:10543800000400480AB1816170478162704710B466
:105448000468226822F007028B68134323F01803CC
:10545800CA681A43226003680A685A6103684A687E
:105468009A615DF8044B704730B5046801F1010C8E
:105478004FEACC1C54F80C3023F0070E936843EA2B
:105488000E0323F01803D5682B4344F80C30036847
:10549800146803EBC113C3F894400368526803EB24
:1054A800C113C3F8982030BD70B404682368D4F8D9
:1054B800A05323F020034E69334323F0C002202E6B
:1054C80009D08E69022E06D0032E29D0042E2AD0A8
:1054D80023F0E00201E042F0200222F40062CB69EE
:1054E800134323F480620B6A134323F0C0624B6AB0
:1054F800134323F000628B6A134323F04043CA6AC4
:1055080043EA820323F000534A6B1A4325F480359B
:105518000B6B1D4322600368C3F8A05370BC70472F
:1055280042F04002D9E742F08002D6E72DE9F04187
:1055380005684B1CDB01EC5824F07044EC500668FD
:10554800F35806EBC114D4F8E880D4F8E440D6F850
:10555800A05323F0200C536943EA0C0C202B09D0EC
:105568009369022B06D0032B60D0042B63D02CF454
:10557800D07C03E02CF4C07C4CF0200C2CF4006CA4
:10558800D36943EA0C0323F48063176A47EA030CE0
:105598002CF0C06C536A43EA0C0323F0006C936A46
:1055A80043EA0C0323F0704CD36A43EA0C0323F458
:1055B8000033576BB7F1005F42D023F04003D2F8B5
:1055C80038C04CEA030323F48023976D47EA030E9F
:1055D8002EF0FC7E2EF4803E136D43EA0E0E28F06A
:1055E8003F07D36B03F03F033B4323F00043176CA3
:1055F8003B43BCF1000F03D124F48074576C3C4347
:10560800976CB7F5606F1ED0B7F5F05F1BD024F428
:10561800F0543C4324F48044D76C3C43576D05292F
:105628001AD8DFE801F01431373D43492CF4807C67
:105638004CF0800CA2E72CF0800C4CF4807C9DE7A9
:1056480043F40033B9E7BCF1400FE3D1DFE725F4B9
:105658000035126B45EA42054A1CD20146F802E0C1
:10566800026802EBC112C2F8E830036803EBC11309
:10567800C3F8E440036803EBC113C3F8D4700368AC
:10568800C3F8A053BDE8F08125F48025126B45EAE4
:105698008205E1E725F40025126B45EAC205DBE740
:1056A80025F48015126B45EA0215D5E725F4001597
:1056B800126B45EA4215CFE725F48005126B45EADF
:1056C8008215C9E730B4006800EBC113D3F8EC3099
:1056D80023F01003146843EA041323F48013546876
:1056E80044EA030C2CF4803CD36843EA0C0323F40B
:1056F800003C936843EA0C039469012C05D000EB45
:10570800C110C0F8EC3030BC704723F004031569B1
:1057180045EA030C2CF0020C536943EA0C0323F00E
:1057280001032343EBE70000F0B4076807EBC1145B
:10573800D4F8E460D4F8B850402A52D035D8012AB9
:105748004FD0002A5ED0202A5ED8022A5ED3023AC1
:10575800012404FA02F2324C224230D144F2040409
:1057680022423ED10022FE24944026EA04061C6808
:10577800944044EA060CDC68944044EA0C041E6930
:1057880006FA02FC4CEA040C5C69944044EA0C0CEE
:105798009C69944044EA0C04082E39D0036803EB52
:1057A800C113C3F8E440F0BC7047B2F5007F06D0DF
:1057B80012D9B2F5806F14D0B2F5006F20D15A68B3
:1057C80007EBC117C7F8C42002689C6802EBC11236
:1057D800C2F8C8401022C6E7802AF0D0B2F5807F10
:1057E8000CD15A6807EBC117C7F8BC2002689C683F
:1057F80002EBC112C2F8C0400022B4E70022B2E7AF
:105808000022B0E70022AEE70022ACE70022AAE7B8
:1058180015F0022FC2D1DB6993401C43BEE700BFDD
:105828004100004006293CD8DFE801F00C141C2494
:105838002C3404000268D2F8843343F00103C2F820
:10584800843370470268D2F8843343F00203C2F805
:10585800843370470268D2F8843343F00403C2F8F3
:10586800843370470268D2F8843343F00803C2F8DF
:10587800843370470268D2F8843343F01003C2F8C7
:10588800843370470268D2F8843343F02003C2F8A7
:10589800843370470268D2F8843343F04003C2F877
:1058A80084337047002864D010B582B004460223C0
:1058B80080F8DD300023C0F8E030C0F8E430C0F8EC
:1058C800E830C0F8EC30C0F8F030C0F8F430C0F878
:1058D800F830836813F0010F12D00268264B9A4201
:1058E80025D021680A6822F44042236903F4404322
:1058F800134323F44053626902F440521A430A6086
:105908002046FCF70DFCA36813F0020F08D02168AD
:105918000A6822F44072E36803F4407313430B608F
:10592800012384F8DD30002384F8DC301CE003F523
:1059380028431A6E42F080621A661B6E03F0806379
:105948000193019BCDE7C3EBC30204EB8202002164
:105958009161D161116251629162C3EBC30204EBA0
:10596800820211630133DBB2062BECD9002002B0AE
:1059780010BD0120704700BF0068014090F8DC307E
:10598800012B32D0012380F8DC30022380F8DD308F
:10599800B1F1FF3F1AD00268D2F8CC3343F00203CA
:1059A800C2F8CC330268D2F8CC3323F00C030B4393
:1059B800C2F8CC330268D2F8CC3343F00103C2F802
:1059C800CC33012380F8DD30002070470268D2F81C
:1059D800CC3323F00203C2F8CC330268D2F8CC33BC
:1059E80043F00103C2F8CC33EBE70220704770B5EF
:1059F80004460D46FEF7AAFA06462368D3F888330C
:105A080013F4803F0ED1B5F1FF3FF6D0FEF79EFAB2
:105A1800801BA84201D8002DEFD1072384F8DD3080
:105A2800032005E0012384F8DD30002084F8DC0041
:105A380070BD10B5044690F8DD00C0B202280BD046
:105A4800022384F8DD30062907D02046FFF70CFD35
:105A5800012384F8DD30002010BD11462046FFF7F1
:105A6800EEFCF5E7034690F8DD00C0B2022800F02E
:105A7800318193F8DC00012800F0288170B50120FD
:105A880083F8DC00022083F8DD001868D0F8805322
:105A9800D0F8FC4320292AD8002900F00C8101F114
:105AA800FF3CBCF11F0F00F20681DFE81CF0630029
:105AB8007F0004018C000401040104019900040121
:105AC800040104010401040104010401A600040105
:105AD8000401040104010401040104010401040196
:105AE800040104010401040104010401B900B1F531
:105AF800807F00F0C9801DD9B1F5007F40F0DB80C0
:105B080024F4E00416684FEA061C0CF4E00C4CEA96
:105B18000404D0F8F86326F0F846C0F8F8631E6865
:105B2800D6F8F8035268920602F0F8420243C6F823
:105B3800F82328E0402900F08D80802940F0BB80C0
:105B480024F4E04416684FEA161C0CF4E04C4CEAC6
:105B58000404D0F8F86326F4F816C0F8F8631E6851
:105B6800D6F8F8035268120402F4F8120243C6F891
:105B7800F82308E025F4E025166806F4E026354306
:105B88005268C0F8BC2393F8DD20D2B2072A00F08F
:105B98009F800F2900F296801A68C2F8805301226C
:105BA80083F8DD20002083F8DC0070BD25F4601543
:105BB80016684FEAC60C0CF4601C4CEA05055268DE
:105BC800C0F8C023DFE725F0E07516684FEA861CA9
:105BD8000CF0E07C4CEA05055268C0F8C423D2E713
:105BE80025F0606516684FEA462C0CF0606C4CEAAC
:105BF80005055268C0F8C823C5E7568866F302044D
:105C0800D0F8F86326F01F06C0F8F8631E68D6F8C7
:105C1800F803526802F01F020243C6F8F823B2E7FD
:105C280024F0700416684FEA163C0CF0700C4CEA2D
:105C38000404D0F8F86326F47876C0F8F8631E6890
:105C4800D6F8F8035268520102F478720243C6F893
:105C5800F82398E724F4E06416684FEA162C0CF44D
:105C6800E06C4CEA0404D0F8F86326F4F846C0F86F
:105C7800F8631E68D6F8F8035268920202F4F842F4
:105C88000243C6F8F8237EE724F4E024166806F4F5
:105C9800E0263443D0F8F86326F07876C0F8F86345
:105CA8001E68D6F8F8035268520502F0787202436B
:105CB800C6F8F82367E7072283F8DD20002283F877
:105CC800DC2060E71A68C2F8FC4368E702207047E6
:105CD80001206AE77047034690F8DD00C0B2022849
:105CE80000F0BD8093F8DC00012800F0B5800120A9
:105CF80083F8DC00022083F8DD00202918D8002969
:105D080000F0A38001391F2900F29F80DFE801F02D
:105D1800344A9D569D9D9D629D9D9D9D9D9D9D6E18
:105D28009D9D9D9D9D9D9D9D9D9D9D9D9D9D9D7ABE
:105D3800B1F5807F7DD00FD9B1F5007F40F0858027
:105D48001868D0F8041421F0F851120602F0F8523D
:105D58000A43C0F8042419E040295ED0802974D190
:105D68001868D0F8041421F4F831120302F4F83258
:105D78000A43C0F8042409E01868D0F8001421F098
:105D88001F0102F01F020A43C0F8002493F8DD2027
:105D9800D2B2072A62D0012283F8DD20002083F8DE
:105DA800DC0070471868D0F8001421F4F8619201FB
:105DB80002F4F8620A43C0F80024E7E71868D0F84C
:105DC800001421F4F831120302F4F8320A43C0F83F
:105DD8000024DBE71868D0F8001421F4F8019204D5
:105DE80002F4F8020A43C0F80024CFE71868D0F894
:105DF800001421F0F851120602F0F8520A43C0F8D4
:105E08000024C3E71868D0F8041421F01F0102F039
:105E18001F020A43C0F80424B8E71868D0F804142D
:105E280021F4F861920102F4F8620A43C0F80424EC
:105E3800ACE71868D0F8041421F4F801920402F4CD
:105E4800F8020A43C0F80424A0E7072283F8DD20FB
:105E5800002283F8DC2099E7022070470120704770
:105E680070B5044690F8DD00C0B2022836D00D4661
:105E7800164694F8DC30012B36D0012384F8DC3048
:105E8800022384F8DD30062929D02046FFF74EFB8F
:105E98003268C5EBC50304EB83031A6272685A6261
:105EA800B2689A62F268DA6232691A632946204651
:105EB800FFF7B8FC062D0BD0F36A4BB92268013501
:105EC800ED01535923F40073F16D43EA4123535113
:105ED800012384F8DD30002084F8DC0070BD114611
:105EE8002046FFF7E1FAD3E70220F7E738B5044682
:105EF80090F8DD00C0B2022811D094F8DC30012BF4
:105F08000ED0012584F8DC50022384F8DD302046C9
:105F1800FFF7D8FB84F8DD50002084F8DC0038BD9A
:105F28000220FCE7034690F8DD00C0B2022845D005
:105F380093F8DC0001283FD030B54FF0010E83F80C
:105F4800DCE0022083F8DD00106800F4E0545068BB
:105F5800C0F308000443906800F40070044310691B
:105F680000F480400443D06800F40040044314481F
:105F7800556900EA054C4CEA040C906900F0007081
:105F880040EA0C0C106A00F0804040EA0C0CD06922
:105F980000F0004040EA0C001A6802EBC111D1F889
:105FA800B840084A22400243C1F8B82083F8DDE02F
:105FB800002083F8DC0030BD02207047704700BF26
:105FC8000000FF010020003C844690F8DD00C0B2CC
:105FD800022800F0D9809CF8DC00012800F0D0806D
:105FE80030B401208CF8DC0002208CF8DD00062992
:105FF80009D0013A072A00F2BC80DFE802F02E43FC
:10600800BA7ABABABA82013A072A1FD8DFE802F088
:10601800040F1E141E1E1E19DCF800201B68D36115
:106028009CF8DD30DBB2072B24D1012028E0DCF816
:1060380000201B685362F3E7DCF800201B689362BA
:10604800EEE7DCF800201B68D362E9E707238CF849
:10605800DD3000238CF8DC30E2E7DCF800201B6838
:1060680002EBC112C2F89C309CF8DD30DBB2072B82
:1060780000F0888001238CF8DD3000208CF8DC00EB
:1060880030BC7047DCF80020186802EBC112C2F877
:10609800A4005A6822B3DCF800404A1CD201A05878
:1060A80020F44050A050DCF80040A0585D68284318
:1060B800A0505A68B2F5005F0AD0B2F5405FD3D15C
:1060C800DCF800209B6802EBC112C2F8A830CBE7CD
:1060D800DCF800209B6802EBC112C2F89C30C3E7D1
:1060E800DCF800200131C901535823F440535350C0
:1060F800BAE7DCF800201B6802EBC112C2F8A8302E
:10610800B2E7DCF80020186802EBC112C2F8AC0054
:106118005A682AB3DCF800404A1CD201A05820F47F
:106128004040A050DCF80040A0585D6840EA850077
:10613800A0505A68B2F5005F0AD0B2F5405F93D11B
:10614800DCF800209B6802EBC112C2F8A8308BE78C
:10615800DCF800209B6802EBC112C2F89C3083E790
:10616800DCF800200131C901535823F4404353504F
:106178007AE707238CF8DD3000238CF8DC3073E7EE
:106188000220704701207BE7704738B5044690F835
:10619800DD00C0B2022811D094F8DC0001280ED02E
:1061A800012584F8DC50022084F8DD002046FFF742
:1061B800BBFA84F8DD50002084F8DC0038BD0220EA
:1061C800FCE790F8DC30012B15D010B4012280F8E0
:1061D800DC20022380F8DD300468D4F894330B43C4
:1061E800C4F8943380F8DD20002380F8DC301846AA
:1061F8005DF8044B70470220704790F8DC30012BA3
:1062080015D010B4012280F8DC20022380F8DD309C
:106218000468D4F898330B43C4F8983380F8DD2029
:10622800002380F8DC3018465DF8044B70470220E4
:10623800704790F8DC30012B13D010B4012280F89D
:10624800DC20022380F8DD30046823680B432360D8
:1062580080F8DD20002380F8DC3018465DF8044B18
:106268007047022070477047704770477047704703
:106278007047704770B505460368D3F88843D3F86C
:10628800906314F0010F02D016F0010F24D114F01E
:10629800020F02D016F0020F24D114F0040F02D01E
:1062A80016F0040F26D114F0080F02D016F0080FCC
:1062B80028D114F0100F02D016F0100F2AD114F0C4
:1062C800400F02D016F0400F2CD114F0200F02D04E
:1062D80016F0200F2ED170BD0122C3F88C23FFF7D2
:1062E800C2FFD4E72B680222C3F88C232846FFF7A5
:1062F800BBFFD2E72B680422C3F88C232846FFF79C
:10630800B4FFD0E72B680822C3F88C232846FFF790
:10631800ADFFCEE72B681022C3F88C232846FFF781
:10632800A6FFCCE72B684022C3F88C232846FFF74A
:106338009FFFCAE72B682022C3F88C232846FFF763
:1063480098FFC8E7704770477047704770477047B5
:106358007047704770472DE9F04105460368D3F848
:106368008873D3F890835C68DE6817F4803F02D0A6
:1063780018F4803F31D117F4003F02D018F4003FE1
:1063880038D114F0010F02D016F0010F3BD114F0F0
:10639800020F02D016F0020F3DD114F0040F02D004
:1063A80016F0040F3FD114F0080F02D016F0080FB2
:1063B80041D114F0100F02D016F0100F43D114F091
:1063C800200F02D016F0200F45D114F0400F02D054
:1063D80016F0400F46D1BDE8F0814FF48032C3F883
:1063E8008C23012380F8DD30002380F8DC30FFF7B0
:1063F800A9FFC0E72B684FF40032C3F88C23284666
:10640800FFF7A1FFBDE72B6801229A600621284605
:10641800FFF79DFFBBE72B6802229A6006212846FA
:10642800FFF796FFB9E72B6804229A6006212846F1
:10643800FFF78FFFB7E72B6808229A6006212846E6
:10644800FFF788FFB5E72B6810229A6006212846D7
:10645800FFF77CFFB3E72B6820229A602846FFF7F6
:1064680073FFB2E72B6840229A6006212846FFF79F
:106478006CFFB0E7704770477047704770477047C8
:1064880070477047F8B506460D4602684B1C02EB8C
:10649800C3135C6802EBC113D3F88C7014F0010FBE
:1064A80002D017F0010F52D114F0020F02D017F0EA
:1064B800020F53D114F0040F02D017F0040F58D173
:1064C80014F0080F02D017F0080F5DD114F0100F68
:1064D80002D017F0100F62D114F0400F02D017F05D
:1064E800400F67D114F0800F02D017F0800F6CD1E5
:1064F80014F4807F02D017F4807F71D114F4007FE8
:1065080002D017F4007F77D114F4806F02D017F40B
:10651800806F7DD114F4006F03D017F4006F40F042
:10652800838014F4805F03D017F4805F40F0888084
:1065380014F4005F03D017F4005F40F08D8014F46A
:10654800804F03D017F4804F40F09280F8BD1A4670
:106558000123C2F88830FFF7FAFEA5E7336803EB9A
:10656800C5130222C3F8882029463046FFF7F0FEFB
:10657800A0E7336803EBC5130422C3F88820294633
:106588003046FFF7E6FE9BE7336803EBC5130822A6
:10659800C3F8882029463046FFF7DCFE96E73368C3
:1065A80003EBC5131022C3F8882029463046FFF7AD
:1065B800CDFE91E7336803EBC5134022C3F888206A
:1065C80029463046FFF7C1FE8CE7336803EBC51355
:1065D8008022C3F8882029463046FFF74BFF87E71B
:1065E800336803EBC5134FF48072C3F8882029463B
:1065F8003046FFF740FF81E7336803EBC5134FF4DC
:106608000072C3F8882029463046FFF737FF7BE73A
:10661800336803EBC5134FF48062C3F8882029461A
:106628003046FFF72CFF75E7336803EBC5134FF4CB
:106638000062C3F8882029463046FFF721FF70E73B
:10664800336803EBC5134FF48052C3F888202946FA
:106658003046FFF716FF6BE7336803EBC5134FF4BB
:106668000052C3F8882029463046FFF706FF66E740
:10667800336803EBC5134FF48042C3F888202946DA
:106688003046FFF7F9FE61E708B5FF2904D006296F
:1066980005D0FFF7F7FE08BDFFF7ECFDFBE7FFF7B6
:1066A8005AFEF8E7002831D038B5044603684CF69E
:1066B800CC421A60036845F255521A600368426872
:1066C8005A60036882689A60FDF740FC05462368B3
:1066D800DA6812F0070F0DD0FDF738FC401B41F6C1
:1066E80001039842F3D92368DB6813F0070FEED053
:1066F800032005E01969E268914202D01A6100207E
:1067080038BD4AF6AA221A600020F9E7012070472E
:1067180003684AF6AA221A600020704738B512F4B6
:10672800804F43D00468B4F8503091F800C04FEA65
:10673800CC0E1EFA83F32344B3F80244C4F30904CD
:106748008B69A34228D31B1B8B618B697BB90568B6
:1067580035F82C309BB223F4804323F0700383F484
:10676800005343F4004343F0800325F82C3012F023
:10677800400F0ED002680D7832F825309BB223F412
:10678800E04323F0700343F4004343F0C00322F8CE
:10679800253024B9204638BD00238B61D5E7234630
:1067A8000A894969006804F09CFBF3E70468B4F8B7
:1067B800503091F800C04FEACC0E1EFA83F3234400
:1067C800B3F80644C4F309048B69A3422FD31B1BF7
:1067D8008B618B697BB9056835F82C309BB223F443
:1067E800804323F0700383F4005343F4004343F0E1
:1067F800800325F82C3012F0400F0FD1026891F871
:1068080000C032F82C309BB223F4E04323F070032D
:1068180043F4004343F0C00322F82C30002CB9D0D5
:1068280023464A894969006804F05BFBB2E7002304
:106838008B61CEE7002856D010B5044690F8913207
:106848003BB1032384F89132206803F05BFC0023FA
:1068580015E080F8903205F063FBF2E703EB830262
:1068680004EBC2020121517413740021D174116226
:106878005162013303EB8302D200A150DBB22079CD
:106888009842EBD8002316E003EB830204EBC20224
:10689800002182F8511182F8503182F85311C2F860
:1068A8006011C2F8641103EB830204EBC202C2F860
:1068B80068110133DBB29842E6D8234653F8040B3B
:1068C80093E8060003F028FC00232373012384F8CF
:1068D8009132A37A012B01D0002010BD204600F090
:1068E8001BFF0020F9E70120704790F89032012B38
:1068F8000ED010B50446012380F89032006803F0EA
:10690800F8FB206804F00AF8002084F8900210BD13
:106918000220704770B505460C46164612F0400F27
:1069280000F020810268B2F8503009784FEAC10CB3
:106938001CFA83F31344B3F80224C2F30902A369CF
:1069480093422CD99B1AA361A06958B316F4804FBF
:106958000DD0286830F821309BB223F4E04323F0AF
:10696800700343F4404343F0800320F8213094F847
:106978002430012B00F08D802A68217832F82130EC
:106988009BB223F4E04323F0400383F0300343F445
:10699800004343F0800322F82130002070BD00231B
:1069A800A361D1E76378002B48D12A68B2F8503048
:1069B80012FA83F36344B3F80224C2F30902A3F87A
:1069C8000224B3F802246FEA42426FEA524292B2BA
:1069D800A3F802242A686378002B3BD1B2F8503020
:1069E80012FA83F3227803EBC203B3F80624C2F346
:1069F8000902A3F80624B3F806246FEA42426FEAB4
:106A0800524292B2A3F80624E378022B2FD02178C1
:106A1800284605F0C9FA16F4804FBED02A682178B6
:106A280032F821309BB223F4E04323F0700343F49F
:106A3800404343F0800322F82130AEE7012BC9D14F
:106A48002A68B2F8503012FA83F363440022A3F89C
:106A58000224BFE7012BD7D1B2F8503012FA83F3E2
:106A6800227803EBC2030022A3F80624CCE72A68A5
:106A7800217832F821309BB223F4E04323F040031D
:106A880083F0200343F4004343F0800322F82130CD
:106A9800BDE7636913446361E3691344E361216AF1
:106AA800236999421DD3C91A21626278002A44D108
:106AB8002968B1F8502011FA82F2217802EBC1025C
:106AC800B2F80214C1F30901A2F80214ABB9B2F882
:106AD80002146FEA41416FEA514189B2A2F80214E7
:106AE8002DE021B9002384F824301346DDE7002384
:106AF80084F8243023620B46D7E73E2B0DD859087B
:106B080013F0010F00D00131B2F8020480B28902FB
:106B180089B20143A2F8021411E0580913F01F0FBB
:106B280000D10138B2F8021489B2800280B2014360
:106B380041F40041A2F8021401E0012A06D09BB2F8
:106B480022896169286803F0F8FE15E72968B1F819
:106B5800502011FA82F2217802EBC10299B2A2F810
:106B68000214ECE70268B2F850300978C80010FA4D
:106B780083F31344B3F80624C2F30902A3699342CA
:106B880046D39B1AA361A369002B44D016F4804F07
:106B98000DD1286830F821309BB223F4E04323F06C
:106BA800700343F4404343F0800320F8213094F805
:106BB8002430012B7FF4E0AE636913446361E36919
:106BC8001344E361216A23699942C0F09C80C91A81
:106BD800216229686278002A40F0C180B1F850200B
:106BE80011FA82F2217802EBC102B2F80614C1F35D
:106BF8000901A2F80614002B40F09180B2F806149F
:106C08006FEA41416FEA514189B2A2F80614A8E03F
:106C18000023A361B7E76378002B49D12A68B2F84B
:106C2800503012FA83F30344B3F80224C2F3090282
:106C3800A3F80224B3F802246FEA42426FEA5242F0
:106C480092B2A3F802242A686378002B3CD1B2F8E8
:106C5800503012FA83F3227803EBC203B3F8062408
:106C6800C2F30902A3F80624B3F806246FEA4242E5
:106C78006FEA524292B2A3F80624E378022B30D08E
:106C88002178284605F090F916F4804F7FF485AEF8
:106C98002A68217832F821309BB223F4E04323F0AC
:106CA800700343F4404343F0800322F8213074E634
:106CB800012BC8D12A68B2F8503012FA83F3034482
:106CC8000022A3F80224BEE7012BD6D1B2F8503037
:106CD80012FA83F3227803EBC2030022A3F80624F6
:106CE800CBE72A68217832F821309BB223F4E043BD
:106CF80023F0400383F0200343F4004343F0800370
:106D080022F82130BCE721B9002384F82430134647
:106D18005FE70023236284F824300B4659E73E2BB3
:106D28000DD8590813F0010F00D00131B2F806044C
:106D380080B2890289B20143A2F8061411E0580909
:106D480013F01F0F00D10138B2F8061489B280027F
:106D580080B2014341F40041A2F8061401E0012A7F
:106D680006D09BB262896169286803F0E6FD03E6F4
:106D7800B1F8502011FA82F2217802EBC10299B2DF
:106D8800A2F80614EDE72DE9F04704463EE0038833
:106D98009BB223F4E14323F070036FEA43436FEAA5
:106DA80053439BB203802168B1F85030227CD20053
:106DB80012FA83F30B44B3F80234C3F30903E36212
:106DC800626A1A4462620021204605F0EDF8237BCE
:106DD800E3B1A36AD3B9237B226843F08003A2F806
:106DE8004C300023237311E0B4F8562104F52671C2
:106DF80004F077F82268138823F070031B051B0D35
:106E080043F080031380204605F0BAF82068B0F8F4
:106E1800443013F4004F00F03482B0F844309AB292
:106E280003F00F0513F0080F40F02F82002D75D1E5
:106E380012F0100FABD003889AB213F4006F30D061
:106E4800B0F8503094F85021D20012FA83F303447A
:106E5800B3F80634C3F30903C4F86C31082BC3D064
:106E680003889BB223F4804323F0700383F4805398
:106E780048F280010B430380226813889BB223F4F5
:106E8800E04323F0400383F010030B431380226890
:106E9800138823F070031B051B0D43F08003138038
:106EA800F0E112F4004FB1D0038823F070031B0502
:106EB8001B0D43F0800303802068B0F8503094F82D
:106EC8005021D20012FA83F30344B3F80634C3F313
:106ED8000903C4F86C316BB903889BB223F480436F
:106EE80023F0700383F4405343F4004343F08003DA
:106EF80003808BE7D4F86411002987D0B4F85621B1
:106F080003F0EFFFD4F86431D4F86C211344C4F8CB
:106F180064310021204605F03BF877E7AF0030F8F0
:106F280025309EB213F4004F4DD116F0800F3FF478
:106F38006DAF2A4605EB8501C90010312144206850
:106F4800C35B9BB223F4E14323F070036FEA43432E
:106F58006FEA53439BB2C35305EB850304EBC303AA
:106F6800DB7C012B00F0F58016F4807F40F08481F3
:106F78002068B0F8503005EB850504EBC5052E7C7C
:106F8800F50015FA83F30344B3F80234C3F3090395
:106F9800551C05EB850554F835509D4240F24F814C
:106FA800571C07EB8707ED1A44F83750551C05EBBB
:106FB800850554F83550002D40F04881314620466B
:106FC80004F0F2FF22E730F8253023F070031B05A8
:106FD8001B0D43F0800320F82530A84605EB8509F2
:106FE8004FEAC90909F5A879A14405EB850304EB23
:106FF800C30393F85C31EBBB2068B0F8503005EB65
:10700800850204EBC20292F85021D20012FA83F3EF
:107018000344B3F806A4CAF3090ABAF1000F1DD154
:1070280008EB880304EBC303D3F86C215244C3F87C
:107038006C21D3F868313BB108EB880304EBC30338
:10704800D3F860319A4572D208EB880804EBC80877
:1070580098F85011204604F09BFF66E705EB850180
:1070680004EBC1015346B1F85621D1F8641103F07D
:1070780038FFD5E705EB850304EBC30393F85331D9
:10708800022B34D0216805EB850204EBC20292F88A
:10709800500131F820309BB223F4E04323F0700311
:1070A80043F4004343F0C00321F82030206892F8ED
:1070B800503130F8232012F4804F1FD0B0F8502000
:1070C800DB0013FA82F30344B3F802A4CAF3090AF3
:1070D800BAF1000FA4D005EB850104EBC1015346BA
:1070E800B1F85821D1F8641103F0FBFE98E7324655
:1070F80049462046FFF712FB824691E7B0F8502038
:10710800DB0013FA82F30344B3F806A4CAF3090AAE
:10711800BAF1000F84D005EB850104EBC101534699
:10712800B1F85A21D1F8641103F0DBFE78E708EBD7
:10713800880304EBC303D3F8643108EB880804EB35
:10714800C8085344C8F864314946206803F007FC6E
:10715800EBE66B1C03EB8303DB000021E15005EB3E
:10716800850504EBC5052B7FDBB116F0400F33D046
:107178006B7CFBB92168B1F8503011FA83F3297C94
:1071880003EBC103B3F80214C1F30901A3F8021415
:10719800B3F802146FEA41416FEA514189B2A3F88A
:1071A800021402EB820204EBC202117C204604F0B6
:1071B800FBFE2BE6012BF4D12168B1F8503011FA0F
:1071C80083F302EB820104EBC101097C03EBC103E9
:1071D8000021A3F80214E4E7216802EB820304EB20
:1071E800C3035B7CD3B9B1F8503011FA83F302EBD7
:1071F800820104EBC101097C03EBC103B3F8061457
:10720800C1F30901A3F80614B3F806146FEA414163
:107218006FEA514189B2A3F80614C2E7012BC0D125
:10722800B1F8503011FA83F302EB820104EBC1018B
:10723800097C03EBC1030021A3F80614B1E7551C30
:1072480005EB8505ED0000276751AFE602EB8205E7
:1072580004EBC5056E6A1E446E62013202EB8205BC
:1072680004EBC5056D6802EB820204EBC2022B44F5
:10727800536003F074FBC9E532462046FFF74AFB2A
:10728800C4E500252846BDE8F0870125FAE790F80F
:107298009032012B0CD010B50446012380F89032AF
:1072A8000173006803F034FB002084F8900210BDDD
:1072B8000220704710B50446006803F03AFB10F44A
:1072C800004F23D110F4806F24D110F4804F32D1B5
:1072D80010F4005F39D110F4805F40D110F4006FD2
:1072E80067D110F0800F40F0818010F4007F40F0EB
:1072F800AD8010F4807F27D02268B2F844309BB26A
:1073080023F480739BB2A2F844301DE02046FFF7B7
:107318003AFD19E02268B2F844309BB223F4806346
:107328009BB2A2F84430204604F04FFE00212046CC
:10733800FFF7ADFF08E02268B2F844309BB223F4AF
:1073480080439BB2A2F8443010BD2268B2F84430A2
:107358009BB223F400539BB2A2F84430F4E72268AE
:10736800B2F840309BB223F004039BB2A2F840303D
:107378002268B2F840309BB223F008039BB2A2F80F
:10738800403094F8C832012B0CD0204604F040FE5F
:107398002268B2F844309BB223F480539BB2A2F81F
:1073A8004430D1E7002184F8C812204604F0E8FEF2
:1073B800EBE72268B2F840309BB243F00803A2F82A
:1073C80040302268B2F844309BB223F400639BB289
:1073D800A2F844302268B2F840309BB243F004036C
:1073E800A2F84030204604F003FEADE72268B2F868
:1073F80044309BB223F080039BB2A2F8443094F847
:10740800C832FBB92268B2F840309BB243F004039B
:10741800A2F840302268B2F840309BB243F008032B
:10742800A2F84030012184F8C8122368B3F8543018
:10743800C3F38D0303F03C03C4F8CC32204604F0B8
:107448009FFE81E7204604F0D3FD7DE72268B2F86D
:1074580044309BB223F400739BB2A2F84430204618
:1074680004F0ADFD70E710B50446084611F0800F32
:1074780027D101F0070C0CEB8C01C90001F5A87E9F
:1074880004EB0E010CEB8C0C04EBCC0C4FF0000E53
:107498008CF851E100F007000870C2F30A020A6193
:1074A800CB70022B1DD094F89032012B1CD00123F5
:1074B80084F89032206802F040FE002084F89002A0
:1074C80010BD01F0070C0CEB8C01C90010312144F0
:1074D8000CEB8C0C04EBCC0C4FF0010E8CF811E08B
:1074E800D8E700230B71DEE70220E9E710B5044670
:1074F8000A4611F0800F1FD101F0070000EB80034E
:10750800DB0003F5A873E11800EB800004EBC00072
:10751800002380F8513102F007020A7094F8903283
:10752800012B17D0012384F89032206803F092F8D9
:10753800002084F8900210BD01F0070000EB8003E2
:10754800DB001033E11800EB800004EBC0000123DE
:107558004374E0E70220EEE710B501F0070C0CEBEE
:107568008C01C90001F5A8710CEB8C0E00EBCE0E56
:10757800CEF86421CEF868310024CEF86C418EF83C
:1075880051418EF850C10144006803F0E8F92046E3
:1075980010BD01F0070101EB810100EBC100D0F83B
:1075A8006C01704738B501F0070C0CEB8C01C90071
:1075B80010310CEB8C0E00EBCE0ECEF824200CF123
:1075C800010202EB820440F8343001258EF8345071
:1075D800CEF8303000EBC402002454608EF811500D
:1075E8008EF810C00144006803F0B9F9204638BD90
:1075F8000B4601F00702017991422ED310B50446DB
:1076080013F0800F1DD103EB8301C90001F5A871A8
:10761800014403EB830300EBC303002083F851010B
:1076280001238B700A7094F89032012B17D0012334
:1076380084F89032206803F0F8F8002084F890026B
:1076480010BD02EB8201C9001031014402EB820334
:1076580000EBC30301205874E2E7012070470220C1
:10766800EEE70B46017903F00F02914234D310B5CF
:10767800044613F0800F21D103F0070202EB8201C8
:10768800C90001F5A871014402EB820200EBC202B5
:10769800002082F8510100228A7003F007030B7062
:1076A80094F89032012B19D0012384F89032206885
:1076B80003F0E0F8002084F8900210BD03F0070200
:1076C80002EB8201C9001031014402EB820200EB97
:1076D800C20201205074DEE7012070470220ECE767
:1076E80011F0800F0BD001F0070101EB8101C900F7
:1076F8001031084452B90273C3800020704701EB6F
:107708008101C90001F5A8710844F3E70122027359
:1077180003811B0C4381F0E7034602680121C0F88E
:10772800D012002083F8C802B2F854309BB20B4341
:10773800A2F85430B2F854309BB243F00203A2F8D6
:1077480054307047002836D13E4B1B6803F4C063A1
:10775800B3F5806F08D03B4AD2F8803023F48073A9
:10776800C2F8803000207047364AD2F8803023F4BF
:107778008073C2F88030136823F4C06343F4007345
:107788001360314B1B68322202FB03F32F4AA2FB22
:1077980003239B0C013300E0013B2A4A526912F48F
:1077A800806F01D0002BF7D1264B5B6913F4806FF3
:1077B80044D100207047B0F5007F08D0214A1368F3
:1077C80023F4C06343F480631360002070471D4BAB
:1077D8001B6803F4C063B3F5806F08D0194AD2F868
:1077E800803043F48073C2F8803000207047154A17
:1077F800D2F8803043F48073C2F88030136823F4E1
:10780800C06343F4007313600F4B1B68322202FB02
:1078180003F30E4AA2FB03239B0C013300E0013B58
:10782800084A526912F4806F01D0002BF7D1054B3A
:107838005B6913F4806F03D1002070470320704701
:1078480003207047007000402400002083DE1B43A3
:10785800024A936843F48043936070470070004085
:10786800124BDA6802F00302DB68C3F30313013337
:10787800032A11D00E48B0FBF3F00C4BDB68C3F3BE
:10788800062303FB00F0094BDB68C3F341630133B4
:107898005B00B0FBF3F070470648B0FBF3F0034B16
:1078A800DB68C3F3062303FB00F0ECE7001002409B
:1078B8000024F40040787D01002800F04F8270B564
:1078C80082B00446036813F0010F37D0A44A9368C6
:1078D80003F00C03D26802F003020C2B23D0082B10
:1078E80023D06368B3F5803F4ED0B3F5A02F51D0B5
:1078F8009B4B1A6822F480321A601A6822F480229C
:107908001A606368002B52D0FCF720FB0546944BA5
:107918001B6813F4003F11D1FCF718FB401B6428C7
:10792800F5D9032023E2032AD9D18D4B1B6813F420
:10793800003F03D06368002B00F01282236813F025
:10794800020F5DD0864A936803F00C03D26802F0F8
:1079580003020C2B3AD0042B3AD0E368002B75D0E5
:107968007F4A136843F480731360FCF7EFFA054607
:107978007B4B1B6813F4806F5FD1FCF7E7FA401B61
:107988000228F5D90320F2E1754A136843F48033DD
:107998001360B6E703F18043A3F53C331A6842F459
:1079A80080221A601A6842F480321A60A9E7FCF74C
:1079B800CDFA05466A4B1B6813F4003FBED0FCF7AE
:1079C800C5FA401B6428F5D90320D0E1022AC2D1A8
:1079D800634B1B6813F4806F03D0E368002B00F03F
:1079E800C1815F4A536823F0FE43216943EA01637A
:1079F80053605C4B1868FCF765FA002840F0B481C6
:107A0800236813F0080F4CD063699BB3544AD2F82B
:107A1800943043F00103C2F89430FCF797FA054616
:107A28004F4BD3F8943013F0020F3AD1FCF78EFA8B
:107A3800401B0228F4D9032099E1494A536823F0EE
:107A4800FE43216943EA01635360D9E7444A136856
:107A580023F480731360FCF779FA0546404B1B68E2
:107A680013F4806FCCD0FCF771FA401B0228F5D9CB
:107A780003207CE13A4AD2F8943023F00103C2F89B
:107A88009430FCF763FA0546354BD3F8943013F07D
:107A9800020F06D0FCF75AFA401B0228F4D903203B
:107AA80065E1236813F0040F00F081802C4B9B6D77
:107AB80013F0805F36D12A4B9A6D42F080529A6556
:107AC8009B6D03F080530193019B0125264B1B6896
:107AD80013F4807F28D0A368012B39D0052B45D01B
:107AE8001F4BD3F8902022F00102C3F89020D3F85E
:107AF800902022F00402C3F89020A368002B43D002
:107B0800FCF724FA0646164BD3F8903013F0020F10
:107B18004CD1FCF71BFA801B41F288339842F2D90A
:107B2800032024E10025D1E70F4A136843F480734A
:107B38001360FCF70BFA06460B4B1B6813F4807FA7
:107B4800C9D1FCF703FA801B0228F5D903200EE1FE
:107B5800034AD2F8903043F00103C2F89030CCE7E2
:107B680000100240AC01002000700040884BD3F8A0
:107B7800902042F00402C3F89020D3F8902042F0FD
:107B88000102C3F89020B8E7FCF7E0F90646804BFD
:107B9800D3F8903013F0020F08D0FCF7D7F9801B08
:107BA80041F288339842F2D90320E0E0E5B923682E
:107BB80013F0200F35D0A369E3B1754AD2F8983095
:107BC80043F00103C2F89830FCF7C0F90546704B42
:107BD800D3F8983013F0020F23D1FCF7B7F9401B04
:107BE8000228F4D90320C2E0694A936D23F0805338
:107BF8009365DCE7664AD2F8983023F00103C2F8AF
:107C08009830FCF7A3F90546614BD3F8983013F088
:107C1800020F06D0FCF79AF9401B0228F4D903207A
:107C2800A5E0E369002B00F0A180594A926802F0B0
:107C38000C020C2A64D0022B13D0554A136823F087
:107C480080731360FCF782F90446514B1B6813F0EC
:107C5800007F4ED0FCF77AF9001B0228F5D90320E3
:107C680085E04B4A136823F080731360FCF76EF9C4
:107C78000546474B1B6813F0007F06D0FCF766F9F2
:107C8800401B0228F5D9032071E0414AD3684149D5
:107C98001940236A606A013843EA0013A06A43EA7C
:107CA8000023206B4008013843EA4053606B4008CA
:107CB800013843EA4063E06A43EAC0631943D1608C
:107CC800136843F080731360D36843F08073D36004
:107CD800FCF73CF904462E4B1B6813F0007F06D1D5
:107CE800FCF734F9001B0228F5D903203FE00020F7
:107CF8003DE0274AD168284B0B40D360002036E08E
:107D0800012B36D0224BDB6803F00301226A914233
:107D180031D103F0F002616A0139B2EB011F2CD1B5
:107D280003F4FE42A16AB2EB012F28D103F0784296
:107D3800E16AB2EBC16F24D103F4C001226B52088F
:107D4800013AB1EB425F1ED103F0C063626B520887
:107D5800013AB3EB426F18D1002008E001207047C8
:107D6800012004E0012002E0012000E0002002B030
:107D780070BD0120FBE70120F9E70120F7E70120AA
:107D8800F5E70120F3E70120F1E70120EFE700BF65
:107D9800001002400C809F01FCFFEEFE1E4B9B680A
:107DA80003F00C03042B33D01B4B9B6803F00C032C
:107DB800082B2FD0184B9B6803F00C030C2B01D019
:107DC80000207047144BDA6802F00302DB68C3F343
:107DD80003130133032A11D01048B0FBF3F00E4B04
:107DE800DB68C3F3062303FB00F00B4BDB68C3F32C
:107DF800416301335B00B0FBF3F070470848B0FB08
:107E0800F3F0054BDB68C3F3062303FB00F0ECE754
:107E18000248704702487047001002400024F400EE
:107E280040787D01002800F0E680F8B50C4605464C
:107E3800744B1B6803F00F038B420BD2714A136813
:107E480023F00F030B431360136803F00F038B42F7
:107E580040F0D3802E6816F001065FD06B68032BC4
:107E68002FD0022B4DD0684B1B6813F4806F00F0A5
:107E7800C680FFF793FF654B98424DD9624A9368D5
:107E880023F0F00343F08003936080265E4A9368F2
:107E980023F0030369680B439360FCF757F8074620
:107EA800594B9B6803F00C036A68B3EB820F35D01B
:107EB800FCF74CF8C01B41F288339842F0D90320F4
:107EC80078E0514B1B6813F0007F01D1012071E06D
:107ED800FFF7C6FC4D4B98421AD94B4B9B6813F0E1
:107EE800F00F05D02E6816F00206CFD0AB688BB91C
:107EF800454A936823F0F00343F08003936080269B
:107F0800C4E7414B1B6813F4003FB2D1012051E094
:107F18000026BBE70026B9E70026B7E72B6813F071
:107F2800020F48D013F0040F04D0374A936843F483
:107F3800E06393602B6813F0080F06D0324A936809
:107F480023F47C5343F4E06393602F4A936823F04F
:107F5800F003A9680B4393602A4B1B6803F00F03D7
:107F6800A34230D82B6813F0040F06D0264A936832
:107F780023F4E063E9680B4393602B6813F0080F60
:107F880007D0214A936823F46053296943EAC1035F
:107F98009360FFF703FF1C4B9B68C3F303131C4A52
:107FA800D35C03F01F03D8401A4B18601A4B1868AB
:107FB800FBF788FFF8BD802ECED1134A936823F0D3
:107FC800F0039360C8E70F4A136823F00F032343B5
:107FD8001360FBF7BBFF06460A4B1B6803F00F0351
:107FE800A342BFD0FBF7B2FF801B41F2883398420F
:107FF800F2D90320DEE7012070470120DAE70120EB
:10800800D8E700BF002002400010024000B4C404BA
:10801800B0CB000824000020AC010020014B1868F8
:10802800704700BF2400002008B5FFF7F7FF054B95
:108038009B68C3F30223044AD35C03F01F03D840B0
:1080480008BD00BF00100240A8CB000808B5FFF724
:10805800E5FF054B9B68C3F3C223044AD35C03F0D6
:108068001F03D84008BD00BF00100240A8CB00087D
:10807800024A136843F4002313607047001002405B
:108088007047000008B5064BDB6913F4807F00D108
:1080980008BDFFF7F5FF024B4FF480721A62F7E74D
:1080A80000100240F0B583B00446036813F4002FB3
:1080B8006ED0354B9B6D13F0805F1ED1324B9A6D9D
:1080C80042F080529A659B6D03F080530193019BA7
:1080D80001262E4A136843F480731360FBF736FFBA
:1080E80005462A4B1B6813F4807F08D1FBF72EFF47
:1080F800401B0228F5D9032502E00026E9E7002500
:1081080045BB214BD3F8903013F4407315D0226D42
:108118009A4212D01C4AD2F8903023F44073D2F815
:10812800901041F48031C2F89010D2F8901021F4E8
:108138008031C2F89010C2F8903013F0010F10D1BE
:1081480045B9114AD2F8903023F44073216D0B439E
:10815800C2F89030EEB10C4A936D23F080539365CA
:1081680017E0FBF7F3FE0746074BD3F8903013F000
:10817800020FE5D1FBF7EAFEC01B41F288339842B3
:10818800F2D90325DCE700BF001002400070004070
:108198000025236813F0010F08D09F4AD2F88830D1
:1081A80023F0030361680B43C2F88830236813F097
:1081B800020F08D0984AD2F8883023F00C03A1683F
:1081C8000B43C2F88830236813F0040F08D0924A92
:1081D800D2F8883023F03003E1680B43C2F88830C6
:1081E800236813F0080F08D08B4AD2F8883023F0A0
:1081F800C00321690B43C2F88830236813F0100FBD
:1082080008D0854AD2F8883023F4407361690B435B
:10821800C2F88830236813F0200F08D07E4AD2F8BD
:10822800883023F44063A1690B43C2F8883023687F
:1082380013F0400F08D0784AD2F8883023F440531E
:10824800E1690B43C2F88830236813F0800F08D027
:10825800714AD2F8883023F44043216A0B43C2F8AC
:108268008830236813F4807F08D06B4AD2F88830AE
:1082780023F44033616A0B43C2F88830236813F44F
:10828800003F08D0644AD2F89C3023F00303A16A67
:108298000B43C2F89C30236813F4007F08D05E4A71
:1082A800D2F8883023F44023E16A0B43C2F88830BF
:1082B800236813F4806F0CD0574AD2F8883023F41F
:1082C8004013216B0B43C2F88830236BB3F5801F32
:1082D80079D0236813F4006F0CD04F4AD2F8883055
:1082E80023F44003616B0B43C2F88830636BB3F52A
:1082F800800F6DD0236813F4805F0CD0464AD2F803
:10830800883023F04073A16B0B43C2F88830A36B0D
:10831800B3F1807F61D0236813F4005F0CD03E4A2C
:10832800D2F8883023F04063E16B0B43C2F8883001
:10833800E36BB3F1006F55D0236813F4804F0CD072
:10834800354AD2F8883023F04063216C0B43C2F8D9
:108358008830236CB3F1006F49D0236813F4004FC1
:108368000CD02D4AD2F8883023F04053616C0B436F
:10837800C2F88830636CB3F1805F3DD0236813F492
:10838800803F0CD0244AD2F8883023F04043A16CB7
:108398000B43C2F88830A36CB3F1804F31D0236807
:1083A80013F4802F0CD01C4AD2F89C3023F44013CD
:1083B800E16C0B43C2F89C30E36CB3F5001F25D089
:1083C800284603B0F0BDD36843F48013D36080E738
:1083D800D36843F48013D3608CE7D36843F48013E5
:1083E800D36098E7D36843F48013D360A4E7D368D5
:1083F80043F48013D360B0E7D36843F48033D36089
:10840800BCE7D36843F48033D360C8E7D36843F448
:108418008013D360D4E700BF001002402DE9F04775
:1084280082B00546884617461E46FBF78FFD0A9B15
:108438001B1A03EB0609FBF789FD8246284B1B68CC
:10844800C3F3CB3309FB03F301932B689C6838EA29
:1084580004040CBF01230023BB423DD0B6F1FF3F0B
:10846800F3D0FBF773FDA0EB0A00484503D2019B4C
:1084780073BB9946E9E72A68536823F0E003536021
:108488006B68B3F5827F0BD0AB6AB3F5005F14D08D
:10849800012385F85D30002385F85C3003201CE05B
:1084A800AB68B3F5004F02D0B3F5806FECD12A6802
:1084B800136823F040031360E6E72A68136823F47F
:1084C800005313602A68136843F400531360DFE70E
:1084D800019B013B0193B8E7002002B0BDE8F0879B
:1084E800240000202DE9F04782B006460C461546C8
:1084F8001F4600238DF80330FBF728FD0A9B1B1A43
:1085080003EB0708FBF722FD8146D6F800A0304BA5
:108518001B6803EB8303C3EBC3031B0D08FB03F3C7
:10852800019302E0B7F1FF3F12D133689B6803EA79
:10853800040CAC4547D0B4F5C06FF3D1002DF1D190
:108548009AF80C30DBB28DF803309DF80330E9E778
:10855800FBF7FCFCA0EB0900404503D2019B73BB71
:108568009846E2E73268536823F0E0035360736883
:10857800B3F5827F0BD0B36AB3F5005F14D0012343
:1085880086F85D30002386F85C3003201CE0B36871
:10859800B3F5004F02D0B3F5806FECD132681368A1
:1085A80023F040031360E6E73268136823F40053AE
:1085B80013603268136843F400531360DFE7019BCC
:1085C800013B0193B1E7002002B0BDE8F08700BF8E
:1085D8002400002070B582B004460D46164600926D
:1085E8000B4600224FF4C051FFF77CFFB0B900964C
:1085F8002B46002280212046FFF710FFA8B90096DD
:108608002B4600224FF4C0612046FFF76BFF50B1A4
:10861800236E43F020032366032004E0236E43F017
:1086280020032366032002B070BD236E43F02003AD
:1086380023660320F7E700286FD010B50446436A85
:1086480033B94368B3F5827F05D00023C36102E0E4
:108658000023036143610023A36294F85D30002B7B
:1086680052D0022384F85D302268136823F0400357
:108678001360E368B3F5E06F4CD90022B3F5706F6F
:1086880004D0B3F5E06F01D00023A362636803F45C
:108698008273A16801F404410B43216901F00201CE
:1086A8000B43616901F001010B43A16901F40071F9
:1086B8000B43E16901F038010B43216A01F08001A5
:1086C8000B43A16A01F4005120680B430360638BDC
:1086D80003F00403616A01F010010B43616B01F0C0
:1086E80008010B43E16801F470610B4321681A43E8
:1086F8004A602268D36923F40063D36100202066AE
:10870800012384F85D3010BD84F85C302046FAF708
:1087180085F8A6E74FF48052B0E7012070472DE9AD
:10872800F8430446884691461F46089DFBF70EFC11
:10873800064694F85D30DBB26268012B0AD0B2F5C8
:10874800827F40F05C81A268002A40F05B81042BA4
:1087580040F05A81B8F1000F00F05881B9F1000FCC
:1087680000F05681002F00F0558194F85C30012B01
:1087780000F05281012384F85C3094F85D30DBB25C
:10878800042B02D0052384F85D3000232366C4F847
:108798004090A4F84670A4F84470C4F83880E7877D
:1087A800A787E3642365E368B3F5E06F01D8012F79
:1087B80023D92268536823F48053536023681A68C6
:1087C80012F0400F03D11A6842F040021A60E368C1
:1087D800B3F5E06F5FD963680BB1012F0BD1A26BC2
:1087E80023681288DA60A36B0233A363E38F9BB21A
:1087F800013B9BB2E387012730E02268536843F4CA
:1088080080535360DAE7A26B1288DA60A36B0233F5
:10881800A363E38F9BB2013B9BB2E38700272368E6
:108828009A6812F0010F11D0B4F8462092B26AB1DA
:10883800DA68236C1A80236C02332364B4F8463058
:108848009BB2013B9BB2A4F846300127FBF77EFBA5
:10885800831BAB4202D3B5F1FF3F14D1E38F9BB228
:108868002BB9B4F846309BB2002B00F0B1802368D6
:108878009A6812F0020FD2D0E28F92B2002ACED0BC
:10888800002FCCD0BFE7012384F85D30002384F8A3
:108898005C300320B4E063680BB1012F0FD1E38F84
:1088A8009BB2012B0DD9A26B23681288DA60A36BE7
:1088B8000233A363E38F9BB2023B9BB2E38701279A
:1088C80049E0A26B236812781A73A36B0133A36380
:1088D800E38F9BB2013B9BB2E387F0E7E28F92B252
:1088E800012A0CD9A26B1288DA60A36B0233A36346
:1088F800E38F9BB2023B9BB2E38700273DE0A26B6C
:1089080012781A73A36B0133A363E38F9BB2013B05
:108918009BB2E387002730E02268536843F4805312
:10892800536001270DE0226C1B7B1370236C01330D
:108938002364B4F846309BB2013B9BB2A4F846309E
:108948000127FBF703FB801BA84202D3B5F1FF3FC9
:1089580036D1002D34D0E38F9BB223B9B4F846301A
:108968009BB2002B34D023689A6812F0020F04D00F
:10897800E28F92B20AB1002FB0D123689A6812F040
:10898800010FDED0B4F8462092B2002AD9D0B4F84C
:10899800462092B2012AC6D9DA68236C1A80236C61
:1089A80002332364B4F846309BB2023B9BB2A4F86E
:1089B8004630B4F846309BB2012BADD90127C0E749
:1089C800012384F85D30002384F85C30032017E02D
:1089D800324629462046FFF7FDFD48B9012384F8B1
:1089E8005D30002384F85C30236E4BB1012007E032
:1089F80020232366002384F85C30012000E0022055
:108A0800BDE8F8830220FBE70220F9E70120F7E739
:108A18000120F5E70120F3E70220F1E730B4026A0C
:108A2800036A23F0010303624468836923F48033F3
:108A380023F073030D681D4322F002028B68134371
:108A4800214A904213D002F5006290420FD002F5FD
:108A5800406290420BD002F58062904207D002F546
:108A68008062904203D002F50062904207D1026A08
:108A780022F00402026223F00803CA681343124A70
:108A8800904213D002F5006290420FD002F5406286
:108A980090420BD002F58062904207D002F58062C6
:108AA800904203D002F50062904205D124F440744C
:108AB8004A6922438C691443446085614A68426369
:108AC800036230BC704700BF002C014030B4036A19
:108AD800026A22F4807202624468C26922F4803217
:108AE80022F073020D68154323F400738A6843EA81
:108AF80002231D4A904207D002F50062904203D03B
:108B080002F5E052904208D1026A22F480620262C1
:108B180023F40063CA6843EA0223134A904213D03D
:108B280002F5006290420FD002F5406290420BD0ED
:108B380002F58062904207D002F58062904203D02D
:108B480002F50062904207D124F440544A6944EA8D
:108B580002148A6944EA02144460C5614A68C2631F
:108B6800036230BC704700BF002C014030B4036A78
:108B7800026A22F4805202624468C26922F080725A
:108B880022F4E6420D6842EA052223F400538D6878
:108B980043EA05331C4DA84207D005F50065A842F5
:108BA80003D005F5E055A84208D1056A25F48045AB
:108BB800056223F40043CD6843EA0533124DA84209
:108BC80013D005F50065A8420FD005F54065A84209
:108BD8000BD005F58065A84207D005F58065A84249
:108BE80003D005F50065A84207D124F440444D6937
:108BF80044EA85148D6944EA85144460C2614A6870
:108C08000264036230BC7047002C014030B4036A30
:108C1800026A22F4803202624468026D22F48032D1
:108C280022F070020D68154323F400338A6843EA82
:108C38000243114A904213D002F5006290420FD0CD
:108C480002F5406290420BD002F58062904207D054
:108C580002F58062904203D002F50062904204D18E
:108C680024F480344A6944EA0224446005654A6869
:108C78008264036230BC7047002C014030B4036A40
:108C8800026A22F4801202624468026D22F0807245
:108C980022F4E0420D6842EA052223F400138D68AD
:108CA80043EA0553114DA84213D005F50065A842C3
:108CB8000FD005F54065A8420BD005F58065A842A0
:108CC80007D005F58065A84203D005F50065A842E0
:108CD80004D124F480244D6944EA85244460026563
:108CE8004A68C264036230BC704700BF002C014070
:108CF80090F83D30DBB2012B3AD1022380F83D30A9
:108D08000268D36843F00103D36003681B4A9342A7
:108D180020D0B3F1804F1DD0A2F59432934219D0E0
:108D280002F58062934215D002F58062934211D019
:108D380002F5943293420DD002F54062934209D075
:108D480002F58052934205D01A6842F001021A6077
:108D58000020704799680A4A0A40062A0AD0B2F5E4
:108D6800803F09D01A6842F001021A60002070475B
:108D7800012070470020704700207047002C0140F8
:108D880007000100704770477047704770B5054687
:108D98000368DE681C6914F0020F10D016F0020F89
:108DA8000DD06FF002021A610123037703689B69F3
:108DB80013F0030F7CD0FFF7E6FF00232B7714F0A6
:108DC800040F12D016F0040F0FD02B686FF00402B6
:108DD8001A6102232B772B689B6913F4407F6DD0AF
:108DE8002846FFF7D0FF00232B7714F0080F12D086
:108DF80016F0080F0FD02B686FF008021A610423D1
:108E08002B772B68DB6913F0030F5ED02846FFF73A
:108E1800BAFF00232B7714F0100F12D016F0100FA2
:108E28000FD02B686FF010021A6108232B772B687C
:108E3800DB6913F4407F4FD02846FFF7A4FF0023D7
:108E48002B7714F0010F02D016F0010F4BD114F458
:108E5800025F02D016F0800F4DD114F4807F02D04B
:108E680016F0800F4FD114F0400F02D016F0400FCB
:108E780051D114F0200F02D016F0200F53D114F462
:108E8800801F02D016F4801F55D114F4001F02D0A1
:108E980016F4001F57D114F4800F02D016F4800F77
:108EA80059D114F4000F02D016F4000F5BD170BD35
:108EB800FFF768FF2846FFF767FF7EE72846FFF7BA
:108EC80061FF2846FFF760FF8DE72846FFF75AFF46
:108ED8002846FFF759FF9CE72846FFF753FF284627
:108EE800FFF752FFABE72B686FF001021A612846C3
:108EF800F9F700FBABE72B686FF402521A612846BA
:108F080000F073FBA9E72B686FF480721A6128469A
:108F180000F06CFBA7E72B686FF040021A61284647
:108F2800FFF733FFA5E72B686FF020021A61284688
:108F380000F05AFBA3E72B686FF480121A612846E9
:108F480000F055FBA1E72B686FF400121A61284660
:108F580000F04EFB9FE72B686FF480021A612846E9
:108F680000F047FB9DE72B686FF400021A61284662
:108F780000F040FB9BE700000368384A904216D097
:108F8800B0F1804F13D0A2F5943290420FD002F581
:108F9800806290420BD002F58062904207D002F5C1
:108FA8009432904203D002F5E052904203D123F06C
:108FB80070034A681343294A904222D0B0F1804F87
:108FC8001FD0A2F5943290421BD002F580629042E5
:108FD80017D002F58062904213D002F59432904285
:108FE8000FD002F5406290420BD002F580629042A9
:108FF80007D002F58062904203D002F500629042E9
:1090080003D123F44073CA68134323F080034A69E9
:1090180013438A68C2620A688262104A904213D077
:1090280002F5006290420FD002F5406290420BD0E8
:1090380002F58062904207D002F58062904203D028
:1090480002F50062904201D10A690263026842F0A7
:10905800040202600122426103607047002C014053
:1090680060B310B5044690F83D3013B3022384F87A
:109078003D30214651F8040BFFF77EFF012384F8A9
:10908800483084F83E3084F83F3084F8403084F823
:10909800413084F8423084F8433084F8443084F80E
:1090A800453084F8463084F8473084F83D30002055
:1090B80010BD80F83C30F9F7DBFED7E70120704798
:1090C80060B310B5044690F83D3013B3022384F81A
:1090D8003D30214651F8040BFFF74EFF012384F879
:1090E800483084F83E3084F83F3084F8403084F8C3
:1090F800413084F8423084F8433084F8443084F8AE
:10910800453084F8463084F8473084F83D300020F4
:1091180010BD80F83C30F9F7FBFED7E70120704717
:1091280030B4036A026A22F010020262446882695B
:1091380022F0807222F4E6420D6842EA052223F00A
:1091480020038D6843EA05131C4DA84207D005F596
:109158000065A84203D005F5E055A84208D1056A84
:1091680025F04005056223F08003CD6843EA051326
:10917800124DA84213D005F50065A8420FD005F599
:109188004065A8420BD005F58065A84207D005F5D3
:109198008065A84203D005F50065A84207D124F4EC
:1091A80040644D6944EA85048D6944EA8504446055
:1091B80082614A688263036230BC7047002C0140B8
:1091C80038B590F83C30012B00F0958004460D46E8
:1091D800012380F83C30142A00F28880DFE802F08E
:1091E8000B8686861F868686348686864886868689
:1091F8005D86868671000068FFF710FC2268936917
:1092080043F0080393612268936923F00403936190
:109218002268936929690B439361002067E000681D
:10922800FFF77EFF2268936943F400639361226825
:10923800936923F48063936122689369296943EAF7
:1092480001239361002052E00068FFF73FFC226889
:10925800D36943F00803D3612268D36923F0040378
:10926800D3612268D36929690B43D36100203EE0AA
:109278000068FFF77BFC2268D36943F40063D3617D
:109288002268D36923F48063D3612268D36929698A
:1092980043EA0123D361002029E00068FFF7B6FC08
:1092A8002268136D43F0080313652268136D23F0D9
:1092B800040313652268136D29690B4313650020A5
:1092C80015E00068FFF7DAFC2268136D43F40063C9
:1092D80013652268136D23F4806313652268136D88
:1092E800296943EA01231365002000E001200023D7
:1092F80084F83C3038BD0220FCE701F01F014FF034
:10930800010C0CFA01FC036A23EA0C030362036AEA
:109318008A4013430362704710B5044610293DD8AC
:10932800DFE801F0093C3C3C203C3C3C273C3C3C11
:109338002E3C3C3C350090F83E30DBB2013B18BF78
:109348000123002B40F09B80102900F28680DFE883
:1093580001F02C84848474848484788484847C8458
:109368008484800090F83F30DBB2013B18BF0123B2
:10937800E7E790F84030DBB2013B18BF0123E0E794
:1093880090F84130DBB2013B18BF0123D9E790F8D0
:109398004230DBB2013B18BF0123D2E790F84330DB
:1093A800DBB2013B18BF0123CBE7022384F83E3030
:1093B80001222068FFF7A1FF2368344A934213D0A3
:1093C80002F5006293420FD002F5406293420BD03F
:1093D80002F58062934207D002F58062934203D07F
:1093E80002F50062934203D15A6C42F400425A6477
:1093F8002368264A934234D0B3F1804F31D0A2F586
:10940800943293422DD002F58062934229D002F51E
:109418008062934225D002F59432934221D002F51E
:10942800406293421DD002F58052934219D01A68C7
:1094380042F001021A60002022E0022384F83F3043
:10944800B6E7022384F84030B2E7022384F84130BB
:10945800AEE7022384F84230AAE7022384F84330B7
:10946800A6E799680A4A0A40062A0AD0B2F5803F58
:1094780009D01A6842F001021A60002000E00120B9
:1094880010BD0020FCE70020FAE700BF002C0140D7
:109498000700010090F83C20012A4CD030B4034664
:1094A800012280F83C20022280F83D2000684268B2
:1094B8008468224DA84207D005F50065A84203D06C
:1094C80005F5E055A84203D122F470024D682A43FD
:1094D80022F0007222F070020D682A4342601A6876
:1094E800164882421AD0B2F1804F17D0A0F59430B6
:1094F800824213D000F5806082420FD000F5806070
:1095080082420BD000F59430824207D000F54060CB
:10951800824203D000F58050824204D124F08004B6
:10952800896821439160012283F83D20002083F857
:109538003C0030BC70470220704700BF002C01403F
:1095480090F83C30012B4AD010B40246012380F831
:109558003C30CB6823F440738868034323F480636A
:109568004868034323F400630868034323F48053E3
:109578000869034323F400534869034323F48043F1
:10958800086B034323F47023886943EA004323F0FC
:109598008053C86903431068124CA04207D004F5F1
:1095A8000064A04203D004F5E054A04210D123F493
:1095B80070038C6A43EA045323F080730C6A2343D4
:1095C80023F000734C6A234323F00053C96A0B430A
:1095D8004364002082F83C005DF8044B7047022089
:1095E800704700BF002C01407047704770477047B4
:1095F800704770477047026852E8003F23F0C00385
:1096080042E800310029F6D1026802F1080353E864
:10961800003F23F40003083242E800310029F3D167
:109628002023C0F888307047026852E8003F23F4CE
:10963800907342E800310029F6D1026802F108036C
:1096480053E8003F23F0805323F00103083242E837
:1096580000310029F1D1C36E012B06D02023C0F8B8
:109668008C300023C36643677047026852E8003FA6
:1096780023F0100342E800310029F6D1EEE700009C
:109688001346D0F88820202A3DD110B50446002979
:109698003BD0002B3BD00165A0F85430A0F85630E1
:1096A8000022C0F890202122C0F88820C26FCAB1D9
:1096B8001849D162C26F18491163C26F17495163C3
:1096C800C26F0021916302682832016DC06FFBF7F9
:1096D80015FD38B11023C4F890302023C4F8883021
:1096E80001200FE0236840221A62226802F1080371
:1096F80053E8003F43F08003083242E80031002974
:10970800F3D1002010BD022070470120FAE70120A4
:10971800F8E700BF299700087397000881970008A9
:1097280008B50346806A1B681B6813F0200F18D120
:109738000023A0F85630026802F1080353E8003FFE
:1097480023F08003083242E800310029F3D102688F
:1097580052E8003F43F0400342E800310029F6D1C7
:1097680008BDFAF731FAFBE7704708B5806AFFF7DA
:10977800FBFF08BD7047704738B5846AD4F8882065
:10978800D4F88C5023689B6813F0800F01D0212AED
:1097980010D023689B6813F0400F01D0222D0DD004
:1097A800D4F8903043F01003C4F890302046FAF70C
:1097B800D7F938BD2046FFF71EFFEAE72046FFF736
:1097C80033FFEDE708B50346806A01220267C26EDF
:1097D800012A13D1B0F85C104A08A0F85E201B6873
:1097E8005B689BB2994201D3A0F85E30B0F85E3056
:1097F8009BB2C91A89B2FAF7B1F908BDFFF7BBFFE6
:10980800FBE708B58446806ADCF800301B6813F073
:10981800200F29D10023A0F85E30026852E8003FEB
:1098280023F4807342E800310029F6D1026802F17E
:10983800080353E8003F23F00103083242E80031EF
:109848000029F3D1026802F1080353E8003F23F02E
:109858004003083242E800310029F3D12023C0F840
:109868008C30C36E012B19D000230367C36E012B04
:109878001ED10023A0F85E30DCF800305B689BB294
:10988800B0F85C10994201D9A0F85E30B0F85E30AB
:109898009BB2C91A89B2FAF761F908BD026852E8A1
:1098A800003F23F0100342E800310029F6D1DBE73E
:1098B800FFF760FFF1E7000070B5044601688368B0
:1098C8000269134342691343C26913430868964AFD
:1098D80002401A430A602268536823F44053E1683F
:1098E8000B435360A1692268904B9A4201D0236AC6
:1098F8001943936823F06E4323F430630B4393605A
:109908002268D36A23F00F03616A0B43D36223688A
:10991800874A934210D0874A934221D0864A93427D
:1099280037D0864A93425CD0854A93426BD07F4AAF
:1099380093427DD010223AE002F55842D2F88820AE
:1099480002F00302032A09D8DFE802F002048706BE
:1099580001222CE004222AE0082228E0102226E036
:1099680002F5E632D2F8882002F00C020C2A0ED852
:10997800DFE802F0070D0D0D090D0D0D750D0D0D2C
:109988000B00002213E0042211E008220FE010224D
:109998000DE002F5E432D2F8882002F03002202AE5
:1099A8005FD01AD8002A5ED0102A5ED104225F49FF
:1099B8008B4276D0E069B0F5004F00F0C980082AE4
:1099C80000F23481DFE812F0F7001901F5003201E6
:1099D8001C013201320132011F01302A47D108220D
:1099E800E5E702F5E232D2F8882002F0C002802AC8
:1099F8003FD004D8FAB3402A3FD10422D7E7C02A7F
:109A08003DD10822D3E702F5E032D2F8882002F4EB
:109A18004072B2F5007F34D005D8A2B3B2F5807F8A
:109A280033D10422C3E7B2F5407F30D10822BEE724
:109A380002F5C832D2F8882002F44062B2F5006F0D
:109A480027D005D83AB3B2F5806F26D10422AEE705
:109A5800B2F5406F23D10822A9E70222A7E7022224
:109A6800A5E70222A3E70022A1E710229FE7102220
:109A78009DE702229BE7002299E7102297E7102230
:109A880095E7022293E7002291E710228FE7102240
:109A98008DE702228BE7002289E7102287E7102250
:109AA80085E7082A00F2B280DFE802F008B03BB090
:109AB80038B0B0B005004FF4004004E0FEF7B4FA47
:109AC800002800F0A580626A1E4B33F81220B0FB14
:109AD800F2F3656805EB4501994200F29B80B3EB10
:109AE800053F00F29980002633463146F6F7AEFF6F
:109AF800090241EA106100026B08C0182A46334681
:109B080041F10001F6F7A2FFA0F540720E4B9A4210
:109B180000F284802368D860304665E0FEF73EF99D
:109B2800CEE70A48CFE700BFF369FFCF00800040C7
:109B3800003801400044004000480040004C00400C
:109B480000500040C0CB0008FFFC0F000024F400C8
:109B5800082A65D8DFE802F0072705642A646464E8
:109B68000B00354803E0FEF75FFA00285AD0626A16
:109B7800324B33F81230B0FBF3F06268530803EB52
:109B88004003B3FBF2F3A3F110014FF6EF729142D9
:109B98004AD89AB222F00F02C3F342031343226851
:109BA800D360002020E0FEF751FADEE7FEF7F6F872
:109BB800DBE7214803E0FEF737FA002838D0626A6D
:109BC8001E4B33F81230B0FBF3F0636800EB530020
:109BD800B0FBF3F0A0F110024FF6EF739A4229D8C8
:109BE800236880B2D86000200123A4F86A30A4F862
:109BF800683000236367A36770BDFEF727FADCE7C8
:109C0800FEF7CCF8D9E74FF40040D8E70120EBE79E
:109C18000020E9E70120E7E70120E5E70120E3E785
:109C28000120E1E70020DFE70120DDE70120DBE795
:109C38000020D9E70120D7E70024F400C0CB0008B2
:109C4800836A13F0080F06D00268536823F40043B0
:109C5800816B0B435360836A13F0010F06D00268CF
:109C6800536823F40033C16A0B435360836A13F0CB
:109C7800020F06D00268536823F48033016B0B434C
:109C88005360836A13F0040F06D00268536823F404
:109C98008023416B0B435360836A13F0100F06D087
:109CA8000268936823F48053C16B0B439360836A03
:109CB80013F0200F06D00268936823F40053016C58
:109CC8000B439360836A13F0400F0AD0026853680D
:109CD80023F48013416C0B435360436CB3F5801F2E
:109CE8000BD0836A13F0800F06D00268536823F400
:109CF8000023C16C0B43536070470268536823F418
:109D0800C003816C0B435360EBE72DE9F84305462C
:109D18000E4617469946DDF820802B68DC6936EA3E
:109D280004040CBF01240024BC4236D1B8F1FF3F23
:109D3800F3D0FAF70BF9A0EB0900404530D8B8F199
:109D4800000F2FD02B681A6812F0040FE5D0802E70
:109D5800E3D0402EE1D0DA6912F0080F11D1DA69A8
:109D680012F4006FD9D04FF400621A622846FFF748
:109D78005BFC2023C5F89030002385F8843003204D
:109D88000CE008241C622846FFF74EFCC5F89040FA
:109D9800002385F88430012000E00020BDE8F88326
:109DA8000320FBE70320F9E730B583B0044600231E
:109DB800C0F89030FAF7CAF805462268126812F01F
:109DC800080F10D123681B6813F0040F28D1202333
:109DD800C4F88830C4F88C300020E066206784F826
:109DE800840003B030BD6FF07E4300930346002229
:109DF8004FF400112046FFF788FF0028E2D02268C0
:109E080052E8003F23F0800342E800310029F6D1F0
:109E18002023C4F88830002384F884300320E0E746
:109E28006FF07E4300932B4600224FF480012046BA
:109E3800FFF76BFF0028CAD0226852E8003F23F4DE
:109E4800907342E800310029F6D1226802F1080334
:109E580053E8003F23F00103083242E800310029AB
:109E6800F3D12023C4F88C30002384F884300320F5
:109E7800B7E778B310B50446D0F888300BB324237D
:109E8800C4F888302268136823F001031360A36ABA
:109E9800E3B92046FFF710FD012811D02268536866
:109EA80023F4904353602268936823F02A03936055
:109EB8002268136843F0010313602046FFF774FF1C
:109EC80010BD80F88430F9F7FBFED8E72046FFF78D
:109ED800B7FEDEE70120704710B5044613468165DA
:109EE800A0F85C200022C0F890202222C0F88C2024
:109EF800D0F88020AAB12149D162D0F88020204929
:109F08001163D0F880201F495163D0F880200021C8
:109F180091630168826D2431D0F88000FBF7EEF878
:109F280020BB236943B1226852E8003F43F48073A1
:109F380042E800310029F6D1226802F1080353E80B
:109F4800003F43F00103083242E800310029F3D111
:109F5800226802F1080353E8003F43F04003083247
:109F680042E800310029F3D1002010BD1023C4F8C5
:109F780090302023C4F88C300120F6E70B980008B5
:109F8800CD9700088197000838B5D0F88C30202B81
:109F980017D1C1B1CAB10023C36603680C4CA342F0
:109FA8000CD05B6813F4000F08D0046854E8003F35
:109FB80043F0806344E80035002DF6D1FFF78CFFAD
:109FC80000E0022038BD0120FCE70120FAE700BFCD
:109FD80000800040436E2BB90123A0F86A30A0F836
:109FE8006830704730B403689A68C2F3426299686F
:109FF800490F094D6B5CDB00084C615C93FBF1F386
:10A00800A0F86A30AB5CDB00A25C93FBF2F3A0F82B
:10A01800683030BC704700BFE0CB0008D8CB0008E0
:10A0280090F88430012B18D0012380F88430242341
:10A03800C0F8883003681A68196821F001011960AE
:10A0480022F000520023436601680A602022C0F80B
:10A05800882080F88430184670470220704738B549
:10A0680090F88430012B1DD00446012380F88430F9
:10A078002423C0F8883003681D681A6822F001029A
:10A088001A600268936823F0604319439160FFF7F0
:10A09800A1FF23681D602023C4F88830002084F8BD
:10A0A800840038BD0220FCE738B590F88430012BD5
:10A0B8001DD00446012380F884302423C0F888305A
:10A0C80003681D681A6822F001021A600268936822
:10A0D80023F0606319439160FFF77CFF23681D60DC
:10A0E8002023C4F88830002084F8840038BD02207A
:10A0F800FCE703460020A3F844004BF68072A3F85F
:10A1080040207047B0F8403023F47E535B045B0C6A
:10A11800A0F840300020704782B0034602A800E94A
:10A1280006000122A3F840200020A3F84000A3F86D
:10A138004400A3F8500002B0704710B5034691F8E8
:10A1480000C030F82C2092B222F4EC4222F07002C7
:10A1580092B2C878032861D8DFE800F0555C02584D
:10A16800002048F2800E42EA0E0223F82C2091F8D3
:10A1780000C033F82C2092B222F4E04222F07002A0
:10A188004CEA020242EA0E0223F82C200A7B002A3B
:10A1980040F0DC804A78002A51D0B3F8502013FAF6
:10A1A80082F20C7802EBC402B1F806C04FEA5C0CEC
:10A1B8004FEA4C0CA2F800C40C7833F8242012F0B3
:10A1C800400F0CD033F8242092B222F4E04222F05F
:10A1D800700242F4004242F0C00223F82420CA78F8
:10A1E800012A1DD0097833F8212092B222F4E042E6
:10A1F80022F0400282F0200242F4004242F0800243
:10A2080023F82120C3E142F40072AAE742F4C062B5
:10A218000020A6E742F480620020A2E70120A0E720
:10A22800097833F8212092B222F4E04222F0400269
:10A2380042F4004242F0800223F82120A7E1B3F85B
:10A24800502013FA82F20C7802EBC402B1F806C06F
:10A258004FEA5C0C4FEA4C0CA2F804C4B3F8502047
:10A2680013FA82F20C7802EBC402B2F806C4CCF3FB
:10A27800090CA2F806C40C6974BBB2F806C46FEAEC
:10A288004C4C6FEA5C4C1FFA8CFCA2F806C40C78A4
:10A2980033F8242012F4804F0CD033F8242092B2E3
:10A2A80022F4E04222F0700242F4404242F080027E
:10A2B80023F824200978C9BB33F8212092B222F46C
:10A2C800804222F0700282F4405242F4004242F08E
:10A2D800800223F821205AE13E2C12D84FEA540C70
:10A2E80014F0010F01D00CF1010CB2F80644A4B22D
:10A2F8004FEA8C2C1FFA8CFC44EA0C04A2F80644A2
:10A30800C5E74FEA541C14F01F0F01D10CF1FF3CB4
:10A31800B2F80644A4B24FEA8C2C1FFA8CFC44EA2B
:10A328000C0444F40044A2F80644B0E733F82120B2
:10A3380092B222F4804222F0700282F4005242F477
:10A34800004242F0800223F8212020E1CA78022A44
:10A3580074D091F800C033F82C2092B222F4E24273
:10A3680022F0700242F4004242F0800223F82C20CE
:10A37800B3F8502013FA82F291F800C002EBCC0235
:10A38800B1F808C04FEA5C0C4FEA4C0CA2F800C4C4
:10A39800B3F8502013FA82F291F800C002EBCC0215
:10A3A800B1F80AC04FEA5C0C4FEA4C0CA2F804C49E
:10A3B8004A78002A40F0F7800C7833F8242012F409
:10A3C800804F0CD033F8242092B222F4E04222F0DD
:10A3D800700242F4404242F0800223F824200C78B4
:10A3E80033F8242012F0400F0CD033F8242092B216
:10A3F80022F4E04222F0700242F4004242F0C0022D
:10A4080023F824204A78002A51D1B3F8502013FAAF
:10A4180082F20C7802EBC402B2F80244C4F30904D5
:10A42800A2F802440C69C4B9B2F802446FEA444481
:10A438006FEA5444A4B2A2F802443AE00C7833F824
:10A44800242092B222F4E04222F0700242F4014247
:10A4580042F0800223F824208AE73E2C12D84FEAE3
:10A46800540C14F0010F01D00CF1010CB2F80244A5
:10A47800A4B24FEA8C2C1FFA8CFC44EA0C04A2F814
:10A48800024416E04FEA541C14F01F0F01D10CF1DE
:10A49800FF3CB2F80244A4B24FEA8C2C1FFA8CFCA1
:10A4A80044EA0C0444F40044A2F8024401E0012AFE
:10A4B8001BD04A78002A4DD1B3F8502013FA82F203
:10A4C8000C7802EBC402B2F80644C4F30904A2F8FB
:10A4D80006440C69A4B9B2F806446FEA44446FEA2A
:10A4E8005444A4B2A2F8064436E0B3F8502013FA54
:10A4F80082F20C7802EBC4020C8AA2F80244D8E774
:10A508003E2C12D84FEA540C14F0010F01D00CF174
:10A51800010CB2F80644A4B24FEA8C2C1FFA8CFC4A
:10A5280044EA0C04A2F8064416E04FEA541C14F05E
:10A538001F0F01D10CF1FF3CB2F80644A4B24FEA58
:10A548008C2C1FFA8CFC44EA0C0444F40044A2F856
:10A55800064401E0012A1BD091F800C033F82C20F2
:10A5680092B222F4804222F0700282F4405248F201
:10A578008004224323F82C20097833F8212092B252
:10A5880022F4E04222F04002224323F8212010BDA9
:10A59800B3F8502013FA82F20C7802EBC4020C8A4A
:10A5A800A2F80644D8E70C7833F8242012F4804F38
:10A5B8000CD033F8242092B222F4E04222F0700248
:10A5C80042F4404242F0800223F824200C7833F809
:10A5D800242012F0400F0CD033F8242092B222F439
:10A5E800E04222F0700242F4004242F0C00223F836
:10A5F8002420CA78012A1ED00C7833F8242092B27D
:10A6080022F4E04222F0400282F0200242F40042AA
:10A6180042F0800223F82420097833F8212092B2EE
:10A6280022F4804222F0700242F4004242F080029A
:10A6380023F82120ABE70C7833F8242092B222F4D7
:10A64800E04222F0400242F4004242F0800223F845
:10A658002420E1E70B7B002B46D14B7813B30A7813
:10A6680030F8223013F0400F0CD030F822309BB273
:10A6780023F4E04323F0700343F4004343F0C003A2
:10A6880020F822300A7830F822309BB223F4E043D5
:10A6980023F0400343F4004343F0800320F82230C2
:10A6A800002070470A7830F8223013F4804F0CD01D
:10A6B80030F822309BB223F4E04323F0700343F4D4
:10A6C800404343F0800320F822300A7830F82230E3
:10A6D8009BB223F4804323F0700343F4004343F018
:10A6E800800320F82230DBE74B78002B4ED10A7824
:10A6F80030F8223013F4804F0CD030F822309BB25F
:10A7080023F4E04323F0700343F4404343F0800311
:10A7180020F822300A7830F8223013F0400F0CD09D
:10A7280030F822309BB223F4E04323F0700343F463
:10A73800004343F0C00320F822300A7830F8223072
:10A748009BB223F4E04323F0700343F4004343F047
:10A75800C00320F822300A7830F822309BB223F464
:10A76800804323F0700348F2800C43EA0C0320F87E
:10A7780022300A7830F822309BB223F4E04323F0E9
:10A78800400343EA0C0320F8223089E70A7830F8BE
:10A79800223013F4804F0CD030F822309BB223F4CF
:10A7A800E04323F0700343F4404343F0800320F870
:10A7B80022300A7830F8223013F0400F0CD030F8ED
:10A7C80022309BB223F4E04323F0700343F40043A8
:10A7D80043F0C00320F822300A7830F822309BB2C8
:10A7E80023F4E04323F0700343F4404343F0800331
:10A7F80020F822300A7830F822309BB223F4E04364
:10A8080023F0400348F2800C43EA0C0320F822307E
:10A818000A7830F822309BB223F4804323F0700387
:10A8280043EA0C0320F822303AE74B788BB10A78D8
:10A8380030F822309BB223F4E04323F0400383F046
:10A84800100343F4004343F0800320F82230002033
:10A8580070470A7830F822309BB223F4804323F003
:10A86800700383F4805343F4004343F0800320F8DB
:10A878002230ECE74B7833B30A7830F8223013F003
:10A88800400F0CD030F822309BB223F4E04323F081
:10A89800700343F4004343F0C00320F82230CB7820
:10A8A800012B33D00A7830F822309BB223F4E043EE
:10A8B80023F0400383F0200343F4004343F0800374
:10A8C80020F8223022E00A7830F8223013F4804F42
:10A8D8000CD030F822309BB223F4E04323F070030D
:10A8E80043F4404343F0800320F822300A7830F8DC
:10A8F80022309BB223F4804323F0700383F4405347
:10A9080043F4004343F0800320F8223000207047CE
:10A9180011B98023A0F84C3000207047B0F85830A7
:10A928006FEA43436FEA53439BB2A0F858300020C4
:10A938007047B0F8440080B2704701335B080244A6
:10A9480002F5806208E0087891F801C040EA0C201E
:10A9580022F8020B0231013B002BF4D1704770B58D
:10A9680005460C464B78012B1AD00B7B002B40F088
:10A9780092828B69002B40F06582CB78002B40F0E7
:10A9880061820A7830F822309BB223F4E04323F046
:10A99800700343F4014343F0800320F822305FE260
:10A9A8008E690A69964200D91646217B41B3E1783F
:10A9B800022947D0226A921B2262227835F8221097
:10A9C80011F0400F00F0F681002B40F0E381B5F85C
:10A9D800503015FA83F303EBC202B2F80634C3F31E
:10A9E8000903A2F80634002E40F0B481B2F8063408
:10A9F8006FEA43436FEA53439BB2A2F80634D2E1AD
:10AA0800B6B23346E28861692846FFF796FFB5F883
:10AA1800503015FA83F3227803EBC203A3F80264DB
:10AA2800227835F822309BB223F4E04323F0400328
:10AA380083F0300343F4004343F0800325F82230C9
:10AA4800002024E2236A9A4280F06681227835F851
:10AA580022309BB223F4E04323F0700343F4014314
:10AA680043F0800325F82230236A9B1B2362237856
:10AA780035F8232012F0400F00F0A7806278B2BBAF
:10AA8800B5F8502015FA82F202EBC303B3F8062496
:10AA9800C2F30902A3F806244EB9B3F806246FEAF4
:10AAA80042426FEA524292B2A3F8062421E03E2EB7
:10AAB8000DD8720816F0010F00D00132B3F8061451
:10AAC80089B2920292B20A43A3F8062411E07109EE
:10AAD80016F01F0F00D10139B3F8062492B289028B
:10AAE80089B20A4342F40042A3F8062401E0012A8D
:10AAF80029D0B3B2628961692846FFF71EFF6369EE
:10AB080033446361236A2269934226D99B1B2362DB
:10AB18006378002B45D1B5F8503015FA83F32278C5
:10AB280003EBC203B3F80224C2F30902A3F8022418
:10AB3800BEB9B3F802246FEA42426FEA524292B2B7
:10AB4800A3F802242FE0B5F8502015FA82F202EBA0
:10AB5800C303B2B2A3F80624CBE7002222621E4642
:10AB6800D6E73E2E0DD8720816F0010F00D001323C
:10AB7800B3F8021489B2920292B20A43A3F80224EB
:10AB880011E0710916F01F0F00D10139B3F8022442
:10AB980092B2890289B20A4342F40042A3F802241D
:10ABA80001E0012B06D0B3B2228961692846FFF77C
:10ABB800C4FE35E7B5F8503015FA83F3227803EB75
:10ABC800C203B2B2A3F80224EDE76278B2BBB5F8CB
:10ABD800502015FA82F202EBC303B3F80224C2F341
:10ABE8000902A3F802244EB9B3F802246FEA4242DC
:10ABF8006FEA524292B2A3F8022421E03E2E0DD809
:10AC0800720816F0010F00D00132B3F8021489B2AD
:10AC1800920292B20A43A3F8022411E0710916F0D5
:10AC28001F0F00D10139B3F8022492B2890289B208
:10AC38000A4342F40042A3F8022401E0012A29D081
:10AC4800B3B2228961692846FFF777FE6369334406
:10AC58006361236A2269934226D99B1B2362637826
:10AC6800002B45D1B5F8503015FA83F3227803EB61
:10AC7800C203B3F80624C2F30902A3F80624BEB936
:10AC8800B3F806246FEA42426FEA524292B2A3F83E
:10AC980006242FE0B5F8502015FA82F202EBC30320
:10ACA800B2B2A3F80224CBE7002222621E46D6E7FE
:10ACB8003E2E0DD8720816F0010F00D00132B3F8FD
:10ACC800061489B2920292B20A43A3F8062411E04C
:10ACD800710916F01F0F00D10139B3F8062492B29A
:10ACE800890289B20A4342F40042A3F8062401E02B
:10ACF800012B06D0B3B2628961692846FFF71DFEB1
:10AD08008EE6B5F8503015FA83F3227803EBC203C8
:10AD1800B2B2A3F80624EDE7217835F8212092B2E3
:10AD280022F4E24222F0700242F4004242F0800231
:10AD380025F82120B5F8502015FA82F2217802EB87
:10AD4800C1029BB2A2F80234228961692846FFF742
:10AD5800F4FD65E63E2E0DD8730816F0010F00D0FD
:10AD68000133B2F8061489B29B029BB20B43A2F8D6
:10AD7800063418E0710916F01F0F00D10139B2F836
:10AD880006349BB2890289B20B4343F40043A2F80C
:10AD9800063408E0B5F8503015FA83F303EBC20324
:10ADA800B2B2A3F80624B3B2628961692846FFF7F4
:10ADB800C4FD35E6B3BBB5F8503015FA83F303EBA1
:10ADC800C202B2F80234C3F30903A2F802344EB93E
:10ADD800B2F802346FEA43436FEA53439BB2A2F8D6
:10ADE800023428E03E2E0DD8730816F0010F00D06B
:10ADF8000133B2F8021489B29B029BB20B43A2F84A
:10AE0800023418E0710916F01F0F00D10139B2F8A9
:10AE180002349BB2890289B20B4343F40043A2F87F
:10AE2800023408E0B5F8503015FA83F303EBC20397
:10AE3800B2B2A3F80224B3B2228961692846FFF7A7
:10AE48007CFDEDE5227835F822309BB223F4E2430D
:10AE580023F0700343F4004343F0800325F82230C5
:10AE6800A3692269934213D99B1AA361227835F802
:10AE780022309BB223F4804323F0700383F44053C1
:10AE880043F4004343F0800325F82230002070BDCE
:10AE98000023A361EAE7CB78022B04D0012B1ED153
:10AEA80000238B61E2E7CB69002BDFD00A7830F80A
:10AEB800221044F2400303EA01008B4301D000282A
:10AEC800D4D135F822309BB223F4E04323F0700349
:10AED80043F4004343F0C00325F82230C6E70120BD
:10AEE800D5E710B45C08024402F5806207E032F846
:10AEF800020B0870C0F3072048700231013C002C97
:10AF0800F5D113F0010F01D013880B705DF8044BD5
:10AF1800704710B5D0F8BC4284B1D0F8C0327BB1CC
:10AF280094F80002FF280DD09B6894F8012221466E
:10AF38009847FF2384F80032002010BD0320FCE767
:10AF48000020FAE70020F8E7432303800048704711
:10AF5800F401002043230380004870473802002092
:10AF68004323038000487047B00100200A23038070
:10AF780000487047B402002038B5D0F8BC5275B10B
:10AF8800044601F0F6F8C5F80C02D4F8C032DB68C4
:10AF980005F50371D5F804029847002038BD032051
:10AFA800FCE710B5D0F8C442D0F8BC3253B301EB7B
:10AFB800810200EB820292694AB101EB810C04EB39
:10AFC800CC04246AB2FBF4FC04FB1C2272B10022FC
:10AFD800C3F81422D0F8C0221469ACB10A4603F5AC
:10AFE8000471D3F80802A047002010BD01EB8103CB
:10AFF80000EB830300249C612346224601F0A9F854
:10B008002046F2E70320F0E70020EEE7F0B583B032
:10B01800D0F8BC6200238DF80730ADF80430002E5C
:10B028006CD007460C460B7813F060052AD0202D0B
:10B038005ED1CA88F2B113F0800F0FD0D0F8C032B9
:10B048009B68314660789847E288072A28BF07221C
:10B058003146384600F0ECFD00254CE04B7886F888
:10B0680000328B7986F80132CA88314600F0F5FD46
:10B07800002540E0D0F8C0329B6800224878984705
:10B08800002538E04E780B2E2ED8DFE806F006347F
:10B098002D2D2D2D2D2D2D2D152490F89C32DBB224
:10B0A800032B03D000F08AFA032524E0022201A929
:10B0B80000F0BEFD35461EE090F89C32DBB2032B53
:10B0C80003D000F07BFA032515E001220DF10701FA
:10B0D80000F0AEFD0FE090F89C32DBB2032B0AD0F3
:10B0E80000F06CFA032506E000F068FA032502E098
:10B0F80000F064FA0325284603B0F0BD0325FAE7FB
:10B1080038B50446812100F0EEFF0025258701218E
:10B11800204600F0E8FFA4F878518221204600F08C
:10B12800E2FFA4F84C50A4F84E50D4F8BC324BB10E
:10B13800D4F8C0325B689847D4F8BC0201F048F8EC
:10B14800C4F8BC52002038BD70B504464FF40770EF
:10B1580001F03AF8B8B30646C4F8BC02237CBBBB7E
:10B168004FF4007302228121204600F0B1FF01252F
:10B1780025874FF4007302222946204600F0A8FFD5
:10B18800A4F878511023A4F84E3008230322822112
:10B19800204600F09DFF0123A4F84C30D4F8C032BB
:10B1A8001B6898470023C6F81432C6F81832257C65
:10B1B80015BB4FF40073D6F804220121204600F095
:10B1C800D0FF284670BD0023C4F8BC320225F8E73A
:10B1D800402302228121204600F07AFF012525879D
:10B1E800402302222946204600F072FFA4F8785135
:10B1F8001023A4F84E30C8E74023D6F804220121D2
:10B20800204600F0AEFF0025DBE719B1C0F8C012F8
:10B218000020704703207047D0F8BC322BB1C3F828
:10B228000812C3F810220020704703207047D0F896
:10B23800BC321BB1C3F804120020704703207047CA
:10B24800D0F8BC2292B108B5D2F814320BB1012063
:10B2580008BD0123C2F81432D2F81032C362D2F802
:10B268000822812100F075FF0020F1E703207047D4
:10B2780010B5D0F8BC2292B1047C44B94FF40073E5
:10B28800D2F80422012100F06CFF204610BD4023B3
:10B29800D2F80422012100F064FF0024F5E703241A
:10B2A800F3E798B108B503460020C3F8B802C3F81D
:10B2B800C002C3F8CC0209B1C3F8B412012183F863
:10B2C8009C121A70184600F0B7FE08BD032070479C
:10B2D80010B582B00023ADF8063061B10446C0F85D
:10B2E800B812CB6A4BB10DF106009847C4F8CC02EE
:10B2F800002002B010BD0320FBE70020F9E708B5E5
:10B3080000F0DEFE08BD08B5D0F8B83213B11B68EE
:10B31800984708BD0320FCE708B5D0F8B8320BB150
:10B328005B689847002008BD38B5044600F2AA2596
:10B33800284600F02FF90123C4F89432B4F8B0324B
:10B34800C4F8983294F8AA1201F01F03012B0DD00B
:10B35800022B10D02BB101F08001204600F0CBFE6B
:10B3680003E02946204600F0E4FA38BD2946204685
:10B3780000F017FBF9E72946204600F046FBF4E702
:10B3880038B504460D4641BB1346D0F89422032A2B
:10B3980001D0084638BDD0F85C11D0F86021914240
:10B3A80009D890F89C32DBB2032B0FD0204600F06E
:10B3B8006BFC2846EEE7891AC0F85C118A4228BF60
:10B3C8000A46194600F058FC2846E3E7D0F8B83298
:10B3D8001B69002BEAD09847E8E790F89C32DBB26B
:10B3E800032B01D00020D5E7D0F8B8329B690BB108
:10B3F8009847CFE70020CDE738B504460D46002929
:10B408004AD11346D0F89422022A05D094F8A032E3
:10B41800012B3CD0284638BDC269016A8A420ED841
:10B428008A4218D094F89C32DBB2032B27D08021B3
:10B43800204600F060FE204600F031FCE6E7521A94
:10B44800C261194600F001FC00231A46194620463D
:10B4580000F087FEDAE783699942E3D8D0F89822AA
:10B468009342DFD20022114600F0EFFB0021C4F81E
:10B4780098120B460A46204600F073FEC6E7D4F839
:10B48800B832DB68002BD2D020469847CFE700239C
:10B4980084F8A0322846BEE790F89C32DBB2032B32
:10B4A80001D00020B7E7D0F8B8325B690BB19847F4
:10B4B800B1E70020AFE7012380F89C320023C0F8F1
:10B4C80094324360C0F8A432D0F8B832F3B170B502
:10B4D8000446D0F8BC221AB15B680BB1002198472A
:10B4E800402300221146204600F0F2FD0126A4F870
:10B4F80064614025C4F860512B4600228021204613
:10B5080000F0E6FDA6842562002070BD0320704788
:10B5180001740020704790F89C32DBB280F89D32AD
:10B52800042380F89C320020704790F89C32DBB2EC
:10B53800042B01D00020704790F89D32DBB280F8D0
:10B548009C32F7E7D0F8B82262B108B590F89C327F
:10B55800DBB2032B01D0002008BDD36923B1984783
:10B568000020F9E7032070470020F5E70346002094
:10B5780002E00130C0B201331A78002AF9D17047CD
:10B5880008B54B88012B00D008BDC0F8A43200F0E4
:10B598007BFBF9E70B7803704B7843708B78CA789C
:10B5A80043EA022343800B794A7943EA02238380E2
:10B5B8008B79CA7943EA0223C380704710B50446E1
:10B5C800802100F098FD0021204600F094FD10BD78
:10B5D80030B583B004460D460023ADF806304A88DE
:10B5E800130A013B0E2B00F2BC80DFE803F0153094
:10B5F80044BABA9EABBABABABABABABA0800D0F85C
:10B60800B432DB6923B10DF10601007C98470AE0EA
:10B618002946FFF7D3FF18E0D0F8B4321B680DF1C4
:10B628000601007C9847EA88002A00F0A380BDF84C
:10B638000630002B00F099809A4228BF1A46ADF8D0
:10B6480006200146204600F0F3FA03B030BD037C23
:10B6580043B9D0F8B8329B6A0DF106009847022327
:10B668004370E0E7D0F8B832DB6A0DF1060098477E
:10B6780002234370D7E7D2B2052A52D8DFE802F096
:10B6880003101D2A3744D0F8B4325B6823B10DF19A
:10B698000601007C9847C6E72946FFF78FFFD4E7E5
:10B6A800D0F8B4329B6823B10DF10601007C9847AD
:10B6B800B9E72946FFF782FFC7E7D0F8B432DB685D
:10B6C80023B10DF10601007C9847ACE72946FFF746
:10B6D80075FFBAE7D0F8B4321B6923B10DF1060142
:10B6E800007C98479FE72946FFF768FFADE7D0F849
:10B6F800B4325B6923B10DF10601007C984792E7EB
:10B708002946FFF75BFFA0E7D0F8B4329B6923B165
:10B718000DF10601007C984785E72946FFF74EFFA3
:10B7280093E72946FFF74AFF8FE7037C33B9D0F840
:10B73800B8325B6B0DF10600984774E72946FFF7AE
:10B748003DFF82E7037C43B9D0F8B8321B6B0DF19B
:10B75800060098470723437065E72946FFF72EFF41
:10B7680073E72946FFF72AFF6FE729462046FFF7C8
:10B7780025FF6AE7204600F087FA66E738B50446F1
:10B788008B88FBB9CB88EBB94B887F2B1AD803F091
:10B798007F0590F89C32DBB2032B0CD080F89E52C8
:10B7A800294600F0CEFC204600F06EFA35B102239F
:10B7B80084F89C3209E0FFF701FF06E0012384F8D2
:10B7C8009C3202E02046FFF7F9FE38BD70B504460A
:10B7D8000E468D782E4B1D70012D10D890F89C3296
:10B7E800DBB2022B0FD0032B23D0FFF7E7FE284B49
:10B7F80019782046FFF790FD0325284670BDFFF70E
:10B80800DDFE0325F9E78DB145602946FFF77BFD8D
:10B81800054620B131462046FFF7D0FEEDE7204629
:10B8280000F032FA032384F89C32E6E700F02CFAA1
:10B83800E3E7CDB141688D4225D0C9B2FFF76CFD71
:10B84800134B197861602046FFF75DFD0546B0B1DE
:10B8580031462046FFF7B2FE21792046FFF75CFD0E
:10B86800022384F89C32C8E7022380F89C324560A2
:10B878002946FFF751FD204600F006FABDE72046AD
:10B8880000F002FAB9E700F0FFF90025B5E700BFBC
:10B89800B41D002008B5CB88012B0BD190F89C3241
:10B8A800DBB2022B09D9032B09D10122011D00F0BB
:10B8B800BFF901E0FFF782FE08BD5BB213B9FFF7DD
:10B8C8007DFEF9E70146002341F8083F012200F018
:10B8D800AFF9F1E708B590F89C32013B022B12D87A
:10B8E800CB88022B0CD10123C360D0F8A4320BB152
:10B8F8000323C360022200F10C0100F099F908BD8E
:10B90800FFF75CFEFBE7FFF759FEF8E708B590F88C
:10B918009C32013B022B09D84B88012B00D008BD73
:10B928000023C0F8A43200F0AFF9F8E7FFF746FEAD
:10B93800F5E738B50C7804F06004202C06D0402CCC
:10B9480004D054B1FFF73AFE002404E0D0F8B8322E
:10B958009B6898470446204638BD4D78092D1DD868
:10B96800DFE805F012191C161C08051C0F0BFFF761
:10B978002FFEF0E7FFF702FFEDE7FFF727FF04468A
:10B98800E9E7FFF787FFE6E7FFF7A4FF2C46E2E7C2
:10B99800FFF7F6FDDFE7FFF7B9FFDCE7FFF70EFE7D
:10B9A800D9E770B505460C460B7803F06003202BE9
:10B9B80007D0402B05D023B1FFF700FE0026304604
:10B9C80070BD95F89C32013B022B18D82379012BC6
:10B9D8000FD8D5F8B8329B682146284698470646BE
:10B9E800E388002BEBD10028E9D1284600F04CF978
:10B9F800E5E721462846FFF7E1FD0026DFE7214677
:10BA08002846FFF7DBFD0026D9E7F8B506460D46C0
:10BA18008B880C7804F06004202C08D0D9B2402C14
:10BA280005D06CB12946FFF7C9FD002406E0D6F819
:10BA3800B8329B6829463046984704462046F8BDE8
:10BA48006F78012F2FD0032F05D0002F59D029460A
:10BA5800FFF7B4FDF2E790F89C32DBB2022B05D079
:10BA6800032B12D02946FFF7A9FDE7E709B1802982
:10BA780004D129463046FFF7A1FDDFE700F03BFB84
:10BA88008021304600F037FBD8E76B8823B919B11D
:10BA9800802901D0EB881BB1304600F0F5F8CDE7DE
:10BAA80000F029FBF8E790F89C32DBB2022B05D0B6
:10BAB800032B12D02946FFF781FDBFE709B1802982
:10BAC80004D129463046FFF779FDB7E700F013FBAC
:10BAD8008021304600F00FFBB0E76B88002BADD11A
:10BAE80011F07F0F0AD1304600F0CEF8D6F8B83200
:10BAF8009B6829463046984704469FE700F003FBB9
:10BB0800F1E790F89C22D2B2022A06D0032A29D063
:10BB18002946FFF753FD3C4690E709B1802913D128
:10BB280013F0800F15D101F07F0101EB810189002D
:10BB380001F5A8713144043100230B60022230461C
:10BB480000F076F83C4679E72946FFF737FD3C4692
:10BB580074E701F07F0101EB810189001031314464
:10BB68000431E9E75BB2002B1FDB01F00F0202EBA7
:10BB7800820200EB8202B2F8642122B3002B27DB99
:10BB880001F07F0303EB83039C0004F5A87434449D
:10BB9800043409B1802924D10023236002222146DC
:10BBA800304600F045F83C4648E701F00F0202EB4A
:10BBB800820200EB8202928C002ADFD12946FFF72D
:10BBC800FDFC3C463AE72946FFF7F8FC3C4635E7DA
:10BBD80001F07F0303EB83039C00103434440434E6
:10BBE800D7E7304600F097FA10B101232360D5E774
:10BBF80000232360D2E7D0B170B50D46164604463F
:10BC0800FFF7B4FC431C5B009BB233802B7003230B
:10BC18006B70022307E0EA5401345A1CD2B20021A7
:10BC2800A9540233DBB22278002AF4D170BD7047E0
:10BC380008B513460222C0F894228361C3610A46FC
:10BC4800002100F086FA002008BD08B513460A4610
:10BC5800002100F07EFA002008BD08B51346032233
:10BC6800C0F89422C0F85831C0F85C310A46002167
:10BC780000F077FA002008BD08B513460A460021EF
:10BC880000F06FFA002008BD08B50422C0F894221D
:10BC980000231A46194600F05CFA002008BD08B5D2
:10BCA8000522C0F8942200231A46194600F059FAD2
:10BCB800002008BD08B500220F491048FFF7F1FA27
:10BCC80070B90F490D48FFF703FB60B90D490B48E0
:10BCD800FFF79BFA50B90948FFF711FB48B908BDAF
:10BCE800F6F75CFCEDE7F6F759FCEFE7F6F756FCDC
:10BCF800F1E7F6F753FCF2E708030020B81D00202F
:10BD08007C020020C00200200020704700207047FD
:10BD180008B50220F7F71AFF002008BD38B5054618
:10BD280020B119B10968B1F5803F09D3064C2946FD
:10BD38002046FFF77CFA2046FFF79AFA002038BD24
:10BD480089B2F7F7E9FEF1E7B81D002010B5064CF7
:10BD5800002206492046FFF75FFA05492046FFF70B
:10BD680066FA002010BD00BFB81D00208820002002
:10BD78008828002038B5144BD3F8BC32D0B10C4613
:10BD88000146CCB1B4F5006F18D8CBB1D3F8143252
:10BD9800C3B90E4B984203D02246184600F044FD22
:10BDA800094D224609492846FFF736FA2846FFF783
:10BDB80047FA38BD0320FCE70320FAE70320F8E739
:10BDC8000120F6E70120F4E7B81D002088200020B4
:10BDD80012230B8000487047F402002004230B80D4
:10BDE80000487047F0020020002393421ED200B59D
:10BDF80010E00CF1370C01F813C000014FEA430CB6
:10BE08000CF1010C4FF0000E01F80CE00133DBB22D
:10BE1800934209D24FEA107CB0F1204FE9D20CF1DD
:10BE2800300C01F813C0E8E75DF804FB7047000028
:10BE380038B50B4BD3F89005D3F89445D3F898351B
:10BE4800C01800D138BD074D08222946FFF7CCFF9E
:10BE5800042205F110012046FFF7C6FFF2E700BFF4
:10BE68000070FF1FD602002008B51A230B80FFF7C9
:10BE7800DFFF014808BD00BFD402002008B50A460C
:10BE880028B905490548FFF7B6FE034808BD024929
:10BE98000248FFF7B0FEF8E788300020E8CB00083A
:10BEA80010B50A46034C21460348FFF7A4FE204676
:10BEB80010BD00BF8830002000CC000808B50A4635
:10BEC80028B905490548FFF796FE034808BD024909
:10BED8000248FFF790FEF8E78830002008CC0008F9
:10BEE80008B50A4628B905490548FFF784FE0348FE
:10BEF80008BD02490248FFF77EFEF8E788300020B7
:10BF080018CC0008032805D8DFE800F0050402056E
:10BF1800012070470320704708B5F6F741FB08BDBC
:10BF280010B596B004465422002101A800F04EFC3A
:10BF38002268114B9A4201D016B010BD4FF400533D
:10BF4800019301A8FCF7AEF890B90C4B9A6D42F436
:10BF580000029A659B6D03F400030093009B002286
:10BF680011461420F8F7D0FF1420F8F7DDFFE3E7B7
:10BF7800F6F714FBE9E700BF005C00400010024040
:10BF880008B500F52671D0F8D802FFF7CDF908BD3D
:10BF980008B501EB810300EBC303D3F86421D0F8A3
:10BFA800D802FFF7EDF908BD08B501EB810300EBF6
:10BFB800C3035A6AD0F8D802FFF71EFA08BD08B5BD
:10BFC800D0F8D802FFF7BEFA08BD10B50446437989
:10BFD800022B09D10121D4F8D802FFF799FAD4F835
:10BFE800D802FFF768FA10BDF6F7D8FAF2E70000B2
:10BFF80010B50446D0F8D802FFF78DFA637A23B15A
:10C00800024A136943F00603136110BD00ED00E016
:10C0180010B50446437A23B9D4F8D802FFF785FA55
:10C0280010BD044A136923F006031361FFF774FF78
:10C03800F2E700BF00ED00E010B504461E48C0F866
:10C04800D842C4F8C4021D4B0360082303710223BD
:10C058004371C3710023037243728372C372FAF788
:10C06800E9FB30BB182300221146D4F8C402FBF7C1
:10C0780037FB582300228021D4F8C402FBF730FB99
:10C08800C02300228121D4F8C402FBF729FB4FF416
:10C09800887300220121D4F8C402FBF721FB4FF476
:10C0A800807300228221D4F8C402FBF719FB002018
:10C0B80010BDF6F773FAD5E7A8340020005C0040FD
:10C0C80008B5D0F8C402FAF710FCFFF71BFF08BD4B
:10C0D80008B594461A466346D0F8C402FBF7C3F97C
:10C0E800FFF710FF08BD08B5D0F8C402FBF7FEF94A
:10C0F800FFF708FF08BD08B5D0F8C402FBF778FAC7
:10C10800FFF700FF08BD08B5D0F8C402FBF7A9FA8D
:10C11800FFF7F8FE08BDD0F8C43211F0800F08D13F
:10C1280001F07F0101EB810103EBC10393F8520198
:10C13800704701F07F0101EB810103EBC103987C9B
:10C14800704708B5D0F8C402FBF7A1F8FFF7DAFE8C
:10C1580008BD08B5D0F8C402FBF724FAFFF7D2FEF1
:10C1680008BD08B5D0F8C402FBF7F6F9FFF7CAFE18
:10C1780008BD08B5D0F8C402FBF70BFA08BD0000EB
:10C1880010B5044611B101290FD010BD437A23B967
:10C19800D4F8D802FFF7C9F9F7E7FFF7BDFE094A57
:10C1A800136923F006031361F2E7D0F8D802FFF70A
:10C1B800B2F9637A002BE8D0024A136943F0060308
:10C1C8001361E2E700ED00E0004870478832002084
:10C1D8007047000008B5044B1860044B1960044808
:10C1E80000F013FA08BD00BF9838002094380020EA
:10C1F80084370020024B1860024B1960704700BF5B
:10C20800903800208C38002008B5034B1B6813B108
:10C21800024A1068984708BD903800208C380020E2
:10C2280008B500F0A1F908BD70B59DF81050059C3F
:10C238005CB305F10806BDF818C0664527D86BB190
:10C248004FF0AA0C84F800C04FF0550C84F801C0D8
:10C25800A070E17022716571002208E0002DEFD016
:10C26800002610E0911D985C60540132D2B2AA42B7
:10C27800F8D3291DA01C00F0ABF9AB1DE05407351D
:10C28800C0F307206055304670BD0026FBE7002646
:10C29800F9E7000010B5C6B040F20714029404ACE8
:10C2A80001949DF820410094FFF7BEFF50B101466C
:10C2B800064B1B6843B1064A126804A89847012038
:10C2C80046B010BD0020FBE70020F9E798380020B1
:10C2D8009438002000B5C3B0014601AA054800F013
:10C2E800A0F910B943B05DF804FB01A800F01CF9EF
:10C2F8000120F7E784370020F8B578B10E460746E5
:10C308000024254606E0385DFFF7E4FF0544EDB25A
:10C318000134A4B2B442F6D32846F8BD0025FBE7A1
:10C3280000B583B00023064A1370064A13700078DC
:10C33800009391220221FFF7ADFF03B05DF804FBE3
:10C34800E03800209C38002000B585B0FF238DF828
:10C358000C3000238DF80D308DF80E200078032363
:10C36800009303AB0A460621FFF794FF05B05DF87A
:10C3780004FB0000F0B5C3B00646C4781C4BA3FB11
:10C38800042303F0FE0202EB5303E41A14F0FF0443
:10C3980019D12546F378AB4220D973191F7938464D
:10C3A80000F0DAF9A0B143681888611CC9B202AA82
:10C3B8001755A31CDBB2070A57540334E4B2D05410
:10C3C8000335EDB2E6E704228121FFF7BDFF0CE05B
:10C3D800012281213046FFF7B7FF06E0009402AB47
:10C3E800812202213078FFF755FF43B0F0BD00BF2E
:10C3F800ABAAAAAA70B582B00546C4781F4BA3FBA6
:10C40800042303F0FE0202EB5303E41A14F0FF04C2
:10C4180016D1EB78A34224D92B19621C2A4411792E
:10C42800A21C2A44127942EA0126187900F094F9EC
:10C4380058B1027A7AB143681E800334E4B2E8E75F
:10C4480004228221FFF780FF16E00122822128467C
:10C45800FFF77AFF10E0052282212846FFF774FFD4
:10C468000AE0FFF7D1FE2B4613F8040BEA78009296
:10C4780082220221FFF70EFF02B070BDABAAAAAA62
:10C4880030B583B00546C278234BA3FB021303F0F3
:10C49800FE0404EB5304141B14F0FF041BD1C22A3E
:10C4A80019D81E4B012119701D4B00211970CAB1F2
:10C4B800EB78A3421CD92B19187900F04DF9F8B183
:10C4C800174A1378591C11702A191179154AD15431
:10C4D8000334E4B2ECE7042290212846FFF734FF46
:10C4E80003B030BD40210F4800F050F90C4B1870D4
:10C4F80000230093902202212878FFF7CBFEEFE774
:10C508000023064A1370064A137001229021284618
:10C51800FFF71AFFE4E700BFABAAAAAAE038002099
:10C528009C380020A038002008B581784B1E102BBD
:10C5380016D8DFE803F0090C15151515151515158E
:10C5480015151515150F1200FFF714FF08BDFFF795
:10C5580051FFFBE7FFF794FFF8E7FFF7E1FEF5E788
:10C568000222FFF7F1FEF1E7164B1B7823B170B5F5
:10C57800C2B00024254602E070470134E4B2124BF1
:10C588001B78A34214D9114B1E5D304600F0E4F825
:10C598000028F2D043681888691CC9B202AA565507
:10C5A800AB1CDBB2060A56540335EDB2D054E4E7AF
:10C5B800009502AB152200210846FFF76BFE42B03A
:10C5C80070BD00BFE03800209C380020A038002053
:10C5D80084464FF6FF700B46013989B2A3B11CF8A7
:10C5E800013B80EA0320002303E0400080B20133CE
:10C5F800DBB2072BEFD810F4004FF6D041F221023E
:10C6080082EA400080B2F2E7704748B10022027027
:10C61800A0F80421A0F8062142708270C27002714D
:10C62800704770B5C2B0002800F0848016460446F2
:10C63800002A00F083800578082D77D8DFE805F018
:10C64800050B13181D222D3C4200AA2914BF0021F6
:10C65800012101706FE0552903D0002323700025C4
:10C6680069E00223FAE7417003230370002562E0C2
:10C6780081700423037000255DE0C17005230370F9
:10C68800002558E001710023A0F8043119B90723E7
:10C69800237000254FE00623FAE7B0F80421531C65
:10C6A8009BB2A0F80431024451710279934247D3F6
:10C6B8000723037000253EE0A0F806110823037045
:10C6C800002538E0B0F8063143EA0123A0F8063126
:10C6D80043788DF8043083788DF80530C3788DF869
:10C6E800063003798DF8073000232179994207D95C
:10C6F8001A1DE118487901A988540133DBB2F4E71F
:10C70800043101A8FFF764FFB4F8063183420CBF77
:10C718000125002503D02046FFF777FF0BE040F204
:10C728000312611C304600F07FF8F4E7FFF76DFF55
:10C73800002500E00025284642B070BD0025FAE734
:10C748000025F8E7024B1860024B1960704700BFDC
:10C75800E8380020E43800208446002300E0013354
:10C76800084A12689A420AD903EB43020649096843
:10C7780001EB820011F822206245F0D100E0002090
:10C78800704700BFE4380020E83800200D4B1B68D4
:10C79800994228BF194688B100B58646002308E0AB
:10C7A80003EB430C084A126812F82C200EF80320F9
:10C7B80001338B42F4D308465DF804FB0021084698
:10C7C800704700BFE4380020E838002002440346E0
:10C7D800934200D1704703F8011BF9E770B50D4D7E
:10C7E8000D4C641BA4100026A64209D10B4D0C4C1D
:10C7F80000F0B8F9641BA4100026A64205D170BD4C
:10C8080055F8043B98470136EEE755F8043B98473E
:10C818000136F2E734CC000834CC000834CC0008E8
:10C828003CCC0008704770470A44914200F1FF333E
:10C8380000D1704710B511F8014B03F8014F914230
:10C84800F9D110BD024B13B1024800F005B870478A
:10C85800000000006DC80008002301461A4618466B
:10C8680000F014B838B5074D074C641BA4101CB968
:10C87800BDE8384000F07CB9013C55F824309847B1
:10C88800F5E700BF3CCC000840CC00082DE9F04794
:10C89800DFF874A00646DAF8000098460F4691467D
:10C8A800FFF7C0FF164B1C680CB9164C1C60656876
:10C8B800DAF800001F2D05DDFFF7B5FF4FF0FF3058
:10C8C800BDE8F0879EB104EB85010122C1F888908C
:10C8D800D4F88831AA401343C4F88831022EC1F82D
:10C8E800088102BFD4F88C311343C4F88C316B1C17
:10C8F8000235636044F82570FFF795FF0020DFE7F5
:10C90800283A00202C3A002050040020014B1868D7
:10C91800704700BF2803002008B52DED028BB0EE4C
:10C92800408A00F02DF8B4EE488AF1EE10FA0FD6DE
:10C93800B5EEC08AF1EE10FA0ADCB5EE408AF1EEE7
:10C9480010FA08D1FFF7E2FF22239FED080A0360DF
:10C95800BDEC028B08BDFFF7D9FFBDEC028B21238C
:10C968000360BDE80840024800F004B8000080FFFA
:10C9780028CC00089FED010A704700BF0000C07F67
:10C9880010EE103A33F0004206D19FED667ADFEDE3
:10C99800667A87EE270A7047002B1A4602DA30EECD
:10C9A800407AF4E7B3F1FF4F02DB30EE000A70473C
:10C9B800B3F5000FB8BFDFED5D7A5D48BEBF60EE2E
:10C9C800277A6FF0180117EE902A4FEAE253C2F364
:10C9D80016021044A8BF00217F3B0B4400F400015D
:10C9E80081F07E51114300EE101A524903EBD053E7
:10C9F80002F10F00F7EE007A014030EE670A89BBBA
:10CA0800B5EE400AF1EE10FA0FD1002B00F0878046
:10CA180007EE903A9FED480A9FED487AF8EEE77ADC
:10CA280027EE800AA7EE870A7047DFED456AF6EE23
:10CA3800007AE0EE667A20EE007A27EE277A13B9BC
:10CA480030EE470A704707EE903ADFED3B6AF8EEA2
:10CA5800E77AA7EEE67A37EE400A9FED387A97EE46
:10CA6800870A7047F0EE007A70EE277ADFED355AC4
:10CA7800DFED354A354980EE276A1144C2F5571271
:10CA880002F522720A43002A07EE903A26EE065A69
:10CA9800F8EEE76A25EE057ADFED2D7AE7EE257ADE
:10CAA800DFED2C5AE7EE875ADFED2B7AE7EE247A92
:10CAB800DFED2A4AE7EE874ADFED297AE4EE877A46
:10CAC80067EE857AE5EE877A1ADDB6EE007A20EE13
:10CAD800077A27EE007A77EE877A67EE867A13B9B7
:10CAE80037EE677AACE79FED146AE6EE867A37EEA2
:10CAF800677A37EE400ADFED117A96EEA70A70479B
:10CB080070EE677A67EE867A13B930EE670A704777
:10CB18009FED097AE6EEC77A37EEC00AEBE79FED9C
:10CB2800020A7047000000CC000000000000004C22
:10CB380020FB4A00F0FF7F00D1F717378071313FA3
:10CB4800ABAAAA3E4FD01C3E9788173E305CCFFF59
:10CB5800298E633ECDCCCC3E25333A3E2549923EC4
:10CB6800ABAA2A3FF8B500BFF8BC08BC9E46704780
:10CB7800F8B500BFF8BC08BC9E467047000000002E
:10CB88005FF800F06D0700205FF800F05D050020F9
:10CB98005FF800F0590400205FF800F02905002034
:10CBA8000000000001020304000000000000000073
:10CBB8000102030406070809010002000400060038
:10CBC80008000A000C00100020004000800000014E
:10CBD8000804020408010101010101030701000022
:10CBE8005546344F56455220504F57455220436FB3
:10CBF8006D506F72740000005546344F5645520010
:10CC0800504F57455220436F6E6669670000000019
:10CC1800504F57455220496E7465726661636500CE
:04CC28000000000008
:08CC2C00583EFF7F01000000EB
:08CC34004DC80008FD010008D5
:04CC3C00D901000812
:10CC400088008800000000000000000000000000D4
:10CC5000000000008800000000000000000000004C
:10CC6000000000000024F4000A000000AA120020C6
:10CC7000000000000B000000A812002000000000CF
:10CC80000C000000A6120020000000000D000000B3
:10CC9000A4120020000000000E000000A2120020DC
:10CCA000000000000F000000A012002000000000A3
:10CCB000100000009E120020000000001100000083
:10CCC0009C12002001000000120000009A120020B7
:10CCD0000100000014000000981200200000000075
:10CCE0001500000096120020010000001600000050
:10CCF0009412002000000000170000009212002093
:10CD00000000000018000000901200200000000049
:10CD1000190000008E120020000000001A00000020
:10CD20008C120020000000001B0000008A1200206E
:10CD3000000000001C00000088120020000000001D
:10CD40001D00000086120020000000001E000000F0
:10CD500084120020010000001F0000008212002049
:10CD600000000000200000008012002001000000F0
:10CD7000210000007E1200200000000022000000C0
:10CD80007C12002001000000230000007A12002025
:10CD900001000000240000007812002000000000C4
:10CDA0002500000076120020000000002600000090
:10CDB0007412002000000000270000007212002002
:10CDC0000100000029000000701200200000000097
:10CDD0002A0000006E120020000000002B0000005E
:10CDE0006C12002000000000010000001000000094
:10CDF00009074300020104C03209040000010202D5
:10CE00000100052400100105240100010424020290
:10CE1000052406000107058203080010090401002B
:10CE2000020A000000070501024000000705810218
:10CE30004000000009024300020100C03209040062
:10CE40000001020201000524001001052401000177
:10CE500004240202052406000107058203080010CD
:10CE600009040100020A0000000705010240000059
:10CE7000070581024000000009024300020100C0D2
:10CE8000320904000001020201000524001001051E
:10CE90002401000104240202052406000107058282
:10CEA0000308001009040100020A00000007050140
:10CEB00002000200070581020002000051B10008D3
:10CEC00009B1000815B00008000000001BAF000801
:10CED000ABAF000881AF00080000000000000000B8
:10CEE000000000005DAF000851AF000869AF000806
:10CEF00075AF00080A0600020000004001000000B3
:10CF000055BD000811BD000815BD000825BD00086D
:10CF100019BD00081A030000000000000000000016
:10CF20000000000000000000000000000000000001
:10CF30000403090412010002020200408304BB2C16
:10CF40000002010203010000D9BD0008E5BD000890
:10CF5000A9BE000885BE000871BE0008C5BE000855
:10CF6000E9BE0008000000003003002000000000BF
:10CF700000000000EC38002054390020BC390020AB
:10CF800000000000000000000000000000000000A1
:10CF90000000000000000000000000000000000091
:10CFA0000000000000000000000000000000000081
:10CFB0000000000000000000000000000000000071
:10CFC0000000000000000000000000000000000061
:10CFD0000000000000000000000000000000000051
:10CFE0000000000000000000000000000000000041
:10CFF0000000000000000000000000000000000031
:10D00000000000000000000001000000000000001F
:10D010000E33CDAB34126DE6ECDE05000B000000E4
:10D020000000000000000000000000000000000000
:10D0300000000000000000000000000000000000F0
:10D0400000000000000000000000000000000000E0
:10D0500000000000000000000000000000000000D0
:10D0600000000000000000000000000000000000C0
:10D0700000000000000000000000000000000000B0
:10D0800000000000000000000000000000000000A0
:04D09000243A00201E
:10D094002D490B889BB240F6AA7202FB03F31B13C3
:10D0A40020332A4A93614B889BB213618B889BB2CD
:10D0B40041F2240000FB03F31B1309339360CB8874
:10D0C4009BB2C3EB03331B130A3313609369012B25
:10D0D4002DD91E4B9B68012B2DD91C4B1B68012B92
:10D0E4002DD91A4B9A691A4908680244A2EBD00256
:10D0F4000A60D208DA611A69164908680244A2EB88
:10D10400D0020A60D2085A619A6813490868024436
:10D11400A2EBD0020A60D208DA601A680F490868E4
:10D124000244A2EBD0020A60D2085A607047134648
:10D1340000229A61CDE7054B00229A60CDE7034BAC
:10D1440000221A60CDE700BFB80F0020800F002036
:10D15400480F0020440F0020400F00203C0F002007
:10D1640008B50B4B1B889BB2042B06D8DFE803F0F1
:10D17400030609050C0000F0C3FB08BD00F0B8FB72
:10D18400FBE700F0C1FBF8E700F0B6FBF5E700BFF2
:10D19400A00F002038B5794B9B79D8B2784B198809
:10D1A40089B2784B1B78042B09D8754A1288764CBF
:10D1B400256815FA82F222600133724A1370714BAA
:10D1C4001B78052B12D06D4B5B7AD3B16B4BDB799B
:10D1D400BBB16E4B1B68002B13DD684B9B79DBB234
:10D1E400032B29D8DFE803F013487098664A1168C6
:10D1F400674BA3FB0131890800231360614A137054
:10D20400E1E75E4B01229A7100221A7238BD5F4B2E
:10D2140093ED007AB8EEC77A07EE901AF8EE676AD3
:10D22400DFED5C7A66EEA77AB4EEE77AF1EE10FAF7
:10D234000CD5524B01229A71504B9B79DBB283423D
:10D2440040F093804D4B00221A72DFE74F4BD3ED31
:10D25400007AF8EEE77A9FED507A66EE876AF4EE8C
:10D26400E67AF1EE10FA03DD444B02229A71E3E709
:10D27400424B03229A71DFE7444B93ED007AB8EEF8
:10D28400C77A07EE901AF8EE676ADFED437A66EE26
:10D29400A77AB4EEE77AF1EE10FA03DD374B0222F7
:10D2A4009A71C9E7394BD3ED007AF8EEE77A9FED2E
:10D2B4003B7A66EE876AF4EEE67AF1EE10FABBDDAD
:10D2C4002E4B03229A71B7E7304B93ED007AB8EEF8
:10D2D400C77A07EE901AF8EE676ADFED2E7A66EEEB
:10D2E400A77AB4EEE77AF1EE10FA03D5234B0122C4
:10D2F4009A71A1E7254BD3ED007AF8EEE77A9FED1A
:10D30400287A66EE876AF4EEE67AF1EE10FA93D59F
:10D314001A4B03229A718FE71C4B93ED007AB8EEF7
:10D32400C77A07EE901AF8EE676ADFED1A7A66EEAE
:10D33400A77AB4EEE77AF1EE10FA03D50F4B012287
:10D344009A7179E7114BD3ED007AF8EEE77A9FED05
:10D35400127A66EE876AF4EEE67AF1EE10FA7FF757
:10D364006BAF064B02229A7166E7044CA079074B17
:10D374001A6800F0B9FA0123237247E7A00F0020CE
:10D38400B80F0020180F0020140F00200400002004
:10D39400CDCCCCCCCDCC4C3F9A99993F9A99593F5E
:10D3A4003333933F30B47B498B680B607A4B9A8854
:10D3B40092B241F2240000FB02F212130932DB881C
:10D3C4009BB2C3EB03331B130A33C868181A734C9C
:10D3D4002060C9680831994214DA002370490B604F
:10D3E40070490B602168704B1960704B1B68002BEF
:10D3F40045DD083B6D490B60002B40DA0B460021EC
:10D4040019603CE065490B68674B1B680868644C0D
:10D41400236803EB4000634D286009680B442360D4
:10D42400B3F5006F02DD4FF4006121605C4B1B68B3
:10D4340013F5006F02DA5A4B5D491960594B1B68AA
:10D44400202B02DD574B20211960564B1B6813F12A
:10D45400200F03DA534B6FF01F011960514B18680A
:10D4640052490B681B1A0B60002B66DB4F4B1B6881
:10D47400B3F5006F03DD4D4B4FF4006119604D4B64
:10D484001B889BB2022B5CD0424B18684749096841
:10D49400401A18600029D4BF0021012146480170B8
:10D4A40019689B68994204DD3A4B99681960002118
:10D4B4000170384B1B68002B67DB364B1B689B1ACB
:10D4C4003E4A13603B4B1B7A002B2BD000233C4A73
:10D4D40013603C4A13603C4A1360384A1360304A74
:10D4E4001360324A13602F4A13602C4A13602E4A89
:10D4F4001360314A1370354B1B7883B1344B1A884F
:10D50400244B1A83334A12885A83334B1968334A9B
:10D5140011601A682A4B1A602C4B00221A70254B92
:10D5240000221A72234B9B79DBB2032B6DD8DFE800
:10D5340013F057008700BE0051010B46002119600B
:10D5440094E7144B1B6803EBD373B2EB630F9BDAC2
:10D55400104B186815490968401A18600029D4BF8F
:10D56400002101211448017019685B68994204DDA7
:10D57400084B5968196000210170064B1B68002B89
:10D584009BDA044B0021196097E7024B00211960D4
:10D5940093E700BF04000020B80F00202000001013
:10D5A40004000010100000101C0000100000001007
:10D5B40000F8FFFFA00F0020080000102C0000104E
:10D5C400140000102800001024000010500F002048
:10D5D40002000020000000204C0F00201800001062
:10D5E40000236D4A13606D4A13606D4A13606D4ADF
:10D5F40013606D4A13606D4A13606D4A13606D4A7F
:10D6040013606D4A13606D4A13606D4BDB7913B977
:10D614006C4B88221A836B490B8B1BB26A4A1268C3
:10D62400C3F5D4434033C2F89C30D2F89C305B0835
:10D63400C2F8A8304B8B1BB2C2F81C3230BC704706
:10D64400554C22685848036841F2A36101FB023338
:10D65400524A11685D4D05FB0133514D296841F271
:10D66400F15C0CFB01334F490B6013682B6023689A
:10D6740013600B680360534A4FF4E16353830B68F0
:10D684001B1203EB43031BB21383118B09B2938A5E
:10D694001BB2994202DD1346928A1A83494B1B8BB3
:10D6A4009BB2872BB1D8474B88221A83ADE73A4CFB
:10D6B40022683D490B6842F28C2000FB0233374A52
:10D6C4001068434D05FB0033354D286842F27C1C3D
:10D6D4000CFB00333348036013682B60236813602A
:10D6E40003680B60374B1B8B1BB246F2DF3293424D
:10D6F40039DC344A138B9BB220331BB21383138B54
:10D704001BB246F2E032934201DD2E4B1A832D4BBD
:10D714001A8B12B29B8A1BB29A4202DD294B9A8A57
:10D724001A83284B1B8B9BB2872B02D8254B88224C
:10D734001A831C4B1B681B1203EB43031BB22149C6
:10D744004B834A8B12B2CB8A1BB29A4201DDCA8A3E
:10D754004A831C4B5B8B9BB2872B3FF656AF194B0E
:10D7640088225A8351E7174B1B8B1BB246F2E032D7
:10D774009342CCDD134A138B9BB2203B1BB2138321
:10D78400138B1BB246F2DF329342C0DC0D4B46F2E0
:10D79400E0321A83BBE700BF2C0000102800001001
:10D7A40024000010180000101400001010000010D5
:10D7B4000000001004000010200000101C000010E5
:10D7C400A00F002004000020C00F00206DD3FFFF35
:10D7D400FBBBFFFF3A4C22683A490B6842F28C20AB
:10D7E40000FB0233384A1068384D05FB0033384DCE
:10D7F400286842F27C1C0CFB003336480360136833
:10D804002B602368136003680B60334B1A68334B37
:10D814001A60334B1B8B1BB2B3F5AA4F3ADA304A6A
:10D82400138B9BB220331BB21383138B1BB2B3F540
:10D83400AA4F03DD13464FF4AA421A83284B1A8BCE
:10D8440012B29B8A1BB29A4202DD254B9A8A1A8332
:10D85400234B1B8B9BB2872B02D8214B88221A8324
:10D864001C4B1B681B1203EB43031BB21C494B8369
:10D874004A8B12B2CB8A1BB29A4201DDCA8A4A830E
:10D88400174B5B8B9BB2872B3FF6BFAE144B8822A2
:10D894005A83BAE6124B1B8B1BB2B3F5AA4FCDDDEC
:10D8A4000F4A138B9BB2203B1BB21383138B1BB207
:10D8B400B3F5AA4FC2DA13464FF4AA421A83BDE75E
:10D8C4002C0000101400001028000010FBBBFFFF08
:10D8D4002400001018000010200000101C0000108C
:10D8E40004000020000000005FF800F00D140008A0
:10D8F4005FF800F0611700085FF800F045170008B2
:10D904005FF800F03D1600085FF800F0BD1700084E
:040000050800288D3A
:00000001FF
