:020000040800F2
:1000000000000220A92A0008A92C0008B12C000831
:10001000B32C0008B52C0008B72C00080000000025
:10002000000000000000000000000000B92C0008E3
:10003000BB2C000800000000BD2C0008BF2C0008ED
:100040001D2B00081D2B00081D2B00081D2B000870
:100050001D2B00081D2B00081D2B00081D2B000860
:100060001D2B00081D2B00081D2B0008C92C0008A3
:10007000D92C0008E92C0008F92C0008092D0008EB
:100080001D2B00081D2B00081D2B00081D2B000830
:10009000392D00081D2B00081D2B00081D2B000802
:1000A0001D2B0008492D00081D2B00081D2B0008E2
:1000B0001D2B00081D2B00081D2B00081D2B000800
:1000C0001D2B00081D2B00081D2B00081D2B0008F0
:1000D0001D2B0008192D0008292D00081D2B0008D4
:1000E0001D2B00081D2B00081D2B00081D2B0008D0
:1000F0001D2B00081D2B00081D2B00081D2B0008C0
:100100001D2B00081D2B00081D2B00081D2B0008AF
:100110001D2B00081D2B0008592D0008692D000813
:100120001D2B00081D2B00081D2B00081D2B00088F
:100130001D2B00081D2B00081D2B00081D2B00087F
:100140001D2B00081D2B00081D2B00081D2B00086F
:10015000792D00081D2B00081D2B00081D2B000801
:100160001D2B00081D2B00081D2B00081D2B00084F
:100170001D2B00081D2B00081D2B00081D2B00083F
:100180001D2B00081D2B00081D2B00081D2B00082F
:100190001D2B0008000000001D2B00081D2B00086F
:1001A0001D2B00081D2B00081D2B00081D2B00080F
:1001B0001D2B00081D2B00081D2B00081D2B0008FF
:1001C0001D2B00081D2B00081D2B00081D2B0008EF
:0801D0001D2B00081D2B000887
:1001D80010B5054C237833B9044B13B10448AFF379
:1001E80000800123237010BD800E00200000000055
:1001F80058D4000808B5034B1BB103490348AFF3B3
:10020800008008BD00000000840E002058D40008BB
:1002180081F0004102E000BF83F0004330B54FEAAF
:1002280041044FEA430594EA050F08BF90EA020F1C
:100238001FBF54EA000C55EA020C7FEA645C7FEAAF
:10024800655C00F0E2804FEA5454D4EB5555B8BFD2
:100258006D420CDD2C4480EA020281EA030382EA43
:10026800000083EA010180EA020281EA0303362DD5
:1002780088BF30BD11F0004F4FEA01314FF4801CA8
:100288004CEA113102D0404261EB410113F0004FBA
:100298004FEA03334CEA133302D0524263EB430371
:1002A80094EA050F00F0A780A4F10104D5F1200E0F
:1002B8000DDB02FA0EFC22FA05F2801841F100016A
:1002C80003FA0EF2801843FA05F359410EE0A5F13E
:1002D80020050EF1200E012A03FA0EFC28BF4CF06F
:1002E800020C43FA05F3C01851EBE37101F0004525
:1002F80007D54FF0000EDCF1000C7EEB00006EEB32
:100308000101B1F5801F1BD3B1F5001F0CD34908BB
:100318005FEA30004FEA3C0C04F101044FEA445212
:1003280012F5800F80F09A80BCF1004F08BF5FEA99
:10033800500C50F1000041EB045141EA050130BD79
:100348005FEA4C0C404141EB0101013C28BFB1F58B
:10035800801FE9D291F0000F04BF01460020B1FAD6
:1003680081F308BF2033A3F10B03B3F120020CDAA9
:100378000C3208DD02F1140CC2F10C0201FA0CF087
:1003880021FA02F10CE002F11402D8BFC2F1200CEC
:1003980001FA02F120FA0CFCDCBF41EA0C019040A2
:1003A800E41AA2BF01EB0451294330BD6FEA0404EB
:1003B8001F3C1CDA0C340EDC04F11404C4F12002D6
:1003C80020FA04F001FA02F340EA030021FA04F3E8
:1003D80045EA030130BDC4F10C04C4F1200220FA3F
:1003E80002F001FA04F340EA0300294630BD21FA7D
:1003F80004F0294630BD94F0000F83F4801306BF43
:1004080081F480110134013D4EE77FEA645C18BF36
:100418007FEA655C29D094EA050F08BF90EA020FCD
:1004280005D054EA000C04BF1946104630BD91EAC5
:10043800030F1EBF0021002030BD5FEA545C05D1C8
:100448004000494128BF41F0004130BD14F5800407
:100458003CBF01F5801130BD01F0004545F0FE417B
:1004680041F470014FF0000030BD7FEA645C1ABFB0
:10047800194610467FEA655C1CBF0B46024650EAE7
:10048800013406BF52EA033591EA030F41F4002113
:1004980030BD00BF90F0000F04BF0021704730B599
:1004A8004FF4806404F132044FF000054FF000016E
:1004B80050E700BF90F0000F04BF0021704730B52F
:1004C8004FF4806404F1320410F0004548BF404204
:1004D8004FF000013EE700BF42004FEAE2014FEA59
:1004E80031014FEA02701FBF12F07F4393F07F4F34
:1004F80081F06051704732F07F4208BF704793F037
:100508007F4F04BF41F40021704730B54FF4607449
:1005180001F0004521F000411CE700BF50EA01024C
:1005280008BF704730B54FF000050AE050EA0102F5
:1005380008BF704730B511F0004502D5404261EB65
:1005480041014FF4806404F132045FEA915C3FF4A6
:10055800D8AE4FF003025FEADC0C18BF03325FEA43
:10056800DC0C18BF033202EBDC02C2F1200300FAF4
:1005780003FC20FA02F001FA03FE40EA0E0021FA19
:1005880002F11444BDE600BF70B54FF0FF0C4CF407
:10059800E06C1CEA11541DBF1CEA135594EA0C0FB9
:1005A80095EA0C0F00F0DEF82C4481EA030621EAF4
:1005B8004C5123EA4C5350EA013518BF52EA03352F
:1005C80041F4801143F4801338D0A0FB02CE4FF0E1
:1005D8000005E1FB02E506F00042E0FB03E54FF011
:1005E8000006E1FB03569CF0000F18BF4EF0010E09
:1005F800A4F1FF04B6F5007F64F5407404D25FEA05
:100608004E0E6D4146EB060642EAC62141EA5551B7
:100618004FEAC52040EA5E504FEACE2EB4F1FD0CF9
:1006280088BFBCF5E06F1ED8BEF1004F08BF5FEA77
:10063800500E50F1000041EB045170BD06F0004629
:1006480046EA010140EA020081EA0301B4EB5C04D6
:10065800C2BFD4EB0C0541EA045170BD41F48011CE
:100668004FF0000E013C00F3AB8014F1360FDEBFF3
:10067800002001F0004170BDC4F10004203C35DACF
:100688000C341BDC04F11404C4F1200500FA05F352
:1006980020FA04F001FA05F240EA020001F00042F3
:1006A80021F0004110EBD37021FA04F642EB060169
:1006B8005EEA430E08BF20EAD37070BDC4F10C0493
:1006C800C4F1200500FA04F320FA05F001FA04F257
:1006D80040EA020001F0004110EBD37041F1000143
:1006E8005EEA430E08BF20EAD37070BDC4F120054E
:1006F80000FA05F24EEA020E20FA04F301FA05F2B6
:1007080043EA020321FA04F001F0004121FA04F25D
:1007180020EA020000EBD3705EEA430E08BF20EA2D
:10072800D37070BD94F0000F0FD101F00046400067
:1007380041EB010111F4801F08BF013CF7D041EAE9
:10074800060195F0000F18BF704703F000465200ED
:1007580043EB030313F4801F08BF013DF7D043EABE
:100768000603704794EA0C0F0CEA135518BF95EA74
:100778000C0F0CD050EA410618BF52EA4306D1D1FB
:1007880081EA030101F000414FF0000070BD50EA1A
:10079800410606BF1046194652EA430619D094EAA4
:1007A8000C0F02D150EA013613D195EA0C0F05D18E
:1007B80052EA03361CBF104619460AD181EA0301E2
:1007C80001F0004141F0FE4141F470014FF000009A
:1007D80070BD41F0FE4141F4780170BD70B54FF035
:1007E800FF0C4CF4E06C1CEA11541DBF1CEA1355B5
:1007F80094EA0C0F95EA0C0F00F0A7F8A4EB050497
:1008080081EA030E52EA03354FEA013100F088808D
:100818004FEA03334FF0805545EA131343EA126356
:100828004FEA022245EA111545EA10654FEA00260B
:100838000EF000419D4208BF964244F1FD0404F5C4
:10084800407402D25B084FEA3202B61A65EB030520
:100858005B084FEA32024FF480104FF4002CB6EBDD
:10086800020E75EB030E22BFB61A754640EA0C005D
:100878005B084FEA3202B6EB020E75EB030E22BF9D
:10088800B61A754640EA5C005B084FEA3202B6EBDE
:10089800020E75EB030E22BFB61A754640EA9C009D
:1008A8005B084FEA3202B6EB020E75EB030E22BF6D
:1008B800B61A754640EADC0055EA060E18D04FEA2B
:1008C800051545EA16754FEA06164FEAC30343EACB
:1008D80052734FEAC2025FEA1C1CC0D111F4801F98
:1008E8000BD141EA00014FF000004FF0004CB6E791
:1008F80011F4801F04BF01430020B4F1FD0C88BF30
:10090800BCF5E06F3FF6AFAEB5EB030C04BFB6EB3A
:10091800020C5FEA500C50F1000041EB045170BD2D
:100928000EF0004E4EEA113114EB5C04C2BFD4EB5A
:100938000C0541EA045170BD41F480114FF0000EDE
:10094800013C90E645EA060E8DE60CEA135594EA5A
:100958000C0F08BF95EA0C0F3FF43BAF94EA0C0F5D
:100968000AD150EA01347FF434AF95EA0C0F7FF4D2
:1009780025AF104619462CE795EA0C0F06D152EA26
:1009880003353FF4FDAE1046194622E750EA41060A
:1009980018BF52EA43067FF4C5AE50EA41047FF41B
:1009A8000DAF52EA43057FF4EBAE12E74FEA41027E
:1009B800B2F1E04324BFB3F5001CDCF1FE5C0DD9B5
:1009C80001F0004C4FEAC0024CEA5070B2F1004FFF
:1009D80040EB830008BF20F00100704711F0804F02
:1009E80021D113F13872BCBF01F00040704741F4C7
:1009F80080114FEA5252C2F11802C2F1200C10FACB
:100A08000CF320FA02F018BF40F001004FEAC123AE
:100A18004FEAD32303FA0CFC40EA0C0023FA02F352
:100A28004FEA4303CCE77FEA625307D150EA013328
:100A38001EBF4FF0FE4040F44000704701F00040F8
:100A480040F0FE4040F40000704700BF53B94AB977
:100A5800002908BF00281CBF4FF0FF314FF0FF30BE
:100A680000F06AB9ADF1080C6DE904CE00F006F8A3
:100A7800DDF804E0DDE9022304B070472DE9F04712
:100A8800089D0C46002B4ED194468C458646B2FAFA
:100A980082F262D94AB1C2F12003914020FA03F3ED
:100AA8000CFA02FC194300FA02FE4FEA1C471FFA2F
:100AB8008CF6B1FBF7F44FEA1E4307FB141143EA27
:100AC800014304FB06F199420AD91CEB030304F124
:100AD800FF3080F01281994240F20F81023C63445A
:100AE800591A1FFA8EF3B1FBF7F007FB101143EA0E
:100AF800014300FB06F69E420AD91CEB030300F1F2
:100B0800FF3180F0FC809E4240F2F9806344023855
:100B18009B1B40EA044000211DB1D3400022C5E9D7
:100B28000032BDE8F0878B4205D90DB1C5E9000157
:100B380000210846F5E7B3FA83F1002946D1A3421C
:100B480002D39042C0F0F080861A64EB03030120C0
:100B5800002DE6D0C5E90063E3E7002A40F0908065
:100B6800A1EB0C044FEA1C481FFA8CF70121B4FBD7
:100B7800F8F64FEA1E4308FB164443EA044307FB12
:100B880006F0984208D91CEB030306F1FF3402D2A1
:100B9800984200F2CD8026461C1A1FFA8EF3B4FB49
:100BA800F8F008FB104443EA044300FB07F79F42B0
:100BB80008D91CEB030300F1FF3402D29F4200F274
:100BC800B0802046DB1B40EA0640A5E7C1F12006BD
:100BD8008B4022FA06F71F4320FA06FC04FA01F3B9
:100BE80043EA0C03F44000FA01F8380C4FEA1349C1
:100BF800B4FBF0FE1FFA87FC00FB1E4449EA0444DC
:100C08000EFB0CF9A14502FA01F20AD93C190EF1C2
:100C1800FF3A80F08480A14540F28180AEF1020E57
:100C28003C44A4EB09041FFA83F9B4FBF0F300FB7E
:100C3800134449EA044403FB0CFCA44507D93C19B6
:100C480003F1FF3067D2A44565D9023B3C4443EA2F
:100C58000E40A0FB0293A4EB0C049C42CE469C469B
:100C680051D34ED055B1B8EB0E0364EB0C0404FA23
:100C780006F6CB401E43CC40C5E90064002150E78E
:100C8800C2F1200320FA03F10CFA02FC24FA03F360
:100C980094400C434FEA1C4800FA02FE1FFA8CF7F6
:100CA800B3FBF8F008FB1031230C43EA014300FBC7
:100CB80007F1994208D91CEB030300F1FF362CD247
:100CC80099422AD9023863445B1AA4B2B3FBF8F1FB
:100CD80008FB113344EA034401FB07F3A34208D994
:100CE8001CEB040401F1FF3613D2A34211D90239D7
:100CF8006444E41A41EA004139E70446F0E608464C
:100D080006E7C845AED2B9EB020E63EB070C013813
:100D1800A8E73146EDE7034699E73046D4E7D646DB
:100D28007FE7634402384DE70646234608460FE747
:100D3800023E634430E700BF704700BF08B5002299
:100D48000121024805F028F808BD00BF000400484A
:100D580008B501221146024805F01EF808BD00BF7B
:100D68000004004800B587B08DF80F0000238DF807
:100D780017304FF0FF33009301230DF117020DF1E7
:100D88000F01044807F05FFF9DF8170007B05DF8F2
:100D980004FB00BF8412002008B5FFF7CFFF062030
:100DA800FFF7E0FFFFF7D4FF08BD000010B5FFF71D
:100DB800C5FF0520FFF7D6FF054CFF20FFF7D2FF40
:100DC80010F0010F01D0013CF7D1FFF7C1FF10BDB2
:100DD800A086010070B504460E461546FFF7E6FFEB
:100DE800FFF7DAFFFFF7AAFF0220FFF7BBFFC4F304
:100DF8000740FFF7B7FFC4F30720FFF7B3FFE0B2E0
:100E0800FFF7B0FF002404E0305DFFF7ABFF0134CB
:100E1800A4B2AC42F8D3FFF79BFF70BD10B50446EF
:100E2800FFF7C4FFFFF7B8FFFFF788FF2020FFF7A1
:100E380099FFC4F30740FFF795FFC4F30720FFF7B6
:100E480091FFE0B2FFF78EFFFFF782FF10BD70B58C
:100E580004460E461546FFF7A9FFFFF76FFF03206C
:100E6800FFF780FFC4F30740FFF77CFFC4F30720B8
:100E7800FFF778FFE0B2FFF775FF002404E0FF20DA
:100E8800FFF770FF30550134AC42F8D3FFF760FF2D
:100E980070BD000010B58CB0002409940A940B941E
:100EA8002022214601A80CF007F936484FF0A0434C
:100EB80003604FF4403343608460C46004610123DD
:100EC80043610422826104774477026280F82440F7
:100ED8004FF4D462C2624FF48062026380F8383003
:100EE8004FF48053C36380F8404003F05FFB002851
:100EF80035D10023099309A9224804F0FFFA0028F4
:100F080030D1214B019306230293012303937F23BE
:100F18000493042305930023069301A9194803F0B9
:100F28009BFD10BB194B01930C23029301A9154893
:100F380003F092FDE0B9164B01931223029301A925
:100F4800104803F089FDB0B9124B0193182302939E
:100F580001A90C4803F080FD80B90CB010BD01F068
:100F6800EDFBC6E701F0EAFBCBE701F0E7FBD9E7C9
:100F780001F0E4FBDFE701F0E1FBE5E701F0DEFB70
:100F8800EBE700BF481000200800900C1000C010CC
:100F9800020030040400600800B589B02022002156
:100FA80068460CF089F81B481B4B03604FF440332C
:100FB800436000238360C36003614361042282614C
:100FC800037743770122026280F82430C362036307
:100FD80080F83830C36380F8403003F0E7FA98B9F6
:100FE8000E4B009306230193052302937F2303935B
:100FF80004230493002305936946064803F02CFD57
:1010080028B909B05DF804FB01F098FBE8E701F0A6
:1010180095FBF6E7DC0F002000010050001060325D
:1010280010B58CB0002409940A940B942022214610
:1010380001A80CF041F81F481F4B03604FF44033E0
:1010480043608460C460046144610423836104775D
:1010580044770123036280F82440C462046380F863
:101068003840C46380F8404003F0A0FAC8B90023B0
:10107800099309A90F4804F041FAA8B90F4B019345
:1010880006230293052303937F23049304230593E4
:101098000023069301A9074803F0DEFC38B90CB019
:1010A80010BD01F04BFBE2E701F048FBE6E701F079
:1010B80045FBF4E7700F00200004005002003004E4
:1010C80000B589B02022002168460BF0F5FF1B48C7
:1010D8001B4B03604FF44033436000238360C360BD
:1010E800036143610422826103774377012202622C
:1010F80080F82430C362036380F83830C36380F813
:10110800403003F053FA98B90E4B0093062301932D
:10111800072302937F230393042304930023059357
:101128006946064803F098FC28B909B05DF804FB45
:1011380001F004FBE8E701F001FBF6E7040F0020EB
:10114800000600501000C09030B5A3B0044600213E
:101158001D911E911F9120912191542208A80BF0F6
:10116800ABFF2368B3F1A04F0CD0724A93425BD017
:10117800714A934200F08B80704A934200F0BA8023
:1011880023B030BD4FF4004308934FF00053199338
:1011980008A807F01BFA002835D1694A13680133FB
:1011A8001360012B32D0674BDA6C42F00102DA642B
:1011B800DB6C03F001030293029B0F231D930323AF
:1011C8001E9300251F951DA94FF0904004F0F4FCD4
:1011D8005D485E4B0360052343608560C5608023DE
:1011E80003614FF4807343614FF48063836120236C
:1011F800C3614FF40053036204F04AFB88B9524BB1
:1012080063659C62BCE701F099FAC6E74D4BDA6C5E
:1012180042F40052DA64DB6C03F400530193019B3F
:10122800C1E701F08BFAEAE74FF4004308934FF067
:101238000053199308A807F0C9F9D0B9404A1368B0
:1012480001331360012B17D03E4BDA6C42F00202D7
:10125800DA64DB6C03F002030493049B04231D93FC
:1012680003231E9300231F931DA9394804F0A4FCEF
:1012780086E701F063FAE1E7324BDA6C42F4005298
:10128800DA64DB6C03F400530393039BDCE74FF44D
:10129800803308934FF000431A9308A807F096F993
:1012A800D0B92C4A136801331360012B17D0254B92
:1012B800DA6C42F00202DA64DB6C03F00203069394
:1012C800069B02231D9303231E9300231F931DA92E
:1012D8001F4804F071FC53E701F030FAE1E7194BBD
:1012E800DA6C42F48042DA64DB6C03F480430593E1
:1012F800059BDCE74FF4803308934FF000431A93C3
:1013080008A807F063F988B9124A13680133136013
:10131800012B7FF435AF0B4BDA6C42F48042DA6470
:10132800DB6C03F480430793079B29E701F006FA77
:10133800EAE700BF0001005000040050000600501A
:10134800A00E002000100240A40E00200800024059
:10135800000400489C0E002000B583B01E4B9A6C18
:1013680042F004029A649A6C02F004020092009A15
:101378009A6C42F001029A649B6C03F0010301939A
:10138800019B002205210B2004F0F6F90B2004F044
:1013980003FA002211460C2004F0EEF90C2004F0A8
:1013A800FBF9002205210D2004F0E6F90D2004F0D8
:1013B800F3F9002205210E2004F0DEF90E2004F0D6
:1013C800EBF9002205210F2004F0D6F90F2004F0D4
:1013D800E3F903B05DF804FB00100240814203DC2E
:1013E800824203DB00B270470846704710467047D8
:1013F800034B83FB0023A3EBE07000B200027047AD
:101408005655555530B583B0384B1C8B5B8B0191C5
:1014180091B18AB1DDED017AB8EE677A07EE902ACC
:10142800F8EEE77A02283DD003282DD0012808D00D
:101438002F4B00221A7002E02D4B00221A7003B0C5
:1014480030BDC7EE876ADFED2B7A66EEA77AB6EE77
:10145800007A77EE877A254B9A8A12B28821FDEEB8
:10146800E77A17EE900AFFF7B9FF0446FFF7C0FFC7
:101478004FF4E165204B1C80204B1D80204B1860E9
:101488001B4B01221A70DAE7184C608BE28A12B201
:10149800882100B2FFF7A2FF0546248B24B2FFF78C
:1014A800A7FFE7E737EEC77AC7EE276AF5EEC06A07
:1014B800F1EE10FA17D4DFED0F7A66EEA76AF6EEB2
:1014C800007A76EEA76A094CE28A12B28821FDEE0C
:1014D800E67A17EE900AFFF781FF0546248B24B2BF
:1014E800FFF786FFC6E7DFED076AE4E704000020A0
:1014F800F01000200080D4460200002000000020E8
:10150800EC1000200000000008B5934BD3ED077ADB
:10151800F8EE677ADFED914A67EEA47A9FED905A6C
:1015280087EE857AB2EE0E6A27EE067AD3ED036A65
:10153800F8EE666A66EEA46AC6EE857A67EE867A83
:10154800D3ED056AF8EE666A66EEA46A86EE856AE9
:10155800DFED845A75EEC66A9FED834A86EE846A8B
:10156800D3ED016AF8EE666A66EEA46AC6EE854AAD
:1015780075EEE45AC5EE846A7C4BD3ED005A37EE1B
:10158800657AB0EEC75AF0EE004AB4EEE45AF1EECE
:1015980010FA10DCF6EE004AB4EEE45AF1EE10FA56
:1015A80034DCDFED734AB4EEE45AF1EE10FA30DDC4
:1015B800B0EE645A01E09FED6F5A27EE057A35EEDA
:1015C800877A6A4B83ED007A6B4B83ED007A6B4B1D
:1015D80093ED007A77EEC77AF0EEE75AB0EE005A4C
:1015E800F4EEC55AF1EE10FA16DCB6EE005AF4EE37
:1015F800C55AF1EE10FA3ADC9FED5D5AF4EEC55A81
:10160800F1EE10FA36DDF0EE455A07E09FED5C5A30
:10161800D3E79FED5C5AD0E7DFED565A67EEA57A1F
:1016280077EE277A554BC3ED007A574BC3ED007A16
:10163800564B93ED007A76EE477AB0EEE76AF0EE15
:10164800005AB4EEE56AF1EE10FA16DCF6EE005A2E
:10165800B4EEE56AF1EE10FA3ADCDFED455AB4EE85
:10166800E56AF1EE10FA36DDB0EE656A07E0DFED07
:10167800445AD3E7DFED435AD0E79FED3E6A67EE61
:10168800867A77EE277A414BC3ED007A404BC3ED5B
:10169800007A404B93ED007A76EEC77AF0EEE76A6F
:1016A800B0EE006AF4EEC66AF1EE10FA16DCB6EE99
:1016B800006AF4EEC66AF1EE10FA47DC9FED2C6A78
:1016C800F4EEC66AF1EE10FA43DDF0EE466A07E082
:1016D8009FED2B6AD3E79FED2B6AD0E7DFED256AF4
:1016E80067EEA67A77EE277A2A4BC3ED007A2A4B63
:1016F800C3ED007A264BD3ED007AF0EEE77A9FED42
:10170800277AF4EEC77AF1EE10FA01D500221A60B2
:10171800214BD3ED007AF0EEE77A9FED207AF4EED4
:10172800C77AF1EE10FA01D500221A6001F00EFC1A
:101738001B4B83ED000A01F025FC1A4B83ED000AD0
:1017480001F03EFC184B83ED000A08BDDFED0C6A82
:10175800C6E7DFED0C6AC3E720110020E5D0524050
:1017680000F07F45E5D0D23F295C0F3E581100209C
:10177800CDCCCC3D3333333F0C1100205411002025
:101788009A99993E8FC2F53C08110020501100200B
:10179800041100204C110020001100200AD7233D1D
:1017A800FC100020F8100020F4100020014B01224A
:1017B8001A8070474011002070B5174D0024EC7155
:1017C800164E0321304605F0CAF9C021304605F00F
:1017D800C6F9AC71AC80124B1C6088221A839A82BD
:1017E8005A83DA820F4B1C600F4B1C600F4B1C6036
:1017F8000F4B1C600F4B1C600F4B104A5A604FF088
:101808007E529A600E4B0F4A1A600F4B0F4A1A60AD
:101818000F4B104A1A6070BD401100207011002053
:1018280004000020380000103400001030000010C0
:101838002400001020000010141100200000A04017
:10184800641100200000A04260110020000038420E
:101858005C1100209A99314138B5134B0022DA7196
:101868009A711A72114B1A70114B1A605A609A6069
:1018780088241C839C825C83DC820E4D03212846CD
:1018880005F06DF9C021284605F069F92B6846F680
:101898004022C3F89C2001F063F82B68C3F8A80025
:1018A800C3F81C4238BD00BF4011002014000010CE
:1018B800040000207011002008B5FFF7CDFF044B8D
:1018C8009B889BB213B9024B01221A8008BD00BF46
:1018D8004011002008B5FFF7BFFF0E4A13880133F7
:1018E8009BB21380C82B0BD91346C8221A800A4B07
:1018F8009B889BB223B9084B5B7ADBB2012B00D0E3
:1019080008BD0023034A1380034A02211180034AB9
:101918001370F5E7DA1000204011002010110020A4
:1019280038B5794B1B78012B5DD0022B79D003B1E8
:1019380038BD0024754BDC71754D0321284605F030
:101948000EF9C021284605F00AF9724B88229A82BE
:10195800DA82714A1460714A1460714A1460714ADB
:101968001460714A1460714A1480714A1480714A73
:1019780014805C60704AD2ED016AF2EE0E7A86EE4F
:10198800A77A9FED6E6AC7EE067ADFED6D6A67EE9D
:10199800A67AFDEEE77AC3ED027AD2ED027A9FEDE0
:1019A800697A67EE877A9FED687A37EE677AC7EECD
:1019B800067A67EEA67AFDEEE77AC3ED037ADB686E
:1019C800B3F5805F03DB534B40F6FF72DA60514B8F
:1019D800DB68002B03DB4C4B01221A70A8E74D4B48
:1019E8000022DA60F7E7514A138801339BB213806B
:1019F800052B9DD900231380464A882111839182A3
:101A08005183D18244490B6044490B6044490B60BF
:101A180044490B6044490B6053603B4B02221A70E7
:101A280086E73A4BDB79002B52D0384B0122DA712A
:101A3800384B5A689B689A420ADA364B5A6804321D
:101A48005A605A689B689A4202DD324B9A685A601B
:101A5800374B1A88013292B21A8036490B88013303
:101A68009BB20B802B49888AC2EB021212FA80F2D1
:101A780012B28A82CA8AC3EB031313FA82F31BB227
:101A8800CB828B8A9BB246F2E032934200D98A829B
:101A9800204BDB8A9BB244F21052934201D91D4B72
:101AA800DA821C4B9B8A1BB246F2E03293427FF4E7
:101AB8003FAF184BDB8A1BB244F2105293427FF4BB
:101AC80037AF124B03221A800F4B00221A702FE7F0
:101AD800114A1360114A1360114A1360114A1360C6
:101AE800114A13600A4C236846F64022C3F89C202A
:101AF800C3F81C22C021204605F015F80321204612
:101B080005F011F891E700BF1011002040110020E6
:101B1800701100200400002038000010340000106C
:101B2800300000102400001020000010D810002001
:101B3800D6100020D410002014110020E5D0524007
:101B480000F07F45295C0F3EE5D0D23F38B5384BD1
:101B5800D3ED027AF8EE677A9FED366A67EE867AF9
:101B6800DFED356A87EEA67AF2EE0E7A27EE277A4F
:101B7800D3ED007AF8EE677A67EE867A87EEA66A82
:101B8800DFED2E7A77EEC67A9FED2D6AC7EE866A6C
:101B9800F1EE047AF4EEE76AF1EE10FA06DDF6EEFD
:101BA800007AB4EEE77AF1EE10FA1DD4254B9B8843
:101BB80013F0200F17D0244A136801331360B3F5CC
:101BC800C87F10DD134600221A60204B1B780A2BB1
:101BD8001ED801331D4A13701A4A93889BB223F00A
:101BE80020039BB2938038BD164C0023E371184D37
:101BF8000321284604F097FFC021284604F093FFEC
:101C0800A3889BB243F02003A38004232380CDE75D
:101C18000E4B0B221A700B4B0022DA710C4C03216D
:101C2800204604F080FFC021204604F07CFFDAE75C
:101C380020110020E5D0524000F07F45E5D0D23F8A
:101C4800295C0F3E40110020D0100020CE1000204B
:101C58007011002038B51C4BD3ED027AF8EE677A84
:101C68009FED1A7A67EE877ADFED196A87EEA67A12
:101C7800F2EE0E7A67EE277A164B93ED007AB4EE01
:101C8800E77AF1EE10FA1BD8134A138801339BB296
:101C98001380022B17D900231380104CE371104DC9
:101CA8000321284604F05BFFC021284604F057FFB3
:101CB800A3889BB243F00803A3800423238002E097
:101CC800054B00221A8038BD20110020E5D0524073
:101CD80000F07F4560110020CC100020401100204A
:101CE8007011002038B5384BD3ED007AF8EE677ADA
:101CF8009FED367A67EE877ADFED356A87EEA67A4A
:101D0800DFED347A77EEC77ADFED336A87EEA67AAD
:101D1800324BD3ED007AF4EEC77AF1EE10FA04D81C
:101D28002F4B1B889BB2032B21D02E4B00221A80ED
:101D38002B4B9B8813F0100F18D02B4A13880133B4
:101D48009BB21380B3F5C87F10D9134600221A80BE
:101D5800264A138801339BB213800A2B23D8204AC2
:101D680093889BB223F010039BB2938038BD1D4A21
:101D7800138801339BB213800A2BD9D9002313800F
:101D8800174CE3711A4D0321284604F0E8FEC021E0
:101D9800284604F0E4FEA3889BB243F01003A38016
:101DA80004232380C4E713460B221A800C4B00221D
:101DB800DA710F4C0321204604F0D1FEC0212046E1
:101DC80004F0CDFED2E700BF20110020E5D052403C
:101DD80000F07F45E5D0D23F295C0F3E5C11002022
:101DE80040110020CA100020C8100020C610002092
:101DF8007011002010B5044602F090FB2CB1042CA1
:101E08000CD95F2C0BD95F2409E00023184A137002
:101E1800184A1360184A1268D3631BE00524144B50
:101E28001B7833B9124B01221A7000F59673114AC8
:101E38001360104B1B681B1A002B0CDC04EB84048A
:101E480062000D4BDB68B3EB440F00D313460A4A1C
:101E58001268D36310BD084BDB6840F2B532934279
:101E680001D940F2B633044A1268D363F2E700BFDF
:101E7800B8100020B41000203413002038B52DED20
:101E8800028B01F063F8B0EE408A01F07BF8154B45
:101E9800D3ED007AF4EEC87AF1EE10FA06D9D3ED54
:101EA800007AF4EEC07AF1EE10FA17D80E4C01233E
:101EB80023800023E3710D4D0321284604F04FFED3
:101EC800C021284604F04BFEA3889BB243F0400390
:101ED800A380042323805F20FFF78CFFBDEC028BD7
:101EE80038BD00BF6411002040110020701100208F
:101EF80010EE103A0360704730B58DB001220BA97F
:101F08000020FEF7A4FF9DF82C300BB90DB030BDB2
:101F18000020FEF783FF00248DF81440264D95ED30
:101F2800010A6846FFF7E4FF95ED020A01A8FFF7EA
:101F3800DFFF224B93ED000A02A8FFF7D9FF204BE1
:101F480093ED000A03A8FFF7D3FF1E4B93ED000A99
:101F580004A8FFF7CDFF234626E0581C03F1300202
:101F68006A4412F8304C03F13101694401F81C4C01
:101F780012F82C4C03F13501694401F81C4C12F895
:101F8800284C03F13901694401F81C4C12F8244C1F
:101F980003F13D01694401F81C4C12F8202C41332F
:101FA8006B4403F81C2CC3B2032BD6D9152205A900
:101FB8000020FEF70FFFA9E714110020641100208C
:101FC8005C11002060110020324B93ED007AF7EE8F
:101FD800007AB4EE677AF1EE10FA00D0704730B5A7
:101FE8008DB00020FEF71AFF00248DF81840294D07
:101FF80095ED010A01A8FFF77BFF95ED020A02A8FB
:10200800FFF776FF244B93ED000A03A8FFF770FF54
:10201800224B93ED000A04A8FFF76AFF204B93EDCB
:10202800000A05A8FFF764FF234626E0581C03F1C1
:1020380030026A4412F82C4C03F13101694401F86A
:10204800184C12F8284C03F13501694401F8184C72
:1020580012F8244C03F13901694401F8184C12F8BC
:10206800204C03F13D01694401F8184C12F81C2C6E
:1020780041336B4403F8182CC3B2032BD6D915226D
:1020880006A90020FEF7A6FE024B00221A600DB03A
:1020980030BD00BF14110020641100205C11002025
:1020A80060110020036800EE103A704700B52DED6E
:1020B800048B8BB014220DEB02010120FEF7C7FE42
:1020C800002325E003F128020DEB020111F8142C7E
:1020D80001F8182C03F12C026A4412F8142C01F8A8
:1020E8001C2C03F130026A4412F8142C01F8202C3D
:1020F80003F134026A4412F8142C01F8242C03F179
:1021080038026A4412F8142C01F8282C0133DBB287
:10211800032BD7D904A8FFF7C5FFF0EE408A03A820
:10212800FFF7C0FFB0EE408A02A8FFF7BBFFF0EE52
:10213800409A01A8FFF7B6FFB0EE409A6846FFF74D
:10214800B1FFF0EE407AF4EE688AF1EE10FA0ED1A3
:10215800F5EEC08AF1EE10FA09DD9FED327AF4EE61
:10216800C78AF1EE10FA02D82F4BC3ED018AB4EEFC
:10217800488AF1EE10FA0ED1B5EEC08AF1EE10FAE7
:1021880009DB9FED2A7AB4EEC78AF1EE10FA02D87D
:10219800254B83ED028AF4EE699AF1EE10FA10D11C
:1021A800B2EE047AF4EEC79AF1EE10FA09DB9FED6D
:1021B800207AF4EEC79AF1EE10FA02D81D4BC3ED5F
:1021C800009AB4EE499AF1EE10FA10D19FED1A7AFE
:1021D800B4EEC79AF1EE10FA09DB9FED147AB4EE6B
:1021E800C79AF1EE10FA02D8144B83ED009AF4EE78
:1021F800677AF1EE10FA10D1B7EE007AF4EEC77AEA
:10220800F1EE10FA09DB9FED077AF4EEC77AF1EEEA
:1022180010FA02D80A4BC3ED007A0BB0BDEC048B60
:102228005DF804FB0000C842141100200000484279
:102238000000164364110020CDCCCC3D5C11002079
:102248006011002030B589B00024039404940594EB
:1022580006940794174BDA6C42F02002DA64DA6CC1
:1022680002F020020092009ADA6C42F00102DA646D
:10227800DA6C02F001020192019ADA6C42F0020271
:10228800DA64DB6C03F002030293029B0A4D2246D8
:1022980043F62101284603F07FFD43F6210303930B
:1022A800012304930594069403A9284603F084FCAB
:1022B80009B030BD001002400004004802680E4B0F
:1022C8009A4200D0704700B583B003F528431A6ED0
:1022D80042F080621A661B6E03F080630193019BD3
:1022E80000220121442003F047FA442003F054FA65
:1022F80003B05DF804FB00BF0068014070B588B00A
:1023080000230393049305930693079302681A4BDB
:102318009A4201D008B070BD03F52843DA6C42F048
:102328000202DA64DA6C02F002020192019ADA6CB3
:1023380042F00102DA64DB6C03F001030293029BB2
:102348004FF44043039302260496032506950D2473
:10235800079403A9094803F02FFC4FF44073039333
:102368000496002305930695079403A94FF090401F
:1023780003F022FCCEE700BF0068014000040048DB
:1023880010B5BAB0002438943994349435943694FE
:1023980037942D942E942F9430943194329433940E
:1023A8006022214615A80AF087FE1294139414940B
:1023B800242221460DEB02000AF07EFE202221464F
:1023C80001A80AF079FEA548A54B03604460846023
:1023D80003F01AFF002840F002810C219F4803F007
:1023E8007FFF002840F0FE800A219C4803F0B1FFDF
:1023F800002840F0FA804FF4803338934FF400639C
:10240800399338AA0121954803F0DEFF002840F0EF
:10241800EF8000220121914804F00FF9002840F0D4
:10242800EA8046F6402334930021359136910823FB
:10243800379334AA894803F0AEFF002840F0DE80C5
:1024480000212D912F91309133912DAA834804F0CA
:10245800FFF9002840F0D58010231593002116912C
:1024680017911891012319931A911B911C911D9191
:102478001E914FF000631F93209121914FF000535C
:102488002293239124914FF0004325934FF48073B6
:102498002693279129912A912B912C9115AA6F485F
:1024A80004F090F9002840F0AF800023159327939B
:1024B80015AA0321694804F085F9002840F0A7808F
:1024C80043F22053129312AB01220021634804F017
:1024D8002DFA002840F09E8012AB042200215F48AC
:1024E80004F024FA002840F0988045F2E47312932F
:1024F8004FF4805313930021149112AB08225748CC
:1025080004F014FA002840F08B800021099164231C
:102518000A930B914FF400420C924FF480420D92B3
:102528000E930F914FF0004310934FF08043119397
:1025380009AA4A4804F0A8F9002874D109AA032175
:10254800464804F0A1F9002870D100210191042324
:10255800029308230393049105910691079108912A
:1025680001AB01223D4804F0C2FA002861D101AB59
:1025780040220321394804F0BAFA00285CD100212E
:102588000291039101AB0222344804F0B0FA00280A
:1025980055D101AB80220321304804F0A8FA002865
:1025A80050D134AA03212D4803F0F5FE00284CD160
:1025B8002DAA0321294804F04BF9002848D14FF4EB
:1025C8008873129312AB01220321244804F0AEF958
:1025D800002840D12148FFF791FE3AB010BD00F025
:1025E800ADF8FAE600F0AAF8FEE600F0A7F802E770
:1025F80000F0A4F80DE700F0A1F812E700F09EF84B
:102608001EE700F09BF827E700F098F84DE700F088
:1026180095F855E700F092F85EE700F08FF864E768
:1026280000F08CF871E700F089F887E700F086F889
:102638008BE700F083F89AE700F080F89FE700F056
:102648007DF8A6E700F07AF8ABE700F077F8AFE797
:1026580000F074F8B3E700F071F8BBE770110020E0
:102668000068014008B50848084B0360032343602D
:102678004FF47A73C360836004F0A7FA00B908BD09
:1026880000F05CF8FBE700BF6C120020003000404F
:1026980010B504460268214B9A4208D02268204BA4
:1026A8009A421AD022681F4B9A4233D010BD1E4A54
:1026B80013889BB201339BB213801C4A13889BB2C8
:1026C80001339BB213801A4A13889BB201339BB221
:1026D8001380184804F0AFFAE0E70AF0D1FEFFF7DC
:1026E80035FAFFF7CBFBFFF7B5FAFFF7FBFA0AF06D
:1026F800C3FE0AF0B9FE01F075FC0F4A13780133E6
:10270800DBB21370032BCDD9134600221A7001F0E7
:102718002BFCC7E7FEF7F8FEC8E700BF0010004033
:102728000014004000440140821200208012002062
:102738007E1200206C1200207C12002072B6FEE788
:1027480000B595B03822002106A80AF0B5FC002093
:102758000190029003900490059005F087FA2923D0
:1027680006934FF48033079301230B930C930223B2
:102778000D9303220E9205220F9244221092119378
:1027880008221292139306A805F02AFB90B90F238A
:1027980001930323029300230393049305930421D5
:1027A8000DEB010005F0D2FD30B905F0F5FE15B0CE
:1027B8005DF804FBFFF7C2FFFFF7C0FF08B501F0A3
:1027C80091FEFFF7BDFFFFF73DFDFEF7C5FDFEF7E4
:1027D80061FBFEF775FCFFF7D3FD00F007F900F089
:1027E80057FD01F0DDFC01F00FFDFEF7D5FBFEF70C
:1027F80017FC09F0BFFE00F04DFC00F075FC00F07E
:102808009DFCFFF72FFF344B00221A800821334824
:1028180007F016F85F20FFF7EDFA314806F0FCFCE8
:10282800304806F0F9FC304806F0F6FC00F096F95E
:1028380000F0AAF8FEF7C0FFFFF75EFBFFF736FCD3
:1028480001F034FB01222021284803F0A5FA642076
:1028580001F06AFE264C7F21204602F001FE7F210E
:10286800244802F0FDFD7F21234802F0F9FD7F2175
:10287800224802F0F5FD04222149204602F0E4FC3A
:10288800204C4FF40031204604F085F94FF48011B4
:10289800204604F080F92268D2F88C3043F0100307
:1028A800C2F88C3001E001F09DFB174B1B889BB2EE
:1028B800312BF8D9144B00221A8000F05FF9134B22
:1028C8001B889BB2B3F5FA7FEDD3104B00221A8018
:1028D800FFF77AFBE7E700BF401100203413002020
:1028E800CC13002080130020E812002000040048C8
:1028F80048100020DC0F0020700F0020040F00207B
:1029080068110020701100207E1200208212002021
:102918000230104B83FB00C2A2EBE072100283FB73
:1029280001C3A3EBE1731BB21B02B3EB022F00DA66
:102938000346094A12689A4201DD074A1360064BAA
:102948001B68834201DA044B1860034B1A68034B77
:102958001A60704756555555240000102000001085
:10296800084B188880B2B0F52A7F04D346F29873D2
:10297800984203D870474FF42A70704746F298700F
:10298800F8E700BF0C00001000230C4A13600C4A43
:1029980013600C4A13600C4A13600C4A13600C4A0B
:1029A80013600C4A13600C4A13600C4A13600C4AFB
:1029B80013700C4A13600C4A1370704738000010EB
:1029C8003400001030000010240000102000001017
:1029D8001C000010180000102C0000102800001027
:1029E80014000010100000100E00001008B5104868
:1029F800104B03604FF482734360002383604FF4ED
:102A0800E062C260036143614FF400728261182280
:102A1800C2610362436283620722C26203630823BE
:102A2800436306F09CF800B908BDFFF787FEFBE793
:102A3800841200200030014000B589B000230393C0
:102A480004930593069307930268144B9A4202D0A5
:102A580009B05DF804FB03F560431A6E42F4805236
:102A68001A661A6E02F480520192019ADA6C42F0E8
:102A78000102DA64DB6C03F001030293029BE0239A
:102A8800039302230493032306930523079303A9BF
:102A98004FF0904003F090F8DAE700BF00300140B3
:102AA8001348854600F076F912481349134A002363
:102AB80002E0D458C4500433C4188C42F9D3104AE5
:102AC800104C002301E013600432A242FBD30E48ED
:102AD8000E490F4A002302E0D458C4500433C418E6
:102AE8008C42F9D30AF0F0FAFFF768FEFEE700001F
:102AF80000000220000000206C04002028D50008F7
:102B0800800E00205C7B002070040020800E0020D6
:102B180094D90008FEE7B0FBF1F000F0010070471F
:102B280010B582B001900C4C9DF804204FF4006160
:102B3800204603F031F99DF805204FF480512046D6
:102B480003F02AF99DF806204FF40051204603F0BF
:102B580023F902B010BD00BF0004004800B583B0DF
:102B680000238DF8043001228DF805208DF80630F9
:102B78000198FFF7D5FF03B05DF804FB30B589B0C5
:102B880001F0CCFC04464FF4FA71FFF7C4FF054688
:102B980064212046FFF7BFFF324B9B889BB26BB97D
:102BA800304B1B889BB2042B08D02E4B1B889BB242
:102BB800032B4BD8DFE803F00E1A333E8DF80400E0
:102BC80000238DF805308DF806300198FFF7A8FF2F
:102BD80009B030BD00238DF8083001228DF8092096
:102BE8008DF80A300298FFF79BFFF1E71D4B5B7ADF
:102BF80053B100238DF818308DF819008DF81A306C
:102C08000698FFF78DFFE3E700238DF81C308DF859
:102C18001D508DF81E300798FFF782FFD8E7002374
:102C28008DF80C308DF80D008DF80E000398FFF725
:102C380077FFCDE700238DF810308DF81130012390
:102C48008DF812300498FFF76BFFC1E78DF8140078
:102C580000238DF815308DF816300598FFF760FFC2
:102C6800B6E700BF4011002000B583B00B4B1A6EC9
:102C780042F001021A661A6E02F001020092009AEE
:102C88009A6D42F080529A659B6D03F080530193D0
:102C9800019B05F071F803B05DF804FB00100240D9
:102CA80008B505F083FCFEE7FEE7FEE7FEE7FEE772
:102CB80070477047704708B501F024FC08BD000054
:102CC80008B5024802F015FF08BD00BFA40E002099
:102CD80008B5024802F00DFF08BD00BF085A0020E1
:102CE80008B5024802F005FF08BD00BFA85900203A
:102CF80008B5024802F0FDFE08BD00BFC85A002012
:102D080008B5024802F0F5FE08BD00BF685A002069
:102D180008B5024807F002F808BD00BFBC5B0020F8
:102D280008B5024806F0FAFF08BD00BF285B00207E
:102D380008B5024804F051FD08BD00BF48730020E3
:102D480008B5024806F0B6FA08BD00BFE812002030
:102D580008B5024806F0AEFA08BD00BFCC13002043
:102D680008B5024806F0A6FA08BD00BF8013002087
:102D780008B5074B1B68D3F88C2012F0100F00D150
:102D880008BD1022C3F888200AF072FBF8E700BFDC
:102D980070110020034AD2F8883043F47003C2F857
:102DA8008830704700ED00E020EE800AF7EE007AE8
:102DB80077EEE00AD0ED007A60EEA70A30EE200A3E
:102DC80080ED000A7047000040F6FE73984202D971
:102DD8009FED490A70472DE9D0430C46C0F57F6046
:102DE8000F3007EE900AF8EE677A17EE900AFDF7B3
:102DF80073FB35A3D3E90023FDF7C6FB34A3D3E95E
:102E08000023FDF7EBFCFDF7D1FDFDF765FB8046E0
:102E1800894631A3D3E90023FDF7B6FB06460F46E2
:102E280042464B4628A1D1E90001FDF7F5F90246D3
:102E38000B4630463946FDF7D1FCFDF7B7FD00EEED
:102E4800100AF2EE047A80EE270A0AF0DBF910EE97
:102E5800100AFDF741FB22A3D3E90023FDF7BEFCCE
:102E680021A3D3E90023FDF7D9F902460B46002038
:102E78002249FDF7B3FCFDF799FDFDF72DFB1CA3D7
:102E8800D3E90023FDF7C8F9FDF790FD00EE100A1D
:102E9800DFED197AB4EEE70AF1EE10FA09D4DFEDA6
:102EA800187AB4EEE70AF1EE10FA04DD9FED140A81
:102EB80001E09FED110A2046DFED120AFFF774FFCB
:102EC800BDE8D083AFF300806666666666660A4032
:102ED8000000000000FEAF403333333333331B4070
:102EE800000000000068AA40000000E0E1796B3FA4
:102EF8006666666666127140000020C20000F03FF8
:102F08000000F042CDCCCC3D70B5D8B10C46064699
:102F1800D1B102F0FFF8054610B10025284670BD72
:102F28000221304601F090FC40B9304601F038FDEE
:102F38002060304602F072FA0125EFE7304602F0D1
:102F48006DFAEBE70025E9E70025E7E700B583B070
:102F580001A90948FFF7D8FF28B9084B93ED000AE3
:102F680003B05DF804FB06490198FFF72DFF034BFA
:102F780083ED000AF4E700BFDC0F00203C000020CE
:102F88003800002000B583B001A90948FFF7BCFF4D
:102F980028B9084B93ED000A03B05DF804FB064915
:102FA8000198FFF711FF034B83ED000AF4E700BF18
:102FB800700F0020340000203000002000000000C6
:102FC80070B52DED028B82B001A92B48FFF79CFF4D
:102FD80030B92A4B93ED000A02B0BDEC028B70BDEC
:102FE800274EB6F8CA309BB2B6F8A82092B29B1A00
:102FF80007EE903AF8EEE77A9FED227A87EE278A75
:10300800DDED017AF8EE677A17EE900AFDF764FABB
:1030180017A3D3E90023FDF7B7FA04460D46B6F81F
:10302800A80080B2FDF746FA02460B46204629461C
:10303800FDF7F2F804460D4618EE100AFDF74CFAB3
:1030480022462B46FDF7A0FA00220F4BFDF7E6F8C3
:10305800FDF7ACFC00EE100A0C48DFED0D0AFFF797
:10306800A3FE064B83ED000AB6E700BFAFF300806E
:10307800999999999999F13F040F00202C00002003
:103088000075FF1F0000C84200003E4028000020D5
:10309800CDCCCC3D00B585B00023019302930393BA
:1030A8000F48104A0260A9224260836040F2E73369
:1030B800C3608023836106F067FA50B90023019347
:1030C800039301A9064806F079FC28B905B05DF814
:1030D80004FBFFF733FBF1E7FFF730FBF6E700BF30
:1030E800CC1300200010004000B585B000230193E8
:1030F800029303930F48104A0260A922426083603A
:1031080041F28733C3608023836106F03DFA50B9EA
:1031180000230193039301A9064806F04FFC28B940
:1031280005B05DF804FBFFF709FBF1E7FFF706FBC5
:10313800F6E700BF801300200014004008B50A48D5
:103148000A4B0360A92343600023836042F20F7295
:10315800C260036143618023836106F015FA00B9F8
:1031680008BDFFF7EBFAFBE7E81200200044014036
:1031780000B585B00368224A934208D0214A934299
:1031880018D0214A934228D005B05DF804FB1F4BA4
:103198009A6D42F010029A659B6D03F0100301933B
:1031A800019B00220321362002F0E6FA362002F0C5
:1031B800F3FAE9E7154B9A6D42F020029A659B6D88
:1031C80003F020030293029B00220221372002F021
:1031D800D3FA372002F0E0FAD6E70C4B1A6E42F425
:1031E80000321A661B6E03F400330393039B00221C
:1031F8000321192002F0C0FA192002F0CDFAC3E722
:10320800001000400014004000440140001002403B
:103218000268094B9A4200D0704782B003F55C43BC
:103228001A6E42F400521A661B6E03F4005301939F
:10323800019B02B0704700BF0034014000B587B061
:1032480000230193029303930493059302680E4BA2
:103258009A4202D007B05DF804FB03F55C43DA6CD0
:1032680042F00202DA64DB6C03F002030093009B75
:103278004FF400730193022302930A23059301A9D3
:10328800024802F099FCE5E70034014000040048D8
:1032980010B598B000241594169417940E940F94B2
:1032A800109411941294139414943422214601A872
:1032B80009F002FF29482A4B0360A9234360846070
:1032C80040F2E733C360046144618023836106F000
:1032D8008BF9002836D1002315931693179315A957
:1032E8001E4806F06BFB00282FD160230E934FF485
:1032F800FA730F930023109311931293139314935B
:1033080008220EA9154806F0EFF908BB002301931F
:1033180002930393049305934FF400520692079384
:10332800089309934FF000720A920B930C930D9334
:1033380001A90A4806F098FB68B90848FFF77EFF1C
:1033480018B010BDFFF7FAF9C5E7FFF7F7F9CCE7B2
:10335800FFF7F4F9DAE7FFF7F1F9EEE734130020A5
:10336800003401400020704710B50446FFF7FAFF0B
:10337800A04214BF0020012010BD000010B5044673
:10338800FFF7F2FF50B1022C0AD841F20E4303FBBB
:1033980004F000F61800034B184410BD0020FCE7A9
:1033A8000020FAE764150020B0F5803F01D280B212
:1033B80070474FF6FF707047B5EEC00AF1EE10FA8D
:1033C8000FD908B5DFED087A20EE270AF6EE007A65
:1033D80030EE270AFCEEC07A17EE900AFFF7E4FFFA
:1033E80008BD0020704700BF00007A44B5EEC00A4F
:1033F800F1EE10FA11DBDFED107A20EE270AF6EE77
:10340800007A30EE270AFDEEC07A17EE900A0028FF
:1034180010DB08B5FFF7C8FF08BDDFED077A20EE1F
:10342800270AF6EE007A30EE670AFDEEC07A17EE4C
:10343800900AECE7002070470000C842094B1B883F
:103448009BB2032B09D8DFE803F0020A0406012027
:10345800704704207047082070470F2070470220EB
:10346800704700BF40110020084B9B79DBB2022B4C
:1034780007D0032B07D0012B01D000207047012073
:103488007047022070470320704700BF401100209A
:10349800034B1878C0B2013818BF0120704700BF2D
:1034A80014000010064B9B79DBB2012B03D0054BAF
:1034B800588B80B27047034B188B80B2704700BF9F
:1034C800401100200400002008B50D4B1B68002B9C
:1034D80013DD0B4BD3ED007AF8EEE77A9FED097A0E
:1034E80067EE877AB2EE0E7A67EE877A9FED060A64
:1034F80087EE800AFFF760FF08BD0020FCE700BFE9
:1035080004000020E5D0524000F07F4508B5034B89
:1035180093ED020AFFF750FF08BD00BF1411002009
:1035280008B50E4BD3ED007AF5EEC07AF1EE10FA3D
:1035380009DC0B4BD3ED007AF5EEC07AF1EE10FA08
:1035480006DC002003E093ED000AFFF735FF08BD15
:1035580093ED000AFFF730FFF9E700BF00110020E4
:1035680004110020014BB3F80808704764150020C7
:10357800014BB3F808087047641500201B4AD2EDC8
:10358800016AF2EE0E7A86EEA77A9FED196AC7EE07
:10359800067ADFED186A67EEA67AFDEEE77A164B33
:1035A800C3ED027AD2ED027A9FED147A67EE877A3C
:1035B8009FED137A37EE677AC7EE067A67EEA67A3A
:1035C800FDEEE77AC3ED037ADB68B3F5805F03DBD2
:1035D800094B40F6FF72DA60074BDB68002B00DB13
:1035E8007047054B0022DA60FAE700BF141100208B
:1035F800E5D0524000F07F4504000020295C0F3ED2
:10360800E5D0D23F10B52DED028B654B93ED008AC6
:10361800644BD3ED007AF4EEC87AF1EE10FA01DDCE
:1036280093ED008A604B93ED000AFFF7C5FE5F4BF0
:1036380018805F4B93ED000AFFF7BEFE5D4B1880C4
:103648005D4B93ED000AFFF7B7FE5C4B18805C4BAF
:1036580093ED000AFFF7B0FE5A4B18805A4B93EDD2
:10366800000AFFF7C3FE594B18804D4B93ED000A33
:10367800FFF7BCFE564B18804A4B93ED000AFFF744
:10368800B5FE544B1880544C94ED010AFFF794FE94
:10369800524B188094ED020AFFF78EFE504B1880AB
:1036A800FFF7F6FE4F4B18804F4B5B7A002B75D017
:1036B80001224E4B1A804C4B9A884D4B1A80FFF7CB
:1036C800BDFE4C4B1880FFF7CFFE4B4B18804B4C80
:1036D800A069FFF769FE4A4B18802069FFF764FE6E
:1036E800484B1880A068FFF75FFE474B188020689A
:1036F800FFF75AFE454B1880B0EE480AFFF776FEF2
:10370800434B1880434B93ED000AFFF76FFE424B83
:103718001880294B93ED000AFFF74EFE3F4B1880A7
:103728003F4B93ED000AFFF747FE3E4B1880244BB2
:1037380093ED000AFFF740FE3B4B18803B4B93ED9F
:10374800000AFFF739FE3A4B1880FFF7ABFE394BFA
:103758001880394B1C68D4F89C00FFF725FE374BBE
:103768001880D4F81C02FFF71FFE354B1880FFF7AE
:10377800F9FE344B1880FFF7FBFE334B1880FFF738
:10378800CFFE324B1880FFF7C1FE314B1880FFF790
:103798009BFE304B1880BDEC028B10BD002288E7E1
:1037A800FC100020F81000200C11002056140020F6
:1037B8000411002054140020081100205214002085
:1037C8000011002050140020F41000204E14002096
:1037D8004C1400204A140020141100204814002022
:1037E80046140020441400204011002042140020F8
:1037F800401400203E1400203C140020201100201A
:103808003A14002038140020361400203414002004
:103818003214002064110020301400202E140020DF
:10382800601100202C1400202A1400205C110020B4
:1038380028140020261400207011002024140020D1
:1038480022140020201400201E1400201C14002024
:103858001A1400201814002080B1072910D9027802
:10386800AA2A01D0002070474278552A01D00020AA
:1038780070470379902B05D00020704700207047CF
:10388800002070470120704788B1094A92F807283C
:103898006AB10178064A1278914208D100F580533E
:1038A800B3F80C341BB9024B002283F80728704781
:1038B80064150020054BD3F8BC322BB1D3F81402A1
:1038C800B0FA80F04009704701207047585C00202A
:1038D80080B310B5044600F5805393F80D346BB1EE
:1038E800037823B9144AD2F88820202A07D0012B5C
:1038F8000BD0022B14D02046FFF7C6FF10BD00F5F1
:103908008053002283F80D24F5E70C4AD2F888206A
:10391800202AEED104F58053002283F80D24EAE72B
:10392800FFF7C8FF0028E6D004F58053002283F88B
:103938000D24E0E7704700BFBC5B0020285B002037
:1039480008B500F0EBFD5030014BC3F8140808BD72
:103958006415002010B5054BD3F8144800F0DEFDBF
:10396800201A0028D4BF0020012010BD64150020B3
:1039780010B5112009F048FA044668B1614B1B885C
:1039880007EE903AF8EE677ADFED5F6A87EEA67A7F
:103998005E4B83ED017A0124122009F035FA68B1F3
:1039A8005B4B1B8807EE903AF8EE677ADFED566AB4
:1039B80087EEA67A554B83ED027A01241E2009F082
:1039C80023FAD0B1534B1B8807EE903AF8EE677A8A
:1039D800DFED516A87EEA67AF2EE047AB4EEE77A62
:1039E800F1EE10FA09DBDFED4D7AB4EEE77AF1EE8D
:1039F80010FA02D84A4B83ED007A202009F004FA25
:103A0800D0B1484B1B8807EE903AF8EE677ADFEDA5
:103A18003E6A87EEA67AF7EE007AB4EEE77AF1EE20
:103A280010FA09DBDFED3C7AB4EEE77AF1EE10FA32
:103A380002D83D4B83ED007A222009F0E5F9D0B198
:103A48003A4B1B8807EE903AF8EE677ADFED2E6A5C
:103A580087EEA67ADFED367AB4EEE77AF1EE10FA61
:103A680009DBDFED347AB4EEE77AF1EE10FA02D82A
:103A7800314B83ED007AE4B9152009F0C5F938B166
:103A88002E4B1B88E3B101222D4B5A725B7ACBB1C6
:103A9800272009F0B9F9002833D02A4B1B885A1E71
:103AA80092B240F2B5318A4217D8312B17D8322357
:103AB80015E0164B4FF07E521A60FFF75FFDDBE70B
:103AC8000022E1E7FDF7C8FE1D4B1B889BB2042BC3
:103AD800DED01B4B01221A80DAE740F2B6331A48CF
:103AE800A0FB0320194C012284F80628A4F8083802
:103AF800144A1380C008FEF77DF900F00FFDC4F8E2
:103B08000C0810BD4814002000007A44141100204D
:103B180046140020301400200000C842000016435C
:103B2800641100202C1400206011002028140020AB
:103B3800CDCCCC3D000048425C110020421400204E
:103B4800401100201E140020CDCCCCCC64150020E0
:103B580008B5FFF70DFFFFF755FD08BD10B5044682
:103B68004FF4806206F06CFE38B9D4F8803023B187
:103B78001A68136823F00403136010BD70B50E466D
:103B880015461C46B3F5806F01D94FF480642B8825
:103B9800A3420AD3A34211D8B4F5806F1ED0B4F55E
:103BA800806F00D300242C8070BDFFF7C9FE2888E1
:103BB800211A89B2304409F001F8F0E7FFF7C0FE96
:103BC8002888C0F5806189B2304408F0F7FF002CDE
:103BD800E9D02146304608F0F1FFE0E7FFF7B0FEF4
:103BE8002888C0F5806189B2304408F0E7FFD6E73D
:103BF80008B50020FFF7B8FB78B1124BD3F8803036
:103C08005BB11B685B689BB2C3F580630E4A9BB2CD
:103C1800A2F601010020FFF7B1FF0120FFF7A4FB86
:103C280078B10A4BD3F880305BB11B685B689BB2F4
:103C3800C3F58063064A9BB2A2F203410120FFF755
:103C48009DFF08BDBC5B0020661D0020285B00208E
:103C5800681D002000286DD070B51446054600295F
:103C68006AD0002A6AD0B2F5806F69D800F580530F
:103C780093F80D3443B1037823B9334AD2F8882036
:103C8800202A22D0012B26D005F5805393F80D3435
:103C9800002B57D16E1C2246304609F03BFA2B7890
:103CA80023B3012B34D005F58053012283F80D246A
:103CB8002146304608F0C0FC002840D005F5805366
:103CC800002283F80D24022039E000F580530022F9
:103CD80083F80D24D8E71D4BD3F88830202BD3D197
:103CE80005F58053002283F80D24CDE705F58053B0
:103CF800012283F80D2422463146134805F054FF6B
:103D0800E8B105F58053002283F80D24022016E05F
:103D180005F58053012283F80D24224631460B48CD
:103D280005F042FF58B105F58053002283F80D24B1
:103D3800022004E001207047012000E0012070BD4E
:103D48000120FCE70220FAE7BC5B0020285B00208A
:103D5800C8B338B5044600F5805393F80C3403B95A
:103D680038BD00F5805393F80A5405EB4521490006
:103D780001F58061014405EB452300EB4303B3F8EB
:103D880002280231FFF766FF0028E9D105EB452537
:103D980004EB45050023A5F8023804F5805292F893
:103DA8000A340133DBB282F80A34032B03D91346F1
:103DB800002283F80A2404F5805494F80C34013B5B
:103DC80084F80C34CCE7704770B110B50446FFF79F
:103DD8007FFD2046FFF7BCFF04F58054B4F80C04BF
:103DE800B0FA80F0400910BD00207047002852D07A
:103DF8002DE9F8430E461446054600294DD0002A01
:103E08004DD0B2F5806F4DD811463046FFF724FDEE
:103E1800074618B1244B012283F807282246314669
:103E28002846FFF717FFD8B305F5805393F80C34ED
:103E3800032B29D805F5805999F80B844FEA4827B0
:103E480008EB4820400000F58060284422463146AF
:103E5800023009F05FF9474405EB4707A7F8024825
:103E680099F80B340133DBB289F80B34032B02D9F0
:103E7800002289F80B2405F5805595F80C34013398
:103E880085F80C3400200BE01FB1074B002283F8A3
:103E98000728022004E001207047012000E00120EB
:103EA800BDE8F8830120FBE76415002010B5244C19
:103EB80044F244420021204609F0FEF8FFF752FA86
:103EC8002070012384F8063840F2B633A4F8083885
:103ED80000F024FBC4F80C08002307E0184A41F25C
:103EE8000E4101FB032282F818380133022BF5D961
:103EF800FFF788FB2021134809F09AF8002112489F
:103F080008F0CAFD0021114808F0D6FD104808F055
:103F1800F2FF0020FFF728FA38B90120FFF724FA4A
:103F280040B90C4B01221A7010BD0B490B48FFF722
:103F380015FEF2E70A490B48FFF710FEF1E700BF4C
:103F4800641500204000002091400008593B0008FB
:103F5800581400206315002065150020BC5B002064
:103F680065190020285B0020014B01221A70704758
:103F78006115002038B5FFF745FB002400E0013447
:103F8800022C19D8164B41F20E4202FB043393F867
:103F98001808FFF7E9F90028F1D041F20E4504FBB3
:103FA80005F505F618050E4B1D442846FFF790FC4D
:103FB8002846FFF7CDFEE2E7094B1878FFF7DEF950
:103FC800FFF702FF18B1064B93F8073803B138BD65
:103FD800FFF7C0FC0028FAD108F084FDF7E700BF1E
:103FE8006415002038B51D4B1B7813B11C4B1B788A
:103FF80003B138BD1A4B01221A70FFF703FBFFF714
:10400800F7FD002400E00134022C19D8154B41F2C9
:104018000E4202FB043393F81808FFF7A5F90028AD
:10402800F1D041F20E4504FB05F505F618050D4BD8
:104038001D442846FFF74CFC2846FFF789FEE2E7B7
:10404800094B1B781BB9064B00221A70D1E7064BA7
:1040580000221A70FFF78EFFF5E700BF63150020F6
:1040680062150020641500206115002038B504464B
:104078000D46044B1878FFF781F92A462146FFF7C9
:10408800B5FE38BD6415002008B5FFF7EFFF08BD81
:10409800B0B138B50C46054619B10220FFF764F9EE
:1040A80000B938BD074B02221A70FFF749FCFFF729
:1040B800A9FA2146284608F081FDFFF7A3FAF0E7A0
:1040C800704700BF6415002010B50446FFF756F985
:1040D80040B100F58053002183F80D14074B1B787D
:1040E800A34200D010BD00F5805292F80C34002B8A
:1040F800F8D1024B83F80718F4E700BF64150020D5
:10410800014B00221A7070476015002070470000AC
:1041180008B5144B984203D0134B984210D008BDF1
:104128000020FFF7D1FF0020104BA3F80208FFF78B
:104138001BF90028F3D00E490A48FFF70FFDEEE7F8
:104148000120FFF7C1FF094B0022A3F80428012032
:10415800FFF70AF90028E2D006490348FFF7FEFCFA
:10416800DDE700BFBC5B0020285B00206415002051
:10417800651500206519002008B5074B984203D043
:10418800064B984204D008BD0020FFF79DFFFAE7D0
:104198000120FFF799FFF6E7BC5B0020285B0020B1
:1041A80008B51748174B03604FF461234360002399
:1041B8008360C36003610C2242618361C36103624F
:1041C8004362836206F0B1FA70B900210C4806F028
:1041D800A5FB60B900210A4806F0C5FB50B908489C
:1041E80006F07DFB48B908BDFEF7A8FAEDE7FEF733
:1041F800A5FAEFE7FEF7A2FAF1E7FEF79FFAF2E772
:10420800BC5B00200038014008B51748174B036015
:104218004FF46123436000238360C36003610C2271
:1042280042618361C36103624362836206F07DFA7F
:1042380070B900210C4806F071FB60B900210A48EA
:1042480006F091FB50B9084806F049FB48B908BD8B
:10425800FEF774FAEDE7FEF771FAEFE7FEF76EFA8C
:10426800F1E7FEF76BFAF2E7285B00200044004014
:10427800F0B5A1B0044600211B911C911D911E911F
:104288001F91542206A808F017FF2368754A934225
:1042980004D0754A934268D021B0F0BD012306933B
:1042A80006A804F093F9002856D1704B1A6E42F410
:1042B80080421A661A6E02F480420192019ADA6C00
:1042C80042F00202DA64DB6C03F002030293029B01
:1042D800C0231B9302231C9300251D951E950723BD
:1042E8001F931BA9624801F067FC6248624B036098
:1042F800182343608560C56080230361456185613B
:104308002023C3614FF40053036201F0C1FA30BBAC
:10431800584BC4F880309C625848594B03601923A5
:104328004360102383600023C360802202614361DD
:104338008361C3614FF40053036201F0A9FA88B99D
:104348004E4BE3679C6200220521252001F014FAF8
:10435800252001F021FA9FE7FEF7F0F9A5E7FEF71F
:10436800EDF9D5E7FEF7EAF9EAE70223069306A88E
:1043780004F02CF900286BD13C4B9A6D42F40032C2
:104388009A659A6D02F400320392039ADA6C42F04D
:104398000102DA64DA6C02F001020492049ADA6C1F
:1043A80042F00202DA64DB6C03F002030593059B1A
:1043B8004FF400431B9302271C9700251D951E955B
:1043C80007261F961BA94FF0904001F0F5FB082324
:1043D8001B931C971D951E951F961BA9244801F039
:1043E800EBFB2848284B03601A2343608560C560AF
:1043F80080230361456185612023C3614FF4005325
:10440800036201F045FA30BB1E4BC4F880309C6251
:104418001E481F4B03601B23436010238360002347
:10442800C3608022026143618361C3614FF400531A
:10443800036201F02DFA88B9144BE3679C620022ED
:104448000521262001F098F9262001F0A5F923E797
:10445800FEF774F990E7FEF771F9D5E7FEF76EF904
:10446800EAE700BF00380140004400400010024065
:1044780000040048C85A002044000240685A00203E
:1044880058000240085A00201C000240A859002089
:1044980030000240104B1B680BB90120704710B563
:1044A80004464FF47A70B0FBF3F30C4A1068B0FB83
:1044B800F3F001F075F968B90F2C01D901200AE071
:1044C800002221464FF0FF3001F056F9044B1C60E2
:1044D800002000E0012010BDC001002024000020C1
:1044E800C401002010B5032001F034F90F20FFF7B4
:1044F800D1FF10B10124204610BD0446FEF7B4FBDD
:10450800F9E70000034A1368034909680B4413607C
:10451800704700BF505C0020C0010020014B1868A4
:10452800704700BF505C002038B50446FFF7F6FF1F
:104538000546B4F1FF3F02D0044B1B681C44FFF74B
:10454800EDFF401BA042FAD338BD00BFC0010020D8
:1045580010B430300B0A9B0003F00C03C45801F070
:104568001F014FF01F0C0CFA01FC24EA0C0CC2F3DB
:1045780084628A404CEA0202C2505DF8044B7047DC
:1045880010B414304B0E9B0003F00403C458C1F35D
:1045980004514FF0070C0CFA01FC24EA0C0C8A4079
:1045A8004CEA0202C2505DF8044B704730B583B044
:1045B80000230193002800F032810446C36D13B331
:1045C80023689A6812F0005F05D09A6822F02042AA
:1045D80022F03F029A602268936813F0805F1FD12F
:1045E800936823F0104323F03F0343F08053936014
:1045F8008C4B1B689B098C4AA2FB03239B09013344
:104608005B00019309E0FCF79FFD0023236684F813
:104618005830D5E7019B013B0193019B002BF9D151
:104628002268936813F0805F3DD1E36D43F0100377
:10463800E365236E43F0010323660120936813F0BA
:10464800040300D00123E16D11F0100F40F0E08069
:10465800002B40F0DD80E36D23F4817343F0020307
:10466800E365936813F0010F3ED1B2F1A04F1CD05F
:104678006E4B9A4219D06E4B996811F0010100D027
:1046880001216C4B9B6813F0010300D001230B43FD
:104698006949896811F0010100D001210B430CBF61
:1046A8000123002312E00020C8E74FF0A0439968D7
:1046B80011F0010100D001215C4B9B6813F001034C
:1046C80000D001230B430CBF0123002363B1B2F1D7
:1046D800A04F6CD0554B9A4267D0584963688A6896
:1046E80022F47C1213438B60627FE36B43EA42330C
:1046F800E2681343A268134394F8242043EA024370
:10470800012A56D0E26A22B102F47872216B0A4378
:1047180013432168CD684A4A2A401A43CA6022686E
:10472800136923F04063616B0B431361226893683C
:1047380013F0080300D0012343BB237F94F83810FB
:10474800490041EA8331D36823F4804323F002030C
:104758000B43D3602369002B30D02268136943F4DC
:10476800803313612268D2F8C03023F47F5323F0DA
:104778003F0321690B43C2F8C03094F84030012B45
:104788002BD02268136923F0010313616369012B9D
:1047980035D02268136B23F00F031363E36D23F006
:1047A800030343F00103E36537E0264996E725490B
:1047B80094E7A26A013A43EA4243A3E722681369ED
:1047C80023F4803313612268D2F8C03023F47F5376
:1047D80023F03F03C2F8C030CFE721680B6923F408
:1047E800FF6323F00403626CA56C2A43E56C2A433B
:1047F800256D2A43134343F001030B61C6E7216883
:104808000B6B23F00F03226A013A13430B63C5E7CE
:10481800E36D43F01003E365012003B030BD0120D0
:10482800FBE700BF24000020632D3E050001005077
:10483800000400500005005000060050000700501A
:104848000740F0FF000300502DE9F04104460E46F2
:104858000368B3F1A04F21D04E4A93421BD04E4A71
:10486800976807F01F07A569082D1ED0092F05D8DE
:1048780040F22122FA4012F0010F11D1B3F1A04FFA
:104888003AD0444A934235D0434B9B6813F4604F67
:1048980034D1042509E002F50072E1E73F4ADFE779
:1048A800DB6813F0010F1FD10425FFF737FE8046A0
:1048B80023681A682A4227D1B6F1FF3FF8D0FFF7DC
:1048C8002DFEA0EB0800B04201D8002EF0D12368DD
:1048D8001B682B42ECD1E36D43F00403E36500232E
:1048E80084F85830032050E0E36D43F02003E3657B
:1048F80001204AE0294BC8E7284BC6E7E36D43F09F
:104908002003E365012040E0E26D42F40072E265B5
:10491800DA6812F4406F11D1627F7AB91A6812F01E
:10492800080F0BD0E26D22F48072E265E26D12F49A
:10493800805F03D1E26D42F00102E265154A9342BD
:1049480013D002F5806293420CD01A4693420FD0DE
:10495800092F05D840F22121F94011F0010F07D1A4
:10496800D26806E0A2F58072F0E74FF0A042EDE7CA
:10497800DA68082D06D012F4804F08D10C221A608C
:10498800002002E008221A600020BDE8F081002023
:10499800FBE700BF00010050000700500003005073
:1049A8000368186C70477047704708B5806AFFF74E
:1049B800FBFF08BD704708B50346806AC26D12F058
:1049C800500F30D1C36D43F40073C36503681A6890
:1049D80012F0080F14D0DA6812F4406F20D1DB68A7
:1049E80013F4005F1CD1C36D23F48073C365C36DDA
:1049F80013F4805F14D1C36D43F00103C3650FE066
:104A0800DB6813F0020F0BD1C36D23F48073C36509
:104A1800C36D13F4805F03D1C36D43F00103C36515
:104A2800FFF7C1FF08BDC26D12F0100F04D1426D2F
:104A3800526B18469047F5E7FFF7BCFFF2E708B559
:104A4800806AC36D43F04003C365036E43F00403FB
:104A58000366FFF7AFFF08BDF0B583B000230193ED
:104A680090F85830012B00F0488204460D46012387
:104A780080F858300068836813F0040F09D0E36D9C
:104A880043F02003E3650120002384F8583003B085
:104A9800F0BD0A684968FFF75BFD2068836813F07A
:104AA800040300D00123866816F0080600D001260A
:104AB800002B3ED1002E3CD1AA68B2F1004F78D02D
:104AC8002968FFF75DFD2268536923F000435361AD
:104AD80069692268D368C3F3C1035B0099402869F8
:104AE800042873D0603252F82070AB4B3B402F68DB
:104AF80007F0F84C41EA0C010B4343F0004342F83D
:104B0800203023682869AA69603353F8201021F0FF
:104B180080710A4343F82020236829692A7F012AE3
:104B280051D0603353F8212022F00072324343F809
:104B380021202268936813F0010F16D12B68E868CA
:104B4800D2F8B010C3F3120621EA060100F01806E5
:104B58009248F0400340C3F312030B43C2F8B0304D
:104B6800EA688F4B9A4200F099802B688D4A13426D
:104B780000F0B9812268B2F1A04F00F050818A4953
:104B88008A4200F049818949896801F0E070884DBE
:104B9800AB4200F04681874DAB4200F04281864D22
:104BA800AB4200F07181854DAB4200F08781002057
:104BB8006AE700222968FFF7E3FC2268536943F09B
:104BC8000043536184E74FF00076AAE7136E116E35
:104BD800C1F384612B68C3F3120080BBC3F3846301
:104BE800994234D021684B6E4A6EC2F384622B68B6
:104BF800C3F3120080BBC3F384639A4234D02168A4
:104C08008B6E8A6EC2F384622B68C3F3120080BB7A
:104C1800C3F384639A4234D02168CB6ECA6EC2F360
:104C280084622B68C3F3120080BBC3F384639A4287
:104C38007FF47FAFCB6E23F00043CB6679E793FA1E
:104C4800A3F313B1B3FA83F3CAE72023C8E7136EBB
:104C580023F000431366C5E793FAA3F313B1B3FA3D
:104C680083F3CAE72023C8E74B6E23F000434B6663
:104C7800C5E793FAA3F313B1B3FA83F3CAE7202382
:104C8800C8E78B6E23F000438B66C5E793FAA3F35E
:104C980013B1B3FA83F3CAE72023C8E720682B6867
:104CA800C3F3120626BB9A0E013202F01F02092A2C
:104CB8008CBF00220122002A52D046BB990E013136
:104CC800890601F0F84176BB9F0E013707F01F07F0
:104CD8000122BA401143AEBB9B0E013303F01F0300
:104CE80003EB43031B051943AA68FFF749FC3CE79C
:104CF80093FAA3F24AB1B2FA82F2013202F01F0229
:104D0800092A8CBF00220122D5E72022F5E793FA71
:104D1800A3F131B1B1FA81F10131890601F0F8410D
:104D2800D1E72021F8E793FAA3F24AB1B2FA82F266
:104D3800013202F01F024FF0010C0CFA02F2C9E72F
:104D48002022F5E793FAA3F343B1B3FA83F30133CF
:104D580003F01F0303EB43031B05C4E72023F6E717
:104D680076BB990E0131890601F0F841A6BB9F0E6A
:104D7800013707F01F070122BA401143DEBB9B0E23
:104D8800013303F01F0303EB43031E3B1B0543F0F2
:104D980000731943A8E700BF00F0FF03FFFF0700F7
:104DA80000007F400000088000010050000700500C
:104DB800000021C31000C090000052C7000084CB3F
:104DC80093FAA3F131B1B1FA81F10131890601F009
:104DD800F841CBE72021F8E793FAA3F24AB1B2FAF7
:104DE80082F2013202F01F024FF0010C0CFA02F2BB
:104DF800C3E72022F5E793FAA3F35BB1B3FA83F391
:104E0800013303F01F0303EB43031E3B1B0543F071
:104E18000073BEE72023F3E701F50071B4E63849D3
:104E2800B2E611F4000F7FF4BAAEB2F1A04F04D08D
:104E3800344B9A4201D0002026E6B2F1A04F19D097
:104E4800314B9A4214D0314A40F40000936823F061
:104E5800E073184390602E4B1B689B092D4AA2FBF8
:104E680003239B09013303EB43039B00019306E0F3
:104E7800234AE9E7224AE7E7019B013B0193019BAB
:104E8800002BF9D10020FFE511F0807F7FF48BAE75
:104E98001D4B9A4229D003F580639A4227D0B2F17C
:104EA800A04F09D0194940F080738A6822F0E07257
:104EB80013438B600020E7E51149F4E711F4800FF4
:104EC80017D1114B9A4216D0B2F1A04F09D00F4911
:104ED80040F480038A6822F0E07213438B6000205C
:104EE800D2E50749F4E70020CEE50020CCE5002014
:104EF800CAE50020C8E50020C6E50220C7E500BFD6
:104F08000003005000060050000100500007005048
:104F180024000020632D3E0570B5044603689A6896
:104F280012F0040200D00122986810F0080000D0A6
:104F380001200AB900286DD0DA6812F0007F04D089
:104F4800A08B40F2011290424ED0022912D0236861
:104F58009A6812F0040F0BD09A6812F0020F07D16A
:104F68009A6822F0004222F03F0242F010029A6052
:104F7800012947D023689A6812F0080F0BD09A6865
:104F880012F0020F07D19A6822F0004222F03F0285
:104F980042F020029A60022936D0032936D10C2526
:104FA800FFF7BCFA064623689B682B4230D0FFF710
:104FB800B5FA801B0528F6D923689B682B42F2D0E6
:104FC800E36D43F01003E365236E43F001032366AA
:104FD80001201EE0E36D43F01003E365236E43F008
:104FE80001032366012014E00022196811F0400F24
:104FF80004D109498A42EDD80132F6E740221A6005
:105008000121A4E70425CBE70825C9E70425C7E75C
:10501800002070BD0020FCE7FFFF3FA330B583B040
:105028000023019303689A6812F0010F63D10446C4
:105038009968324A114220D19A6822F0004222F03F
:105048003F0242F001029A600368B3F1A04F20D0FA
:105058002B4A93421BD02B4B9B6813F4000F20D094
:10506800294B1B689B09294AA2FB03239B0901338F
:1050780003EB43039B00019310E0C36D43F010035F
:10508800C365036E43F001030366012034E0204B3F
:10509800E2E71F4BE0E7019B013B0193019B002BDB
:1050A800F9D1FFF73BFA054623681A6812F0010F99
:1050B8001FD19A6812F0010F07D19A6822F00042B6
:1050C80022F03F0242F001029A60FFF727FA431BE1
:1050D800022BE9D923681B6813F0010FE4D1E36DB3
:1050E80043F01003E365236E43F0010323660120B8
:1050F80002E0002000E0002003B030BD3F00008047
:10510800000100500007005024000020632D3E05D8
:105118000003005038B504460368B3F1A04F60D0CF
:10512800464A93425AD0464A956805F01F059B683F
:1051380013F0040F7DD194F85830012B7BD0012354
:1051480084F858302046FFF769FF00286DD1E36DD9
:1051580023F4706323F0010343F48073E365236849
:10516800364A934242D002F5806293423BD01A46B7
:10517800934200D01DB9E26D22F48012E265E26D1F
:1051880012F4805F35D0226E22F0060222661C22BD
:105198001A60002384F858302368284A93422ED096
:1051A80002F58062934227D01A4693422AD0092DED
:1051B80005D840F22121E94011F0010F22D1E36D19
:1051C80043F48013E365D36813F0007F32D0E36DB6
:1051D80023F4405343F48053E3652BE002F5007257
:1051E800A2E7184AA0E7A2F58072C1E74FF0A042F3
:1051F800BEE700222266CAE7A2F58072D5E74FF023
:10520800A042D2E7DA6812F0007F05D0E26D22F4FE
:10521800405242F48052E2659A6822F0004222F03D
:105228003F0242F004029A6004E0002384F85830F8
:1052380000E0022038BD0220FCE700BF000100505A
:1052480000070050000300502DE9F04104460F46C6
:1052580090460068B0F1A04F24D0444B98421ED02D
:10526800434B9E6806F01F06856815F0040F77D13A
:1052780094F85830012B76D0012384F858303D4BF0
:10528800984211D0092E05D840F22123F34013F09B
:10529800010F09D1002384F85830012061E003F59B
:1052A8000073DEE7344BDCE72046FFF7B7FE002843
:1052B80052D1E36D23F4706323F0010343F4807348
:1052C800E3652368294A934240D002F580629342FD
:1052D80039D01A46934200D01EB9E36D23F48013E7
:1052E800E365E36D13F4805F33D0236E23F0060388
:1052F8002366636D214ADA62636D214A1A63636D1E
:10530800204A5A6323681C221A60002384F8583004
:105318002268536843F0100353602268D36843F04F
:105328000103D360216843463A464031606D00F07E
:105338001DFB2268936823F0004323F03F0343F0EA
:10534800040393600DE0A2F58072C3E74FF0A0421A
:10535800C0E700232366CCE7002384F8583000E038
:105368000220BDE8F0810220FBE700BF00010050E9
:10537800000700500006005000030050BF49000815
:10538800B3490008474A000838B5044602689368DC
:1053980013F0020300D00123916811F0010F39D0F6
:1053A800002B39D1936803F00D03012B09D0E36D6D
:1053B80043F01003E365236E43F0010323660120E5
:1053C80029E0936823F0004323F03F0343F00203EE
:1053D8009360236803221A60FFF7A0F80546236844
:1053E8009B6813F0010F13D0FFF798F8401B0228B1
:1053F800F5D923689B6813F0010FF0D0E36D43F0F3
:105408001003E365236E43F001032366012002E0E5
:10541800002000E0002038BD0020FCE790F858305C
:10542800012B1AD010B50446012380F85830032107
:10543800FFF772FD18B1002384F8583010BD2046DC
:10544800FFF7A2FF0028F6D1E36D23F4885323F079
:10545800010343F00103E365EDE702207047000014
:1054680030B583B00023019390F85830012B41D018
:1054780004460D46012380F85830FFF785FF80BBAE
:10548800E36D23F4885323F0020343F00203E3653A
:105498002268936823F0404323F03F0305F08045DA
:1054A8002B4343F00043936023689B68002B06DB83
:1054B800E36D23F0030343F00103E36515E0019B6B
:1054C80001330193019A0C4B9A42EDD9E36D23F015
:1054D800120343F01003E365002384F858300120D9
:1054E80006E0E36D43F01003E365002384F85830C9
:1054F80003B030BD0220FBE701DE040090F858201D
:10550800012A00F0D68010B49DB00346012280F82D
:1055180058200022189219920068B0F1A04F47D085
:10552800654A904247D000220192019A002A46D04B
:10553800926812F0040200D00122846814F0040F6B
:1055480040F0A780002A40F0A480B0F1A04F42D0DC
:105558005A4A90423CD05A4A086800285CD0906861
:1055680020F460404C6893F838C044EA4C34204337
:1055780090601868B0F1A04F2FD0504CA0422CD0AA
:105588004D48846814F0010400D001244D48806817
:1055980010F0010000D0012020434B4CA46814F007
:1055A800010400D0012420430CBF0120002025E085
:1055B800424A0192B9E702F580720192B5E7DA6DC5
:1055C80042F02002DA65002283F85820012068E0C2
:1055D80002F50072C0E73D4ABEE74FF0A04084687C
:1055E80014F0010400D001243448806810F0010050
:1055F80000D0012020430CBF01200020002854D0F7
:10560800906820F4716020F00F000C6889682143CD
:1056180008439060002041E0916821F46041916066
:105628001968B1F1A04F1AD02448814217D02249F5
:10563800886810F0010000D001202249896811F023
:10564800010100D0012101431F48806810F00100CA
:1056580000D0012001430CBF0121002110E04FF0D0
:10566800A041886810F0010000D001201349896822
:1056780011F0010100D0012101430CBF01210021DB
:10568800A9B1916821F4716121F00F0191600020A6
:1056980004E0DA6D42F02002DA650120002283F886
:1056A80058201DB05DF8044B70470020F6E7002035
:1056B800F4E70220704700BF0004005000010050CA
:1056C800000700500005005000060050000300507D
:1056D800002807DB00F01F02400901239340024A1B
:1056E80042F82030704700BF00E100E0002808DBE6
:1056F8000901C9B200F1604000F5614080F800136B
:10570800704700F00F000901C9B2014B19547047E6
:1057180014ED00E000B500F00700C0F1070CBCF183
:10572800040F28BF4FF0040C031D062B0FD9C31E0E
:105738004FF0FF3E0EFA0CF021EA000199400EFAF4
:1057480003FE22EA0E0241EA02005DF804FB002390
:10575800EEE70000074AD36823F4E0631B041B0C40
:10576800000200F4E060034343F0BF6343F40033F6
:10577800D360704700ED00E010B50446054BD868CB
:10578800C0F30220FFF7C6FF01462046FFF7AEFF31
:1057980010BD00BF00ED00E008B5FFF799FF08BD98
:1057A8000138B0F1807F0BD24FF0E0235861054AF1
:1057B800F02182F823100020986107221A617047AF
:1057C8000120704700ED00E030B4C46C056D6560E1
:1057D800446D14B1846DC56D6560446C04F01F0C94
:1057E800012404FA0CF4056C6C6004686360836837
:1057F800102B05D0036899600368DA6030BC7047E5
:1058080003689A600368D960F8E700000368104AE3
:10581800934214D8DBB2083B0E4AA2FB03231B09B0
:105828000D49426C22F003020A4482640B4AC264A6
:1058380003F01F03012202FA03F303657047DBB28A
:10584800083B044AA2FB03231B0908330449E8E781
:1058580007040240CDCCCCCC0008024080080240AE
:1058680020080240436803F07F03074A1A44920065
:105878004265064A8265013B03F01F03012202FAD2
:1058880003F3C365704700BF3F8200104009024020
:1058980000285DD010B5044601682E4B99423FD8C8
:1058A8002D4B0B442D4AA2FB03231B099B00436489
:1058B8002B4B0364022384F825300A6822F4FF4244
:1058C80022F07002A368E06803432069034360691B
:1058D8000343A0690343E0690343206A0343134376
:1058E8000B602046FFF792FFA368B3F5804F22D0E4
:1058F8006368A26C03F07F031360E36C226D5A6047
:105908006368013B032B19D900236365A365E3652D
:105918000020E063012384F8253084F8240010BDBA
:10592800104B0B440D4AA2FB03231B099B00436445
:105938000D4B0364BEE700236360D9E72046FFF7F9
:1059480091FF636D00221A60A36DE26D5A60DFE774
:105958000120704707040240F8FFFDBFCDCCCCCC36
:1059680000000240F8FBFDBF0004024038B50446C1
:1059780090F82400012841D0012084F8240094F8EC
:105988002500C0B2012804D0002384F82430022066
:1059980038BD022084F825000020E06325682868C7
:1059A80020F0010028602046FFF70EFF236BD3B1DB
:1059B8002268136843F00E031360A36C1A6812F48C
:1059C800803F03D01A6842F480721A60636D1BB17D
:1059D8001A6842F480721A602268136843F001035F
:1059E80013600020D4E72268136823F004031360CF
:1059F8002268136843F00A031360DEE70220C7E752
:105A08000346002834D090F82520D2B2022A09D0C3
:105A18000422C2630120012283F82520002283F892
:105A28002420704701680A6822F001020A600168B0
:105A38000A6822F00E020A60816C0A6822F48072F9
:105A48000A60426C02F01F01006C01228A40426029
:105A5800DA6C196D51605A6D42B1116821F4807188
:105A680011609A6DD96D51600020D4E70020D2E70B
:105A78000120704708B590F82530DBB2022B09D019
:105A88000423C363012380F82530002280F82420F2
:105A9800184608BD0268136823F001031360026802
:105AA800136823F00E031360826C136823F4807369
:105AB8001360436C03F01F02016C012393404B6099
:105AC800C36C026D5A60436D33B11A6822F4807258
:105AD8001A60836DC26D5A60012380F82530002357
:105AE80080F82430836B13B198470020D1E7002059
:105AF800CFE738B5036C196804682568436C03F070
:105B08001F0304229A400A4215D015F0040F12D040
:105B1800236813F0200F03D1236823F004032360C4
:105B2800436C03F01F02016C042393404B60036B2A
:105B380003B1984738BD02229A400A421CD015F09A
:105B4800020F19D0236813F0200F06D1236823F021
:105B58000A032360012380F82530436C03F01F02F9
:105B6800016C022393404B60002380F82430C36A01
:105B7800002BDFD09847DDE7082202FA03F30B4237
:105B8800D8D015F0080FD5D0236823F00E03236072
:105B9800436C03F01F03016C012202FA03F34B600C
:105BA800C26380F82520002380F82430436B002B43
:105BB800C0D09847BEE70000F0B583B0002366E088
:105BC80085685E000324B44025EA0405CC68B44027
:105BD8002C438460456825EA0C054C68C4F300141E
:105BE8009C402C43446063E08C68012C65D173E0D1
:105BF800DD08083550F8254003F0070C4FEA8C0CF7
:105C08004FF00F0E0EFA0CFE24EA0E0E0C6904FA81
:105C18000CF444EA0E0440F8254062E0052400E054
:105C2800002404FA0EF42C430CF1020C564D45F8EE
:105C38002C40564CA568D44325EA02064F6817F451
:105C4800801F01D042EA0506504DAE60ED6804EAB7
:105C580005064F6817F4001F01D042EA05064B4DB0
:105C6800EE606D6804EA05064F6817F4003F01D03E
:105C780042EA0506454D6E602D682C404E6816F4C4
:105C8800803F01D042EA0504404A146001330A68A3
:105C980032FA03F476D04FF0010C0CFA03FC1CEA3C
:105CA8000202F3D04C6804F00304013C012C87D9AC
:105CB8004C6804F00304032C96D0C4684FEA430EE2
:105CC8004FF0030C0CFA0EFC24EA0C0C8C6804FA56
:105CD8000EF444EA0C04C4604C6804F00304022C7B
:105CE80086D004684FEA430E4FF0030C0CFA0EFC02
:105CF80024EA0C0C4C6804F0030404FA0EF444EA99
:105D08000C0404604C6814F4403FBFD0204C256E4E
:105D180045F001052566246E04F001040194019CF8
:105D28004FEA930C0CF10205174C54F8255003F078
:105D3800030E4FEA8E0E0F2404FA0EF425EA04052A
:105D4800B0F1904F3FF46CAF124CA04212D004F562
:105D58008064A04210D004F58064A0420ED004F5FF
:105D68008064A0420CD004F58064A0423FF456AF92
:105D7800062456E7012454E7022452E7032450E797
:105D880004244EE703B0F0BD0000014000040140C8
:105D980000100240000400480AB181617047816226
:105DA800704710B40468226822F007028B68134316
:105DB80023F01803CA681A43226003680A685A6104
:105DC80003684A689A615DF8044B704730B5046807
:105DD80001F1010C4FEACC1C54F80C3023F0070EEB
:105DE800936843EA0E0323F01803D5682B4344F85D
:105DF8000C300368146803EBC113C3F894400368BC
:105E0800526803EBC113C3F8982030BD70B404681E
:105E18002368D4F8A05323F020034E69334323F0BA
:105E2800C002202E09D08E69022E06D0032E29D05A
:105E3800042E2AD023F0E00201E042F0200222F4EE
:105E48000062CB69134323F480620B6A134323F087
:105E5800C0624B6A134323F000628B6A134323F03A
:105E68004043CA6A43EA820323F000534A6B1A4349
:105E780025F480350B6B1D4322600368C3F8A053DB
:105E880070BC704742F04002D9E742F08002D6E782
:105E98002DE9F04105684B1CDB01EC5824F07044F7
:105EA800EC500668F35806EBC114D4F8E880D4F82F
:105EB800E440D6F8A05323F0200C536943EA0C0CB5
:105EC800202B09D09369022B06D0032B60D0042B1A
:105ED80063D02CF4D07C03E02CF4C07C4CF0200C74
:105EE8002CF4006CD36943EA0C0323F48063176A2B
:105EF80047EA030C2CF0C06C536A43EA0C0323F006
:105F0800006C936A43EA0C0323F0704CD36A43EAAB
:105F18000C0323F40033576BB7F1005F42D023F032
:105F28004003D2F838C04CEA030323F48023976D6A
:105F380047EA030E2EF0FC7E2EF4803E136D43EAF2
:105F48000E0E28F03F07D36B03F03F033B4323F0CB
:105F58000043176C3B43BCF1000F03D124F4807459
:105F6800576C3C43976CB7F5606F1ED0B7F5F05F80
:105F78001BD024F4F0543C4324F48044D76C3C43B5
:105F8800576D05291AD8DFE801F01431373D434928
:105F98002CF4807C4CF0800CA2E72CF0800C4CF4A4
:105FA800807C9DE743F40033B9E7BCF1400FE3D1AF
:105FB800DFE725F40035126B45EA42054A1CD20199
:105FC80046F802E0026802EBC112C2F8E830036842
:105FD80003EBC113C3F8E440036803EBC113C3F830
:105FE800D4700368C3F8A053BDE8F08125F4802578
:105FF800126B45EA8205E1E725F40025126B45EAB4
:10600800C205DBE725F48015126B45EA0215D5E7D2
:1060180025F40015126B45EA4215CFE725F48005F3
:10602800126B45EA8215C9E730B4006800EBC1136A
:10603800D3F8EC3023F01003146843EA041323F474
:106048008013546844EA030C2CF4803CD36843EA78
:106058000C0323F4003C936843EA0C039469012C75
:1060680005D000EBC110C0F8EC3030BC704723F00D
:106078000403156945EA030C2CF0020C536943EA42
:106088000C0323F001032343EBE70000F0B4076897
:1060980007EBC114D4F8E460D4F8B850402A52D0C1
:1060A80035D8012A4FD0002A5ED0202A5ED8022A8D
:1060B8005ED3023A012404FA02F2324C224230D171
:1060C80044F2040422423ED10022FE24944026EAEF
:1060D80004061C68944044EA060CDC68944044EAD0
:1060E8000C041E6906FA02FC4CEA040C5C69944034
:1060F80044EA0C0C9C69944044EA0C04082E39D0FC
:10610800036803EBC113C3F8E440F0BC7047B2F571
:10611800007F06D012D9B2F5806F14D0B2F5006FA7
:1061280020D15A6807EBC117C7F8C42002689C68D9
:1061380002EBC112C2F8C8401022C6E7802AF0D08C
:10614800B2F5807F0CD15A6807EBC117C7F8BC209D
:1061580002689C6802EBC112C2F8C0400022B4E792
:106168000022B2E70022B0E70022AEE70022ACE747
:106178000022AAE715F0022FC2D1DB6993401C4325
:10618800BEE700BF4100004006293CD8DFE801F027
:106198000C141C242C3404000268D2F8843343F015
:1061A8000103C2F8843370470268D2F8843343F09D
:1061B8000203C2F8843370470268D2F8843343F08C
:1061C8000403C2F8843370470268D2F8843343F07A
:1061D8000803C2F8843370470268D2F8843343F066
:1061E8001003C2F8843370470268D2F8843343F04E
:1061F8002003C2F8843370470268D2F8843343F02E
:106208004003C2F884337047002864D010B582B0C8
:106218000446022380F8DD300023C0F8E030C0F8DF
:10622800E430C0F8E830C0F8EC30C0F8F030C0F81E
:10623800F430C0F8F830836813F0010F12D0026808
:10624800264B9A4225D021680A6822F440422369E5
:1062580003F44043134323F44053626902F4405269
:106268001A430A602046FCF729F8A36813F0020FC6
:1062780008D021680A6822F44072E36803F4407386
:1062880013430B60012384F8DD30002384F8DC30ED
:106298001CE003F528431A6E42F080621A661B6EF2
:1062A80003F080630193019BCDE7C3EBC30204EBCA
:1062B800820200219161D161116251629162C3EB46
:1062C800C30204EB820211630133DBB2062BECD963
:1062D800002002B010BD0120704700BF00680140D7
:1062E80090F8DC30012B32D0012380F8DC30022317
:1062F80080F8DD30B1F1FF3F1AD00268D2F8CC3314
:1063080043F00203C2F8CC330268D2F8CC3323F04E
:106318000C030B43C2F8CC330268D2F8CC3343F0F9
:106328000103C2F8CC33012380F8DD300020704728
:106338000268D2F8CC3323F00203C2F8CC330268E7
:10634800D2F8CC3343F00103C2F8CC33EBE7022098
:10635800704770B504460D46FEF7E0F80646236818
:10636800D3F8883313F4803F0ED1B5F1FF3FF6D050
:10637800FEF7D4F8801BA84201D8002DEFD10723DF
:1063880084F8DD30032005E0012384F8DD300020A7
:1063980084F8DC0070BD10B5044690F8DD00C0B28A
:1063A80002280BD0022384F8DD30062907D02046C6
:1063B800FFF70CFD012384F8DD30002010BD1146E5
:1063C8002046FFF7EEFCF5E7034690F8DD00C0B283
:1063D800022800F0318193F8DC00012800F02881C0
:1063E80070B5012083F8DC00022083F8DD0018680E
:1063F800D0F88053D0F8FC4320292AD8002900F08F
:106408000C8101F1FF3CBCF11F0F00F20681DFE8AF
:106418001CF063007F0004018C00040104010401E6
:1064280099000401040104010401040104010401A8
:10643800A60004010401040104010401040104018B
:10644800040104010401040104010401040104011C
:10645800B900B1F5807F00F0C9801DD9B1F5007F82
:1064680040F0DB8024F4E00416684FEA061C0CF4C4
:10647800E00C4CEA0404D0F8F86326F0F846C0F8BB
:10648800F8631E68D6F8F8035268920602F0F842DC
:106498000243C6F8F82328E0402900F08D808029BF
:1064A80040F0BB8024F4E04416684FEA161C0CF454
:1064B800E04C4CEA0404D0F8F86326F4F816C0F867
:1064C800F8631E68D6F8F8035268120402F4F8124A
:1064D8000243C6F8F82308E025F4E025166806F418
:1064E800E02635435268C0F8BC2393F8DD20D2B2C9
:1064F800072A00F09F800F2900F296801A68C2F8D8
:106508008053012283F8DD20002083F8DC0070BD71
:1065180025F4601516684FEAC60C0CF4601C4CEAAA
:1065280005055268C0F8C023DFE725F0E075166856
:106538004FEA861C0CF0E07C4CEA05055268C0F86E
:10654800C423D2E725F0606516684FEA462C0CF0A4
:10655800606C4CEA05055268C0F8C823C5E7568840
:1065680066F30204D0F8F86326F01F06C0F8F86353
:106578001E68D6F8F803526802F01F020243C6F8F4
:10658800F823B2E724F0700416684FEA163C0CF0C2
:10659800700C4CEA0404D0F8F86326F47876C0F856
:1065A800F8631E68D6F8F8035268520102F478724C
:1065B8000243C6F8F82398E724F4E06416684FEA23
:1065C800162C0CF4E06C4CEA0404D0F8F86326F4BA
:1065D800F846C0F8F8631E68D6F8F80352689202C5
:1065E80002F4F8420243C6F8F8237EE724F4E024D4
:1065F800166806F4E0263443D0F8F86326F0787677
:10660800C0F8F8631E68D6F8F8035268520502F01D
:1066180078720243C6F8F82367E7072283F8DD207B
:10662800002283F8DC2060E71A68C2F8FC4368E7B8
:106638000220704701206AE77047034690F8DD00A2
:10664800C0B2022800F0BD8093F8DC00012800F0F9
:10665800B580012083F8DC00022083F8DD002029C2
:1066680018D8002900F0A38001391F2900F29F8063
:10667800DFE801F0344A9D569D9D9D629D9D9D9D3C
:106688009D9D9D6E9D9D9D9D9D9D9D9D9D9D9D9D61
:106698009D9D9D7AB1F5807F7DD00FD9B1F5007FA2
:1066A80040F085801868D0F8041421F0F8511206DB
:1066B80002F0F8520A43C0F8042419E040295ED0D9
:1066C800802974D11868D0F8041421F4F831120321
:1066D80002F4F8320A43C0F8042409E01868D0F834
:1066E800001421F01F0102F01F020A43C0F8002421
:1066F80093F8DD20D2B2072A62D0012283F8DD2088
:10670800002083F8DC0070471868D0F8001421F4E2
:10671800F861920102F4F8620A43C0F80024E7E73E
:106728001868D0F8001421F4F831120302F4F83292
:106738000A43C0F80024DBE71868D0F8001421F4F5
:10674800F801920402F4F8020A43C0F80024CFE7E3
:106758001868D0F8001421F0F851120602F0F85227
:106768000A43C0F80024C3E71868D0F8041421F0DD
:106778001F0102F01F020A43C0F80424B8E7186892
:10678800D0F8041421F4F861920102F4F8620A4383
:10679800C0F80424ACE71868D0F8041421F4F80110
:1067A800920402F4F8020A43C0F80424A0E707227E
:1067B80083F8DD20002283F8DC2099E70220704767
:1067C8000120704770B5044690F8DD00C0B2022879
:1067D80036D00D46164694F8DC30012B36D001230E
:1067E80084F8DC30022384F8DD30062929D02046DD
:1067F800FFF74EFB3268C5EBC50304EB83031A624F
:1068080072685A62B2689A62F268DA6232691A6326
:1068180029462046FFF7B8FC062D0BD0F36A4BB982
:1068280022680135ED01535923F40073F16D43EAF1
:1068380041235351012384F8DD30002084F8DC0023
:1068480070BD11462046FFF7E1FAD3E70220F7E7CB
:1068580038B5044690F8DD00C0B2022811D094F88B
:10686800DC30012B0ED0012584F8DC50022384F89B
:10687800DD302046FFF7D8FB84F8DD50002084F88F
:10688800DC0038BD0220FCE7034690F8DD00C0B20A
:10689800022845D093F8DC0001283FD030B54FF0EE
:1068A800010E83F8DCE0022083F8DD00106800F4B4
:1068B800E0545068C0F308000443906800F4007086
:1068C8000443106900F480400443D06800F4004099
:1068D80004431448556900EA054C4CEA040C9069D5
:1068E80000F0007040EA0C0C106A00F0804040EAAA
:1068F8000C0CD06900F0004040EA0C001A6802EB6A
:10690800C111D1F8B840084A22400243C1F8B82062
:1069180083F8DDE0002083F8DC0030BD02207047FA
:10692800704700BF0000FF010020003C844690F83B
:10693800DD00C0B2022800F0D9809CF8DC000128F4
:1069480000F0D08030B401208CF8DC0002208CF8F4
:10695800DD00062909D0013A072A00F2BC80DFE8E9
:1069680002F02E43BA7ABABABA82013A072A1FD875
:10697800DFE802F0040F1E141E1E1E19DCF80020AA
:106988001B68D3619CF8DD30DBB2072B24D10120D2
:1069980028E0DCF800201B685362F3E7DCF80020ED
:1069A8001B689362EEE7DCF800201B68D362E9E716
:1069B80007238CF8DD3000238CF8DC30E2E7DCF8C4
:1069C80000201B6802EBC112C2F89C309CF8DD3035
:1069D800DBB2072B00F0888001238CF8DD30002023
:1069E8008CF8DC0030BC7047DCF80020186802EB3B
:1069F800C112C2F8A4005A6822B3DCF800404A1C4D
:106A0800D201A05820F44050A050DCF80040A05813
:106A18005D682843A0505A68B2F5005F0AD0B2F505
:106A2800405FD3D1DCF800209B6802EBC112C2F8AA
:106A3800A830CBE7DCF800209B6802EBC112C2F853
:106A48009C30C3E7DCF800200131C901535823F416
:106A580040535350BAE7DCF800201B6802EBC11220
:106A6800C2F8A830B2E7DCF80020186802EBC112BF
:106A7800C2F8AC005A682AB3DCF800404A1CD201BC
:106A8800A05820F44040A050DCF80040A0585D68B1
:106A980040EA8500A0505A68B2F5005F0AD0B2F506
:106AA800405F93D1DCF800209B6802EBC112C2F86A
:106AB800A8308BE7DCF800209B6802EBC112C2F813
:106AC8009C3083E7DCF800200131C901535823F4D6
:106AD800404353507AE707238CF8DD3000238CF8C5
:106AE800DC3073E70220704701207BE7704738B538
:106AF800044690F8DD00C0B2022811D094F8DC00FA
:106B080001280ED0012584F8DC50022084F8DD002D
:106B18002046FFF7BBFA84F8DD50002084F8DC003B
:106B280038BD0220FCE790F8DC30012B15D010B4FA
:106B3800012280F8DC20022380F8DD300468D4F8D4
:106B480094330B43C4F8943380F8DD20002380F895
:106B5800DC3018465DF8044B70470220704790F807
:106B6800DC30012B15D010B4012280F8DC20022380
:106B780080F8DD300468D4F898330B43C4F89833B0
:106B880080F8DD20002380F8DC3018465DF8044BDF
:106B980070470220704790F8DC30012B13D010B4F6
:106BA800012280F8DC20022380F8DD3004682368A5
:106BB8000B43236080F8DD20002380F8DC30184682
:106BC8005DF8044B704702207047002831D038B573
:106BD800044603684CF6CC421A60036845F25552E5
:106BE8001A60036842685A60036882689A60FDF711
:106BF80095FC05462368DA6812F0070F0DD0FDF7FB
:106C08008DFC401B41F601039842F3D92368DB68E9
:106C180013F0070FEED0032005E01969E2689142EE
:106C280002D01A61002038BD4AF6AA221A60002054
:106C3800F9E70120704703684AF6AA221A60002083
:106C4800704738B512F4804F43D00468B4F8503018
:106C580091F800C04FEACC0E1EFA83F32344B3F830
:106C68000244C4F309048B69A34228D31B1B8B611C
:106C78008B697BB9056835F82C309BB223F48043C7
:106C880023F0700383F4005343F4004343F080037C
:106C980025F82C3012F0400F0ED002680D7832F82B
:106CA80025309BB223F4E04323F0700343F4004300
:106CB80043F0C00322F8253024B9204638BD00230C
:106CC8008B61D5E723460A894969006804F068FDA5
:106CD800F3E70468B4F8503091F800C04FEACC0EDE
:106CE8001EFA83F32344B3F80644C4F309048B69FA
:106CF800A3422FD31B1B8B618B697BB9056835F8C1
:106D08002C309BB223F4804323F0700383F40053A8
:106D180043F4004343F0800325F82C3012F0400F71
:106D28000FD1026891F800C032F82C309BB223F4DE
:106D3800E04323F0700343F4004343F0C00322F818
:106D48002C30002CB9D023464A894969006804F0E0
:106D580027FDB2E700238B61CEE7002856D010B597
:106D6800044690F891323BB1032384F891322068AD
:106D780003F027FE002315E080F8903205F032FD7D
:106D8800F2E703EB830204EBC2020121517413748E
:106D98000021D17411625162013303EB8302D200E6
:106DA800A150DBB220799842EBD8002316E003EB20
:106DB800830204EBC202002182F8511182F850319B
:106DC80082F85311C2F86011C2F8641103EB830210
:106DD80004EBC202C2F868110133DBB29842E6D86C
:106DE800234653F8040B93E8060003F0F4FD002350
:106DF8002373012384F89132A37A012B01D0002058
:106E080010BD204600F01BFF0020F9E70120704765
:106E180090F89032012B0ED010B50446012380F86B
:106E28009032006803F0C4FD206804F0D6F9002011
:106E380084F8900210BD0220704770B505460C46D4
:106E4800164612F0400F00F020810268B2F8503068
:106E580009784FEAC10C1CFA83F31344B3F80224EF
:106E6800C2F30902A36993422CD99B1AA361A069B2
:106E780058B316F4804F0DD0286830F821309BB2F3
:106E880023F4E04323F0700343F4404343F08003CA
:106E980020F8213094F82430012B00F08D802A68E6
:106EA800217832F821309BB223F4E04323F04003E9
:106EB80083F0300343F4004343F0800322F8213089
:106EC800002070BD0023A361D1E76378002B48D16F
:106ED8002A68B2F8503012FA83F36344B3F80224F4
:106EE800C2F30902A3F80224B3F802246FEA42426B
:106EF8006FEA524292B2A3F802242A686378002B00
:106F08003BD1B2F8503012FA83F3227803EBC20374
:106F1800B3F80624C2F30902A3F80624B3F806243A
:106F28006FEA42426FEA524292B2A3F80624E3782B
:106F3800022B2FD02178284605F098FC16F4804FB4
:106F4800BED02A68217832F821309BB223F4E0437E
:106F580023F0700343F4404343F0800322F82130C8
:106F6800AEE7012BC9D12A68B2F8503012FA83F380
:106F780063440022A3F80224BFE7012BD7D1B2F85B
:106F8800503012FA83F3227803EBC2030022A3F8ED
:106F98000624CCE72A68217832F821309BB223F402
:106FA800E04323F0400383F0200343F4004343F01D
:106FB800800322F82130BDE7636913446361E36904
:106FC8001344E361216A236999421DD3C91A2162D6
:106FD8006278002A44D12968B1F8502011FA82F267
:106FE800217802EBC102B2F80214C1F30901A2F838
:106FF8000214ABB9B2F802146FEA41416FEA514189
:1070080089B2A2F802142DE021B9002384F82430B3
:107018001346DDE7002384F8243023620B46D7E7C4
:107028003E2B0DD8590813F0010F00D00131B2F8EA
:10703800020480B2890289B20143A2F8021411E065
:10704800580913F01F0F00D10138B2F8021489B2A1
:10705800800280B2014341F40041A2F8021401E029
:10706800012A06D09BB222896169286804F0C4F815
:1070780015E72968B1F8502011FA82F2217802EB5D
:10708800C10299B2A2F80214ECE70268B2F85030D3
:107098000978C80010FA83F31344B3F80624C2F33E
:1070A8000902A369934246D39B1AA361A369002BE3
:1070B80044D016F4804F0DD1286830F821309BB2A7
:1070C80023F4E04323F0700343F4404343F0800388
:1070D80020F8213094F82430012B7FF4E0AE636966
:1070E80013446361E3691344E361216A23699942A4
:1070F800C0F09C80C91A216229686278002A40F091
:10710800C180B1F8502011FA82F2217802EBC10255
:10711800B2F80614C1F30901A2F80614002B40F0D6
:107128009180B2F806146FEA41416FEA514189B281
:10713800A2F80614A8E00023A361B7E76378002B40
:1071480049D12A68B2F8503012FA83F30344B3F8ED
:107158000224C2F30902A3F80224B3F802246FEA56
:1071680042426FEA524292B2A3F802242A68637834
:10717800002B3CD1B2F8503012FA83F3227803EB9B
:10718800C203B3F80624C2F30902A3F80624B3F82D
:1071980006246FEA42426FEA524292B2A3F80624EA
:1071A800E378022B30D02178284605F05FFB16F4EF
:1071B800804F7FF485AE2A68217832F821309BB25F
:1071C80023F4E04323F0700343F4404343F0800387
:1071D80022F8213074E6012BC8D12A68B2F8503061
:1071E80012FA83F303440022A3F80224BEE7012B1A
:1071F800D6D1B2F8503012FA83F3227803EBC203E7
:107208000022A3F80624CBE72A68217832F8213037
:107218009BB223F4E04323F0400383F0200343F4BC
:10722800004343F0800322F82130BCE721B9002352
:1072380084F8243013465FE70023236284F824305F
:107248000B4659E73E2B0DD8590813F0010F00D013
:107258000131B2F8060480B2890289B20143A2F86A
:10726800061411E0580913F01F0F00D10138B2F8C5
:10727800061489B2800280B2014341F40041A2F8A9
:10728800061401E0012A06D09BB262896169286868
:1072980003F0B2FF03E6B1F8502011FA82F2217828
:1072A80002EBC10299B2A2F80614EDE72DE9F04706
:1072B80004463EE003889BB223F4E14323F07003C5
:1072C8006FEA43436FEA53439BB203802168B1F8E6
:1072D8005030227CD20012FA83F30B44B3F8023404
:1072E800C3F30903E362626A1A446262002120461A
:1072F80005F0BCFA237BE3B1A36AD3B9237B2268E8
:1073080043F08003A2F84C300023237311E0B4F853
:10731800562104F5267104F043FA2268138823F0F5
:1073280070031B051B0D43F080031380204605F0F6
:1073380089FA2068B0F8443013F4004F00F0348222
:10734800B0F844309AB203F00F0513F0080F40F07C
:107358002F82002D75D112F0100FABD003889AB28E
:1073680013F4006F30D0B0F8503094F85021D200A8
:1073780012FA83F30344B3F80634C3F30903C4F8D9
:107388006C31082BC3D003889BB223F4804323F0CD
:10739800700383F4805348F280010B430380226812
:1073A80013889BB223F4E04323F0400383F01003D7
:1073B8000B4313802268138823F070031B051B0DF1
:1073C80043F080031380F0E112F4004FB1D003883A
:1073D80023F070031B051B0D43F080030380206816
:1073E800B0F8503094F85021D20012FA83F30344D5
:1073F800B3F80634C3F30903C4F86C316BB90388D6
:107408009BB223F4804323F0700383F4405343F486
:10741800004343F0800303808BE7D4F8641100290C
:1074280087D0B4F8562104F0BBF9D4F86431D4F805
:107438006C211344C4F864310021204605F00AFA8F
:1074480077E7AF0030F825309EB213F4004F4DD1E6
:1074580016F0800F3FF46DAF2A4605EB8501C90091
:10746800103121442068C35B9BB223F4E14323F02D
:1074780070036FEA43436FEA53439BB2C35305EB70
:10748800850304EBC303DB7C012B00F0F58016F4C5
:10749800807F40F084812068B0F8503005EB850586
:1074A80004EBC5052E7CF50015FA83F30344B3F805
:1074B8000234C3F30903551C05EB850554F8355010
:1074C8009D4240F24F81571C07EB8707ED1A44F89D
:1074D8003750551C05EB850554F83550002D40F004
:1074E80048813146204605F0C1F922E730F82530B9
:1074F80023F070031B051B0D43F0800320F8253093
:10750800A84605EB85094FEAC90909F5A879A144F8
:1075180005EB850304EBC30393F85C31EBBB2068F0
:10752800B0F8503005EB850204EBC20292F8502106
:10753800D20012FA83F30344B3F806A4CAF3090A83
:10754800BAF1000F1DD108EB880304EBC303D3F88D
:107558006C215244C3F86C21D3F868313BB108EB75
:10756800880304EBC303D3F860319A4572D208EB61
:10757800880804EBC80898F85011204605F06AF905
:1075880066E705EB850104EBC1015346B1F85621C6
:10759800D1F8641104F004F9D5E705EB850304EB91
:1075A800C30393F85331022B34D0216805EB8502CD
:1075B80004EBC20292F8500131F820309BB223F458
:1075C800E04323F0700343F4004343F0C00321F881
:1075D8002030206892F8503130F8232012F4804F80
:1075E8001FD0B0F85020DB0013FA82F30344B3F83D
:1075F80002A4CAF3090ABAF1000FA4D005EB850169
:1076080004EBC1015346B1F85821D1F8641104F0D4
:10761800C7F898E7324649462046FFF712FB8246EC
:1076280091E7B0F85020DB0013FA82F30344B3F873
:1076380006A4CAF3090ABAF1000F84D005EB850144
:1076480004EBC1015346B1F85A21D1F8641104F092
:10765800A7F878E708EB880304EBC303D3F8643191
:1076680008EB880804EBC8085344C8F86431494655
:10767800206803F0D3FDEBE66B1C03EB8303DB0010
:107688000021E15005EB850504EBC5052B7FDBB137
:1076980016F0400F33D06B7CFBB92168B1F850303D
:1076A80011FA83F3297C03EBC103B3F80214C1F385
:1076B8000901A3F80214B3F802146FEA41416FEA12
:1076C800514189B2A3F8021402EB820204EBC20210
:1076D800117C204605F0CAF82BE6012BF4D121686D
:1076E800B1F8503011FA83F302EB820104EBC101C7
:1076F800097C03EBC1030021A3F80214E4E7216825
:1077080002EB820304EBC3035B7CD3B9B1F85030BE
:1077180011FA83F302EB820104EBC101097C03EB4C
:10772800C103B3F80614C1F30901A3F80614B3F8AA
:1077380006146FEA41416FEA514189B2A3F8061471
:10774800C2E7012BC0D1B1F8503011FA83F302EB34
:10775800820104EBC101097C03EBC1030021A3F8FA
:107768000614B1E7551C05EB8505ED0000276751A8
:10777800AFE602EB820504EBC5056E6A1E446E6235
:10778800013202EB820504EBC5056D6802EB82024B
:1077980004EBC2022B44536003F040FDC9E53246B6
:1077A8002046FFF74AFBC4E500252846BDE8F087D8
:1077B8000125FAE790F89032012B0CD010B5044659
:1077C800012380F890320173006803F000FD002067
:1077D80084F8900210BD0220704710B50446006876
:1077E80003F006FD10F4004F23D110F4806F24D16C
:1077F80010F4804F32D110F4005F39D110F4805F5B
:1078080040D110F4006F67D110F0800F40F08180F4
:1078180010F4007F40F0AD8010F4807F27D02268FC
:10782800B2F844309BB223F480739BB2A2F8443080
:107838001DE02046FFF73AFD19E02268B2F844300F
:107848009BB223F480639BB2A2F84430204605F033
:107858001EF800212046FFF7ADFF08E02268B2F8C5
:1078680044309BB223F480439BB2A2F8443010BD4D
:107878002268B2F844309BB223F400539BB2A2F8BA
:107888004430F4E72268B2F840309BB223F0040396
:107898009BB2A2F840302268B2F840309BB223F085
:1078A80008039BB2A2F8403094F8C832012B0CD0E0
:1078B800204605F00FF82268B2F844309BB223F452
:1078C80080539BB2A2F84430D1E7002184F8C81253
:1078D800204605F0B7F8EBE72268B2F840309BB2D3
:1078E80043F00803A2F840302268B2F844309BB253
:1078F80023F400639BB2A2F844302268B2F8403007
:107908009BB243F00403A2F84030204604F0D2FFB3
:10791800ADE72268B2F844309BB223F080039BB2F3
:10792800A2F8443094F8C832FBB92268B2F8403063
:107938009BB243F00403A2F840302268B2F840300A
:107948009BB243F00803A2F84030012184F8C81222
:107958002368B3F85430C3F38D0303F03C03C4F831
:10796800CC32204605F06EF881E7204604F0A2FFED
:107978007DE72268B2F844309BB223F400739BB2CF
:10798800A2F84430204604F07CFF70E710B50446A6
:10799800084611F0800F27D101F0070C0CEB8C0181
:1079A800C90001F5A87E04EB0E010CEB8C0C04EB6E
:1079B800CC0C4FF0000E8CF851E100F00700087075
:1079C800C2F30A020A61CB70022B1DD094F89032E0
:1079D800012B1CD0012384F89032206803F00CF8A6
:1079E800002084F8900210BD01F0070C0CEB8C010C
:1079F800C900103121440CEB8C0C04EBCC0C4FF07B
:107A0800010E8CF811E0D8E700230B71DEE70220A5
:107A1800E9E710B504460A4611F0800F1FD101F0BE
:107A2800070000EB8003DB0003F5A873E11800EB07
:107A3800800004EBC000002380F8513102F00702F7
:107A48000A7094F89032012B17D0012384F89032F1
:107A5800206803F05EFA002084F8900210BD01F05F
:107A6800070000EB8003DB001033E11800EB800017
:107A780004EBC00001234374E0E70220EEE710B5F1
:107A880001F0070C0CEB8C01C90001F5A8710CEB97
:107A98008C0E00EBCE0ECEF86421CEF868310024AF
:107AA800CEF86C418EF851418EF850C101440068FF
:107AB80003F0B4FB204610BD01F0070101EB810182
:107AC80000EBC100D0F86C01704738B501F0070C25
:107AD8000CEB8C01C90010310CEB8C0E00EBCE0EB8
:107AE800CEF824200CF1010202EB820440F8343075
:107AF80001258EF83450CEF8303000EBC402002453
:107B080054608EF811508EF810C00144006803F0DC
:107B180085FB204638BD0B4601F0070201799142EA
:107B28002ED310B5044613F0800F1DD103EB83014B
:107B3800C90001F5A871014403EB830300EBC303FB
:107B4800002083F8510101238B700A7094F8903259
:107B5800012B17D0012384F89032206803F0C4FA6F
:107B6800002084F8900210BD02EB8201C900103198
:107B7800014402EB820300EBC30301205874E2E7DF
:107B8800012070470220EEE70B46017903F00F024F
:107B9800914234D310B5044613F0800F21D103F07D
:107BA800070202EB8201C90001F5A871014402EB4A
:107BB800820200EBC202002082F8510100228A7082
:107BC80003F007030B7094F89032012B19D00123AE
:107BD80084F89032206803F0ACFA002084F8900210
:107BE80010BD03F0070202EB8201C9001031014405
:107BF80002EB820200EBC20201205074DEE7012092
:107C080070470220ECE711F0800F0BD001F007015C
:107C180001EB8101C9001031084452B90273C380D5
:107C28000020704701EB8101C90001F5A8710844E3
:107C3800F3E70122027303811B0C4381F0E703463B
:107C480002680121C0F8D012002083F8C802B2F8F7
:107C580054309BB20B43A2F85430B2F854309BB264
:107C680043F00203A2F8543070470000002836D1D0
:107C78003E4B1B6803F4C063B3F5806F08D03B4AE2
:107C8800D2F8803023F48073C2F880300020704727
:107C9800364AD2F8803023F48073C2F880301368F3
:107CA80023F4C06343F400731360314B1B68322222
:107CB80002FB03F32F4AA2FB03239B0C013300E0D2
:107CC800013B2A4A526912F4806F01D0002BF7D188
:107CD800264B5B6913F4806F44D100207047B0F5E0
:107CE800007F08D0214A136823F4C06343F48063FB
:107CF8001360002070471D4B1B6803F4C063B3F585
:107D0800806F08D0194AD2F8803043F48073C2F8E3
:107D1800803000207047154AD2F8803043F48073D1
:107D2800C2F88030136823F4C06343F4007313600F
:107D38000F4B1B68322202FB03F30E4AA2FB0323FC
:107D48009B0C013300E0013B084A526912F4806F32
:107D580001D0002BF7D1054B5B6913F4806F03D179
:107D680000207047032070470320704700700040D0
:107D78002400002083DE1B43024A936843F48043B7
:107D88009360704700700040124BDA6802F00302FB
:107D9800DB68C3F303130133032A11D00E48B0FB89
:107DA800F3F00C4BDB68C3F3062303FB00F0094B2D
:107DB800DB68C3F3416301335B00B0FBF3F070474A
:107DC8000648B0FBF3F0034BDB68C3F3062303FB61
:107DD80000F0ECE7001002400024F40040787D0138
:107DE800002800F04F8270B582B00446036813F093
:107DF800010F37D0A44A936803F00C03D26802F04D
:107E080003020C2B23D0082B23D06368B3F5803FE3
:107E18004ED0B3F5A02F51D09B4B1A6822F4803274
:107E28001A601A6822F480221A606368002B52D004
:107E3800FCF774FB0546944B1B6813F4003F11D103
:107E4800FCF76CFB401B6428F5D9032023E2032AC6
:107E5800D9D18D4B1B6813F4003F03D06368002B06
:107E680000F01282236813F0020F5DD0864A9368EF
:107E780003F00C03D26802F003020C2B3AD0042B57
:107E88003AD0E368002B75D07F4A136843F48073B7
:107E98001360FCF743FB05467B4B1B6813F4806FAC
:107EA8005FD1FCF73BFB401B0228F5D90320F2E128
:107EB800754A136843F480331360B6E703F18043CF
:107EC800A3F53C331A6842F480221A601A6842F417
:107ED80080321A60A9E7FCF721FB05466A4B1B684C
:107EE80013F4003FBED0FCF719FB401B6428F5D9FA
:107EF8000320D0E1022AC2D1634B1B6813F4806FC0
:107F080003D0E368002B00F0C1815F4A536823F077
:107F1800FE43216943EA016353605C4B1868FCF730
:107F2800B9FA002840F0B481236813F0080F4CD048
:107F380063699BB3544AD2F8943043F00103C2F802
:107F48009430FCF7EBFA05464F4BD3F8943013F016
:107F5800020F3AD1FCF7E2FA401B0228F4D90320B9
:107F680099E1494A536823F0FE43216943EA0163D2
:107F78005360D9E7444A136823F480731360FCF70D
:107F8800CDFA0546404B1B6813F4806FCCD0FCF744
:107F9800C5FA401B0228F5D903207CE13A4AD2F8F9
:107FA800943023F00103C2F89430FCF7B7FA054681
:107FB800354BD3F8943013F0020F06D0FCF7AEFA25
:107FC800401B0228F4D9032065E1236813F0040F4D
:107FD80000F081802C4B9B6D13F0805F36D12A4BCB
:107FE8009A6D42F080529A659B6D03F0805301931D
:107FF800019B0125264B1B6813F4807F28D0A368BA
:10800800012B39D0052B45D01F4BD3F8902022F0F7
:108018000102C3F89020D3F8902022F00402C3F89C
:108028009020A368002B43D0FCF778FA0646164B3D
:10803800D3F8903013F0020F4CD1FCF76FFA801B85
:1080480041F288339842F2D9032024E10025D1E790
:108058000F4A136843F480731360FCF75FFA06460F
:108068000B4B1B6813F4807FC9D1FCF757FA801BB0
:108078000228F5D903200EE1034AD2F8903043F0E4
:108088000103C2F89030CCE700100240C401002080
:1080980000700040884BD3F8902042F00402C3F8E7
:1080A8009020D3F8902042F00102C3F89020B8E75E
:1080B800FCF734FA0646804BD3F8903013F0020FE1
:1080C80008D0FCF72BFA801B41F288339842F2D98A
:1080D8000320E0E0E5B9236813F0200F35D0A36949
:1080E800E3B1754AD2F8983043F00103C2F89830EA
:1080F800FCF714FA0546704BD3F8983013F0020FCA
:1081080023D1FCF70BFA401B0228F4D90320C2E064
:10811800694A936D23F080539365DCE7664AD2F889
:10812800983023F00103C2F89830FCF7F7F90546B8
:10813800614BD3F8983013F0020F06D0FCF7EEF934
:10814800401B0228F4D90320A5E0E369002B00F0C6
:10815800A180594A926802F00C020C2A64D0022BC2
:1081680013D0554A136823F080731360FCF7D6F9CF
:108178000446514B1B6813F0007F4ED0FCF7CEF934
:10818800001B0228F5D9032085E04B4A136823F029
:1081980080731360FCF7C2F90546474B1B6813F060
:1081A800007F06D0FCF7BAF9401B0228F5D9032056
:1081B80071E0414AD36841491940236A606A01382D
:1081C80043EA0013A06A43EA0023206B4008013801
:1081D80043EA4053606B4008013843EA4063E06A71
:1081E80043EAC0631943D160136843F08073136096
:1081F800D36843F08073D360FCF790F904462E4BA4
:108208001B6813F0007F06D1FCF788F9001B0228D1
:10821800F5D903203FE000203DE0274AD168284BEC
:108228000B40D360002036E0012B36D0224BDB68B0
:1082380003F00301226A914231D103F0F002616A2E
:108248000139B2EB011F2CD103F4FE42A16AB2EB53
:10825800012F28D103F07842E16AB2EBC16F24D133
:1082680003F4C001226B5208013AB1EB425F1ED100
:1082780003F0C063626B5208013AB3EB426F18D146
:10828800002008E001207047012004E0012002E0FE
:10829800012000E0002002B070BD0120FBE70120B2
:1082A800F9E70120F7E70120F5E70120F3E70120CE
:1082B800F1E70120EFE700BF001002400C809F01AA
:1082C800FCFFEEFE1E4B9B6803F00C03042B33D01F
:1082D8001B4B9B6803F00C03082B2FD0184B9B6893
:1082E80003F00C030C2B01D000207047144BDA6804
:1082F80002F00302DB68C3F303130133032A11D02E
:108308001048B0FBF3F00E4BDB68C3F3062303FB06
:1083180000F00B4BDB68C3F3416301335B00B0FB38
:10832800F3F070470848B0FBF3F0054BDB68C3F384
:10833800062303FB00F0ECE7024870470248704749
:10834800001002400024F40040787D01002800F06D
:10835800E680F8B50C460546744B1B6803F00F031E
:108368008B420BD2714A136823F00F030B4313603F
:10837800136803F00F038B4240F0D3802E6816F089
:1083880001065FD06B68032B2FD0022B4DD0684BB2
:108398001B6813F4806F00F0C680FFF793FF654BEE
:1083A80098424DD9624A936823F0F00343F0800362
:1083B800936080265E4A936823F0030369680B4341
:1083C8009360FCF7ABF80746594B9B6803F00C0326
:1083D8006A68B3EB820F35D0FCF7A0F8C01B41F2F6
:1083E80088339842F0D9032078E0514B1B6813F08A
:1083F800007F01D1012071E0FFF7C6FC4D4B984288
:108408001AD94B4B9B6813F0F00F05D02E6816F065
:108418000206CFD0AB688BB9454A936823F0F003C6
:1084280043F0800393608026C4E7414B1B6813F434
:10843800003FB2D1012051E00026BBE70026B9E792
:108448000026B7E72B6813F0020F48D013F0040F8B
:1084580004D0374A936843F4E06393602B6813F0C1
:10846800080F06D0324A936823F47C5343F4E06340
:1084780093602F4A936823F0F003A9680B43936035
:108488002A4B1B6803F00F03A34230D82B6813F064
:10849800040F06D0264A936823F4E063E9680B4387
:1084A80093602B6813F0080F07D0214A936823F4D0
:1084B8006053296943EAC1039360FFF703FF1C4B2C
:1084C8009B68C3F303131C4AD35C03F01F03D84013
:1084D8001A4B18601A4B1868FBF7DCFFF8BD802EA2
:1084E800CED1134A936823F0F0039360C8E70F4A8C
:1084F800136823F00F0323431360FCF70FF80646B5
:108508000A4B1B6803F00F03A342BFD0FCF706F821
:10851800801B41F288339842F2D90320DEE701201C
:1085280070470120DAE70120D8E700BF00200240A9
:108538000010024000B4C40498D4000824000020AD
:10854800C4010020014B1868704700BF24000020B8
:1085580008B5FFF7F7FF054B9B68C3F30223044AEE
:10856800D35C03F01F03D84008BD00BF00100240D1
:1085780090D4000808B5FFF7E5FF054B9B68C3F3E7
:10858800C223044AD35C03F01F03D84008BD00BFD0
:108598000010024090D40008024A136843F40023F4
:1085A80013607047001002407047000008B5064B82
:1085B800DB6913F4807F00D108BDFFF7F5FF024B9C
:1085C8004FF480721A62F7E700100240F0B583B0EA
:1085D8000446036813F4002F6ED0354B9B6D13F0DF
:1085E800805F1ED1324B9A6D42F080529A659B6D26
:1085F80003F080530193019B01262E4A136843F42C
:1086080080731360FBF78AFF05462A4B1B6813F437
:10861800807F08D1FBF782FF401B0228F5D903258C
:1086280002E00026E9E7002545BB214BD3F890304E
:1086380013F4407315D0226D9A4212D01C4AD2F816
:10864800903023F44073D2F8901041F48031C2F88E
:108658009010D2F8901021F48031C2F89010C2F82E
:10866800903013F0010F10D145B9114AD2F890306B
:1086780023F44073216D0B43C2F89030EEB10C4ADD
:10868800936D23F08053936517E0FBF747FF074688
:10869800074BD3F8903013F0020FE5D1FBF73EFFFC
:1086A800C01B41F288339842F2D90325DCE700BFAA
:1086B80000100240007000400025236813F0010FED
:1086C80008D09F4AD2F8883023F0030361680B432F
:1086D800C2F88830236813F0020F08D0984AD2F8FD
:1086E800883023F00C03A1680B43C2F88830236854
:1086F80013F0040F08D0924AD2F8883023F03003E0
:10870800E1680B43C2F88830236813F0080F08D0DB
:108718008B4AD2F8883023F0C00321690B43C2F892
:108728008830236813F0100F08D0854AD2F88830B3
:1087380023F4407361690B43C2F88830236813F04F
:10874800200F08D07E4AD2F8883023F44063A1690C
:108758000B43C2F88830236813F0400F08D0784ADA
:10876800D2F8883023F44053E1690B43C2F88830CB
:10877800236813F0800F08D0714AD2F8883023F4A8
:108788004043216A0B43C2F88830236813F4807F82
:1087980008D06B4AD2F8883023F44033616A0B431F
:1087A800C2F88830236813F4003F08D0644AD2F82E
:1087B8009C3023F00303A16A0B43C2F89C30236862
:1087C80013F4007F08D05E4AD2F8883023F440239F
:1087D800E16A0B43C2F88830236813F4806F0CD029
:1087E800574AD2F8883023F44013216B0B43C2F860
:1087F8008830236BB3F5801F79D0236813F4006F9A
:108808000CD04F4AD2F8883023F44003616B0B43F5
:10881800C2F88830636BB3F5800F6DD0236813F40A
:10882800805F0CD0464AD2F8883023F04073A16BA1
:108838000B43C2F88830A36BB3F1807F61D0236803
:1088480013F4005F0CD03E4AD2F8883023F040631E
:10885800E16B0B43C2F88830E36BB3F1006F55D07E
:10886800236813F4804F0CD0354AD2F8883023F0AF
:108878004063216C0B43C2F88830236CB3F1006F5E
:1088880049D0236813F4004F0CD02D4AD2F8883011
:1088980023F04053616C0B43C2F88830636CB3F12A
:1088A800805F3DD0236813F4803F0CD0244AD2F86F
:1088B800883023F04043A16C0B43C2F88830A36C86
:1088C800B3F1804F31D0236813F4802F0CD01C4AA9
:1088D800D2F89C3023F44013E16C0B43C2F89C306F
:1088E800E36CB3F5001F25D0284603B0F0BDD3686C
:1088F80043F48013D36080E7D36843F48013D360D4
:108908008CE7D36843F48013D36098E7D36843F4C3
:108918008013D360A4E7D36843F48013D360B0E72F
:10892800D36843F48033D360BCE7D36843F480331F
:10893800D360C8E7D36843F48013D360D4E700BF9B
:10894800001002402DE9F04782B0054688461746D8
:108958001E46FBF7E3FD0A9B1B1A03EB0609FBF710
:10896800DDFD8246284B1B68C3F3CB3309FB03F3B9
:1089780001932B689C6838EA04040CBF0123002388
:10898800BB423DD0B6F1FF3FF3D0FBF7C7FDA0EBEC
:108998000A00484503D2019B73BB9946E9E72A6858
:1089A800536823F0E00353606B68B3F5827F0BD004
:1089B800AB6AB3F5005F14D0012385F85D3000235E
:1089C80085F85C3003201CE0AB68B3F5004F02D09B
:1089D800B3F5806FECD12A68136823F04003136065
:1089E800E6E72A68136823F4005313602A681368BB
:1089F80043F400531360DFE7019B013B0193B8E7A1
:108A0800002002B0BDE8F087240000202DE9F047DF
:108A180082B006460C4615461F4600238DF80330E3
:108A2800FBF77CFD0A9B1B1A03EB0708FBF776FD97
:108A38008146D6F800A0304B1B6803EB8303C3EBD9
:108A4800C3031B0D08FB03F3019302E0B7F1FF3FDB
:108A580012D133689B6803EA040CAC4547D0B4F5DF
:108A6800C06FF3D1002DF1D19AF80C30DBB28DF83C
:108A780003309DF80330E9E7FBF750FDA0EB090050
:108A8800404503D2019B73BB9846E2E732685368BE
:108A980023F0E00353607368B3F5827F0BD0B36AA9
:108AA800B3F5005F14D0012386F85D30002386F803
:108AB8005C3003201CE0B368B3F5004F02D0B3F577
:108AC800806FECD13268136823F040031360E6E747
:108AD8003268136823F4005313603268136843F450
:108AE80000531360DFE7019B013B0193B1E70020CE
:108AF80002B0BDE8F08700BF2400002070B582B046
:108B080004460D46164600920B4600224FF4C0510B
:108B1800FFF77CFFB0B900962B4600228021204643
:108B2800FFF710FFA8B900962B4600224FF4C0614A
:108B38002046FFF76BFF50B1236E43F020032366F6
:108B4800032004E0236E43F020032366032002B0D1
:108B580070BD236E43F0200323660320F7E7002847
:108B68006FD010B50446436A33B94368B3F5827FC2
:108B780005D00023C36102E00023036143610023A1
:108B8800A36294F85D30002B52D0022384F85D3044
:108B98002268136823F040031360E368B3F5E06FBD
:108BA8004CD90022B3F5706F04D0B3F5E06F01D053
:108BB8000023A362636803F48273A16801F404418B
:108BC8000B43216901F002010B43616901F00101C6
:108BD8000B43A16901F400710B43E16901F038010D
:108BE8000B43216A01F080010B43A16A01F4005193
:108BF80020680B430360638B03F00403616A01F090
:108C080010010B43616B01F008010B43E16801F4AB
:108C180070610B4321681A434A602268D36923F4C0
:108C28000063D36100202066012384F85D3010BD05
:108C380084F85C302046F9F7FFFEA6E74FF480522F
:108C4800B0E7012070472DE9F8430446884691466D
:108C58001F46089DFBF762FC064694F85D30DBB2C0
:108C68006268012B0AD0B2F5827F40F05C81A2686D
:108C7800002A40F05B81042B40F05A81B8F1000FC4
:108C880000F05881B9F1000F00F05681002F00F074
:108C9800558194F85C30012B00F05281012384F84F
:108CA8005C3094F85D30DBB2042B02D0052384F8E5
:108CB8005D3000232366C4F84090A4F84670A4F8F9
:108CC8004470C4F83880E787A787E3642365E368BE
:108CD800B3F5E06F01D8012F23D92268536823F434
:108CE8008053536023681A6812F0400F03D11A6842
:108CF80042F040021A60E368B3F5E06F5FD9636839
:108D08000BB1012F0BD1A26B23681288DA60A36B19
:108D18000233A363E38F9BB2013B9BB2E387012736
:108D280030E02268536843F480535360DAE7A26B5B
:108D38001288DA60A36B0233A363E38F9BB2013B13
:108D48009BB2E387002723689A6812F0010F11D0BD
:108D5800B4F8462092B26AB1DA68236C1A80236CA0
:108D680002332364B4F846309BB2013B9BB2A4F8AB
:108D780046300127FBF7D2FB831BAB4202D3B5F188
:108D8800FF3F14D1E38F9BB22BB9B4F846309BB2A6
:108D9800002B00F0B18023689A6812F0020FD2D03D
:108DA800E28F92B2002ACED0002FCCD0BFE70123A9
:108DB80084F85D30002384F85C300320B4E06368F5
:108DC8000BB1012F0FD1E38F9BB2012B0DD9A26BF1
:108DD80023681288DA60A36B0233A363E38F9BB224
:108DE800023B9BB2E387012749E0A26B2368127814
:108DF8001A73A36B0133A363E38F9BB2013B9BB24E
:108E0800E387F0E7E28F92B2012A0CD9A26B1288AD
:108E1800DA60A36B0233A363E38F9BB2023B9BB27E
:108E2800E38700273DE0A26B12781A73A36B013326
:108E3800A363E38F9BB2013B9BB2E387002730E03B
:108E48002268536843F48053536001270DE0226C75
:108E58001B7B1370236C01332364B4F846309BB238
:108E6800013B9BB2A4F846300127FBF757FB801B58
:108E7800A84202D3B5F1FF3F36D1002D34D0E38F9D
:108E88009BB223B9B4F846309BB2002B34D0236888
:108E98009A6812F0020F04D0E28F92B20AB1002F42
:108EA800B0D123689A6812F0010FDED0B4F84620DA
:108EB80092B2002AD9D0B4F8462092B2012AC6D973
:108EC800DA68236C1A80236C02332364B4F84630C2
:108ED8009BB2023B9BB2A4F84630B4F846309BB232
:108EE800012BADD90127C0E7012384F85D300023A9
:108EF80084F85C30032017E0324629462046FFF705
:108F0800FDFD48B9012384F85D30002384F85C3006
:108F1800236E4BB1012007E020232366002384F849
:108F28005C30012000E00220BDE8F8830220FBE766
:108F38000220F9E70120F7E70120F5E70120F3E730
:108F48000220F1E730B4026A036A23F001030362E6
:108F58004468836923F4803323F073030D681D4349
:108F680022F002028B681343214A904213D002F583
:108F7800006290420FD002F5406290420BD002F599
:108F88008062904207D002F58062904203D002F5D9
:108F98000062904207D1026A22F00402026223F0C2
:108FA8000803CA681343124A904213D002F50062BC
:108FB80090420FD002F5406290420BD002F58062D9
:108FC800904207D002F58062904203D002F5006219
:108FD800904205D124F440744A6922438C691443B1
:108FE800446085614A684263036230BC704700BFD1
:108FF800002C014030B4036A026A22F480720262D3
:109008004468C26922F4803222F073020D68154365
:1090180023F400738A6843EA02231D4A904207D06A
:1090280002F50062904203D002F5E052904208D166
:10903800026A22F48062026223F40063CA6843EA87
:109048000223134A904213D002F5006290420FD0D7
:1090580002F5406290420BD002F58062904207D040
:1090680002F58062904203D002F50062904207D177
:1090780024F440544A6944EA02148A6944EA02140E
:109088004460C5614A68C263036230BC704700BF70
:10909800002C014030B4036A026A22F48052026252
:1090A8004468C26922F0807222F4E6420D6842EAFE
:1090B800052223F400538D6843EA05331C4DA8426A
:1090C80007D005F50065A84203D005F5E055A8428C
:1090D80008D1056A25F48045056223F40043CD686C
:1090E80043EA0533124DA84213D005F50065A8429E
:1090F8000FD005F54065A8420BD005F58065A8425C
:1091080007D005F58065A84203D005F50065A8429B
:1091180007D124F440444D6944EA85148D6944EA32
:1091280085144460C2614A680264036230BC7047B7
:10913800002C014030B4036A026A22F480320262D1
:109148004468026D22F4803222F070020D681543E3
:1091580023F400338A6843EA0243114A904213D049
:1091680002F5006290420FD002F5406290420BD0A7
:1091780002F58062904207D002F58062904203D0E7
:1091880002F50062904204D124F480344A6944EA2A
:109198000224446005654A688264036230BC7047F3
:1091A800002C014030B4036A026A22F48012026281
:1091B8004468026D22F0807222F4E0420D6842EAAF
:1091C800052223F400138D6843EA0553114DA84284
:1091D80013D005F50065A8420FD005F54065A842F3
:1091E8000BD005F58065A84207D005F58065A84233
:1091F80003D005F50065A84204D124F480244D6904
:1092080044EA8524446002654A68C264036230BC4B
:10921800704700BF002C014090F83D30DBB2012BB5
:109228003AD1022380F83D300268D36843F0010345
:10923800D36003681B4A934220D0B3F1804F1DD0FE
:10924800A2F59432934219D002F58062934215D068
:1092580002F58062934211D002F5943293420DD008
:1092680002F54062934209D002F58052934205D03C
:109278001A6842F001021A600020704799680A4A89
:109288000A40062A0AD0B2F5803F09D01A6842F08F
:1092980001021A60002070470120704700207047C3
:1092A80000207047002C01400700010070477047FC
:1092B8007047704770B505460368DE681C6914F08E
:1092C800020F10D016F0020F0DD06FF002021A61D3
:1092D8000123037703689B6913F0030F7CD0FFF722
:1092E800E6FF00232B7714F0040F12D016F0040FBA
:1092F8000FD02B686FF004021A6102232B772B68BA
:109308009B6913F4407F6DD02846FFF7D0FF0023F8
:109318002B7714F0080F12D016F0080F0FD02B6817
:109328006FF008021A6104232B772B68DB6913F0AE
:10933800030F5ED02846FFF7BAFF00232B7714F0FF
:10934800100F12D016F0100F0FD02B686FF010020C
:109358001A6108232B772B68DB6913F4407F4FD001
:109368002846FFF7A4FF00232B7714F0010F02D043
:1093780016F0010F4BD114F4025F02D016F0800FE3
:109388004DD114F4807F02D016F0800F4FD114F025
:10939800400F02D016F0400F51D114F0200F02D028
:1093A80016F0200F53D114F4801F02D016F4801F3A
:1093B80055D114F4001F02D016F4001F57D114F42D
:1093C800800F02D016F4800F59D114F4000F02D088
:1093D80016F4000F5BD170BDFFF768FF2846FFF752
:1093E80067FF7EE72846FFF761FF2846FFF760FF23
:1093F8008DE72846FFF75AFF2846FFF759FF9CE7F5
:109408002846FFF753FF2846FFF752FFABE72B68C4
:109418006FF001021A612846F9F73AF9ABE72B68B1
:109428006FF402521A61284600F073FBA9E72B6813
:109438006FF480721A61284600F06CFBA7E72B686E
:109448006FF040021A612846FFF733FFA5E72B6843
:109458006FF020021A61284600F05AFBA3E72B6838
:109468006FF480121A61284600F055FBA1E72B68BB
:109478006FF400121A61284600F04EFB9FE72B6834
:109488006FF480021A61284600F047FB9DE72B68BD
:109498006FF400021A61284600F040FB9BE70000C9
:1094A8000368384A904216D0B0F1804F13D0A2F525
:1094B800943290420FD002F5806290420BD002F5B0
:1094C8008062904207D002F59432904203D002F5B0
:1094D800E052904203D123F070034A681343294AAB
:1094E800904222D0B0F1804F1FD0A2F59432904222
:1094F8001BD002F58062904217D002F5806290423C
:1095080013D002F5943290420FD002F54062904297
:109518000BD002F58062904207D002F5806290423B
:1095280003D002F50062904203D123F44073CA6865
:10953800134323F080034A6913438A68C2620A68A6
:109548008262104A904213D002F5006290420FD016
:1095580002F5406290420BD002F58062904207D03B
:1095680002F58062904203D002F50062904201D178
:109578000A690263026842F0040202600122426141
:1095880003607047002C014060B310B5044690F8A2
:109598003D3013B3022384F83D30214651F8040BC3
:1095A800FFF77EFF012384F8483084F83E3084F8C2
:1095B8003F3084F8403084F8413084F8423084F8F1
:1095C800433084F8443084F8453084F8463084F8D1
:1095D800473084F83D30002010BD80F83C30F9F762
:1095E800C7FDD7E70120704760B310B5044690F86F
:1095F8003D3013B3022384F83D30214651F8040B63
:10960800FFF74EFF012384F8483084F83E3084F891
:109618003F3084F8403084F8413084F8423084F890
:10962800433084F8443084F8453084F8463084F870
:10963800473084F83D30002010BD80F83C30F9F701
:10964800E7FDD7E70120704730B4036A026A22F0C9
:10965800100202624468826922F0807222F4E642B3
:109668000D6842EA052223F020038D6843EA0513BA
:109678001C4DA84207D005F50065A84203D005F5A2
:10968800E055A84208D1056A25F04005056223F097
:109698008003CD6843EA0513124DA84213D005F59F
:1096A8000065A8420FD005F54065A8420BD005F526
:1096B8008065A84207D005F58065A84203D005F566
:1096C8000065A84207D124F440644D6944EA850442
:1096D8008D6944EA8504446082614A688263036252
:1096E80030BC7047002C014038B590F83C30012B55
:1096F80000F0958004460D46012380F83C30142A7A
:1097080000F28880DFE802F00B8686861F86868650
:1097180034868686488686865D86868671000068D9
:10972800FFF710FC2268936943F0080393612268ED
:10973800936923F0040393612268936929690B43B1
:109748009361002067E00068FFF77EFF2268936955
:1097580043F4006393612268936923F480639361FF
:1097680022689369296943EA01239361002052E042
:109778000068FFF73FFC2268D36943F00803D36110
:109788002268D36923F00403D3612268D369296965
:109798000B43D36100203EE00068FFF77BFC2268A2
:1097A800D36943F40063D3612268D36923F48063E7
:1097B800D3612268D369296943EA0123D361002070
:1097C80029E00068FFF7B6FC2268136D43F0080330
:1097D80013652268136D23F0040313652268136D63
:1097E80029690B431365002015E00068FFF7DAFCD0
:1097F8002268136D43F4006313652268136D23F424
:10980800806313652268136D296943EA0123136590
:10981800002000E00120002384F83C3038BD0220FD
:10982800FCE701F01F014FF0010C0CFA01FC036A80
:1098380023EA0C030362036A8A40134303627047F6
:1098480010B5044610293DD8DFE801F0093C3C3C3E
:10985800203C3C3C273C3C3C2E3C3C3C350090F8B2
:109868003E30DBB2013B18BF0123002B40F09B8048
:10987800102900F28680DFE801F02C848484748447
:109888008484788484847C848484800090F83F3045
:10989800DBB2013B18BF0123E7E790F84030DBB2A9
:1098A800013B18BF0123E0E790F84130DBB2013BF0
:1098B80018BF0123D9E790F84230DBB2013B18BF4B
:1098C8000123D2E790F84330DBB2013B18BF0123F4
:1098D800CBE7022384F83E3001222068FFF7A1FF7E
:1098E8002368344A934213D002F5006293420FD0A2
:1098F80002F5406293420BD002F58062934207D092
:1099080002F58062934203D002F50062934203D1CC
:109918005A6C42F400425A642368264A934234D06F
:10992800B3F1804F31D0A2F5943293422DD002F595
:109938008062934229D002F58062934225D002F5D5
:109948009432934221D002F5406293421DD002F531
:109958008052934219D01A6842F001021A6000201E
:1099680022E0022384F83F30B6E7022384F840302F
:10997800B2E7022384F84130AEE7022384F842308C
:10998800AAE7022384F84330A6E799680A4A0A40FE
:10999800062A0AD0B2F5803F09D01A6842F00102BF
:1099A8001A60002000E0012010BD0020FCE7002024
:1099B800FAE700BF002C01400700010090F83C20A6
:1099C800012A4CD030B40346012280F83C20022200
:1099D80080F83D20006842688468224DA84207D07C
:1099E80005F50065A84203D005F5E055A84203D166
:1099F80022F470024D682A4322F0007222F07002AD
:109A08000D682A4342601A68164882421AD0B2F199
:109A1800804F17D0A0F59430824213D000F58060B3
:109A280082420FD000F5806082420BD000F594305E
:109A3800824207D000F54060824203D000F5805092
:109A4800824204D124F08004896821439160012274
:109A580083F83D20002083F83C0030BC704702208A
:109A6800704700BF002C014090F83C30012B4AD0D1
:109A780010B40246012380F83C30CB6823F44073CD
:109A88008868034323F480634868034323F400632E
:109A98000868034323F480530869034323F40053FD
:109AA8004869034323F48043086B034323F470237A
:109AB800886943EA004323F08053C8690343106868
:109AC800124CA04207D004F50064A04203D004F56C
:109AD800E054A04210D123F470038C6A43EA045383
:109AE80023F080730C6A234323F000734C6A2343EA
:109AF80023F00053C96A0B434364002082F83C00FA
:109B08005DF8044B70470220704700BF002C0140ED
:109B180070477047704770477047704770470268D2
:109B280052E8003F23F0C00342E800310029F6D193
:109B3800026802F1080353E8003F23F400030832E7
:109B480042E800310029F3D12023C0F8883070475B
:109B5800026852E8003F23F4907342E8003100297C
:109B6800F6D1026802F1080353E8003F23F080535E
:109B780023F00103083242E800310029F1D1C36E15
:109B8800012B06D02023C0F88C300023C36643671E
:109B98007047026852E8003F23F0100342E80031A2
:109BA8000029F6D1EEE700001346D0F88820202AD5
:109BB8003DD110B5044600293BD0002B3BD00165B0
:109BC800A0F85430A0F856300022C0F89020212286
:109BD800C0F88820C26FCAB11849D162C26F18494B
:109BE8001163C26F17495163C26F00219163026804
:109BF8002832016DC06FFBF7B9FE38B11023C4F8E5
:109C080090302023C4F8883001200FE023684022D8
:109C18001A62226802F1080353E8003F43F0800308
:109C2800083242E800310029F3D1002010BD02209B
:109C380070470120FAE70120F8E700BF519C0008AF
:109C4800BF9C0008CD9C000808B50346806A1B68C5
:109C58001B6813F0200F18D10023A0F856300268B3
:109C680002F1080353E8003F23F08003083242E87A
:109C780000310029F3D1026852E8003F43F0400365
:109C880042E800310029F6D108BDFAF775FAFBE77A
:109C980008B5026852E8003F23F0400342E800316B
:109CA8000029F6D12023C0F8883000238367FAF70B
:109CB80063FA08BD704708B5806AFFF7FBFF08BD67
:109CC8007047704738B5846AD4F88820D4F88C5027
:109CD80023689B6813F0800F01D0212A10D02368D5
:109CE8009B6813F0400F01D0222D0DD0D4F890308E
:109CF80043F01003C4F890302046FAF709FA38BD4B
:109D08002046FFF70CFFEAE72046FFF721FFEDE7C3
:109D180008B5806AFAF7FCF908BD000070B504467A
:109D28000268D3691068916840F60F0C13EA0C0FAB
:109D38000DD113F0200F10D010F0200F02D111F028
:109D4800805F0AD0636F93B3204698472FE09D4DFC
:109D58000D402DD19C4E30422AD1E56E012D00F0E8
:109D6800C08013F4801F03D011F4800F40F06C8181
:109D780013F0800F07D010F0800F40F06C8111F4C1
:109D8800000F40F0688113F0400F03D010F0400F2F
:109D980040F0688113F4000F03D010F0804F40F0BA
:109DA800658113F0807F02D00028C0F2638170BD06
:109DB80013F0010F09D010F4807F06D00126166237
:109DC800D4F890203243C4F8902013F0020F0BD03F
:109DD80011F0010F08D0226802261662D4F89020EC
:109DE80042F00402C4F8902013F0040F0BD011F0D5
:109DF800010F08D0226804261662D4F8902042F099
:109E08000202C4F8902013F0080F0BD010F0200FB6
:109E180000D13DB1226808251562D4F890202A4364
:109E2800C4F8902013F4006F0CD010F0806F09D0A4
:109E380022684FF400651562D4F8902042F02002A1
:109E4800C4F89020D4F89020002AB0D013F0200F46
:109E580009D010F0200F02D111F0805F03D0636F9A
:109E68000BB120469847D4F8902023689B6813F0DC
:109E7800400F02D112F0280F2CD02046FFF768FEC1
:109E880023689B6813F0400F20D0226802F1080372
:109E980053E8003F23F04003083242E8003100292C
:109EA800F3D1D4F880306BB1484A9A63D4F8800073
:109EB800FBF7E0FD00283FF47AAFD4F88000836B0D
:109EC800984774E72046FAF723F970E72046FAF72F
:109ED8001FF96CE72046FAF71BF90023C4F8903005
:109EE80065E713F0100F3FF43CAF10F0100F3FF48C
:109EF80038AF1023136223689B6813F0400F67D0B4
:109F0800D4F880100A6853689BB2002B4AD0B4F882
:109F18005C00984246D9A4F85E300B681B6813F0C1
:109F2800200F32D1226852E8003F23F4807342E8C0
:109F380000310029F6D1226802F1080353E8003FF6
:109F480023F00103083242E800310029F3D12268E6
:109F580002F1080353E8003F23F04003083242E8C7
:109F680000310029F3D12023C4F88C300023E366A4
:109F7800226852E8003F23F0100342E8003100292C
:109F8800F6D1D4F88000FBF73BFD02232367B4F831
:109F98005C10B4F85E309BB2C91A89B22046FAF751
:109FA800B5F804E7B4F85C1099427FF400AF136881
:109FB80013F0200F3FF4FBAE022323672046FAF785
:109FC800A5F8F4E60100001020010004199D00081E
:109FD800B4F85C10B4F85E309BB2C91A89B2B4F810
:109FE8005E309BB2002B3FF4E2AE00293FF4DFAEB7
:109FF800226852E8003F23F4907342E800300028BA
:10A00800F6D1226802F1080353E8003F23F0805399
:10A0180023F00103083242E800300028F1D1202360
:10A02800C4F88C300023E3666367226852E8003F77
:10A0380023F0100342E800300028F6D102232367FA
:10A048002046FAF763F8B2E64FF48013136220460D
:10A0580000F042FCABE6A36F002B3FF4A8AE20460D
:10A068009847A4E62046FFF713FEA0E6204600F036
:10A0780035FC9CE6204600F030FC98E608B503461F
:10A08800806A01220267C26E012A13D1B0F85C10FF
:10A098004A08A0F85E201B685B689BB2994201D30E
:10A0A800A0F85E30B0F85E309BB2C91A89B2FAF7F0
:10A0B8002DF808BDFFF705FEFBE708B58446806A62
:10A0C800DCF800301B6813F0200F29D10023A0F81A
:10A0D8005E30026852E8003F23F4807342E80031A2
:10A0E8000029F6D1026802F1080353E8003F23F083
:10A0F8000103083242E800310029F3D1026802F175
:10A10800080353E8003F23F04003083242E80031D7
:10A118000029F3D12023C0F88C30C36E012B19D04D
:10A1280000230367C36E012B1ED10023A0F85E3005
:10A13800DCF800305B689BB2B0F85C10994201D93A
:10A14800A0F85E30B0F85E309BB2C91A89B2F9F750
:10A15800DDFF08BD026852E8003F23F0100342E823
:10A1680000310029F6D1DBE7FFF7AAFDF1E700008F
:10A1780070B5044601688368026913434269134352
:10A18800C26913430868964A02401A430A60226863
:10A19800536823F44053E1680B435360A169226874
:10A1A800904B9A4201D0236A1943936823F06E4377
:10A1B80023F430630B4393602268D36A23F00F03C0
:10A1C800616A0B43D3622368874A934210D0874A57
:10A1D800934221D0864A934237D0864A93425CD034
:10A1E800854A93426BD07F4A93427DD010223AE051
:10A1F80002F55842D2F8882002F00302032A09D84F
:10A20800DFE802F00204870601222CE004222AE09B
:10A21800082228E0102226E002F5E632D2F888204B
:10A2280002F00C020C2A0ED8DFE802F0070D0D0D23
:10A23800090D0D0D750D0D0D0B00002213E0042204
:10A2480011E008220FE010220DE002F5E432D2F806
:10A25800882002F03002202A5FD01AD8002A5ED067
:10A26800102A5ED104225F498B4276D0E069B0F5AE
:10A27800004F00F0C980082A00F23481DFE812F0AC
:10A28800F7001901F50032011C01320132013201D7
:10A298001F01302A47D10822E5E702F5E232D2F859
:10A2A800882002F0C002802A3FD004D8FAB3402A9E
:10A2B8003FD10422D7E7C02A3DD10822D3E702F5CF
:10A2C800E032D2F8882002F44072B2F5007F34D030
:10A2D80005D8A2B3B2F5807F33D10422C3E7B2F523
:10A2E800407F30D10822BEE702F5C832D2F8882074
:10A2F80002F44062B2F5006F27D005D83AB3B2F540
:10A30800806F26D10422AEE7B2F5406F23D1082230
:10A31800A9E70222A7E70222A5E70222A3E7002273
:10A32800A1E710229FE710229DE702229BE7002267
:10A3380099E7102297E7102295E7022293E7002277
:10A3480091E710228FE710228DE702228BE7002287
:10A3580089E7102287E7102285E7082A00F2B280F1
:10A36800DFE802F008B03BB038B0B0B005004FF4F9
:10A37800004004E0FEF7ECF8002800F0A580626ACF
:10A388001E4B33F81220B0FBF2F3656805EB45016C
:10A39800994200F29B80B3EB053F00F299800026BA
:10A3A80033463146F6F752FB090241EA10610002D2
:10A3B8006B08C0182A46334641F10001F6F746FB00
:10A3C800A0F540720E4B9A4200F284802368D86050
:10A3D800304665E0FDF776FFCEE70A48CFE700BFD5
:10A3E800F369FFCF0080004000380140004400407E
:10A3F80000480040004C004000500040A8D400082D
:10A40800FFFC0F000024F400082A65D8DFE802F0FA
:10A41800072705642A6464640B00354803E0FEF7E7
:10A4280097F800285AD0626A324B33F81230B0FBE2
:10A43800F3F06268530803EB4003B3FBF2F3A3F1B4
:10A4480010014FF6EF7291424AD89AB222F00F02E9
:10A45800C3F3420313432268D360002020E0FEF7D1
:10A4680089F8DEE7FDF72EFFDBE7214803E0FEF77A
:10A478006FF8002838D0626A1E4B33F81230B0FBF0
:10A48800F3F0636800EB5300B0FBF3F0A0F11002A7
:10A498004FF6EF739A4229D8236880B2D86000201B
:10A4A8000123A4F86A30A4F8683000236367A3671F
:10A4B80070BDFEF75FF8DCE7FDF704FFD9E74FF45E
:10A4C8000040D8E70120EBE70020E9E70120E7E7B3
:10A4D8000120E5E70120E3E70120E1E70020DFE7CD
:10A4E8000120DDE70120DBE70020D9E70120D7E7DD
:10A4F8000024F400A8D40008836A13F0080F06D0DB
:10A508000268536823F40043816B0B435360836AEA
:10A5180013F0010F06D00268536823F40033C16AB0
:10A528000B435360836A13F0020F06D00268536826
:10A5380023F48033016B0B435360836A13F0040FD9
:10A5480006D00268536823F48023416B0B435360A1
:10A55800836A13F0100F06D00268936823F48053BF
:10A56800C16B0B439360836A13F0200F06D0026817
:10A57800936823F40053016C0B439360836A13F0D0
:10A58800400F0AD00268536823F48013416C0B43D0
:10A598005360436CB3F5801F0BD0836A13F0800FB0
:10A5A80006D00268536823F40023C16C0B43536040
:10A5B80070470268536823F4C003816C0B435360EF
:10A5C800EBE72DE9F84305460E4617469946DDF8B0
:10A5D80020802B68DC6936EA04040CBF01240024BF
:10A5E800BC4236D1B8F1FF3FF3D0F9F797FFA0EBA3
:10A5F8000900404530D8B8F1000F2FD02B681A68F1
:10A6080012F0040FE5D0802EE3D0402EE1D0DA69B5
:10A6180012F0080F11D1DA6912F4006FD9D04FF493
:10A6280000621A622846FFF793FA2023C5F8903093
:10A63800002385F8843003200CE008241C62284697
:10A64800FFF786FAC5F89040002385F8843001208A
:10A6580000E00020BDE8F8830320FBE70320F9E7CA
:10A6680030B583B004460023C0F89030F9F756FFA0
:10A6780005462268126812F0080F10D123681B687B
:10A6880013F0040F28D12023C4F88830C4F88C3084
:10A698000020E066206784F8840003B030BD6FF0C6
:10A6A8007E430093034600224FF400112046FFF733
:10A6B80088FF0028E2D0226852E8003F23F0800398
:10A6C80042E800310029F6D12023C4F8883000235D
:10A6D80084F884300320E0E76FF07E4300932B4634
:10A6E80000224FF480012046FFF76BFF0028CAD0F4
:10A6F800226852E8003F23F4907342E800310029B1
:10A70800F6D1226802F1080353E8003F23F0010361
:10A71800083242E800310029F3D12023C4F88C30F4
:10A72800002384F884300320B7E778B310B50446D3
:10A73800D0F888300BB32423C4F888302268136813
:10A7480023F001031360A36AE3B92046FFF710FD65
:10A75800012811D02268536823F49043536022687B
:10A76800936823F02A0393602268136843F0010377
:10A7780013602046FFF774FF10BD80F88430F9F7A6
:10A7880077FDD8E72046FFF7B7FEDEE701207047E0
:10A7980010B5044613468165A0F85C200022C0F875
:10A7A80090202222C0F88C20D0F88020AAB121491C
:10A7B800D162D0F8802020491163D0F880201F4949
:10A7C8005163D0F88020002191630168826D2431A3
:10A7D800D0F88000FBF7CAF820BB236943B1226890
:10A7E80052E8003F43F4807342E800310029F6D173
:10A7F800226802F1080353E8003F43F001030832DE
:10A8080042E800310029F3D1226802F1080353E835
:10A81800003F43F04003083242E800310029F3D1F9
:10A82800002010BD1023C4F890302023C4F88C30C9
:10A838000120F6E7C3A0000885A00008CD9C000809
:10A8480038B5D0F88C30202B17D1C1B1CAB100234C
:10A85800C36603680C4CA3420CD05B6813F4000F6A
:10A8680008D0046854E8003F43F0806344E80035AA
:10A87800002DF6D1FFF78CFF00E0022038BD012043
:10A88800FCE70120FAE700BF00800040436E2BB9C7
:10A898000123A0F86A30A0F86830704730B4036824
:10A8A8009A68C2F342629968490F094D6B5CDB00F4
:10A8B800084C615C93FBF1F3A0F86A30AB5CDB00F9
:10A8C800A25C93FBF2F3A0F8683030BC704700BF7D
:10A8D800C8D40008C0D4000870477047704790F883
:10A8E8008430012B18D0012380F884302423C0F849
:10A8F800883003681A68196821F00101196022F08C
:10A9080000520023436601680A602022C0F88820AC
:10A9180080F88430184670470220704738B590F8A0
:10A928008430012B1DD00446012380F88430242371
:10A93800C0F8883003681D681A6822F001021A609E
:10A948000268936823F0604319439160FFF79EFF04
:10A9580023681D602023C4F88830002084F8840010
:10A9680038BD0220FCE738B590F88430012B1DD0A3
:10A978000446012380F884302423C0F88830036813
:10A988001D681A6822F001021A600268936823F0B1
:10A99800606319439160FFF779FF23681D602023E6
:10A9A800C4F88830002084F8840038BD0220FCE711
:10A9B80003460020A3F844004BF68072A3F8402019
:10A9C8007047B0F8403023F47E535B045B0CA0F86A
:10A9D80040300020704782B0034602A800E9060014
:10A9E8000122A3F840200020A3F84000A3F8440067
:10A9F800A3F8500002B0704710B5034691F800C0A4
:10AA080030F82C2092B222F4EC4222F0700292B27A
:10AA1800C878032861D8DFE800F0555C02580020A8
:10AA280048F2800E42EA0E0223F82C2091F800C06A
:10AA380033F82C2092B222F4E04222F070024CEA61
:10AA4800020242EA0E0223F82C200A7B002A40F078
:10AA5800DC804A78002A51D0B3F8502013FA82F2E9
:10AA68000C7802EBC402B1F806C04FEA5C0C4FEA5E
:10AA78004C0CA2F800C40C7833F8242012F0400FD4
:10AA88000CD033F8242092B222F4E04222F0700273
:10AA980042F4004242F0C00223F82420CA78012A76
:10AAA8001DD0097833F8212092B222F4E04222F036
:10AAB800400282F0200242F4004242F0800223F871
:10AAC8002120C3E142F40072AAE742F4C0620020E8
:10AAD800A6E742F480620020A2E70120A0E70978F7
:10AAE80033F8212092B222F4E04222F0400242F4EC
:10AAF800004242F0800223F82120A7E1B3F8502059
:10AB080013FA82F20C7802EBC402B1F806C04FEADD
:10AB18005C0C4FEA4C0CA2F804C4B3F8502013FAAA
:10AB280082F20C7802EBC402B2F806C4CCF3090C2A
:10AB3800A2F806C40C6974BBB2F806C46FEA4C4CA0
:10AB48006FEA5C4C1FFA8CFCA2F806C40C7833F848
:10AB5800242012F4804F0CD033F8242092B222F42F
:10AB6800E04222F0700242F4404242F0800223F8B0
:10AB780024200978C9BB33F8212092B222F48042FC
:10AB880022F0700282F4405242F4004242F0800205
:10AB980023F821205AE13E2C12D84FEA540C14F025
:10ABA800010F01D00CF1010CB2F80644A4B24FEA2F
:10ABB8008C2C1FFA8CFC44EA0C04A2F80644C5E766
:10ABC8004FEA541C14F01F0F01D10CF1FF3CB2F8EE
:10ABD8000644A4B24FEA8C2C1FFA8CFC44EA0C04FD
:10ABE80044F40044A2F80644B0E733F8212092B2B6
:10ABF80022F4804222F0700282F4005242F40042B1
:10AC080042F0800223F8212020E1CA78022A74D079
:10AC180091F800C033F82C2092B222F4E24222F0DC
:10AC2800700242F4004242F0800223F82C20B3F86C
:10AC3800502013FA82F291F800C002EBCC02B1F86E
:10AC480008C04FEA5C0C4FEA4C0CA2F800C4B3F8F9
:10AC5800502013FA82F291F800C002EBCC02B1F84E
:10AC68000AC04FEA5C0C4FEA4C0CA2F804C44A78BC
:10AC7800002A40F0F7800C7833F8242012F4804F33
:10AC88000CD033F8242092B222F4E04222F0700271
:10AC980042F4404242F0800223F824200C7833F832
:10ACA800242012F0400F0CD033F8242092B222F462
:10ACB800E04222F0700242F4004242F0C00223F85F
:10ACC80024204A78002A51D1B3F8502013FA82F28E
:10ACD8000C7802EBC402B2F80244C4F30904A2F8E7
:10ACE80002440C69C4B9B2F802446FEA44446FEAFA
:10ACF8005444A4B2A2F802443AE00C7833F8242071
:10AD080092B222F4E04222F0700242F4014242F090
:10AD1800800223F824208AE73E2C12D84FEA540CEC
:10AD280014F0010F01D00CF1010CB2F80244A4B2E6
:10AD38004FEA8C2C1FFA8CFC44EA0C04A2F802445B
:10AD480016E04FEA541C14F01F0F01D10CF1FF3C20
:10AD5800B2F80244A4B24FEA8C2C1FFA8CFC44EAE5
:10AD68000C0444F40044A2F8024401E0012A1BD078
:10AD78004A78002A4DD1B3F8502013FA82F20C78A1
:10AD880002EBC402B2F80644C4F30904A2F806446C
:10AD98000C69A4B9B2F806446FEA44446FEA544413
:10ADA800A4B2A2F8064436E0B3F8502013FA82F2AF
:10ADB8000C7802EBC4020C8AA2F80244D8E73E2CB5
:10ADC80012D84FEA540C14F0010F01D00CF1010C09
:10ADD800B2F80644A4B24FEA8C2C1FFA8CFC44EA61
:10ADE8000C04A2F8064416E04FEA541C14F01F0F96
:10ADF80001D10CF1FF3CB2F80644A4B24FEA8C2C06
:10AE08001FFA8CFC44EA0C0444F40044A2F80644FB
:10AE180001E0012A1BD091F800C033F82C2092B22F
:10AE280022F4804222F0700282F4405248F28004F8
:10AE3800224323F82C20097833F8212092B222F4F7
:10AE4800E04222F04002224323F8212010BDB3F84B
:10AE5800502013FA82F20C7802EBC4020C8AA2F892
:10AE68000644D8E70C7833F8242012F4804F0CD02D
:10AE780033F8242092B222F4E04222F0700242F425
:10AE8800404242F0800223F824200C7833F8242032
:10AE980012F0400F0CD033F8242092B222F4E04292
:10AEA80022F0700242F4004242F0C00223F824204B
:10AEB800CA78012A1ED00C7833F8242092B222F4E2
:10AEC800E04222F0400282F0200242F4004242F0C6
:10AED800800223F82420097833F8212092B222F442
:10AEE800804222F0700242F4004242F0800223F8CD
:10AEF8002120ABE70C7833F8242092B222F4E04208
:10AF080022F0400242F4004242F0800223F824205A
:10AF1800E1E70B7B002B46D14B7813B30A7830F866
:10AF2800223013F0400F0CD030F822309BB223F4BB
:10AF3800E04323F0700343F4004343F0C00320F8D8
:10AF480022300A7830F822309BB223F4E04323F011
:10AF5800400343F4004343F0800320F822300020EC
:10AF680070470A7830F8223013F4804F0CD030F84C
:10AF780022309BB223F4E04323F0700343F44043B0
:10AF880043F0800320F822300A7830F822309BB250
:10AF980023F4804323F0700343F4004343F0800319
:10AFA80020F82230DBE74B78002B4ED10A7830F8B6
:10AFB800223013F4804F0CD030F822309BB223F4A7
:10AFC800E04323F0700343F4404343F0800320F848
:10AFD80022300A7830F8223013F0400F0CD030F8C5
:10AFE80022309BB223F4E04323F0700343F4004380
:10AFF80043F0C00320F822300A7830F822309BB2A0
:10B0080023F4E04323F0700343F4004343F0C00308
:10B0180020F822300A7830F822309BB223F480439B
:10B0280023F0700348F2800C43EA0C0320F8223026
:10B038000A7830F822309BB223F4E04323F040032F
:10B0480043EA0C0320F8223089E70A7830F82230E6
:10B0580013F4804F0CD030F822309BB223F4E04335
:10B0680023F0700343F4404343F0800320F8223078
:10B078000A7830F8223013F0400F0CD030F8223024
:10B088009BB223F4E04323F0700343F4004343F0FE
:10B09800C00320F822300A7830F822309BB223F41B
:10B0A800E04323F0700343F4404343F0800320F867
:10B0B80022300A7830F822309BB223F4E04323F0A0
:10B0C800400348F2800C43EA0C0320F822300A7847
:10B0D80030F822309BB223F4804323F0700343EA14
:10B0E8000C0320F822303AE74B788BB10A7830F815
:10B0F80022309BB223F4E04323F0400383F0100393
:10B1080043F4004343F0800320F8223000207047C6
:10B118000A7830F822309BB223F4804323F070037E
:10B1280083F4805343F4004343F0800320F8223033
:10B13800ECE74B7833B30A7830F8223013F0400F3D
:10B148000CD030F822309BB223F4E04323F0700394
:10B1580043F4004343F0C00320F82230CB78012B9E
:10B1680033D00A7830F822309BB223F4E04323F03E
:10B17800400383F0200343F4004343F0800320F8A6
:10B18800223022E00A7830F8223013F4804F0CD0B5
:10B1980030F822309BB223F4E04323F0700343F4E9
:10B1A800404343F0800320F822300A7830F82230F8
:10B1B8009BB223F4804323F0700383F4405343F499
:10B1C800004343F0800320F822300020704711B973
:10B1D8008023A0F84C3000207047B0F858306FEA50
:10B1E80043436FEA53439BB2A0F85830002070479E
:10B1F800B0F8440080B2704701335B08024402F59E
:10B20800806208E0087891F801C040EA0C2022F832
:10B21800020B0231013B002BF4D1704770B5054693
:10B228000C464B78012B1AD00B7B002B40F09282F6
:10B238008B69002B40F06582CB78002B40F061824F
:10B248000A7830F822309BB223F4E04323F07003ED
:10B2580043F4014343F0800320F822305FE28E6913
:10B268000A69964200D91646217B41B3E178022942
:10B2780047D0226A921B2262227835F8221011F0F8
:10B28800400F00F0F681002B40F0E381B5F8503014
:10B2980015FA83F303EBC202B2F80634C3F30903C9
:10B2A800A2F80634002E40F0B481B2F806346FEAF2
:10B2B80043436FEA53439BB2A2F80634D2E1B6B2D5
:10B2C8003346E28861692846FFF796FFB5F85030A3
:10B2D80015FA83F3227803EBC203A3F802642278F9
:10B2E80035F822309BB223F4E04323F0400383F087
:10B2F800300343F4004343F0800325F82230002054
:10B3080024E2236A9A4280F06681227835F8223056
:10B318009BB223F4E04323F0700343F4014343F06A
:10B32800800325F82230236A9B1B2362237835F893
:10B33800232012F0400F00F0A7806278B2BBB5F866
:10B34800502015FA82F202EBC303B3F80624C2F3C5
:10B358000902A3F806244EB9B3F806246FEA42425C
:10B368006FEA524292B2A3F8062421E03E2E0DD88D
:10B37800720816F0010F00D00132B3F8061489B232
:10B38800920292B20A43A3F8062411E0710916F05A
:10B398001F0F00D10139B3F8062492B2890289B28D
:10B3A8000A4342F40042A3F8062401E0012A29D006
:10B3B800B3B2628961692846FFF71EFF63693344A7
:10B3C8006361236A2269934226D99B1B23626378AF
:10B3D800002B45D1B5F8503015FA83F3227803EBEA
:10B3E800C203B3F80224C2F30902A3F80224BEB9C7
:10B3F800B3F802246FEA42426FEA524292B2A3F8CB
:10B4080002242FE0B5F8502015FA82F202EBC303AC
:10B41800B2B2A3F80624CBE7002222621E46D6E782
:10B428003E2E0DD8720816F0010F00D00132B3F885
:10B43800021489B2920292B20A43A3F8022411E0DC
:10B44800710916F01F0F00D10139B3F8022492B226
:10B45800890289B20A4342F40042A3F8022401E0B7
:10B46800012B06D0B3B2228961692846FFF7C4FED2
:10B4780035E7B5F8503015FA83F3227803EBC203A9
:10B48800B2B2A3F80224EDE76278B2BBB5F8502057
:10B4980015FA82F202EBC303B3F80224C2F30902DD
:10B4A800A3F802244EB9B3F802246FEA42426FEAC5
:10B4B800524292B2A3F8022421E03E2E0DD872081F
:10B4C80016F0010F00D00132B3F8021489B29202CB
:10B4D80092B20A43A3F8022411E0710916F01F0F73
:10B4E80000D10139B3F8022492B2890289B20A4321
:10B4F80042F40042A3F8022401E0012A29D0B3B2A1
:10B50800228961692846FFF777FE636933446361DE
:10B51800236A2269934226D99B1B23626378002BF6
:10B5280045D1B5F8503015FA83F3227803EBC203FE
:10B53800B3F80624C2F30902A3F80624BEB9B3F887
:10B5480006246FEA42426FEA524292B2A3F80624F6
:10B558002FE0B5F8502015FA82F202EBC303B2B21D
:10B56800A3F80224CBE7002222621E46D6E73E2E2D
:10B578000DD8720816F0010F00D00132B3F8061486
:10B5880089B2920292B20A43A3F8062411E0710923
:10B5980016F01F0F00D10139B3F8062492B28902C0
:10B5A80089B20A4342F40042A3F8062401E0012BC1
:10B5B80006D0B3B2628961692846FFF71DFE8EE6A0
:10B5C800B5F8503015FA83F3227803EBC203B2B210
:10B5D800A3F80624EDE7217835F8212092B222F469
:10B5E800E24222F0700242F4004242F0800225F862
:10B5F8002120B5F8502015FA82F2217802EBC10219
:10B608009BB2A2F80234228961692846FFF7F4FD4B
:10B6180065E63E2E0DD8730816F0010F00D00133F1
:10B62800B2F8061489B29B029BB20B43A2F8063407
:10B6380018E0710916F01F0F00D10139B2F806346D
:10B648009BB2890289B20B4343F40043A2F8063443
:10B6580008E0B5F8503015FA83F303EBC203B2B231
:10B66800A3F80624B3B2628961692846FFF7C4FDCE
:10B6780035E6B3BBB5F8503015FA83F303EBC202D5
:10B68800B2F80234C3F30903A2F802344EB9B2F88F
:10B6980002346FEA43436FEA53439BB2A2F8023481
:10B6A80028E03E2E0DD8730816F0010F00D00133A4
:10B6B800B2F8021489B29B029BB20B43A2F802347F
:10B6C80018E0710916F01F0F00D10139B2F80234E1
:10B6D8009BB2890289B20B4343F40043A2F80234B7
:10B6E80008E0B5F8503015FA83F303EBC203B2B2A1
:10B6F800A3F80224B3B2228961692846FFF77CFDCA
:10B70800EDE5227835F822309BB223F4E24323F0AA
:10B71800700343F4004343F0800325F82230A36903
:10B728002269934213D99B1AA361227835F82230F3
:10B738009BB223F4804323F0700383F4405343F413
:10B74800004343F0800325F82230002070BD002319
:10B75800A361EAE7CB78022B04D0012B1ED100238A
:10B768008B61E2E7CB69002BDFD00A7830F8221032
:10B7780044F2400303EA01008B4301D00028D4D1EE
:10B7880035F822309BB223F4E04323F0700343F4EE
:10B79800004343F0C00325F82230C6E70120D5E76F
:10B7A80010B45C08024402F5806207E032F8020B2C
:10B7B8000870C0F3072048700231013C002CF5D115
:10B7C80013F0010F01D013880B705DF8044B70471C
:10B7D80010B5D0F8BC4284B1D0F8C0327BB194F82F
:10B7E8000002FF280DD09B6894F801222146984753
:10B7F800FF2384F80032002010BD0320FCE700205E
:10B80800FAE70020F8E70000432303800048704768
:10B818000C02002043230380004870475002002098
:10B828004323038000487047C80100200A2303808F
:10B8380000487047CC02002038B5D0F8BC5275B12A
:10B84800044601F0F8F8C5F80C02D4F8C032DB68F9
:10B8580005F50371D5F804029847002038BD032088
:10B86800FCE710B5D0F8C442D0F8BC3253B301EBB2
:10B87800810200EB820292694AB101EB810C04EB70
:10B88800CC04246AB2FBF4FC04FB1C2272B1002233
:10B89800C3F81422D0F8C0221469ACB10A4603F5E3
:10B8A8000471D3F80802A047002010BD01EB810302
:10B8B80000EB830300249C612346224601F0ABF889
:10B8C8002046F2E70320F0E70020EEE7F0B583B06A
:10B8D800D0F8BC6200238DF80730ADF80430002E94
:10B8E8006CD007460C460B7813F060052AD0202D43
:10B8F8005ED1CA88F2B113F0800F0FD0D0F8C032F1
:10B908009B68314660789847E288072A28BF072253
:10B918003146384600F0ECFD00254CE04B7886F8BF
:10B9280000328B7986F80132CA88314600F0F5FD7D
:10B93800002540E0D0F8C0329B680022487898473C
:10B94800002538E04E780B2E2ED8DFE806F00634B6
:10B958002D2D2D2D2D2D2D2D152490F89C32DBB25B
:10B96800032B03D000F08AFA032524E0022201A960
:10B9780000F0BEFD35461EE090F89C32DBB2032B8A
:10B9880003D000F07BFA032515E001220DF1070131
:10B9980000F0AEFD0FE090F89C32DBB2032B0AD02A
:10B9A80000F06CFA032506E000F068FA032502E0CF
:10B9B80000F064FA0325284603B0F0BD0325FAE732
:10B9C80038B50446812100F0F0FF002525870121C4
:10B9D800204600F0EAFFA4F878518221204600F0C2
:10B9E800E4FFA4F84C50A4F84E50D4F8BC324BB144
:10B9F800D4F8C0325B689847D4F8BC0201F04AF822
:10BA0800C4F8BC52002038BD70B504464FF4077026
:10BA180001F03CF8B8B30646C4F8BC02237CBBBBB3
:10BA28004FF4007302228121204600F0B3FF012564
:10BA380025874FF4007302222946204600F0AAFF0A
:10BA4800A4F878511023A4F84E3008230322822149
:10BA5800204600F09FFF0123A4F84C30D4F8C032F0
:10BA68001B6898470023C6F81432C6F81832257C9C
:10BA780015BB4FF40073D6F804220121204600F0CC
:10BA8800D2FF284670BD0023C4F8BC320225F8E76F
:10BA9800402302228121204600F07CFF01252587D2
:10BAA800402302222946204600F074FFA4F878516A
:10BAB8001023A4F84E30C8E74023D6F80422012109
:10BAC800204600F0B0FF0025DBE719B1C0F8C0122E
:10BAD8000020704703207047D0F8BC322BB1C3F860
:10BAE8000812C3F810220020704703207047D0F8CE
:10BAF800BC321BB1C3F80412002070470320704702
:10BB0800D0F8BC2292B108B5D2F814320BB101209A
:10BB180008BD0123C2F81432D2F81032C362D2F839
:10BB28000822812100F077FF0020F1E70320704709
:10BB380010B5D0F8BC2292B1047C44B94FF400731C
:10BB4800D2F80422012100F06EFF204610BD4023E8
:10BB5800D2F80422012100F066FF0024F5E703244F
:10BB6800F3E798B108B503460020C3F8B802C3F854
:10BB7800C002C3F8CC0209B1C3F8B412012183F89A
:10BB88009C121A70184600F0B9FE08BD03207047D1
:10BB980010B582B00023ADF8063061B10446C0F894
:10BBA800B812CB6A4BB10DF106009847C4F8CC0225
:10BBB800002002B010BD0320FBE70020F9E708B51C
:10BBC80000F0E0FE08BD08B5D0F8B83213B11B6824
:10BBD800984708BD0320FCE708B5D0F8B8320BB188
:10BBE8005B689847002008BD38B5044600F2AA25CE
:10BBF800284600F02FF90123C4F89432B4F8B03283
:10BC0800C4F8983294F8AA1201F01F03012B0DD042
:10BC1800022B10D02BB101F08001204600F0CDFEA0
:10BC280003E02946204600F0E4FA38BD29462046BC
:10BC380000F017FBF9E72946204600F046FBF4E739
:10BC480038B504460D4641BB1346D0F89422032A62
:10BC580001D0084638BDD0F85C11D0F86021914277
:10BC680009D890F89C32DBB2032B0FD0204600F0A5
:10BC78006BFC2846EEE7891AC0F85C118A4228BF97
:10BC88000A46194600F058FC2846E3E7D0F8B832CF
:10BC98001B69002BEAD09847E8E790F89C32DBB2A2
:10BCA800032B01D00020D5E7D0F8B8329B690BB13F
:10BCB8009847CFE70020CDE738B504460D46002960
:10BCC8004AD11346D0F89422022A05D094F8A0321B
:10BCD800012B3CD0284638BDC269016A8A420ED879
:10BCE8008A4218D094F89C32DBB2032B27D08021EB
:10BCF800204600F062FE204600F031FCE6E7521ACA
:10BD0800C261194600F001FC00231A461946204674
:10BD180000F089FEDAE783699942E3D8D0F89822DF
:10BD28009342DFD20022114600F0EFFB0021C4F855
:10BD380098120B460A46204600F075FEC6E7D4F86E
:10BD4800B832DB68002BD2D020469847CFE70023D3
:10BD580084F8A0322846BEE790F89C32DBB2032B69
:10BD680001D00020B7E7D0F8B8325B690BB198472B
:10BD7800B1E70020AFE7012380F89C320023C0F828
:10BD880094324360C0F8A432D0F8B832F3B170B539
:10BD98000446D0F8BC221AB15B680BB10021984761
:10BDA800402300221146204600F0F4FD0126A4F8A5
:10BDB80064614025C4F860512B460022802120464A
:10BDC80000F0E8FDA6842562002070BD03207047BE
:10BDD80001740020704790F89C32DBB280F89D32E5
:10BDE800042380F89C320020704790F89C32DBB224
:10BDF800042B01D00020704790F89D32DBB280F808
:10BE08009C32F7E7D0F8B82262B108B590F89C32B6
:10BE1800DBB2032B01D0002008BDD36923B19847BA
:10BE28000020F9E7032070470020F5E703460020CB
:10BE380002E00130C0B201331A78002AF9D1704704
:10BE480008B54B88012B00D008BDC0F8A43200F01B
:10BE58007BFBF9E70B7803704B7843708B78CA78D3
:10BE680043EA022343800B794A7943EA0223838019
:10BE78008B79CA7943EA0223C380704710B5044618
:10BE8800802100F09AFD0021204600F096FD10BDAB
:10BE980030B583B004460D460023ADF806304A8815
:10BEA800130A013B0E2B00F2BC80DFE803F01530CB
:10BEB80044BABA9EABBABABABABABABA0800D0F893
:10BEC800B432DB6923B10DF10601007C98470AE022
:10BED8002946FFF7D3FF18E0D0F8B4321B680DF1FC
:10BEE8000601007C9847EA88002A00F0A380BDF884
:10BEF8000630002B00F099809A4228BF1A46ADF808
:10BF080006200146204600F0F3FA03B030BD037C5A
:10BF180043B9D0F8B8329B6A0DF10600984702235E
:10BF28004370E0E7D0F8B832DB6A0DF106009847B5
:10BF380002234370D7E7D2B2052A52D8DFE802F0CD
:10BF480003101D2A3744D0F8B4325B6823B10DF1D1
:10BF58000601007C9847C6E72946FFF78FFFD4E71C
:10BF6800D0F8B4329B6823B10DF10601007C9847E4
:10BF7800B9E72946FFF782FFC7E7D0F8B432DB6894
:10BF880023B10DF10601007C9847ACE72946FFF77D
:10BF980075FFBAE7D0F8B4321B6923B10DF1060179
:10BFA800007C98479FE72946FFF768FFADE7D0F880
:10BFB800B4325B6923B10DF10601007C984792E722
:10BFC8002946FFF75BFFA0E7D0F8B4329B6923B19D
:10BFD8000DF10601007C984785E72946FFF74EFFDB
:10BFE80093E72946FFF74AFF8FE7037C33B9D0F878
:10BFF800B8325B6B0DF10600984774E72946FFF7E6
:10C008003DFF82E7037C43B9D0F8B8321B6B0DF1D2
:10C01800060098470723437065E72946FFF72EFF78
:10C0280073E72946FFF72AFF6FE729462046FFF7FF
:10C0380025FF6AE7204600F087FA66E738B5044628
:10C048008B88FBB9CB88EBB94B887F2B1AD803F0C8
:10C058007F0590F89C32DBB2032B0CD080F89E52FF
:10C06800294600F0D0FC204600F06EFA35B10223D4
:10C0780084F89C3209E0FFF701FF06E0012384F809
:10C088009C3202E02046FFF7F9FE38BD70B5044641
:10C098000E468D782E4B1D70012D10D890F89C32CD
:10C0A800DBB2022B0FD0032B23D0FFF7E7FE284B80
:10C0B80019782046FFF790FD0325284670BDFFF745
:10C0C800DDFE0325F9E78DB145602946FFF77BFDC5
:10C0D800054620B131462046FFF7D0FEEDE7204661
:10C0E80000F032FA032384F89C32E6E700F02CFAD9
:10C0F800E3E7CDB141688D4225D0C9B2FFF76CFDA9
:10C10800134B197861602046FFF75DFD0546B0B115
:10C1180031462046FFF7B2FE21792046FFF75CFD45
:10C12800022384F89C32C8E7022380F89C324560D9
:10C138002946FFF751FD204600F006FABDE72046E4
:10C1480000F002FAB9E700F0FFF90025B5E700BFF3
:10C15800545C002008B5CB88012B0BD190F89C3299
:10C16800DBB2022B09D9032B09D10122011D00F0F2
:10C17800BFF901E0FFF782FE08BD5BB213B9FFF714
:10C188007DFEF9E70146002341F8083F012200F04F
:10C19800AFF9F1E708B590F89C32013B022B12D8B1
:10C1A800CB88022B0CD10123C360D0F8A4320BB189
:10C1B8000323C360022200F10C0100F099F908BDC5
:10C1C800FFF75CFEFBE7FFF759FEF8E708B590F8C4
:10C1D8009C32013B022B09D84B88012B00D008BDAB
:10C1E8000023C0F8A43200F0AFF9F8E7FFF746FEE5
:10C1F800F5E738B50C7804F06004202C06D0402C04
:10C2080004D054B1FFF73AFE002404E0D0F8B83265
:10C218009B6898470446204638BD4D78092D1DD89F
:10C22800DFE805F012191C161C08051C0F0BFFF798
:10C238002FFEF0E7FFF702FFEDE7FFF727FF0446C1
:10C24800E9E7FFF787FFE6E7FFF7A4FF2C46E2E7F9
:10C25800FFF7F6FDDFE7FFF7B9FFDCE7FFF70EFEB4
:10C26800D9E770B505460C460B7803F06003202B20
:10C2780007D0402B05D023B1FFF700FE002630463B
:10C2880070BD95F89C32013B022B18D82379012BFD
:10C298000FD8D5F8B8329B682146284698470646F5
:10C2A800E388002BEBD10028E9D1284600F04CF9AF
:10C2B800E5E721462846FFF7E1FD0026DFE72146AE
:10C2C8002846FFF7DBFD0026D9E7F8B506460D46F8
:10C2D8008B880C7804F06004202C08D0D9B2402C4C
:10C2E80005D06CB12946FFF7C9FD002406E0D6F851
:10C2F800B8329B6829463046984704462046F8BD20
:10C308006F78012F2FD0032F05D0002F59D0294641
:10C31800FFF7B4FDF2E790F89C32DBB2022B05D0B0
:10C32800032B12D02946FFF7A9FDE7E709B18029B9
:10C3380004D129463046FFF7A1FDDFE700F03DFBB9
:10C348008021304600F039FBD8E76B8823B919B152
:10C35800802901D0EB881BB1304600F0F5F8CDE715
:10C3680000F02BFBF8E790F89C32DBB2022B05D0EB
:10C37800032B12D02946FFF781FDBFE709B18029B9
:10C3880004D129463046FFF779FDB7E700F015FBE1
:10C398008021304600F011FBB0E76B88002BADD14F
:10C3A80011F07F0F0AD1304600F0CEF8D6F8B83237
:10C3B8009B6829463046984704469FE700F005FBEE
:10C3C800F1E790F89C22D2B2022A06D0032A29D09B
:10C3D8002946FFF753FD3C4690E709B1802913D160
:10C3E80013F0800F15D101F07F0101EB8101890065
:10C3F80001F5A8713144043100230B600222304654
:10C4080000F076F83C4679E72946FFF737FD3C46C9
:10C4180074E701F07F0101EB81018900103131449B
:10C428000431E9E75BB2002B1FDB01F00F0202EBDE
:10C43800820200EB8202B2F8642122B3002B27DBD0
:10C4480001F07F0303EB83039C0004F5A8743444D4
:10C45800043409B1802924D1002323600222214613
:10C46800304600F045F83C4648E701F00F0202EB81
:10C47800820200EB8202928C002ADFD12946FFF764
:10C48800FDFC3C463AE72946FFF7F8FC3C4635E711
:10C4980001F07F0303EB83039C001034344404341D
:10C4A800D7E7304600F099FA10B101232360D5E7A9
:10C4B80000232360D2E7D0B170B50D461646044676
:10C4C800FFF7B4FC431C5B009BB233802B70032343
:10C4D8006B70022307E0EA5401345A1CD2B20021DF
:10C4E800A9540233DBB22278002AF4D170BD704718
:10C4F80008B513460222C0F894228361C3610A4634
:10C50800002100F088FA002008BD08B513460A4645
:10C51800002100F080FA002008BD08B51346032268
:10C52800C0F89422C0F85831C0F85C310A4600219E
:10C5380000F079FA002008BD08B513460A46002124
:10C5480000F071FA002008BD08B50422C0F8942252
:10C5580000231A46194600F05EFA002008BD08B507
:10C568000522C0F8942200231A46194600F05BFA07
:10C57800002008BD08B500220F491048FFF7F1FA5E
:10C5880070B90F490D48FFF703FB60B90D490B4817
:10C59800FFF79BFA50B90948FFF711FB48B908BDE6
:10C5A800F6F7CCF8EDE7F6F7C9F8EFE7F6F7C6F8CF
:10C5B800F1E7F6F7C3F8F2E720030020585C002003
:10C5C80094020020D8020020002070470020704705
:10C5D80008B50220F7F778FDF7F792FD002008BDAF
:10C5E80038B5054620B119B10968B1F5803F09D3BE
:10C5F800064C29462046FFF77AFA2046FFF798FAB4
:10C60800002038BD89B2F7F743FDF1E7585C0020F8
:10C6180010B5064C002206492046FFF75DFA054989
:10C628002046FFF764FA002010BD00BF585C0020C8
:10C63800285F00202867002038B5144BD3F8BC3297
:10C64800D0B10C460146CCB1B4F5006F18D8CBB1C7
:10C65800D3F81432C3B90E4B984203D02246184679
:10C6680000F058FD094D224609492846FFF734FADB
:10C678002846FFF745FA38BD0320FCE70320FAE710
:10C688000320F8E70120F6E70120F4E7585C0020D2
:10C69800285F002012230B80004870470C030020FD
:10C6A80004230B80004870470803002000239342AE
:10C6B8001ED200B510E00CF1370C01F813C00001D0
:10C6C8004FEA430C0CF1010C4FF0000E01F80CE09E
:10C6D8000133DBB2934209D24FEA107CB0F1204F0C
:10C6E800E9D20CF1300C01F813C0E8E75DF804FB5F
:10C6F8007047000038B50B4BD3F89005D3F8944534
:10C70800D3F89835C01800D138BD074D08222946FE
:10C71800FFF7CCFF042205F110012046FFF7C6FF02
:10C72800F2E700BF0070FF1FEE02002008B51A23D1
:10C738000B80FFF7DFFF014808BD00BFEC020020B7
:10C7480008B50A4628B905490548FFF7B4FE034865
:10C7580008BD02490248FFF7AEFEF8E7286F00203F
:10C76800D0D4000810B50A46034C21460348FFF709
:10C77800A2FE204610BD00BF286F0020E8D40008A4
:10C7880008B50A4628B905490548FFF794FE034845
:10C7980008BD02490248FFF78EFEF8E7286F00201F
:10C7A800F0D4000808B50A4628B905490548FFF736
:10C7B80082FE034808BD02490248FFF77CFEF8E7FD
:10C7C800286F002000D50008032805D8DFE800F00E
:10C7D80005040205012070470320704708B5F5F7E6
:10C7E800AFFF08BD10B596B004465422002101A839
:10C7F80000F062FC2268114B9A4201D016B010BDBD
:10C808004FF40053019301A8FBF7E0FE90B90C4BDD
:10C818009A6D42F400029A659B6D03F4000300933D
:10C82800009B002211461420F8F7A6FF1420F8F701
:10C83800B3FFE3E7F5F782FFE9E700BF005C0040DC
:10C848000010024008B500F52671D0F8D802FFF7AD
:10C85800CBF908BD08B501EB810300EBC303D3F89E
:10C868006421D0F8D802FFF7EBF908BD08B501EB51
:10C87800810300EBC3035A6AD0F8D802FFF71CFA09
:10C8880008BD08B5D0F8D802FFF7BCFA08BD10B546
:10C8980004464379022B09D10121D4F8D802FFF7C5
:10C8A80097FAD4F8D802FFF766FA10BDF5F746FFF5
:10C8B800F2E7000010B50446D0F8D802FFF78BFA6B
:10C8C800637A23B1024A136943F00603136110BD6A
:10C8D80000ED00E010B50446437A23B9D4F8D80235
:10C8E800FFF783FA10BD044A136923F006031361A6
:10C8F800FFF774FFF2E700BF00ED00E010B5044653
:10C908001E48C0F8D842C4F8C4021D4B036008236F
:10C91800037102234371C37100230372437283724C
:10C92800C372FAF71AFA30BB182300221146D4F85A
:10C93800C402FBF768F9582300228021D4F8C40206
:10C94800FBF761F9C02300228121D4F8C402FBF768
:10C958005AF94FF4887300220121D4F8C402FBF776
:10C9680052F94FF4807300228221D4F8C402FBF7F5
:10C978004AF9002010BDF5F7E1FED5E7487300201D
:10C98800005C004008B5D0F8C402FAF741FAFFF796
:10C998001BFF08BD08B594461A466346D0F8C40282
:10C9A800FAF7F4FFFFF710FF08BD08B5D0F8C40286
:10C9B800FBF72FF8FFF708FF08BD08B5D0F8C40249
:10C9C800FBF7A9F8FFF700FF08BD08B5D0F8C402C7
:10C9D800FBF7DAF8FFF7F8FE08BDD0F8C43211F01B
:10C9E800800F08D101F07F0101EB810103EBC10346
:10C9F80093F85201704701F07F0101EB810103EBCD
:10CA0800C103987C704708B5D0F8C402FAF7D2FE83
:10CA1800FFF7DAFE08BD08B5D0F8C402FBF755F8F1
:10CA2800FFF7D2FE08BD08B5D0F8C402FBF727F817
:10CA3800FFF7CAFE08BD08B5D0F8C402FBF73CF8FA
:10CA480008BD000010B5044611B101290FD010BD72
:10CA5800437A23B9D4F8D802FFF7C7F9F7E7FFF705
:10CA6800BDFE094A136923F006031361F2E7D0F803
:10CA7800D802FFF7B0F9637A002BE8D0024A1369AD
:10CA880043F006031361E2E700ED00E00048704759
:10CA9800287100207047000008B5044B1860044B4B
:10CAA8001960044800F027FA08BD00BF3877002055
:10CAB8003477002024760020024B1860024B19605E
:10CAC800704700BF307700202C77002008B5034B53
:10CAD8001B6813B1024A1068984708BD30770020D8
:10CAE8002C77002008B500F0B5F908BD70B59DF8A1
:10CAF8001050059C5CB305F10806BDF818C06645E2
:10CB080027D86BB14FF0AA0C84F800C04FF0550C31
:10CB180084F801C0A070E17022716571002208E0FC
:10CB2800002DEFD0002610E0911D985C6054013272
:10CB3800D2B2AA42F8D3291DA01C00F0BFF9AB1D40
:10CB4800E0540735C0F307206055304670BD002615
:10CB5800FBE70026F9E7000010B5C6B040F207145D
:10CB6800029404AC01949DF820410094FFF7BEFFA5
:10CB780050B10146064B1B6843B1064A126804A827
:10CB88009847012046B010BD0020FBE70020F9E7D8
:10CB9800387700203477002000B5C3B0014601AAD9
:10CBA800054800F0B4F910B943B05DF804FB01A8DA
:10CBB80000F030F90120F7E724760020F8B578B1C5
:10CBC8000E4607460024254606E0385DFFF7E4FFD9
:10CBD8000544EDB20134A4B2B442F6D32846F8BDF8
:10CBE8000025FBE700B583B00023064A1370064A08
:10CBF80013700078009391220221FFF7ADFF03B074
:10CC08005DF804FB807800203C78002000B585B0F2
:10CC1800FF238DF80C3000238DF80D308DF80E2091
:10CC280000780323009303AB0A460621FFF794FF1D
:10CC380005B05DF804FB0000F0B5C3B00646C47843
:10CC48001C4BA3FB042303F0FE0202EB5303E41A7C
:10CC580014F0FF0419D12546F378AB4220D9731993
:10CC68001F79384600F0EEF9A0B143681888611CB6
:10CC7800C9B202AA1755A31CDBB2070A57540334DA
:10CC8800E4B2D0540335EDB2E6E704228121FFF780
:10CC9800BDFF0CE0012281213046FFF7B7FF06E017
:10CCA800009402AB812202213078FFF755FF43B090
:10CCB800F0BD00BFABAAAAAAF0B583B00546C478F8
:10CCC800254BA3FB042303F0FE0202EB5303E41AF3
:10CCD80014F0FF0406D14FF4807200211F4800F0C1
:10CCE800EBF912E004228221FFF790FF03B0F0BDB8
:10CCF800012282212846FFF789FFF7E743681F8052
:10CD0800164B01229A550334E4B2EB78A34217D9A3
:10CD18002B191E79631C2B441A79A31C2B441B79ED
:10CD280043EA0227304600F08DF90028E0D0027A65
:10CD3800002AE3D1052282212846FFF767FFD5E7BD
:10CD4800FFF7C4FE2B4613F8040BEA780092822200
:10CD58000221FFF701FFC9E7ABAAAAAA3C77002086
:10CD680030B583B00546C278234BA3FB021303F00A
:10CD7800FE0404EB5304141B14F0FF041BD1C22A55
:10CD880019D81E4B012119701D4B00211970CAB109
:10CD9800EB78A3421CD92B19187900F053F9F8B194
:10CDA800174A1378591C11702A191179154AD15448
:10CDB8000334E4B2ECE7042290212846FFF726FF6B
:10CDC80003B030BD40210F4800F056F90C4B1870E5
:10CDD80000230093902202212878FFF7BDFEEFE799
:10CDE8000023064A1370064A137001229021284630
:10CDF800FFF70CFFE4E700BFABAAAAAA80780020DF
:10CE08003C78002040780020014B185C704700BF38
:10CE18003C77002008B581784B1E102B16D8DFE828
:10CE280003F0090C151515151515151515151515F6
:10CE3800150F1200FFF700FF08BDFFF73DFFFBE7E6
:10CE4800FFF78EFFF8E7FFF7CDFEF5E70222FFF7C1
:10CE5800DDFEF1E7164B1B7823B170B5C2B0002494
:10CE6800254602E070470134E4B2124B1B78A34216
:10CE780014D9114B1E5D304600F0E4F80028F2D0BA
:10CE880043681888691CC9B202AA5655AB1CDBB2A4
:10CE9800060A56540335EDB2D054E4E7009502ABC8
:10CEA800152200210846FFF757FE42B070BD00BFAB
:10CEB800807800203C7800204078002084464FF697
:10CEC800FF700B46013989B2A3B11CF8013B80EA17
:10CED8000320002303E0400080B20133DBB2072BBC
:10CEE800EFD810F4004FF6D041F2210282EA400058
:10CEF80080B2F2E7704748B100220270A0F804211E
:10CF0800A0F8062142708270C2700271704770B535
:10CF1800C2B0002800F0848016460446002A00F0BB
:10CF280083800578082D77D8DFE805F0050B1318FE
:10CF38001D222D3C4200AA2914BF002101210170A5
:10CF48006FE0552903D000232370002569E00223F0
:10CF5800FAE7417003230370002562E0817004231F
:10CF6800037000255DE0C17005230370002558E0BB
:10CF780001710023A0F8043119B907232370002593
:10CF88004FE00623FAE7B0F80421531C9BB2A0F83F
:10CF98000431024451710279934247D30723037045
:10CFA80000253EE0A0F8061108230370002538E0AC
:10CFB800B0F8063143EA0123A0F8063143788DF82A
:10CFC800043083788DF80530C3788DF806300379FE
:10CFD8008DF8073000232179994207D91A1DE118E5
:10CFE800487901A988540133DBB2F4E7043101A878
:10CFF800FFF764FFB4F8063183420CBF0125002512
:10D0080003D02046FFF777FF0BE040F20312611CC4
:10D01800304600F07FF8F4E7FFF76DFF002500E0E9
:10D028000025284642B070BD0025FAE70025F8E73C
:10D03800024B1860024B1960704700BF88780020C7
:10D04800847800208446002300E00133084A1268EF
:10D058009A420AD903EB43020649096801EB8200A8
:10D0680011F822206245F0D100E00020704700BF8F
:10D0780084780020887800200D4B1B68994228BFCF
:10D08800194688B100B58646002308E003EB430C37
:10D09800084A126812F82C200EF8032001338B423C
:10D0A800F4D308465DF804FB00210846704700BF2A
:10D0B800847800208878002002440346934200D1F7
:10D0C800704703F8011BF9E770B50D4D0D4C641B53
:10D0D800A4100026A64209D10B4D0C4C00F0B8F95B
:10D0E800641BA4100026A64205D170BD55F8043B68
:10D0F80098470136EEE755F8043B98470136F2E7C2
:10D108001CD500081CD500081CD5000824D500082B
:10D11800704770470A44914200F1FF3300D17047CD
:10D1280010B511F8014B03F8014F9142F9D110BD28
:10D13800024B13B1024800F005B870470000000028
:10D1480059D10008002301461A46184600F014B8C1
:10D1580038B5074D074C641BA4101CB9BDE838400E
:10D1680000F07CB9013C55F824309847F5E700BF3A
:10D1780024D5000828D500082DE9F047DFF874A069
:10D188000646DAF8000098460F469146FFF7C0FFBA
:10D19800164B1C680CB9164C1C606568DAF8000060
:10D1A8001F2D05DDFFF7B5FF4FF0FF30BDE8F08715
:10D1B8009EB104EB85010122C1F88890D4F888312A
:10D1C800AA401343C4F88831022EC1F8088102BF6F
:10D1D800D4F88C311343C4F88C316B1C023563606E
:10D1E80044F82570FFF795FF0020DFE7C879002095
:10D1F800CC79002068040020014B1868704700BFF4
:10D208004003002008B52DED028BB0EE408A00F0F7
:10D218002DF8B4EE488AF1EE10FA0FD6B5EEC08AB2
:10D22800F1EE10FA0ADCB5EE408AF1EE10FA08D1F8
:10D23800FFF7E2FF22239FED080A0360BDEC028B93
:10D2480008BDFFF7D9FFBDEC028B21230360BDE8C1
:10D258000840024800F004B8000080FF10D500081C
:10D268009FED010A704700BF0000C07F10EE103A22
:10D2780033F0004206D19FED667ADFED667A87EEDD
:10D28800270A7047002B1A4602DA30EE407AF4E794
:10D29800B3F1FF4F02DB30EE000A7047B3F5000F21
:10D2A800B8BFDFED5D7A5D48BEBF60EE277A6FF0EC
:10D2B800180117EE902A4FEAE253C2F316021044FF
:10D2C800A8BF00217F3B0B4400F4000181F07E5190
:10D2D800114300EE101A524903EBD05302F10F002C
:10D2E800F7EE007A014030EE670A89BBB5EE400AD6
:10D2F800F1EE10FA0FD1002B00F0878007EE903A7C
:10D308009FED480A9FED487AF8EEE77A27EE800A03
:10D31800A7EE870A7047DFED456AF6EE007AE0EE81
:10D32800667A20EE007A27EE277A13B930EE470A9C
:10D33800704707EE903ADFED3B6AF8EEE77AA7EE22
:10D34800E67A37EE400A9FED387A97EE870A7047FB
:10D35800F0EE007A70EE277ADFED355ADFED354AC8
:10D36800354980EE276A1144C2F5571202F5227238
:10D378000A43002A07EE903A26EE065AF8EEE76AC4
:10D3880025EE057ADFED2D7AE7EE257ADFED2C5ACA
:10D39800E7EE875ADFED2B7AE7EE247ADFED2A4AAB
:10D3A800E7EE874ADFED297AE4EE877A67EE857A39
:10D3B800E5EE877A1ADDB6EE007A20EE077A27EED8
:10D3C800007A77EE877A67EE867A13B937EE677A4E
:10D3D800ACE79FED146AE6EE867A37EE677A37EEA9
:10D3E800400ADFED117A96EEA70A704770EE677A69
:10D3F80067EE867A13B930EE670A70479FED097AAF
:10D40800E6EEC77A37EEC00AEBE79FED020A7047EF
:10D41800000000CC000000000000004C20FB4A0087
:10D42800F0FF7F00D1F717378071313FABAAAA3ED2
:10D438004FD01C3E9788173E305CCFFF298E633E45
:10D44800CDCCCC3E25333A3E2549923EABAA2A3F65
:10D45800F8B500BFF8BC08BC9E467047F8B500BFD9
:10D46800F8BC08BC9E4670475FF800F07D050020B8
:10D478005FF800F0950700205FF800F049050020EC
:08D488005FF800F071040020C0
:10D490000000000001020304000000000000000082
:10D4A0000102030406070809010002000400060047
:10D4B00008000A000C00100020004000800000015D
:10D4C0000804020408010101010101030701000031
:10D4D0005546344F56455220504F57455220436FC2
:10D4E0006D506F72740000005546344F564552001F
:10D4F000504F57455220436F6E6669670000000029
:10D50000504F57455220496E7465726661636500DD
:04D510000000000017
:08D514007035FF7F01000000EB
:08D51C0039D10008FD010008EF
:04D52400D901000821
:10D5280088008800000000000000000000000000E3
:10D53800000000008800000000000000000000005B
:10D54800000000000024F4000000C8410000C841A9
:10D558000000C8410000C8410000C8410000C8419F
:10D568000A00000056140020000000000B00000014
:10D5780054140020000000000C0000005214002089
:10D58800000000000D000000501400200000000002
:10D598000E0000004E140020000000000F000000E4
:10D5A8004C14002000000000100000004A14002065
:10D5B80000000000110000004814002001000000D5
:10D5C80012000000461400200100000014000000B2
:10D5D8004414002000000000150000004214002040
:10D5E80001000000160000004014002000000000A8
:10D5F800170000003E140020000000001800000082
:10D608003C14002000000000190000003A1400201B
:10D61800000000001A00000038140020000000007C
:10D628001B00000036140020000000001C00000051
:10D6380034140020000000001D00000032140020F7
:10D64800000000001E00000030140020010000004F
:10D658001F0000002E140020000000002000000021
:10D668002C14002001000000210000002A140020D2
:10D678000000000022000000281400200100000023
:10D6880023000000261400200100000024000000F0
:10D6980024140020000000002500000022140020AF
:10D6A80000000000260000002014002000000000F8
:10D6B800270000001E1400200100000029000000BF
:10D6C8001C140020000000002A0000001A1400208A
:10D6D800000000002B0000001814002000000000CB
:10D6E800010000001000000009074300020104C007
:10D6F800320904000001020201000524001001059E
:10D708002401000104240202052406000107058201
:10D718000308001009040100020A000000070501BF
:10D728000240000007058102400000000902430092
:10D73800020100C0320904000001020201000524B0
:10D74800001001052401000104240202052406003A
:10D75800010705820308001009040100020A0000FD
:10D768000007050102400000070581024000000093
:10D7780009024300020100C032090400000102024C
:10D7880001000524001001052401000104240202FF
:10D79800052406000107058203080010090401009A
:10D7A800020A0000000705010200020007058102C5
:10D7B8000002000011BA0008C9B90008D5B800086D
:10D7C80000000000D9B700086BB8000841B800088D
:10D7D8000000000000000000000000001DB8000864
:10D7E80011B8000829B8000835B800080A06000270
:10D7F800000000400100000019C60008D1C500085B
:10D80800D5C50008E9C50008D9C500081A030000F5
:10D818000000000000000000000000000000000000
:10D8280000000000000000000403090412010002C7
:10D83800020200408304BB2C000201020301000025
:10D848009DC60008A9C600086DC7000849C700089A
:10D8580035C7000889C70008ADC7000800000000E8
:10D868004803002000000000000000008C78002021
:10D87800F47800205C79002000000000000000001F
:10D888000000000000000000000000000000000090
:10D898000000000000000000000000000000000080
:10D8A8000000000000000000000000000000000070
:10D8B8000000000000000000000000000000000060
:10D8C8000000000000000000000000000000000050
:10D8D8000000000000000000000000000000000040
:10D8E8000000000000000000000000000000000030
:10D8F8000000000000000000000000000000000020
:10D9080001000000000000000E33CDAB34126DE6BC
:10D91800ECDE05000B000000000000000000000025
:10D9280000000000000000000000000000000000EF
:10D9380000000000000000000000000000000000DF
:10D9480000000000000000000000000000000000CF
:10D9580000000000000000000000000000000000BF
:10D9680000000000000000000000000000000000AF
:10D97800000000000000000000000000000000009F
:0CD988000000000000000000C479002036
:10D994002F498B889BB240F6917202FB03F31B1351
:10D9A40021332C4A9361CB889BB2C3EB03331B1303
:10D9B400013313610B889BB240F6DB7000FB03F369
:10D9C4001B130D3393604B889BB2C3EB03331B13C0
:10D9D400013313609369012B2DD91E4B9B68012BD6
:10D9E4002DD91C4B1B68012B2DD91A4B9A691A4946
:10D9F40008680244A2EBD0020A60D208DA611A690C
:10DA0400164908680244A2EBD0020A60D2085A619F
:10DA14009A68134908680244A2EBD0020A60D2084B
:10DA2400DA601A680F4908680244A2EBD0020A605F
:10DA3400D2085A607047134600229A61CDE7054B1D
:10DA440000229A60CDE7034B00221A60CDE700BFA5
:10DA54006811002020110020E8100020E4100020AC
:10DA6400E0100020DC10002008B50B4B1B889BB293
:10DA7400042B06D8DFE803F0030609050C0000F0C8
:10DA84007BFC08BD00F070FCFBE700F081FCF8E7CC
:10DA940000F07AFCF5E700BF4011002070B57A4B26
:10DAA4009879C0B2794B998889B21A8892B240F6B3
:10DAB400DB7303FB02F212130D32754B1B78042B3C
:10DAC40009D8724CA488734D2E6816FA84F42C601D
:10DAD40001336F4C23706E4B1B78052B17D06E4BA4
:10DAE4001B68FBB96C4B1960674B5B7A2BB3664BB5
:10DAF400DB7913B3694B1B68002B1EDD624B9B79EA
:10DB0400DBB2032B36D8DFE803F0204F7295614C6B
:10DB14002168634BA3FB01318908002323605C4C1B
:10DB24002370DCE78B4202D25B4B1960DCE75C1AA2
:10DB3400A3EBD403584C2360D6E7534B01229A71CC
:10DB440000221A72544B196070BD07EE902AF8EE49
:10DB5400676A514BD3ED007AF8EE677A9FED517AFC
:10DB640027EE877AF4EEC76AF1EE10FA0BD5464B2E
:10DB740001249C71444B9B79DBB283427DD1424B9F
:10DB840000221A72E0E79FED487A67EE877AF4EE96
:10DB9400E76AF1EE10FA03DD3B4B02249C71E9E7DE
:10DBA400394B03249C71E5E707EE902AF8EE676A87
:10DBB400394BD3ED007AF8EE677A9FED3B7A27EE86
:10DBC400877AF4EEC76AF1EE10FA03DD2E4B0224D5
:10DBD4009C71CFE79FED357A67EE877AF4EEE76ABA
:10DBE400F1EE10FAC6DD284B03249C71C2E707EE60
:10DBF400902AF8EE676A284BD3ED007AF8EE677A3C
:10DC04009FED287A27EE877AF4EEC76AF1EE10FAD0
:10DC140003D51D4B01249C71ACE79FED257A67EE7B
:10DC2400877AF4EEE76AF1EE10FAA3D5164B0324D3
:10DC34009C719FE707EE902AF8EE676A164BD3EDC6
:10DC4400007AF8EE677A9FED177A27EE877AF4EE7A
:10DC5400C76AF1EE10FA03D50B4B01249C7189E7D6
:10DC64009FED117A67EE877AF4EEE76AF1EE10FA27
:10DC740080DD054B02249C717CE7034CA07900F005
:10DC840077FB012323725FE7401100206811002015
:10DC9400C4100020C0100020BC100020040000208C
:10DCA400CDCCCCCC6666663FCDCC8C3F3333733F52
:10DCB4006666863F2DE9F0413F4B9A681A603F4BF8
:10DCC4001A8892B240F6DB7101FB02F212130D3294
:10DCD4005B889BB2C3EB03331B13013338490978C8
:10DCE40019B13849C979002940D137490A60344902
:10DCF40001200870344908683249C97911B13149A1
:10DD0400497A41B90021314C2160314C2170314CA8
:10DD14002180314C2160284CE168591A2F4D29602B
:10DD2400E1680339994228DD294B01211970294BF7
:10DD340000211980264B1B78002B55D1274B1968DD
:10DD4400274B1960002321490B6026490B60224BA5
:10DD54001B68002B40F38980023B1F490B60002B9A
:10DD640080F283800B46002119607EE0164801682A
:10DD7400541A01EBA4010160BCE715490978B9B153
:10DD84000D49C9680F31994212DA124B1B88B3F559
:10DD9400C87F03D201330F490B80CBE700230C4922
:10DDA4000B700C490B8009490B600E490B60C1E7ED
:10DDB400084B00211980BDE70400002068110020F1
:10DDC4000E00001040110020100000100800001088
:10DDD4000200001000000010040000102C000010CD
:10DDE400280000101C00001078490B68784B1B6851
:10DDF4000C68784D2B6803EB4404774E3460096853
:10DE04000B442B60B3F5006F02DD4FF40061296011
:10DE1400704B1B6813F5006F02DA6E4B6F49196083
:10DE24006D4B1B68082B02DD6B4B082119606A4B94
:10DE34001B6813F1080F03DA674B6FF007011960D1
:10DE4400654B1C6866490B681B1B0B60002B79DB58
:10DE5400634B1B68B3F5006F03DD614B4FF4006146
:10DE640019605A4B19685A4B19605E4B1B889BB258
:10DE7400022B6BD05C4B1C6859490968641A1C60FE
:10DE84000029D4BF00210121584C217019689B68D6
:10DE9400994204DD544B9968196000212170524B5A
:10DEA4001B68002B6FDB504B1B681B1A50490B601F
:10DEB4004C4B1B7A002B39D000234E490B604E4942
:10DEC4000B604E490B604A490B6042490B604C4958
:10DED4000B704C490B8042490B603F490B603B4936
:10DEE4000B603B490B6041490B70474B1A60474B31
:10DEF40001221A70464B1B78ABB1464B1A883A4B39
:10DF04001A83454A12885A83444B1968444A11605B
:10DF14001A68384B1A60334B9B79DBB2032B36D02B
:10DF24003B4B00221A702F4B00221A722D4B9B7907
:10DF3400DBB2032B00F28F80DFE813F07400A8003B
:10DF4400E4007C010B460021196081E7264B1C6824
:10DF540023490968641A1C600029D4BF00210121E7
:10DF6400224C217019685B68994204DD1E4B596884
:10DF74001960002121701C4B1B68002B93DA1A4B8B
:10DF8400002119608FE7184B002119608BE7164BAD
:10DF9400DB8A1BB243F2CB32934211DC124BDB8A95
:10DFA40019B29BB2872B0ED9882000F0E9F91C4BDB
:10DFB4001B681B1203EB43031BB20B4A5383AFE7EB
:10DFC40043F2CC31F0E78821EEE700BF2C000010CB
:10DFD40028000010080000101C00001000F8FFFFCB
:10DFE4000400001040110020040000201400001060
:10DFF4003800001020000010340000103000001021
:10E004000200001000000010100000100E000010AC
:10E01400F01000200200002000000020EC1000207E
:10E02400240000100023724A1360724A1360724A7B
:10E034001360724A1360724A1360724A1360724A20
:10E044001360724A1360724A1370724A1380724AE0
:10E054001360724A1360724BDB7913B9714B8822D7
:10E064001A83704C238B1BB26F4D2A68C3F5D443BB
:10E074004033C2F89C3000F08FF92A68C2F8A80037
:10E08400638B1BB2C2F81C32BDE8F081584F3A686A
:10E094005B4B1B6841F2A36101FB0233554D2A68B7
:10E0A400624901FB0233DFF85081D8F8002041F2C5
:10E0B400F15101FB0233514E33605A4CA18A09B22B
:10E0C400882000F05DF92B68C8F800303B682B60AD
:10E0D4004FF4E163638333681B1203EB43031BB206
:10E0E4002383228B12B2A38A1BB29A4201DDA28A35
:10E0F40022834C4B1B8B9BB2872BACD8494B882279
:10E104001A83A8E73A4E32683D4B1B6842F28C21D1
:10E1140001FB0233374C2268454901FB0233364F79
:10E124003A6842F27C1101FB0233344A13603D4DDC
:10E13400E98A09B2882000F023F923683B60336838
:10E1440023602B8B1BB246F2DF32934237DC2B8BDE
:10E154009BB220331BB22B832B8B1BB246F2E032D3
:10E16400934200DD2A832F4B1A8B12B29B8A1BB277
:10E174009A4202DD2B4B9A8A1A832A4B1B8B9BB241
:10E18400872B02D8274B88221A831C4B1B681B122F
:10E1940003EB43031BB223494B834A8B12B2CB8A52
:10E1A4001BB29A4201DDCA8A4A831E4B5B8B9BB227
:10E1B400872B3FF650AF1B4B88225A834BE7194BF2
:10E1C4001B8B1BB246F2E0329342CCDD154A138B13
:10E1D4009BB2203B1BB21383138B1BB246F2DF327C
:10E1E4009342C0DC0F4B46F2E0321A83BBE700BF18
:10E1F400380000103400001030000010240000101B
:10E20400200000101C000010040000100800001082
:10E2140002000010000000102C0000102800001064
:10E224004011002004000020701100206DD3FFFF76
:10E23400FBBBFFFF434BDB8A1BB243F2CB3293425F
:10E2440064DC404BDB8A1CB29BB2872B61D93E4E07
:10E2540032683E4B1B6841F6E91101FB02333C4D29
:10E264002A683C4901FB02333B4F3A6841F61D11D1
:10E2740001FB0233394A13602146882000F080F8FC
:10E284002B683B6033682B60354B1A68354B1A603A
:10E294002C4B1B8B1BB2B3F5AA4F3CDA294A138BC8
:10E2A4009BB220331BB21383138B1BB2B3F5AA4F5B
:10E2B40003DD13464FF4AA421A83224B1A8B12B27F
:10E2C4009B8A1BB29A4202DD1E4B9A8A1A831D4B0B
:10E2D4001B8B9BB2872B02D81A4B88221A831F4BA5
:10E2E4001B681B1203EB43031BB2164A5383538B65
:10E2F4001BB2A34200DD5483124B5B8B9BB2872B72
:10E304003FF6A9AE0F4B88225A83A4E643F2CC34DD
:10E314009DE788249BE70B4B1B8B1BB2B3F5AA4FDD
:10E32400CBDD084A138B9BB2203B1BB21383138BA8
:10E334001BB2B3F5AA4FC0DA13464FF4AA421A83AC
:10E34400BBE700BF040000203800001020000010CC
:10E3540034000010FCCCFFFF30000010240000103B
:10E364002C000010280000105FF800F0DD180008F1
:10E374005FF800F00D1400085FF800F0B51700080E
:10E384005FF800F0192900085FF800F0C1180008D0
:10E394005FF800F0291900085FF800F06929000807
:0400000508002AA91C
:00000001FF
