:020000040800F2
:100000000000022095240008F9200008FB200008C9
:10001000FD200008FF20000801210008000000006A
:1000200000000000000000000000000003210008A4
:100030000521000800000000072100080921000830
:10004000E5240008E5240008E5240008E52400086C
:10005000E5240008E5240008E5240008E52400085C
:10006000E5240008E5240008E52400081121000823
:10007000E5240008E5240008E5240008E52400083C
:10008000E5240008E524000821210008E5240008F3
:1000900039210008E5240008E5240008E5240008CB
:1000A000E5240008E5240008E5240008E52400080C
:1000B000E5240008E5240008E5240008E5240008FC
:1000C000E5240008E5240008E5240008E5240008EC
:1000D000E5240008E5240008E5240008E5240008DC
:1000E000E5240008E5240008E5240008E5240008CC
:1000F000E5240008E5240008E5240008E5240008BC
:10010000E5240008E5240008E5240008E5240008AB
:10011000E5240008E5240008E5240008E52400089B
:10012000E5240008E5240008E5240008E52400088B
:10013000E5240008E5240008E5240008E52400087B
:10014000E5240008E5240008E5240008E52400086B
:1001500049210008E5240008E5240008E5240008FA
:10016000E5240008E5240008E5240008E52400084B
:10017000E5240008E5240008E5240008E52400083B
:10018000E5240008E5240008E5240008E52400082B
:10019000E524000800000000E5240008E52400082C
:1001A000E5240008E5240008E5240008E52400080B
:1001B000E5240008E5240008E5240008E5240008FB
:1001C000E5240008E5240008E5240008E5240008EB
:0801D000E5240008E524000805
:1001D80010B5054C237833B9044B13B10448AFF379
:1001E80000800123237010BDCC0200200000000015
:1001F80078D1000808B5034B1BB103490348AFF396
:10020800008008BD00000000D002002078D100085E
:1002180081F0004102E000BF83F0004330B54FEAAF
:1002280041044FEA430594EA050F08BF90EA020F1C
:100238001FBF54EA000C55EA020C7FEA645C7FEAAF
:10024800655C00F0E2804FEA5454D4EB5555B8BFD2
:100258006D420CDD2C4480EA020281EA030382EA43
:10026800000083EA010180EA020281EA0303362DD5
:1002780088BF30BD11F0004F4FEA01314FF4801CA8
:100288004CEA113102D0404261EB410113F0004FBA
:100298004FEA03334CEA133302D0524263EB430371
:1002A80094EA050F00F0A780A4F10104D5F1200E0F
:1002B8000DDB02FA0EFC22FA05F2801841F100016A
:1002C80003FA0EF2801843FA05F359410EE0A5F13E
:1002D80020050EF1200E012A03FA0EFC28BF4CF06F
:1002E800020C43FA05F3C01851EBE37101F0004525
:1002F80007D54FF0000EDCF1000C7EEB00006EEB32
:100308000101B1F5801F1BD3B1F5001F0CD34908BB
:100318005FEA30004FEA3C0C04F101044FEA445212
:1003280012F5800F80F09A80BCF1004F08BF5FEA99
:10033800500C50F1000041EB045141EA050130BD79
:100348005FEA4C0C404141EB0101013C28BFB1F58B
:10035800801FE9D291F0000F04BF01460020B1FAD6
:1003680081F308BF2033A3F10B03B3F120020CDAA9
:100378000C3208DD02F1140CC2F10C0201FA0CF087
:1003880021FA02F10CE002F11402D8BFC2F1200CEC
:1003980001FA02F120FA0CFCDCBF41EA0C019040A2
:1003A800E41AA2BF01EB0451294330BD6FEA0404EB
:1003B8001F3C1CDA0C340EDC04F11404C4F12002D6
:1003C80020FA04F001FA02F340EA030021FA04F3E8
:1003D80045EA030130BDC4F10C04C4F1200220FA3F
:1003E80002F001FA04F340EA0300294630BD21FA7D
:1003F80004F0294630BD94F0000F83F4801306BF43
:1004080081F480110134013D4EE77FEA645C18BF36
:100418007FEA655C29D094EA050F08BF90EA020FCD
:1004280005D054EA000C04BF1946104630BD91EAC5
:10043800030F1EBF0021002030BD5FEA545C05D1C8
:100448004000494128BF41F0004130BD14F5800407
:100458003CBF01F5801130BD01F0004545F0FE417B
:1004680041F470014FF0000030BD7FEA645C1ABFB0
:10047800194610467FEA655C1CBF0B46024650EAE7
:10048800013406BF52EA033591EA030F41F4002113
:1004980030BD00BF90F0000F04BF0021704730B599
:1004A8004FF4806404F132044FF000054FF000016E
:1004B80050E700BF90F0000F04BF0021704730B52F
:1004C8004FF4806404F1320410F0004548BF404204
:1004D8004FF000013EE700BF42004FEAE2014FEA59
:1004E80031014FEA02701FBF12F07F4393F07F4F34
:1004F80081F06051704732F07F4208BF704793F037
:100508007F4F04BF41F40021704730B54FF4607449
:1005180001F0004521F000411CE700BF50EA01024C
:1005280008BF704730B54FF000050AE050EA0102F5
:1005380008BF704730B511F0004502D5404261EB65
:1005480041014FF4806404F132045FEA915C3FF4A6
:10055800D8AE4FF003025FEADC0C18BF03325FEA43
:10056800DC0C18BF033202EBDC02C2F1200300FAF4
:1005780003FC20FA02F001FA03FE40EA0E0021FA19
:1005880002F11444BDE600BF70B54FF0FF0C4CF407
:10059800E06C1CEA11541DBF1CEA135594EA0C0FB9
:1005A80095EA0C0F00F0DEF82C4481EA030621EAF4
:1005B8004C5123EA4C5350EA013518BF52EA03352F
:1005C80041F4801143F4801338D0A0FB02CE4FF0E1
:1005D8000005E1FB02E506F00042E0FB03E54FF011
:1005E8000006E1FB03569CF0000F18BF4EF0010E09
:1005F800A4F1FF04B6F5007F64F5407404D25FEA05
:100608004E0E6D4146EB060642EAC62141EA5551B7
:100618004FEAC52040EA5E504FEACE2EB4F1FD0CF9
:1006280088BFBCF5E06F1ED8BEF1004F08BF5FEA77
:10063800500E50F1000041EB045170BD06F0004629
:1006480046EA010140EA020081EA0301B4EB5C04D6
:10065800C2BFD4EB0C0541EA045170BD41F48011CE
:100668004FF0000E013C00F3AB8014F1360FDEBFF3
:10067800002001F0004170BDC4F10004203C35DACF
:100688000C341BDC04F11404C4F1200500FA05F352
:1006980020FA04F001FA05F240EA020001F00042F3
:1006A80021F0004110EBD37021FA04F642EB060169
:1006B8005EEA430E08BF20EAD37070BDC4F10C0493
:1006C800C4F1200500FA04F320FA05F001FA04F257
:1006D80040EA020001F0004110EBD37041F1000143
:1006E8005EEA430E08BF20EAD37070BDC4F120054E
:1006F80000FA05F24EEA020E20FA04F301FA05F2B6
:1007080043EA020321FA04F001F0004121FA04F25D
:1007180020EA020000EBD3705EEA430E08BF20EA2D
:10072800D37070BD94F0000F0FD101F00046400067
:1007380041EB010111F4801F08BF013CF7D041EAE9
:10074800060195F0000F18BF704703F000465200ED
:1007580043EB030313F4801F08BF013DF7D043EABE
:100768000603704794EA0C0F0CEA135518BF95EA74
:100778000C0F0CD050EA410618BF52EA4306D1D1FB
:1007880081EA030101F000414FF0000070BD50EA1A
:10079800410606BF1046194652EA430619D094EAA4
:1007A8000C0F02D150EA013613D195EA0C0F05D18E
:1007B80052EA03361CBF104619460AD181EA0301E2
:1007C80001F0004141F0FE4141F470014FF000009A
:1007D80070BD41F0FE4141F4780170BD70B54FF035
:1007E800FF0C4CF4E06C1CEA11541DBF1CEA1355B5
:1007F80094EA0C0F95EA0C0F00F0A7F8A4EB050497
:1008080081EA030E52EA03354FEA013100F088808D
:100818004FEA03334FF0805545EA131343EA126356
:100828004FEA022245EA111545EA10654FEA00260B
:100838000EF000419D4208BF964244F1FD0404F5C4
:10084800407402D25B084FEA3202B61A65EB030520
:100858005B084FEA32024FF480104FF4002CB6EBDD
:10086800020E75EB030E22BFB61A754640EA0C005D
:100878005B084FEA3202B6EB020E75EB030E22BF9D
:10088800B61A754640EA5C005B084FEA3202B6EBDE
:10089800020E75EB030E22BFB61A754640EA9C009D
:1008A8005B084FEA3202B6EB020E75EB030E22BF6D
:1008B800B61A754640EADC0055EA060E18D04FEA2B
:1008C800051545EA16754FEA06164FEAC30343EACB
:1008D80052734FEAC2025FEA1C1CC0D111F4801F98
:1008E8000BD141EA00014FF000004FF0004CB6E791
:1008F80011F4801F04BF01430020B4F1FD0C88BF30
:10090800BCF5E06F3FF6AFAEB5EB030C04BFB6EB3A
:10091800020C5FEA500C50F1000041EB045170BD2D
:100928000EF0004E4EEA113114EB5C04C2BFD4EB5A
:100938000C0541EA045170BD41F480114FF0000EDE
:10094800013C90E645EA060E8DE60CEA135594EA5A
:100958000C0F08BF95EA0C0F3FF43BAF94EA0C0F5D
:100968000AD150EA01347FF434AF95EA0C0F7FF4D2
:1009780025AF104619462CE795EA0C0F06D152EA26
:1009880003353FF4FDAE1046194622E750EA41060A
:1009980018BF52EA43067FF4C5AE50EA41047FF41B
:1009A8000DAF52EA43057FF4EBAE12E74FEA41027E
:1009B800B2F1E04324BFB3F5001CDCF1FE5C0DD9B5
:1009C80001F0004C4FEAC0024CEA5070B2F1004FFF
:1009D80040EB830008BF20F00100704711F0804F02
:1009E80021D113F13872BCBF01F00040704741F4C7
:1009F80080114FEA5252C2F11802C2F1200C10FACB
:100A08000CF320FA02F018BF40F001004FEAC123AE
:100A18004FEAD32303FA0CFC40EA0C0023FA02F352
:100A28004FEA4303CCE77FEA625307D150EA013328
:100A38001EBF4FF0FE4040F44000704701F00040F8
:100A480040F0FE4040F40000704700BF80F00040D6
:100A580002E000BF81F0004142001FBF5FEA41038E
:100A680092EA030F7FEA226C7FEA236C6AD04FEA8E
:100A78001262D2EB1363C1BFD218414048404140D3
:100A8800B8BF5B42192B88BF704710F0004F40F485
:100A9800000020F07F4018BF404211F0004F41F4A1
:100AA800000121F07F4118BF494292EA030F3FD06D
:100AB800A2F1010241FA03FC10EB0C00C3F1200380
:100AC80001FA03F100F0004302D5494260EB40000F
:100AD800B0F5000F13D3B0F1807F06D340084FEA7A
:100AE800310102F10102FE2A51D2B1F1004F40EB6F
:100AF800C25008BF20F0010040EA030070474900D7
:100B080040EB0000013A28BFB0F5000FEDD2B0FA73
:100B180080FCACF1080CB2EB0C0200FA0CF0AABF96
:100B280000EBC25052421843BCBFD0401843704734
:100B380092F0000F81F4000106BF80F4000001323A
:100B4800013BB5E74FEA41037FEA226C18BF7FEA11
:100B5800236C21D092EA030F04D092F0000F08BF53
:100B68000846704790EA010F1CBF0020704712F03A
:100B78007F4F04D1400028BF40F00040704712F179
:100B880000723CBF00F50000704700F0004343F0DE
:100B9800FE4040F4000070477FEA226216BF084614
:100BA8007FEA23630146420206BF5FEA412390EAD7
:100BB800010F40F4800070474FF0000304E000BFCD
:100BC80010F0004348BF40425FEA000C08BF70477E
:100BD80043F0964301464FF000001CE050EA010242
:100BE80008BF70474FF000030AE000BF50EA010257
:100BF80008BF704711F0004302D5404261EB410144
:100C08005FEA010C02BF84460146002043F0B64368
:100C180008BFA3F18053A3F50003BCFA8CF2083A8D
:100C2800A3EBC25310DB01FA02FC634400FA02FC96
:100C3800C2F12002BCF1004F20FA02F243EB02009D
:100C480008BF20F00100704702F1200201FA02FCFF
:100C5800C2F1200250EA4C0021FA02F243EB0200F2
:100C680008BF20EADC7070474FF0FF0C1CEAD05236
:100C78001EBF1CEAD15392EA0C0F93EA0C0F6FD0F7
:100C88001A4480EA010C400218BF5FEA41211ED0D5
:100C98004FF0006343EA501043EA5111A0FB0131C1
:100CA8000CF00040B1F5000F3EBF490041EAD37196
:100CB8005B0040EA010062F17F02FD2A1DD8B3F112
:100CC800004F40EBC25008BF20F00100704790F081
:100CD800000F0CF0004C08BF49024CEA502040EAD3
:100CE80051207F3AC2BFD2F1FF0340EAC250704799
:100CF80040F400004FF00003013A5DDC12F1190FD7
:100D0800DCBF00F000407047C2F10002410021FA48
:100D180002F1C2F1200200FA02FC5FEA310040F160
:100D2800000053EA4C0308BF20EADC70704792F0D9
:100D3800000F00F0004C02BF400010F4000F013A11
:100D4800F9D040EA0C0093F0000F01F0004C02BF0C
:100D5800490011F4000F013BF9D041EA0C018FE77B
:100D68000CEAD15392EA0C0F18BF93EA0C0F0AD081
:100D780030F0004C18BF31F0004CD8D180EA0100A7
:100D880000F00040704790F0000F17BF90F0004F40
:100D9800084691F0000F91F0004F14D092EA0C0F22
:100DA80001D142020FD193EA0C0F03D14B0218BFB5
:100DB800084608D180EA010000F0004040F0FE40FB
:100DC80040F40000704740F0FE4040F44000704797
:100DD8004FF0FF0C1CEAD0521EBF1CEAD15392EA16
:100DE8000C0F93EA0C0F69D0A2EB030280EA010C06
:100DF80049024FEA402037D04FF0805343EA11119F
:100E080043EA10130CF000408B4238BF5B0042F1FC
:100E18007D024FF4000C8B4224BF5B1A40EA0C00A1
:100E2800B3EB510F24BFA3EB510340EA5C00B3EBD3
:100E3800910F24BFA3EB910340EA9C00B3EBD10FC1
:100E480024BFA3EBD10340EADC001B0118BF5FEA13
:100E58001C1CE0D1FD2A3FF650AF8B4240EBC2503C
:100E680008BF20F0010070470CF0004C4CEA5020FD
:100E78007F32C2BFD2F1FF0340EAC250704740F44C
:100E880000004FF00003013A37E792F0000F00F03E
:100E9800004C02BF400010F4000F013AF9D040EABC
:100EA8000C0093F0000F01F0004C02BF490011F450
:100EB800000F013BF9D041EA0C0195E70CEAD15348
:100EC80092EA0C0F08D142027FF47DAF93EA0C0F2F
:100ED8007FF470AF084676E793EA0C0F04D14B0213
:100EE8003FF44CAF08466EE730F0004C18BF31F0C5
:100EF800004CCAD130F000427FF45CAF31F00043BF
:100F08007FF43CAF5FE700BF4FF0FF3C06E000BF57
:100F18004FF0010C02E000BF4FF0010C4DF804CD7A
:100F28004FEA40024FEA41037FEA226C18BF7FEA8A
:100F3800236C11D001B052EA530C18BF90EA010F8C
:100F480058BFB2EB030088BFC81738BF6FEAE1701B
:100F580018BF40F0010070477FEA226C02D15FEAB7
:100F6800402C05D17FEA236CE4D15FEA412CE1D023
:100F78005DF8040B704700BF844608466146FFE7EA
:100F88000FB5FFF7C9FF002848BF10F1000F0FBDCC
:100F98004DF808EDFFF7F4FF0CBF012000205DF8C5
:100FA80008FB00BF4DF808EDFFF7EAFF34BF01204A
:100FB80000205DF808FB00BF4DF808EDFFF7E0FFE3
:100FC80094BF012000205DF808FB00BF4DF808ED34
:100FD800FFF7D2FF94BF012000205DF808FB00BF97
:100FE8004DF808EDFFF7C8FF34BF012000205DF879
:100FF80008FB00BF4FEA4002B2F1FE4F0FD34FF09B
:101008009E03B3EB12620DD94FEA002343F000436D
:1010180010F0004F23FA02F018BF404270474FF01B
:101028000000704712F1610F01D1420205D110F0A2
:10103800004008BF6FF0004070474FF00000704755
:1010480042000ED2B2F1FE4F0BD34FF09E03B3EB2A
:10105800126209D44FEA002343F0004323FA02F056
:1010680070474FF00000704712F1610F01D1420242
:1010780002D14FF0FF3070474FF00000704700BFBB
:1010880053B94AB9002908BF00281CBF4FF0FF31E7
:101098004FF0FF3000F06AB9ADF1080C6DE904CEED
:1010A80000F006F8DDF804E0DDE9022304B070473B
:1010B8002DE9F047089D0C46002B4ED194468C45EF
:1010C8008646B2FA82F262D94AB1C2F1200391404F
:1010D80020FA03F30CFA02FC194300FA02FE4FEA65
:1010E8001C471FFA8CF6B1FBF7F44FEA1E4307FBC7
:1010F800141143EA014304FB06F199420AD91CEB97
:10110800030304F1FF3080F01281994240F20F810D
:10111800023C6344591A1FFA8EF3B1FBF7F007FB40
:10112800101143EA014300FB06F69E420AD91CEB64
:10113800030300F1FF3180F0FC809E4240F2F98009
:10114800634402389B1B40EA044000211DB1D34090
:101158000022C5E90032BDE8F0878B4205D90DB100
:10116800C5E9000100210846F5E7B3FA83F1002933
:1011780046D1A34202D39042C0F0F080861A64EBB5
:1011880003030120002DE6D0C5E90063E3E7002A48
:1011980040F09080A1EB0C044FEA1C481FFA8CF732
:1011A8000121B4FBF8F64FEA1E4308FB164443EA54
:1011B800044307FB06F0984208D91CEB030306F129
:1011C800FF3402D2984200F2CD8026461C1A1FFA3C
:1011D8008EF3B4FBF8F008FB104443EA044300FB29
:1011E80007F79F4208D91CEB030300F1FF3402D232
:1011F8009F4200F2B0802046DB1B40EA0640A5E78C
:10120800C1F120068B4022FA06F71F4320FA06FC9C
:1012180004FA01F343EA0C03F44000FA01F8380C2D
:101228004FEA1349B4FBF0FE1FFA87FC00FB1E448B
:1012380049EA04440EFB0CF9A14502FA01F20AD965
:101248003C190EF1FF3A80F08480A14540F281807C
:10125800AEF1020E3C44A4EB09041FFA83F9B4FB77
:10126800F0F300FB134449EA044403FB0CFCA445D7
:1012780007D93C1903F1FF3067D2A44565D9023B71
:101288003C4443EA0E40A0FB0293A4EB0C049C42AE
:10129800CE469C4651D34ED055B1B8EB0E0364EB05
:1012A8000C0404FA06F6CB401E43CC40C5E90064A2
:1012B800002150E7C2F1200320FA03F10CFA02FCE6
:1012C80024FA03F394400C434FEA1C4800FA02FE48
:1012D8001FFA8CF7B3FBF8F008FB1031230C43EA34
:1012E800014300FB07F1994208D91CEB030300F105
:1012F800FF362CD299422AD9023863445B1AA4B229
:10130800B3FBF8F108FB113344EA034401FB07F38C
:10131800A34208D91CEB040401F1FF3613D2A342FF
:1013280011D902396444E41A41EA004139E7044614
:10133800F0E6084606E7C845AED2B9EB020E63EB05
:10134800070C0138A8E73146EDE7034699E7304630
:10135800D4E7D6467FE7634402384DE7064623467E
:1013680008460FE7023E634430E700BF704700BFFE
:101378004FEA40024FEA41037FEA226C02D15FEA5A
:10138800402C08D17FEA236C02D15FEA412C02D1BC
:101398004FF0000070474FF00100704730B59BB028
:1013A800002417941894199420252A4621460FA83A
:1013B8000BF0DEFC3C22214668460BF0D9FC504875
:1013C8004FF0A04303604FF4403343608460C4602F
:1013D800046101234361082282610477447704226F
:1013E800026280F824404FF4D461C1624FF48061F6
:1013F800016380F838304FF48051C16380F8403081
:1014080042648564C464036501F0E0F800285FD194
:101418000023179317A93A4802F038FD00285AD13B
:10142800384B0F9306231093002311937F221292B7
:101438000422139214930FA9314801F093FC002859
:101448004CD1314B0F930C2310930FA92C4801F06A
:1014580089FC002845D12D4B0F93122310930FA917
:10146800274801F07FFC00283ED1294B0F93182311
:1014780010930FA9224801F075FC002837D1214BA1
:10148800009309230193012302937F2303930423E9
:10149800049300230593022208928DF824308DF8D6
:1014A80025308DF826300A930B938DF83030694635
:1014B800134802F0DDF9E8B9144B009340F20F131A
:1014C800019369460E4802F0D3F9B0B91BB030BD9C
:1014D80000F0E6FC9CE700F0E3FCA1E700F0E0FC8C
:1014E800AFE700F0DDFCB6E700F0DAFCBDE700F09E
:1014F800D7FCC4E700F0D4FCDEE700F0D1FCE5E758
:101508009804002002003004040060080800900CD1
:101518001000C01000B589B02022002168460BF0E9
:1015280027FC1E481E4B03604FF4403343600023E2
:101538008360C36003614361042282610377437758
:101548000122026280F82430C362036380F83830D5
:10155800C36380F840201C21416480218164C364F6
:10156800026501F033F898B90E4B009306230193F6
:10157800052302937F2303930423049300230593F5
:101588006946064801F0EEFB28B909B05DF804FB8E
:1015980000F086FCE8E700F083FCF6E72C04002066
:1015A800000100500010603210B58CB0002409947E
:1015B8000A940B942022214601A80BF0D9FB22485B
:1015C800224B03604FF4403343608460C46004617D
:1015D800446104238361047744770123036280F81C
:1015E8002440C462046380F83840C46380F8403003
:1015F8001C22426480228264C464036500F0E6FF12
:10160800C8B90023099309A90F4802F03FFCA8B9FB
:101618000F4B019306230293052303937F2304931F
:10162800042305930023069301A9074801F09AFBB8
:1016380038B90CB010BD00F033FCE2E700F030FC24
:10164800E6E700F02DFCF4E7C0030020000400509A
:101658000200300400B589B02022002168460BF052
:1016680087FB1E481E4B03604FF440334360002342
:101678008360C36003614361042282610377437717
:101688000122026280F82430C362036380F8383094
:10169800C36380F840201421416460218164C364DD
:1016A800026500F093FF98B90E4B0093062301934F
:1016B800072302937F2303930423049300230593B2
:1016C8006946064801F04EFB28B909B05DF804FBED
:1016D80000F0E6FBE8E700F0E3FBF6E75403002040
:1016E800000600501000C09030B5A3B00446002199
:1016F8001D911E911F9120912191542208A80BF051
:1017080037FB2368B3F1A04F0CD07A4A934263D0D9
:10171800794A934200F09B80784A934200F0CA804D
:1017280023B030BD4FF4004308934FF00053199392
:1017380008A805F067FD00283DD1714A13680133F8
:101748001360012B3AD06F4BDA6C42F00102DA6475
:10175800DB6C03F001030293029B0F231D93032309
:101768001E9300251F951DA94FF0904002F076FEAC
:101778006548664B0360052343608560C560802328
:1017880003614FF4807343614FF4806383612023C6
:10179800C3614FF40053036202F046FDC8B95A4BC7
:1017A80063659C6200221146122002F0ABFC1220F5
:1017B80002F0B8FCB4E700F073FBBEE7514BDA6CFB
:1017C80042F40052DA64DB6C03F400530193019B8A
:1017D800B9E700F065FBE2E74FF4004308934FF0E8
:1017E8000053199308A805F00DFD10BB444A13686F
:1017F80001331360012B1FD0424BDA6C42F0020216
:10180800DA64DB6C03F002030493049B04231D9346
:1018180003231E9300241F941DA93D4802F01EFEB9
:1018280022462146122002F06DFC122002F07AFCBA
:1018380076E700F035FBD9E7324BDA6C42F4005218
:10184800DA64DB6C03F400530393039BD4E74FF48F
:10185800803308934FF000431A9308A805F0D2FC90
:10186800D0B92C4A136801331360012B17D0254BCC
:10187800DA6C42F00202DA64DB6C03F002030693CE
:10188800069B02231D9303231E9300231F931DA968
:101898001F4802F0E3FD43E700F002FBE1E7194BC4
:1018A800DA6C42F48042DA64DB6C03F4804305931B
:1018B800059BDCE74FF4803308934FF000431A93FD
:1018C80008A805F09FFC88B9124A13680133136011
:1018D800012B7FF425AF0B4BDA6C42F48042DA64BB
:1018E800DB6C03F480430793079B19E700F0D8FAF1
:1018F800EAE700BF00010050000400500006005055
:10190800F002002000100240F4020020080002400B
:1019180000040048EC020020A0B138B50446036872
:10192800B3F1A04F00D038BD092101F081FF054671
:1019380040F20F11204601F07BFFA9B280B20AF0F5
:10194800C3F9F0E77047000070B500F00DFE254BB5
:101958001B68C31A632B00D870BD224B186022483D
:1019680001F05EFD80B10024204801F059FDD0B19E
:1019780000251F4801F054FD20B30026B2B2A9B2D9
:10198800A0B20AF0B3F9E7E70221174800F06CFFAC
:1019980020B10024144801F0C7FEE5E7124801F021
:1019A8000FF80446F6E70221104800F05DFF20B169
:1019B80000250E4801F0B8FEDBE70C4801F000F8FE
:1019C8000546F6E702210A4800F04EFF20B100263E
:1019D800074801F0A9FED1E7054800F0F1FF0646E7
:1019E800F6E700BFE8020020C00300202C04002016
:1019F8005403002000B583B00E4B9A6C42F00402E9
:101A08009A649A6C02F004020092009A9A6C42F06E
:101A180001029A649B6C03F001030193019B00226D
:101A280011460B2002F06EFB0B2002F07BFB03B08B
:101A38005DF804FB0010024030B589B0002403941F
:101A480004940594069407941A4BDA6C42F0200229
:101A5800DA64DA6C02F020020092009ADA6C42F042
:101A68000102DA64DA6C02F001020192019ADA6C7E
:101A780042F00202DA64DB6C03F002030293029B79
:101A88000D4D224643F60101284602F0DBFD0122F6
:101A98002021284602F0D6FD43F6210303930123B3
:101AA80004930594069403A9284602F0D7FC09B0CC
:101AB80030BD00BF001002400004004802680E4B11
:101AC8009A4200D0704700B583B003F528431A6ED8
:101AD80042F080621A661B6E03F080630193019BDB
:101AE80000221146442002F00DFB442002F01AFBAC
:101AF80003B05DF804FB00BF0068014070B588B012
:101B080000230393049305930693079302681A4BE3
:101B18009A4201D008B070BD03F52843DA6C42F050
:101B28000202DA64DA6C02F002020192019ADA6CBB
:101B380042F00102DA64DB6C03F001030293029BBA
:101B48004FF44043039302260496032506950D247B
:101B5800079403A9094802F081FC4FF440730393EA
:101B68000496002305930695079403A94FF0904027
:101B780002F074FCCEE700BF006801400004004892
:101B880010B5BAB000243894399434943594369406
:101B980037942D942E942F94309431943294339416
:101BA8006022214615A80BF0E3F8129413941494BC
:101BB800242221460DEB02000BF0DAF82022214600
:101BC80001A80BF0D5F8AE48AE4B036044608460C2
:101BD80002F070FF002840F01A810C21A84802F09A
:101BE800D5FF002840F016810A21A54803F007F820
:101BF800002840F012814FF4803338934FF400638B
:101C0800399338AA01219E4803F034F8002840F09F
:101C18000781002201219A4803F065F9002840F065
:101C280002814FF48053399338AA0221944803F073
:101C380021F8002840F0FA8014220221904803F08D
:101C480052F9002840F0F58046F6402334930021ED
:101C5800359136910823379334AA894802F0F1FF69
:101C6800002840F0E98000212D912F913091339187
:101C78002DAA834803F042FA002840F0E0801023A0
:101C880015930021169117911891012319931A9110
:101C98001B911C911D911E914FF000631F93209181
:101CA80021914FF000532293239124914FF0004348
:101CB80025934FF480732693279129912A912B918C
:101CC8002C9115AA6E4803F0D3F9002840F0BA8089
:101CD80000231593279315AA0321694803F0C8F92F
:101CE800002840F0B28043F22053129312AB012235
:101CF8000021634803F070FA002840F0A98041F6FB
:101D08009023129312AB042200215D4803F064FA79
:101D1800002840F0A08045F2E47312934FF48053FA
:101D280013930021149112AB0822554803F054FA7A
:101D3800002840F093800021099164230A930B91B5
:101D48004FF400420C924FF480420D920E930F9183
:101D58004FF0004310934FF08043119309AA48486D
:101D680003F0E8F900287CD109AA0321444803F0CC
:101D7800E1F9002878D10021019104230293082376
:101D880003930491059106910791089101AB0122F3
:101D98003B4803F002FB002869D101AB4022032134
:101DA800374803F0FAFA002864D108230293042381
:101DB80003936B4402220021314803F0EEFA002815
:101DC8005BD101AB802203212D4803F0E6FA0028FD
:101DD8005AD134AA03212A4802F033FF002856D1E9
:101DE8002DAA0321264803F089F9002852D14FF47F
:101DF8008873129312AB01220321214803F0ECF9F6
:101E080000284AD11E48FFF779FE3AB010BD00F00D
:101E180047F8E2E600F044F8E6E600F041F8EAE6C2
:101E280000F03EF8F5E600F03BF8FAE600F038F886
:101E380002E700F035F807E700F032F813E700F0A2
:101E48002FF81CE700F02CF842E700F029F84AE7E1
:101E580000F026F853E700F023F85CE700F020F8DC
:101E680069E700F01DF87FE700F01AF883E700F053
:101E780017F892E700F014F897E700F011F8A0E7D8
:101E8800040500200068014000F00AF8A1E700F00E
:101E980007F8A5E700F004F8A9E700F001F8B1E7B2
:101EA80072B6FEE700B595B03822002106A80AF000
:101EB8005FFF00200190029003900490059004F0C9
:101EC8000BFD212306934FF48033079301230C93D2
:101ED80002230D9303220E9205220F9244221092A0
:101EE800119308221292139306A804F0AFFD80B94B
:101EF8000F23019303230293002303930493059371
:101F080004210DEB010005F057F820B915B05DF874
:101F180004FBFFF7C5FFFFF7C3FF000008B500F09B
:101F280007FBFFF7BFFF09F01FFEFFF785FDFFF76F
:101F380061FDFFF733FAFFF78DFBFFF721FE00F095
:101F480061F800F049F900F0B1F900F0E3F9FFF7A2
:101F5800E1FAFFF729FB08F0D3FB09F089FE0AF044
:101F6800CFFD08F021FF7F21204801F013FC08B1C4
:101F7800FFF796FF7F211E4801F00CFC08B1FFF720
:101F88008FFF7F211B4801F005FC08B1FFF788FF90
:101F98007F21194801F0FEFB08B1FFF781FF0422F9
:101FA8001649124801F0D6FAE0B9104B5B6D23B11F
:101FB8001A68136823F0060313604FF49011104851
:101FC80003F03DFA80B90E4B1A68D2F88C3043F012
:101FD8001003C2F88C30FFF7B7FC09F0D9FD08F000
:101FE80013FFF8E7FFF75CFFFFF75AFF980400209C
:101FF8002C040020C003002054030020DC2600200D
:102008000405002008B51048104B03604FF4827394
:102018004360002383604FF4E062C2600361436160
:102028004FF4007282611822C261036243628362C4
:102038000722C26203630823436305F0ACFB00B9BF
:1020480008BDFFF72DFFFBE7000600200030014028
:1020580000B589B00023039304930593069307936F
:102068000268144B9A4202D009B05DF804FB03F5EC
:1020780060431A6E42F480521A661A6E02F4805255
:102088000192019ADA6C42F00102DA64DB6C03F027
:1020980001030293029BE023039302230493032387
:1020A80006930523079303A94FF0904002F0D6F951
:1020B800DAE700BF0030014000B583B00B4B1A6E61
:1020C80042F001021A661A6E02F001020092009AAA
:1020D8009A6D42F080529A659B6D03F0805301938C
:1020E800019B04F07FFC03B05DF804FB0010024084
:1020F800FEE7FEE7FEE7FEE7FEE77047704770473A
:1021080008B500F025FA08BD08B5024802F044F900
:1021180008BD00BFF402002008B5034800F05CFCCD
:10212800024800F059FC08BD980400202C04002047
:1021380008B5024804F087F908BD00BFD01E00208A
:1021480008B50021024803F0A4FB0AF0F1FD08BD20
:1021580004050020704700000268094B9A4200D02D
:10216800704782B003F55C431A6E42F400521A6657
:102178001B6E03F400530193019B02B0704700BF2C
:102188000034014000B587B0002301930293039304
:102198000493059302680E4B9A4202D007B05DF88B
:1021A80004FB03F55C43DA6C42F00202DA64DB6C90
:1021B80003F002030093009B4FF400730193022382
:1021C80002930A23059301A9024802F047F9E5E7BB
:1021D800003401400004004810B598B0002415945C
:1021E800169417940E940F941094119412941394B7
:1021F80014943422214601A80AF0BAFD29482A4B32
:10220800036005234360846040F2E733C3600461E0
:1022180044618023836105F08FFE002836D10023B6
:1022280015931693179315A91E4805F0A3FF0028C8
:102238002FD160230E934FF4FA730F93002310935A
:10224800119312931393149308220EA9154805F0BD
:10225800F3FE08BB002301930293039304930593B1
:102268004FF4005206920793089309934FF00072B7
:102278000A920B930C930D9301A90A4805F0D0FF1D
:1022880068B90848FFF77EFF18B010BDFFF708FED1
:10229800C5E7FFF705FECCE7FFF702FEDAE7FFF731
:1022A800FFFDEEE7640600200034014008B517483A
:1022B800174B03604FF46123436000238360C360BE
:1022C80003610C2242618361C361036243628362DA
:1022D80006F072FB70B900210C4806F0E6FB60B905
:1022E80000210A4806F006FC50B9084806F0BEFB73
:1022F80048B908BDFFF7D4FDEDE7FFF7D1FDEFE7DB
:10230800FFF7CEFDF1E7FFF7CBFDF2E7440700202A
:102318000038014008B51748174B03604FF4612394
:10232800436000238360C36003610C2242618361C0
:10233800C36103624362836206F03EFB70B9002109
:102348000C4806F0B2FB60B900210A4806F0D2FB3F
:1023580050B9084806F08AFB48B908BDFFF7A0FD48
:10236800EDE7FFF79DFDEFE7FFF79AFDF1E7FFF7D0
:1023780097FDF2E7B00600200044004070B5A0B019
:10238800044600211B911C911D911E911F915422FE
:1023980006A80AF0EDFC2368384A934204D0384A6C
:1023A80093422BD020B070BD0123069306A804F0F9
:1023B80029FF00BB334B1A6E42F480421A661A6E2C
:1023C80002F480420192019ADA6C42F00202DA6465
:1023D800DB6C03F002030293029BC0231B930223CE
:1023E8001C9300231D931E9307231F931BA92648A4
:1023F80002F034F8D6E7FFF753FDDBE70223069334
:1024080006A804F0FFFE002835D11E4B9A6D42F451
:1024180000329A659A6D02F400320392039ADA6CDC
:1024280042F00102DA64DA6C02F001020492049AC2
:10243800DA6C42F00202DA64DB6C03F00203059303
:10244800059B4FF400431B9302261C9600241D9401
:102458001E9407251F951BA94FF0904001F0FEFF21
:1024680008231B931C961D941E941F951BA90648B0
:1024780001F0F4FF96E7FFF713FDC6E700380140C7
:102488000044004000100240000400480D48854602
:10249800FFF760FE0C480D490D4A002302E0D458AE
:1024A800C4500433C4188C42F9D30A4A0A4C002396
:1024B80001E013600432A242FBD30AF067FCFFF785
:1024C8002DFDFEE70000022000000020CC020020C5
:1024D800B4D20008CC020020602A0020FEE70000E9
:1024E800104B1B680BB90120704710B504464FF418
:1024F8007A70B0FBF3F30C4A1068B0FBF3F001F00C
:1025080015FE68B90F2C01D901200AE000222146E6
:102518004FF0FF3001F0F6FD044B1C60002000E096
:10252800012010BD04000020000000200800002049
:1025380010B5032001F0D4FD0F20FFF7D1FF10B133
:102548000124204610BD0446FFF7B6FDF9E7000058
:10255800034A1368034909680B441360704700BFB6
:10256800D807002004000020014B1868704700BFFE
:10257800D807002010B430300B0A9B0003F00C037E
:10258800C45801F01F014FF01F0C0CFA01FC24EA9B
:102598000C0CC2F384628A404CEA0202C25010BC9E
:1025A800704710B414304B0E9B0003F00403C4585A
:1025B800C1F304514FF0070C0CFA01FC24EA0C0C8F
:1025C8008A404CEA0202C25010BC704730B583B052
:1025D80000230193002800F032810446C36D13B331
:1025E80023689A6812F0005F05D09A6822F02042AA
:1025F80022F03F029A602268936813F0805F1FD12F
:10260800936823F0104323F03F0343F08053936013
:102618008C4B1B689B098C4AA2FB03239B09013343
:102628005B00019309E0FFF75FF80023236684F855
:102638005830D5E7019B013B0193019B002BF9D151
:102648002268936813F0805F3DD1E36D43F0100377
:10265800E365236E43F0010323660120936813F0BA
:10266800040300D00123E16D11F0100F40F0E08069
:10267800002B40F0DD80E36D23F4817343F0020307
:10268800E365936813F0010F3ED1B2F1A04F1CD05F
:102698006E4B9A4219D06E4B996811F0010100D027
:1026A80001216C4B9B6813F0010300D001230B43FD
:1026B8006949896811F0010100D001210B430CBF61
:1026C8000123002312E00020C8E74FF0A0439968D7
:1026D80011F0010100D001215C4B9B6813F001034C
:1026E80000D001230B430CBF0123002363B1B2F1D7
:1026F800A04F6CD0554B9A4267D0584963688A6896
:1027080022F47C1213438B60627FE36B43EA42330B
:10271800E2681343A268134394F8242043EA02436F
:10272800012A56D0E26A22B102F47872216B0A4378
:1027380013432168CD684A4A2A401A43CA6022686E
:10274800136923F04063616B0B431361226893683C
:1027580013F0080300D0012343BB237F94F83810FB
:10276800490041EA8331D36823F4804323F002030C
:102778000B43D3602369002B30D02268136943F4DC
:10278800803313612268D2F8C03023F47F5323F0DA
:102798003F0321690B43C2F8C03094F84030012B45
:1027A8002BD02268136923F0010313616369012B9D
:1027B80035D02268136B23F00F031363E36D23F006
:1027C800030343F00103E36537E0264996E725490B
:1027D80094E7A26A013A43EA4243A3E722681369ED
:1027E80023F4803313612268D2F8C03023F47F5376
:1027F80023F03F03C2F8C030CFE721680B6923F408
:10280800FF6323F00403626CA56C2A43E56C2A433A
:10281800256D2A43134343F001030B61C6E7216882
:102828000B6B23F00F03226A013A13430B63C5E7CE
:10283800E36D43F01003E365012003B030BD0120D0
:10284800FBE700BF00000020632D3E05000100509B
:10285800000400500005005000060050000700501A
:102868000740F0FF000300502DE9F04104460E46F2
:102878000368B3F1A04F21D04E4A93421BD04E4A71
:10288800976807F01F07A569082D1ED0092F05D8DE
:1028980040F22122FA4012F0010F11D1B3F1A04FFA
:1028A8003AD0444A934235D0434B9B6813F4604F67
:1028B80034D1042509E002F50072E1E73F4ADFE779
:1028C800DB6813F0010F1FD10425FFF74DFE80468A
:1028D80023681A682A4227D1B6F1FF3FF8D0FFF7DC
:1028E80043FEA0EB0800B04201D8002EF0D12368C7
:1028F8001B682B42ECD1E36D43F00403E36500232E
:1029080084F85830032050E0E36D43F02003E3657A
:1029180001204AE0294BC8E7284BC6E7E36D43F09E
:102928002003E365012040E0E26D42F40072E265B5
:10293800DA6812F4406F11D1627F7AB91A6812F01E
:10294800080F0BD0E26D22F48072E265E26D12F49A
:10295800805F03D1E26D42F00102E265154A9342BD
:1029680013D002F5806293420CD01A4693420FD0DE
:10297800092F05D840F22121F94011F0010F07D1A4
:10298800D26806E0A2F58072F0E74FF0A042EDE7CA
:10299800DA68082D06D012F4804F08D10C221A608C
:1029A800002002E008221A600020BDE8F081002023
:1029B800FBE700BF00010050000700500003005073
:1029C8000368186C70477047704708B5806AFFF74E
:1029D800FBFF08BD70477047F8B5044603681E68DA
:1029E8005F68B3F1A04F49D0984A934244D0984BBE
:1029F8009D6805F01F0516F0020F10D017F0020FA2
:102A08000DD0E36D13F0100F03D1E36D43F40063B1
:102A1800E365204600F02BFF236802221A6016F0B7
:102A2800040F02D017F0040F05D116F0080F58D084
:102A380017F0080F55D0E36D13F0100F03D1E36DB5
:102A480043F40073E3652368DA6812F4406F42D1F7
:102A58007E4A934217D002F58062934210D01A46FC
:102A6800934213D0092D05D840F22121E94011F0F5
:102A7800010F0BD1D2680AE0764BB9E7754BB7E77F
:102A8800A2F58072ECE74FF0A042E9E7DA6812F4A9
:102A9800005F20D11A6812F0080F1CD09A6812F053
:102AA800040F10D15A6822F00C025A60E36D23F427
:102AB8008073E365E36D13F4805F0CD1E36D43F03D
:102AC8000103E36507E0E36D43F01003E365236E5C
:102AD80043F0010323662046FFF775FF23680C22A5
:102AE8001A6016F0200F02D017F0200F05D116F04B
:102AF800400F63D017F0400F60D0E36D13F0100F54
:102B080003D1E36D43F40053E3652368DA6C12F4F0
:102B1800C07F16D10121DA6812F4406F13D1012069
:102B28004A4A934214D002F5806293420DD01A4665
:102B3800934210D07DB1062D0DD0072D0BD0D26851
:102B48000AE00021E7E70020EAE7A2F58072EFE754
:102B58004FF0A042ECE7DA6851B312F0007F03D0DF
:102B680030B312F4005F23D1196811F0400F1FD061
:102B780012F4001F1CD19A6812F0080F10D15A687D
:102B880022F060025A60E36D23F48053E365E36D3D
:102B980013F4807F0CD1E36D43F00103E36507E094
:102BA800E36D43F01003E365236E43F001032366EE
:102BB8002046FEF7B1FE236860221A6016F0800FE7
:102BC80002D017F0800F36D116F4807F02D017F4A8
:102BD800807F41D116F4007F02D017F4007F47D1DF
:102BE80016F0100F20D017F0100F1DD0E36B6BB14B
:102BF800002D4DD02368B3F1A04F47D0134A93421C
:102C080042D0134B9B6813F4604F0AD0E36D43F432
:102C18008063E365236E43F0020323662046FFF7D3
:102C2800DAFE236810221A6016F4806F02D017F4B7
:102C3800806F33D1F8BDE36D43F48033E3652046FC
:102C4800FFF7C8FE236880221A60BDE70001005024
:102C58000007005000030050E36D43F40033E365C0
:102C6800204600F002FE23684FF480721A60B1E734
:102C7800E36D43F48023E365204600F0F7FD236805
:102C88004FF400721A60ABE70C4BBBE70B4BB9E78C
:102C98002368DB6813F0010FC3D0B7E7E36D43F493
:102CA8008043E365236E43F00803236623684FF4EB
:102CB80080621A60204600F0D7FDBBE70003005091
:102CC80008B50346806AC26D12F0500F30D1C36D4B
:102CD80043F40073C36503681A6812F0080F14D030
:102CE800DA6812F4406F20D1DB6813F4005F1CD15E
:102CF800C36D23F48073C365C36D13F4805F14D16F
:102D0800C36D43F00103C3650FE0DB6813F0020FE6
:102D18000BD1C36D23F48073C365C36D13F4805F57
:102D280003D1C36D43F00103C365FFF74CFE08BD33
:102D3800C26D12F0100F04D1426D526B18469047C5
:102D4800F5E7FFF748FEF2E708B5806AC36D43F080
:102D58004003C365036E43F004030366FFF73BFEBD
:102D680008BD0000F0B583B00023019390F85830F7
:102D7800012B00F0488204460D46012380F85830A4
:102D88000068836813F0040F09D0E36D43F0200353
:102D9800E3650120002384F8583003B0F0BD0A68C9
:102DA8004968FFF7E7FB2068836813F0040300D045
:102DB8000123866816F0080600D00126002B3ED1B4
:102DC800002E3CD1AA68B2F1004F78D02968FFF7ED
:102DD800E8FB2268536923F000435361696922685C
:102DE800D368C3F3C1035B0099402869042873D0F2
:102DF800603252F82070AB4B3B402F6807F0F84C1C
:102E080041EA0C010B4343F0004342F820302368A9
:102E18002869AA69603353F8201021F080710A43A9
:102E280043F82020236829692A7F012A51D060337A
:102E380053F8212022F00072324343F821202268FF
:102E4800936813F0010F16D12B68E868D2F8B01018
:102E5800C3F3120621EA060100F018069248F04072
:102E68000340C3F312030B43C2F8B030EA688F4B38
:102E78009A4200F099802B688D4A134200F0B9817C
:102E88002268B2F1A04F00F050818A498A4200F0CE
:102E980049818949896801F0E070884DAB4200F0AA
:102EA8004681874DAB4200F04281864DAB4200F02F
:102EB8007181854DAB4200F0878100206AE70022CE
:102EC8002968FFF76EFB2268536943F0004353619A
:102ED80084E74FF00076AAE7136E116EC1F38461A0
:102EE8002B68C3F3120080BBC3F38463994234D0C8
:102EF80021684B6E4A6EC2F384622B68C3F31200DA
:102F080080BBC3F384639A4234D021688B6E8A6E87
:102F1800C2F384622B68C3F3120080BBC3F38463DB
:102F28009A4234D02168CB6ECA6EC2F384622B6891
:102F3800C3F3120080BBC3F384639A427FF47FAF6C
:102F4800CB6E23F00043CB6679E793FAA3F313B172
:102F5800B3FA83F3CAE72023C8E7136E23F00043CC
:102F68001366C5E793FAA3F313B1B3FA83F3CAE779
:102F78002023C8E74B6E23F000434B66C5E793FA5E
:102F8800A3F313B1B3FA83F3CAE72023C8E78B6E20
:102F980023F000438B66C5E793FAA3F313B1B3FAA2
:102FA80083F3CAE72023C8E720682B68C3F3120617
:102FB80026BB9A0E013202F01F02092A8CBF00229A
:102FC8000122002A52D046BB990E0131890601F030
:102FD800F84176BB9F0E013707F01F070122BA4060
:102FE8001143AEBB9B0E013303F01F0303EB4303F6
:102FF8001B051943AA68FFF7D4FA3CE793FAA3F232
:103008004AB1B2FA82F2013202F01F02092A8CBFD9
:1030180000220122D5E72022F5E793FAA3F131B186
:10302800B1FA81F10131890601F0F841D1E7202197
:10303800F8E793FAA3F24AB1B2FA82F2013202F047
:103048001F024FF0010C0CFA02F2C9E72022F5E743
:1030580093FAA3F343B1B3FA83F3013303F01F03E5
:1030680003EB43031B05C4E72023F6E776BB990E61
:103078000131890601F0F841A6BB9F0E013707F020
:103088001F070122BA401143DEBB9B0E013303F038
:103098001F0303EB43031E3B1B0543F00073194357
:1030A800A8E700BF00F0FF03FFFF070000007F4014
:1030B800000008800001005000070050000021C3F4
:1030C8001000C090000052C7000084CB93FAA3F10F
:1030D80031B1B1FA81F10131890601F0F841CBE74C
:1030E8002021F8E793FAA3F24AB1B2FA82F2013248
:1030F80002F01F024FF0010C0CFA02F2C3E7202283
:10310800F5E793FAA3F35BB1B3FA83F3013303F062
:103118001F0303EB43031E3B1B0543F00073BEE78D
:103128002023F3E701F50071B4E63849B2E611F45B
:10313800000F7FF4BAAEB2F1A04F04D0344B9A42DC
:1031480001D0002026E6B2F1A04F19D0314B9A42A7
:1031580014D0314A40F40000936823F0E073184318
:1031680090602E4B1B689B092D4AA2FB03239B09E9
:10317800013303EB43039B00019306E0234AE9E78D
:10318800224AE7E7019B013B0193019B002BF9D100
:103198000020FFE511F0807F7FF48BAE1D4B9A4233
:1031A80029D003F580639A4227D0B2F1A04F09D005
:1031B800194940F080738A6822F0E07213438B60EB
:1031C8000020E7E51149F4E711F4800F17D1114BFE
:1031D8009A4216D0B2F1A04F09D00F4940F48003AB
:1031E8008A6822F0E07213438B600020D2E5074919
:1031F800F4E70020CEE50020CCE50020CAE5002059
:10320800C8E50020C6E50220C7E500BF000300505E
:103218000006005000010050000700500000002088
:10322800632D3E0570B5044603689A6812F00402DF
:1032380000D00122986810F0080000D001200AB9D7
:1032480000286DD0DA6812F0007F04D0A08B40F21D
:10325800011290424ED0022912D023689A6812F0C7
:10326800040F0BD09A6812F0020F07D19A6822F067
:10327800004222F03F0242F010029A60012947D032
:1032880023689A6812F0080F0BD09A6812F0020FA0
:1032980007D19A6822F0004222F03F0242F0200251
:1032A8009A60022936D0032936D10C25FFF75CF93C
:1032B800064623689B682B4230D0FFF755F9801BE0
:1032C8000528F6D923689B682B42F2D0E36D43F0BA
:1032D8001003E365236E43F00103236601201EE01B
:1032E800E36D43F01003E365236E43F001032366A7
:1032F800012014E00022196811F0400F04D1094997
:103308008A42EDD80132F6E740221A600121A4E78B
:103318000425CBE70825C9E70425C7E7002070BDC9
:103328000020FCE7FFFF3FA330B583B000230193E3
:1033380003689A6812F0010F63D104469968324A0B
:10334800114220D19A6822F0004222F03F0242F056
:1033580001029A600368B3F1A04F20D02B4A934230
:103368001BD02B4B9B6813F4000F20D0294B1B68F4
:103378009B09294AA2FB03239B09013303EB43035F
:103388009B00019310E0C36D43F01003C365036E07
:1033980043F001030366012034E0204BE2E71F4BB2
:1033A800E0E7019B013B0193019B002BF9D1FFF75B
:1033B800DBF8054623681A6812F0010F1FD19A68D6
:1033C80012F0010F07D19A6822F0004222F03F0262
:1033D80042F001029A60FFF7C7F8431B022BE9D9B4
:1033E80023681B6813F0010FE4D1E36D43F0100369
:1033F800E365236E43F001032366012002E0002009
:1034080000E0002003B030BD3F0000800001005004
:103418000007005000000020632D3E050003005007
:1034280038B504460368B3F1A04F60D0464A9342CA
:103438005AD0464A956805F01F059B6813F0040F9B
:103448007DD194F85830012B7BD0012384F8583073
:103458002046FFF769FF00286DD1E36D23F4706300
:1034680023F0010343F48073E3652368364A9342EB
:1034780042D002F5806293423BD01A46934200D074
:103488001DB9E26D22F48012E265E26D12F4805FEC
:1034980035D0226E22F0060222661C221A60002312
:1034A80084F858302368284A93422ED002F5806267
:1034B800934227D01A4693422AD0092D05D840F2C4
:1034C8002121E94011F0010F22D1E36D43F480136B
:1034D800E365D36813F0007F32D0E36D23F44053E3
:1034E80043F48053E3652BE002F50072A2E7184A23
:1034F800A0E7A2F58072C1E74FF0A042BEE7002224
:103508002266CAE7A2F58072D5E74FF0A042D2E75B
:10351800DA6812F0007F05D0E26D22F4405242F4DE
:103528008052E2659A6822F0004222F03F0242F09F
:1035380004029A6004E0002384F8583000E0022076
:1035480038BD0220FCE700BF000100500007005012
:10355800000300502DE9F04104460F4690460068EC
:10356800B0F1A04F24D0444B98421ED0434B9E68E4
:1035780006F01F06856815F0040F77D194F85830C7
:10358800012B76D0012384F858303D4B984211D056
:10359800092E05D840F22123F34013F0010F09D179
:1035A800002384F85830012061E003F50073DEE75A
:1035B800344BDCE72046FFF7B7FE002852D1E36D15
:1035C80023F4706323F0010343F48073E3652368F5
:1035D800294A934240D002F58062934239D01A4674
:1035E800934200D01EB9E36D23F48013E365E36DC5
:1035F80013F4805F33D0236E23F006032366636DD4
:10360800214ADA62636D214A1A63636D204A5A635C
:1036180023681C221A60002384F8583022685368F3
:1036280043F0100353602268D36843F00103D3606A
:10363800216843463A464031606D00F063FE2268D7
:10364800936823F0004323F03F0343F0040393609F
:103658000DE0A2F58072C3E74FF0A042C0E7002357
:103668002366CCE7002384F8583000E00220BDE848
:10367800F0810220FBE700BF000100500007005066
:103688000006005000030050C92C0008D329000888
:10369800512D000838B504460268936813F00203F8
:1036A80000D00123916811F0010F39D0002B39D1D6
:1036B800936803F00D03012B09D0E36D43F0100369
:1036C800E365236E43F001032366012029E0936834
:1036D80023F0004323F03F0343F002039360236881
:1036E80003221A60FEF740FF054623689B6813F023
:1036F800010F13D0FEF738FF401B0228F5D92368C5
:103708009B6813F0010FF0D0E36D43F01003E365FD
:10371800236E43F001032366012002E0002000E04D
:10372800002038BD0020FCE790F85830012B1AD053
:1037380010B50446012380F858300321FFF772FDC5
:1037480018B1002384F8583010BD2046FFF7A2FFB7
:103758000028F6D1E36D23F4885323F0010343F0E6
:103768000103E365EDE70220704710B414304B0EF7
:103778009B0003F00403C458C1F304514FF0070C35
:103788000CFA01FC24EA0C0C8A404CEA0202C250F2
:1037980010BC704730B583B00023019390F85830BF
:1037A800012B41D004460D46012380F85830FFF71D
:1037B80071FF80BBE36D23F4885323F0020343F0C9
:1037C8000203E3652268936823F0404323F03F0334
:1037D80005F080452B4343F00043936023689B68C2
:1037E800002B06DBE36D23F0030343F00103E365DD
:1037F80015E0019B01330193019A0C4B9A42EDD9D4
:10380800E36D23F0120343F01003E365002384F80B
:103818005830012006E0E36D43F01003E365002310
:1038280084F8583003B030BD0220FBE701DE040005
:1038380040F2152399420FD040F21B33994207D02A
:1038480040F20F1399420BD00368D3F880007047F9
:103858000368D3F88C0070470368D3F88800704772
:103868000368D3F884007047704770477047704703
:10387800F0B583B000230193426990F85830012BCA
:1038880000F0F68204460D46012380F85830AAB1AC
:103898000B6A012B12D0826E002A40F0B980836631
:1038A800002343668B6A002B00F0AF800A6A013A56
:1038B80003F07C031A43CB6A1A43AAE06B68092B0E
:1038C80000F0838023689A6812F0080F10D195F8E9
:1038D8002520002A40F0BB80DA6822F4401295F8CF
:1038E800260095F82410090541EA40510A43DA6098
:1038F8002268936813F0040300D00123976817F037
:10390800080700D00127002B40F04081002F40F02D
:103918008081AB6A1BB1EB6A002B40F0A78095F859
:103928002530012B00F09C80D36823F00073D3600E
:10393800002695F83030012B00F0A7802268136923
:1039480023F002031361AA68B2F1004F00F0A980C6
:1039580029682068FFF709FF2268536923F00043AC
:1039680053616A692168CB68C3F3C1035B009A405D
:10397800D5F810C0BCF1040F00F0A180603151F8F7
:103988002C00A54B0340286800F0F840024313437D
:1039980043F0004341F82C3023682869AA69603352
:1039A80053F8201021F080710A4343F8202023683F
:1039B80028692A7F012A7FD0603353F8202022F01B
:1039C80000723A4343F82020E1E0AA6ABAB12B68B2
:1039D8009B0E5B0203F4785302F07C021343EA6AFD
:1039E80013432168CA6C22F07B4222F46F0222F44E
:1039F8003F4222F0FF021A43CA64636662E72B68FB
:103A08009B0E5B0203F47853EBE70A6A013A00E085
:103A180000222B68C3F38463696801F01F018B409F
:103A28001343A16E0139A166626E134363660029D0
:103A38007FF448AF2168CA6C22F07B4222F46F02FF
:103A480022F43F4222F0FF021343CB643AE7DA68DC
:103A580022F4401295F8261042EA4152DA6047E70C
:103A6800D36843F00073D360002662E795F82560B9
:103A7800012E05D0D36823F00073D360002658E7E1
:103A8800E36D43F02003E36553E721680B6923F4F2
:103A9800FF736A6BA86B0243134343F002030B6185
:103AA80051E7002229682068FFF75FFE2268536902
:103AB80043F00043536154E74FF000777CE70B6E07
:103AC8000A6EC2F384622B68C3F3120078BBC3F397
:103AD80084639A4233D021684B6E4A6EC2F3846283
:103AE8002B68C3F3120078BBC3F384639A4233D0C4
:103AF80021688B6E8A6EC2F384622B68C3F312004E
:103B080078BBC3F384639A4233D02168CB6ECA6E04
:103B1800C2F384622B68C3F3120078BBC3F38463D7
:103B28009A4234D1CB6E23F00043CB662FE093FA50
:103B3800A3F313B1B3FA83F3CBE72023C9E70B6EE2
:103B480023F000430B66C6E793FAA3F313B1B3FA65
:103B580083F3CBE72023C9E74B6E23F000434B6682
:103B6800C6E793FAA3F313B1B3FA83F3CBE72023A1
:103B7800C9E78B6E23F000438B66C6E793FAA3F37D
:103B880013B1B3FA83F3CBE72023C9E700262168F2
:103B98008B6813F0010F15D12B68E868D1F8B020B5
:103BA800C3F3120722EA070200F018071B48F8407F
:103BB8000340C3F312031343C1F8B030EA68184B4B
:103BC8009A423DD02B68174A13421CD02268B2F1A2
:103BD800A04F00F0E78014498A4200F0E0801349C2
:103BE800896801F0E070124DAB4200F0DD80114DA4
:103BF800AB4200F0D980104DAB4200F006810F4D6A
:103C0800AB4200F01E81002384F85830304603B0E0
:103C1800F0BD0026BBE700BF00F0FF03FFFF070071
:103C280000007F400000088000010050000700509D
:103C3800000021C31000C090000052C7000084CBD0
:103C480020682B68C3F312073FBB9A0E013202F0BB
:103C58001F02092A8CBF00220122002A55D05FBB0F
:103C6800990E0131890601F0F8418FBB4FEA936C38
:103C78000CF1010C0CF01F0C012202FA0CF211439A
:103C8800AFBB9B0E013303F01F0303EB43031B057C
:103C98001943AA68FFF769FD94E793FAA3F24AB1BA
:103CA800B2FA82F2013202F01F02092A8CBF002206
:103CB8000122D2E72022F5E793FAA3F131B1B1FA54
:103CC80081F10131890601F0F841CEE72021F8E7BA
:103CD80093FAA3F24AB1B2FA82F2013202F01F0259
:103CE8004FF0010C0CFA02F2C9E72022F5E793FA2B
:103CF800A3F343B1B3FA83F3013303F01F0303EBD8
:103D080043031B05C4E72023F6E7E7B9990E013101
:103D1800890601F0F84117BB4FEA936C0CF1010CCE
:103D28000CF01F0C012202FA0CF2114337BB9B0E58
:103D3800013303F01F0303EB43031E3B1B0543F052
:103D480000731943A5E793FAA3F131B1B1FA81F1F0
:103D58000131890601F0F841DDE72021F8E793FAFF
:103D6800A3F24AB1B2FA82F2013202F01F024FF016
:103D7800010C0CFA02F2D8E72022F5E793FAA3F334
:103D88005BB1B3FA83F3013303F01F0303EB43037F
:103D98001E3B1B0543F00073D3E72023F3E701F52F
:103DA80000711DE733491BE711F4000F7FF423AFBF
:103DB800B2F1A04F03D0304B9A427FF424AFB2F156
:103DC800A04F20D02D4B9A421BD02D4A40F4000022
:103DD800936823F0E073184390602A4B1B689B0993
:103DE800294AA2FB03239B0903EB43039B001833D7
:103DF8000193019B002B3FF406AF019B013B01930C
:103E0800F7E71C4AE2E71B4AE0E711F0807F7FF4FE
:103E1800F6AE1A4B9A423FF4F6AE03F580639A4227
:103E28003FF4F1AEB2F1A04F08D0154A40F08070CF
:103E3800936823F0E07318439060E4E602F540725B
:103E4800F4E711F4800F7FF4DEAE0C4B9A423FF496
:103E5800DAAEB2F1A04F08D0094A40F48000936866
:103E680023F0E07318439060CDE602F54072F4E762
:103E78000226CBE600030050000600500001005067
:103E88000007005000000020632D3E0590F85820E0
:103E9800012A00F0D58010B49DB00346012280F8B5
:103EA80058200022189219920068B0F1A04F47D00C
:103EB800644A904247D000220192019A002A46D0D3
:103EC800926812F0040200D00122846814F0040FF2
:103ED80040F0A780002A40F0A480B0F1A04F42D063
:103EE800594A90423CD0594A086800285CD09068EA
:103EF80020F460404C6893F838C044EA4C342043BE
:103F080090601868B0F1A04F2FD04F4CA0422CD031
:103F18004C48846814F0010400D001244C4880689F
:103F280010F0010000D0012020434A4CA46814F08E
:103F3800010400D0012420430CBF0120002025E00B
:103F4800414A0192B9E702F580720192B5E7DA6D4C
:103F580042F02002DA65002283F85820012068E048
:103F680002F50072C0E73C4ABEE74FF0A040846803
:103F780014F0010400D001243348806810F00100D7
:103F880000D0012020430CBF01200020002853D07E
:103F9800906820F4716020F00F000C688968214354
:103FA80008439060002041E0916821F460419160ED
:103FB8001968B1F1A04F1AD02348814217D021497E
:103FC800886810F0010000D001202149896811F0AB
:103FD800010100D0012101431E48806810F0010052
:103FE80000D0012001430CBF0121002110E04FF057
:103FF800A041886810F0010000D0012012498968AA
:1040080011F0010100D0012101430CBF0121002161
:10401800A1B1916821F4716121F00F019160002034
:1040280004E0DA6D42F02002DA650120002283F80C
:1040380058201DB010BC70470020F7E70020F5E7B6
:104048000220704700040050000100500007005093
:10405800000500500006005000030050002807DB50
:1040680000F01F02400901239340024A42F8203021
:10407800704700BF00E100E0002808DB0901C9B271
:1040880000F1604000F5614080F80013704700F0CF
:104098000F000901C9B2014B1954704714ED00E033
:1040A80000B500F00700C0F1070CBCF1040F28BFF1
:1040B8004FF0040C031D062B0FD9C31E4FF0FF3E13
:1040C8000EFA0CF021EA000199400EFA03FE22EAEA
:1040D8000E0241EA02005DF804FB0023EEE700004F
:1040E800074AD36823F4E0631B041B0C000200F4A6
:1040F800E060034343F0BF6343F40033D360704789
:1041080000ED00E010B50446054BD868C0F3022066
:10411800FFF7C6FF01462046FFF7AEFF10BD00BF00
:1041280000ED00E008B5FFF799FF08BD0138B0F1D0
:10413800807F0BD24FF0E0235861054AF02182F8C6
:1041480023100020986107221A61704701207047E8
:1041580000ED00E010B4C46CD0F850C0C4F804C03E
:10416800446D24B1846DD0F85CC0C4F804C0446CBC
:1041780004F01F0C012404FA0CF4D0F840C0CCF869
:104188000440046863608368102B05D00368996055
:104198000368DA6010BC704703689A600368D960E6
:1041A800F8E700000368104A934214D8DBB2083BD2
:1041B8000E4AA2FB03231B090D49426C22F003029D
:1041C8000A4482640B4AC26403F01F03012202FA04
:1041D80003F303657047DBB2083B044AA2FB0323E1
:1041E8001B0908330449E8E707040240CDCCCCCCCE
:1041F800000802408008024020080240436803F09B
:104208007F03074A1A4492004265064A8265013BC9
:1042180003F01F03012202FA03F3C365704700BFCE
:104228003F8200104009024000285DD010B50446C6
:1042380001682E4B99423FD82D4B0B442D4AA2FBC7
:1042480003231B099B0043642B4B0364022384F85C
:1042580025300A6822F4FF4222F07002A368E06861
:1042680003432069034360690343A0690343E0698A
:104278000343206A034313430B602046FFF792FF72
:10428800A368B3F5804F22D06368A26C03F07F0364
:104298001360E36C226D5A606368013B032B19D9E4
:1042A80000236365A365E3650020E063012384F8C8
:1042B800253084F8240010BD104B0B440D4AA2FB96
:1042C80003231B099B0043640D4B0364BEE70023D3
:1042D8006360D9E72046FFF791FF636D00221A60FB
:1042E800A36DE26D5A60DFE70120704707040240C2
:1042F800F8FFFDBFCDCCCCCC00000240F8FBFDBFE1
:104308000004024038B5044690F82400012841D042
:10431800012084F8240094F82500C0B2012804D0B4
:10432800002384F82430022038BD022084F82500B8
:104338000020E0632568286820F0010028602046F6
:10434800FFF708FF236BD3B12268136843F00E030D
:104358001360A36C1A6812F4803F03D01A6842F401
:1043680080721A60636D1BB11A6842F480721A6019
:104378002268136843F0010313600020D4E7226821
:10438800136823F0040313602268136843F00A03D8
:104398001360DEE70220C7E738B5036C19680468C4
:1043A8002568436C03F01F0304229A400A4215D083
:1043B80015F0040F12D0236813F0200F03D12368DF
:1043C80023F004032360436C03F01F02016C0423F1
:1043D80093404B60036B03B1984738BD02229A4063
:1043E8000A421CD015F0020F19D0236813F0200FD1
:1043F80006D1236823F00A032360012380F82530BF
:10440800436C03F01F02016C022393404B600023AE
:1044180080F82430C36A002BDFD09847DDE70822F4
:1044280002FA03F30B42D8D015F0080FD5D0236851
:1044380023F00E032360436C03F01F03016C012279
:1044480002FA03F34B60C26380F82520002380F84A
:104458002430436B002BC0D09847BEE770B582B0BC
:10446800002369E085685E000324B44025EA04055A
:10447800CC68B4402C438460456825EA0C054C6838
:10448800C4F300149C402C43446066E08C68012C03
:1044980068D176E0DD08083550F8254003F0070CB0
:1044A8004FEA8C0C4FF00F0E0EFA0CFE24EA0E0E9B
:1044B8000C6904FA0CF444EA0E0440F8254065E05F
:1044C800052400E0002404FA0EF42C430CF1020C3D
:1044D800584D45F82C40584CA568D44325EA0206A7
:1044E800D1F804C01CF4801F01D042EA0506524DE1
:1044F800AE60ED6804EA0506D1F804C01CF4001F9C
:1045080001D042EA05064C4DEE606D6804EA0506E6
:10451800D1F804C01CF4003F01D042EA0506464D1C
:104528006E602D682C404E6816F4803F01D042EA38
:104538000504414A146001330A6832FA03F476D05C
:104548004FF0010C0CFA03FC1CEA0202F3D04C6891
:1045580004F00304013C012C84D94C6804F00304E2
:10456800032C93D0C4684FEA430E4FF0030C0CFAA7
:104578000EFC24EA0C0C8C6804FA0EF444EA0C04D1
:10458800C4604C6804F00304022C83D004684FEA2A
:10459800430E4FF0030C0CFA0EFC24EA0C0C4C688A
:1045A80004F0030404FA0EF444EA0C0404604C68B2
:1045B80014F4403FBFD0214C256E45F00105256617
:1045C800246E04F001040194019C4FEA930C0CF151
:1045D8000205184C54F8255003F0030E4FEA8E0ECE
:1045E8000F2404FA0EF425EA0405B0F1904F3FF4C5
:1045F80069AF134CA04212D004F58064A04210D0D9
:1046080004F58064A0420ED004F58064A0420CD06A
:1046180004F58064A0423FF453AF062453E7012415
:1046280051E702244FE703244DE704244BE702B087
:1046380070BD00BF000001400004014000100240AE
:10464800000400480AB1816170478162704710B464
:104658000468226822F007028B68134323F01803CA
:10466800CA681A43226003680A685A6103684A687C
:104678009A6110BC704730B5046801F1010C4FEA2B
:10468800CC1C54F80C3023F0070E936843EA0E0351
:1046980023F01803D5682B4344F80C3003681468DA
:1046A80003EBC113C3F894400368526803EBC113CA
:1046B800C3F8982030BD70B404682368D4F8A053B8
:1046C80023F020034E69334323F0C002202E09D083
:1046D8008E69022E06D0032E29D0042E2AD023F06C
:1046E800E00201E042F0200222F40062CB691343A9
:1046F80023F480620B6A134323F0C0624B6A1343AE
:1047080023F000628B6A134323F04043CA6A43EAEA
:10471800820323F000534A6B1A4325F480350B6B50
:104728001D4322600368C3F8A05370BC704742F071
:104738004002D9E742F08002D6E7F0B505684B1C85
:10474800DB01EC5824F07044EC500668F35806EB93
:10475800C114D4F8E870D4F8E440D6F8A05323F094
:10476800200C536943EA0C0C202B09D09369022BC7
:1047780006D0032B63D0042B66D02CF4D07C03E046
:104788002CF4C07C4CF0200C2CF4006CD36943EA68
:104798000C0323F48063D2F820C04CEA030C2CF0FD
:1047A800C06C536A43EA0C0323F0006C936A43EA33
:1047B8000C0323F0704CD36A43EA0C0323F4003350
:1047C800D2F834C0BCF1005F43D023F04003D2F8E4
:1047D80038C04CEA030323F48023D2F858E04EEAA9
:1047E800030E2EF0FC7E2EF4803E136D43EA0E0E6F
:1047F80027F03F07D36B03F03F033B4323F000430D
:10480800176C3B43BCF1000F03D124F48074576C40
:104818003C43976CB7F5606F1ED0B7F5F05F1BD0BF
:1048280024F4F0543C4324F48044D76C3C43576D43
:1048380005291AD8DFE801F01430363C42482CF438
:10484800807C4CF0800C9FE72CF0800C4CF4807C32
:104858009AE743F40033B8E7BCF1400FE3D1DFE750
:1048680025F40035126B45EA42054A1CD20146F888
:1048780002E0026802EBC112C2F8E830036803EBF9
:10488800C113C3F8E440036803EBC113C3F8D47041
:104898000368C3F8A053F0BD25F48025126B45EAE0
:1048A8008205E2E725F40025126B45EAC205DCE73C
:1048B80025F48015126B45EA0215D6E725F4001594
:1048C800126B45EA4215D0E725F48005126B45EADC
:1048D8008215CAE710B4006800EBC113D3F8EC30B6
:1048E80023F01003146843EA041323F48013546874
:1048F80044EA030C2CF4803CD36843EA0C0323F409
:10490800003C936843EA0C039469012C05D000EB42
:10491800C110C0F8EC3010BC704723F00403D2F883
:1049280010C04CEA030C2CF0020C536943EA0C0348
:1049380023F001032343EAE7F0B4076807EBC11447
:10494800D4F8E460D4F8B850402A52D035D8012AB7
:104958004FD0002A5ED0202A5ED8022A5ED3023ABF
:10496800012404FA02F2324C224230D144F2040407
:1049780022423ED10022FE24944026EA04061C6806
:10498800944044EA060CDC68944044EA0C041E692E
:1049980006FA02FC4CEA040C5C69944044EA0C0CEC
:1049A8009C69944044EA0C04082E39D0036803EB50
:1049B800C113C3F8E440F0BC7047B2F5007F06D0DD
:1049C80012D9B2F5806F14D0B2F5006F20D15A68B1
:1049D80007EBC117C7F8C42002689C6802EBC11234
:1049E800C2F8C8401022C6E7802AF0D0B2F5807F0E
:1049F8000CD15A6807EBC117C7F8BC2002689C683D
:104A080002EBC112C2F8C0400022B4E70022B2E7AC
:104A18000022B0E70022AEE70022ACE70022AAE7B6
:104A280015F0022FC2D1DB6993401C43BEE700BFDB
:104A38004100004006293CD8DFE801F00C141C2492
:104A48002C3404000268D2F8843343F00103C2F81E
:104A5800843370470268D2F8843343F00203C2F803
:104A6800843370470268D2F8843343F00403C2F8F1
:104A7800843370470268D2F8843343F00803C2F8DD
:104A8800843370470268D2F8843343F01003C2F8C5
:104A9800843370470268D2F8843343F02003C2F8A5
:104AA800843370470268D2F8843343F04003C2F875
:104AB80084337047002864D010B582B004460223BE
:104AC80080F8DD300023C0F8E030C0F8E430C0F8EA
:104AD800E830C0F8EC30C0F8F030C0F8F430C0F876
:104AE800F830836813F0010F12D00268264B9A42FF
:104AF80025D021680A6822F44042236903F4404320
:104B0800134323F44053626902F440521A430A6083
:104B18002046FCF7D3FFA36813F0020F08D02168E2
:104B28000A6822F44072E36803F4407313430B608D
:104B3800012384F8DD30002384F8DC301CE003F521
:104B480028431A6E42F080621A661B6E03F0806377
:104B58000193019BCDE7C3EBC30204EB8202002162
:104B68009161D161116251629162C3EBC30204EB9E
:104B7800820211630133DBB2062BECD9002002B0AC
:104B880010BD0120704700BF0068014090F8DC307C
:104B9800012B32D0012380F8DC30022380F8DD308D
:104BA800B1F1FF3F1AD00268D2F8CC3343F00203C8
:104BB800C2F8CC330268D2F8CC3323F00C030B4391
:104BC800C2F8CC330268D2F8CC3343F00103C2F800
:104BD800CC33012380F8DD30002070470268D2F81A
:104BE800CC3323F00203C2F8CC330268D2F8CC33BA
:104BF80043F00103C2F8CC33EBE70220704770B5ED
:104C080004460D46FDF7B0FC06462368D3F8883302
:104C180013F4803F0ED1B5F1FF3FF6D0FDF7A4FCA9
:104C2800801BA84201D8002DEFD1072384F8DD307E
:104C3800032005E0012384F8DD30002084F8DC003F
:104C480070BD10B5044690F8DD00C0B202280BD044
:104C5800022384F8DD30062907D02046FFF70BFD34
:104C6800012384F8DD30002010BD11462046FFF7EF
:104C7800EEFCF5E7034690F8DD00C0B2022800F02C
:104C8800318193F8DC00012800F0288170B50120FB
:104C980083F8DC00022083F8DD001868D0F8805320
:104CA800D0F8FC4320292AD8002900F00C8101F112
:104CB800FF3CBCF11F0F00F20681DFE81CF0630027
:104CC8007F0004018C00040104010401990004011F
:104CD800040104010401040104010401A600040103
:104CE8000401040104010401040104010401040194
:104CF800040104010401040104010401B900B1F52F
:104D0800807F00F0C9801DD9B1F5007F40F0DB80BD
:104D180024F4E00416684FEA061C0CF4E00C4CEA94
:104D28000404D0F8F86326F0F846C0F8F8631E6863
:104D3800D6F8F8035268920602F0F8420243C6F821
:104D4800F82328E0402900F08D80802940F0BB80BE
:104D580024F4E04416684FEA161C0CF4E04C4CEAC4
:104D68000404D0F8F86326F4F816C0F8F8631E684F
:104D7800D6F8F8035268120402F4F8120243C6F88F
:104D8800F82308E025F4E025166806F4E026354304
:104D98005268C0F8BC2393F8DD20D2B2072A00F08D
:104DA8009F800F2900F296801A68C2F8805301226A
:104DB80083F8DD20002083F8DC0070BD25F4601541
:104DC80016684FEAC60C0CF4601C4CEA05055268DC
:104DD800C0F8C023DFE725F0E07516684FEA861CA7
:104DE8000CF0E07C4CEA05055268C0F8C423D2E711
:104DF80025F0606516684FEA462C0CF0606C4CEAAA
:104E080005055268C0F8C823C5E7568866F302044A
:104E1800D0F8F86326F01F06C0F8F8631E68D6F8C5
:104E2800F803526802F01F020243C6F8F823B2E7FB
:104E380024F0700416684FEA163C0CF0700C4CEA2B
:104E48000404D0F8F86326F47876C0F8F8631E688E
:104E5800D6F8F8035268520102F478720243C6F891
:104E6800F82398E724F4E06416684FEA162C0CF44B
:104E7800E06C4CEA0404D0F8F86326F4F846C0F86D
:104E8800F8631E68D6F8F8035268920202F4F842F2
:104E98000243C6F8F8237EE724F4E024166806F4F3
:104EA800E0263443D0F8F86326F07876C0F8F86343
:104EB8001E68D6F8F8035268520502F07872024369
:104EC800C6F8F82367E7072283F8DD20002283F875
:104ED800DC2060E71A68C2F8FC4368E702207047E4
:104EE80001206AE77047034690F8DD00C0B2022847
:104EF80000F0BD8093F8DC00012800F0B5800120A7
:104F080083F8DC00022083F8DD00202918D8002966
:104F180000F0A38001391F2900F29F80DFE801F02B
:104F2800344A9D569D9D9D629D9D9D9D9D9D9D6E16
:104F38009D9D9D9D9D9D9D9D9D9D9D9D9D9D9D7ABC
:104F4800B1F5807F7DD00FD9B1F5007F40F0858025
:104F58001868D0F8041421F0F851120602F0F8523B
:104F68000A43C0F8042419E040295ED0802974D18E
:104F78001868D0F8041421F4F831120302F4F83256
:104F88000A43C0F8042409E01868D0F8001421F096
:104F98001F0102F01F020A43C0F8002493F8DD2025
:104FA800D2B2072A62D0012283F8DD20002083F8DC
:104FB800DC0070471868D0F8001421F4F8619201F9
:104FC80002F4F8620A43C0F80024E7E71868D0F84A
:104FD800001421F4F831120302F4F8320A43C0F83D
:104FE8000024DBE71868D0F8001421F4F8019204D3
:104FF80002F4F8020A43C0F80024CFE71868D0F892
:10500800001421F0F851120602F0F8520A43C0F8D1
:105018000024C3E71868D0F8041421F01F0102F037
:105028001F020A43C0F80424B8E71868D0F804142B
:1050380021F4F861920102F4F8620A43C0F80424EA
:10504800ACE71868D0F8041421F4F801920402F4CB
:10505800F8020A43C0F80424A0E7072283F8DD20F9
:10506800002283F8DC2099E702207047012070476E
:1050780070B5044690F8DD00C0B2022836D00D465F
:10508800164694F8DC30012B36D0012384F8DC3046
:10509800022384F8DD30062929D02046FFF74DFB8E
:1050A8003268C5EBC50304EB83031A6272685A625F
:1050B800B2689A62F268DA6232691A63294620464F
:1050C800FFF7B8FC062D0BD0F36A4BB922680135FF
:1050D800ED01535923F40073F16D43EA4123535111
:1050E800012384F8DD30002084F8DC0070BD11460F
:1050F8002046FFF7E0FAD3E70220F7E738B5044681
:1051080090F8DD00C0B2022811D094F8DC30012BF1
:105118000ED0012584F8DC50022384F8DD302046C7
:10512800FFF7D8FB84F8DD50002084F8DC0038BD98
:105138000220FCE7034690F8DD00C0B2022846D002
:1051480093F8DC00012840D010B54FF0010E83F829
:10515800DCE0022083F8DD00106800F4E0545068B9
:10516800C0F308000443906800F400700443106919
:1051780000F480400443D06800F40040044314481D
:10518800D2F814C000EA0C4C4CEA040C906900F008
:10519800007040EA0C0C106A00F0804040EA0C0CE9
:1051A800D06900F0004040EA0C001A6802EBC11117
:1051B800D1F8B840074A22400243C1F8B82083F822
:1051C800DDE0002083F8DC0010BD02207047704746
:1051D8000000FF010020003C844690F8DD00C0B2CA
:1051E800022800F0D9809CF8DC00012800F0D0806B
:1051F80030B401208CF8DC0002208CF8DD00062990
:1052080009D0013A072A00F2BC80DFE802F02E43F9
:10521800BA7ABABABA82013A072A1FD8DFE802F086
:10522800040F1E141E1E1E19DCF800201B68D36113
:105238009CF8DD30DBB2072B24D1012028E0DCF814
:1052480000201B685362F3E7DCF800201B689362B8
:10525800EEE7DCF800201B68D362E9E707238CF847
:10526800DD3000238CF8DC30E2E7DCF800201B6836
:1052780002EBC112C2F89C309CF8DD30DBB2072B80
:1052880000F0888001238CF8DD3000208CF8DC00E9
:1052980030BC7047DCF80020186802EBC112C2F875
:1052A800A4005A6822B3DCF800404A1CD201A05876
:1052B80020F44050A050DCF80040A0585D68284316
:1052C800A0505A68B2F5005F0AD0B2F5405FD3D15A
:1052D800DCF800209B6802EBC112C2F8A830CBE7CB
:1052E800DCF800209B6802EBC112C2F89C30C3E7CF
:1052F800DCF800200131C901535823F440535350BE
:10530800BAE7DCF800201B6802EBC112C2F8A8302B
:10531800B2E7DCF80020186802EBC112C2F8AC0052
:105328005A682AB3DCF800404A1CD201A05820F47D
:105338004040A050DCF80040A0585D6840EA850075
:10534800A0505A68B2F5005F0AD0B2F5405F93D119
:10535800DCF800209B6802EBC112C2F8A8308BE78A
:10536800DCF800209B6802EBC112C2F89C3083E78E
:10537800DCF800200131C901535823F4404353504D
:105388007AE707238CF8DD3000238CF8DC3073E7EC
:105398000220704701207BE7704738B5044690F833
:1053A800DD00C0B2022811D094F8DC0001280ED02C
:1053B800012584F8DC50022084F8DD002046FFF740
:1053C800BBFA84F8DD50002084F8DC0038BD0220E8
:1053D800FCE790F8DC30012B14D010B4012280F8DF
:1053E800DC20022380F8DD300468D4F894330B43C2
:1053F800C4F8943380F8DD20002380F8DC301846A8
:1054080010BC70470220704790F8DC30012B14D094
:1054180010B4012280F8DC20022380F8DD30046813
:10542800D4F898330B43C4F8983380F8DD20002370
:1054380080F8DC30184610BC70470220704790F89E
:10544800DC30012B12D010B4012280F8DC200223BA
:1054580080F8DD30046823680B43236080F8DD2082
:10546800002380F8DC30184610BC704702207047D3
:10547800704770477047704770477047704770B5FE
:1054880005460368D3F88843D3F8906314F0010FF6
:1054980002D016F0010F24D114F0020F02D016F03A
:1054A800020F24D114F0040F02D016F0040F26D1F5
:1054B80014F0080F02D016F0080F28D114F0100FBE
:1054C80002D016F0100F2AD114F0400F02D016F0B7
:1054D800400F2CD114F0200F02D016F0200F2ED13F
:1054E80070BD0122C3F88C23FFF7C2FFD4E72B68F5
:1054F8000222C3F88C232846FFF7BBFFD2E72B68AC
:105508000422C3F88C232846FFF7B4FFD0E72B68A2
:105518000822C3F88C232846FFF7ADFFCEE72B6897
:105528001022C3F88C232846FFF7A6FFCCE72B6888
:105538004022C3F88C232846FFF79FFFCAE72B6851
:105548002022C3F88C232846FFF798FFC8E7704746
:10555800704770477047704770477047704770478B
:105568002DE9F04105460368D3F88873D3F8908392
:105578005C68DE6817F4803F02D018F4803F31D1B0
:1055880017F4003F02D018F4003F38D114F0010F8F
:1055980002D016F0010F3BD114F0020F02D016F022
:1055A800020F3DD114F0040F02D016F0040F3FD1C2
:1055B80014F0080F02D016F0080F41D114F0100FA4
:1055C80002D016F0100F43D114F0200F02D016F0BD
:1055D800200F45D114F0400F02D016F0400F46D1ED
:1055E800BDE8F0814FF48032C3F88C23012380F8A2
:1055F800DD30002380F8DC30FFF7A9FFC0E72B6817
:105608004FF40032C3F88C232846FFF7A1FFBDE70B
:105618002B6801229A6006212846FFF79DFFBBE709
:105628002B6802229A6006212846FFF796FFB9E701
:105638002B6804229A6006212846FFF78FFFB7E7F8
:105648002B6808229A6006212846FFF788FFB5E7ED
:105658002B6810229A6006212846FFF77CFFB3E7E3
:105668002B6820229A602846FFF773FFB2E72B6861
:1056780040229A6006212846FFF76CFFB0E7704782
:105688007047704770477047704770477047F8B564
:1056980006460D4602684B1C02EBC3135C6802EB1E
:1056A800C113D3F88C7014F0010F02D017F0010F5A
:1056B80052D114F0020F02D017F0020F53D114F098
:1056C800040F02D017F0040F58D114F0080F02D0BD
:1056D80017F0080F5DD114F0100F02D017F0100F5B
:1056E80062D114F0400F02D017F0400F67D114F0C8
:1056F800800F02D017F0800F6CD114F4807F02D095
:1057080017F4807F71D114F4007F02D017F4007F62
:1057180077D114F4806F02D017F4806F7DD114F420
:10572800006F03D017F4006F40F0838014F4805F9B
:1057380003D017F4805F40F0888014F4005F03D032
:1057480017F4005F40F08D8014F4804F03D017F4F5
:10575800804F40F09280F8BD1A460123C2F8883085
:10576800FFF7FAFEA5E7336803EBC5130222C3F877
:10577800882029463046FFF7F0FEA0E7336803EBA0
:10578800C5130422C3F8882029463046FFF7E6FEF1
:105798009BE7336803EBC5130822C3F88820294622
:1057A8003046FFF7DCFE96E7336803EBC51310229B
:1057B800C3F8882029463046FFF7CDFE91E73368C5
:1057C80003EBC5134022C3F8882029463046FFF76B
:1057D800C1FE8CE7336803EBC5138022C3F8882029
:1057E80029463046FFF74BFF87E7336803EBC513BD
:1057F8004FF48072C3F8882029463046FFF740FFEF
:1058080081E7336803EBC5134FF40072C3F88820AF
:1058180029463046FFF737FF7BE7336803EBC513AC
:105828004FF48062C3F8882029463046FFF72CFFE2
:1058380075E7336803EBC5134FF40062C3F888209B
:1058480029463046FFF721FF70E7336803EBC5139D
:105858004FF48052C3F8882029463046FFF716FFD8
:105868006BE7336803EBC5134FF40052C3F8882085
:1058780029463046FFF706FF66E7336803EBC51392
:105888004FF48042C3F8882029463046FFF7F9FED6
:1058980061E708B5FF2904D0062905D0FFF7F7FE10
:1058A80008BDFFF7ECFDFBE7FFF75AFEF8E738B550
:1058B80012F4804F43D00468B4F8503091F800C017
:1058C8004FEACC0E1EFA83F32344B3F80244C4F320
:1058D80009048B69A34228D31B1B8B618B697BB995
:1058E800056835F82C309BB223F4804323F070030D
:1058F80083F4005343F4004343F0800325F82C302D
:1059080012F0400F0ED002680D7832F825309BB2A5
:1059180023F4E04323F0700343F4004343F0C0034F
:1059280022F8253024B9204638BD00238B61D5E7FD
:1059380023460A894969006803F0F9FFF3E7046818
:10594800B4F8503091F800C04FEACC0E1EFA83F339
:105958002344B3F80644C4F309048B69A3422FD344
:105968001B1B8B618B697BB9056835F82C309BB2A2
:1059780023F4804323F0700383F4005343F400437B
:1059880043F0800325F82C3012F0400F0FD1026845
:1059980091F800C032F82C309BB223F4E04323F096
:1059A800700343F4004343F0C00322F82C30002C6A
:1059B800B9D023464A894969006803F0B8FFB2E7BD
:1059C80000238B61CEE7002856D010B5044690F826
:1059D80091323BB1032384F89132206803F0B8F880
:1059E800002315E080F8903204F0BCFFF2E703EBE7
:1059F800830204EBC2020121517413740021D17493
:105A080011625162013303EB8302D200A150DBB271
:105A180020799842EBD8002316E003EB830204EBCD
:105A2800C202002182F8511182F8503182F85311D4
:105A3800C2F86011C2F8641103EB830204EBC202DE
:105A4800C2F868110133DBB29842E6D8234653F80E
:105A5800040B93E8060003F085F800232373012361
:105A680084F89132A37A012B01D0002010BD204682
:105A780000F01BFF0020F9E70120704790F89032F2
:105A8800012B0ED010B50446012380F8903200682F
:105A980003F055F8206803F067FC002084F89002B2
:105AA80010BD0220704770B505460C46164612F028
:105AB800400F00F020810268B2F8503009784FEAB0
:105AC800C10C1CFA83F31344B3F80224C2F309028D
:105AD800A36993422CD99B1AA361A06958B316F401
:105AE800804F0DD0286830F821309BB223F4E04372
:105AF80023F0700343F4404343F0800320F821303F
:105B080094F82430012B00F08D802A68217832F82F
:105B180021309BB223F4E04323F0400383F03003A9
:105B280043F4004343F0800322F82130002070BD85
:105B38000023A361D1E76378002B48D12A68B2F823
:105B4800503012FA83F36344B3F80224C2F3090213
:105B5800A3F80224B3F802246FEA42426FEA5242E1
:105B680092B2A3F802242A686378002B3BD1B2F8DA
:105B7800503012FA83F3227803EBC203B3F80624F9
:105B8800C2F30902A3F80624B3F806246FEA4242D6
:105B98006FEA524292B2A3F80624E378022B2FD080
:105BA8002178284604F022FF16F4804FBED02A68D8
:105BB800217832F821309BB223F4E04323F07003BC
:105BC80043F4404343F0800322F82130AEE7012B31
:105BD800C9D12A68B2F8503012FA83F3634400221C
:105BE800A3F80224BFE7012BD7D1B2F8503012FA3C
:105BF80083F3227803EBC2030022A3F80624CCE740
:105C08002A68217832F821309BB223F4E04323F04C
:105C1800400383F0200343F4004343F0800322F859
:105C28002130BDE7636913446361E3691344E361A9
:105C3800216A236999421DD3C91A21626278002A10
:105C480044D12968B1F8502011FA82F2217802EB88
:105C5800C102B2F80214C1F30901A2F80214ABB9E7
:105C6800B2F802146FEA41416FEA514189B2A2F8D1
:105C780002142DE021B9002384F824301346DDE70F
:105C8800002384F8243023620B46D7E73E2B0DD837
:105C9800590813F0010F00D00131B2F8020480B2A4
:105CA800890289B20143A2F8021411E0580913F0DD
:105CB8001F0F00D10138B2F8021489B2800280B2F5
:105CC800014341F40041A2F8021401E0012A06D080
:105CD8009BB222896169286803F055FB15E729689A
:105CE800B1F8502011FA82F2217802EBC10299B280
:105CF800A2F80214ECE70268B2F850300978C8003C
:105D080010FA83F31344B3F80624C2F30902A36913
:105D1800934246D39B1AA361A369002B44D016F47F
:105D2800804F0DD1286830F821309BB223F4E0432E
:105D380023F0700343F4404343F0800320F82130FC
:105D480094F82430012B7FF4E0AE63691344636157
:105D5800E3691344E361216A23699942C0F09C8096
:105D6800C91A216229686278002A40F0C180B1F816
:105D7800502011FA82F2217802EBC102B2F806141F
:105D8800C1F30901A2F80614002B40F09180B2F883
:105D980006146FEA41416FEA514189B2A2F806142C
:105DA800A8E00023A361B7E76378002B49D12A68EC
:105DB800B2F8503012FA83F30344B3F80224C2F362
:105DC8000902A3F80224B3F802246FEA42426FEAF8
:105DD800524292B2A3F802242A686378002B3CD17D
:105DE800B2F8503012FA83F3227803EBC203B3F807
:105DF8000624C2F30902A3F80624B3F806246FEABE
:105E080042426FEA524292B2A3F80624E378022B88
:105E180030D02178284604F0E9FD16F4804F7FF44D
:105E280085AE2A68217832F821309BB223F4E0430A
:105E380023F0700343F4404343F0800322F82130F9
:105E480074E6012BC8D12A68B2F8503012FA83F3ED
:105E580003440022A3F80224BEE7012BD6D1B2F8EE
:105E6800503012FA83F3227803EBC2030022A3F81E
:105E78000624CBE72A68217832F821309BB223F434
:105E8800E04323F0400383F0200343F4004343F04E
:105E9800800322F82130BCE721B9002384F824309C
:105EA80013465FE70023236284F824300B4659E742
:105EB8003E2B0DD8590813F0010F00D00131B2F86C
:105EC800060480B2890289B20143A2F8061411E0DF
:105ED800580913F01F0F00D10138B2F8061489B21F
:105EE800800280B2014341F40041A2F8061401E0A7
:105EF800012A06D09BB262896169286803F043FAD7
:105F080003E6B1F8502011FA82F2217802EBC102BF
:105F180099B2A2F80614EDE72DE9F04704463EE0F1
:105F280003889BB223F4E14323F070036FEA4343F1
:105F38006FEA53439BB203802168B1F85030227C4A
:105F4800D20012FA83F30B44B3F80234C3F3090303
:105F5800E362626A1A4462620021204604F046FD48
:105F6800237BE3B1A36AD3B9237B226843F0800380
:105F7800A2F84C300023237311E0B4F8562104F53D
:105F8800267103F0D4FC2268138823F070031B05E4
:105F98001B0D43F080031380204604F013FD206896
:105FA800B0F8443013F4004F00F03482B0F84430B5
:105FB8009AB203F00F0513F0080F40F02F82002D5E
:105FC80075D112F0100FABD003889AB213F4006F9A
:105FD80030D0B0F8503094F85021D20012FA83F340
:105FE8000344B3F80634C3F30903C4F86C31082B2F
:105FF800C3D003889BB223F4804323F0700383F457
:10600800805348F280010B430380226813889BB2B7
:1060180023F4E04323F0400383F010030B43138081
:106028002268138823F070031B051B0D43F08003BF
:106038001380F0E112F4004FB1D0038823F070030D
:106048001B051B0D43F0800303802068B0F8503017
:1060580094F85021D20012FA83F30344B3F80634BB
:10606800C3F30903C4F86C316BB903889BB223F4FA
:10607800804323F0700383F4405343F4004343F018
:10608800800303808BE7D4F86411002987D0B4F823
:10609800562103F04CFCD4F86431D4F86C21134435
:1060A800C4F864310021204604F094FC77E7AF007F
:1060B80030F825309EB213F4004F4DD116F0800F02
:1060C8003FF46DAF2A4605EB8501C9001031214424
:1060D8002068C35B9BB223F4E14323F070036FEAAB
:1060E80043436FEA53439BB2C35305EB850304EB69
:1060F800C303DB7C012B00F0F58016F4807F40F0B1
:1061080084812068B0F8503005EB850504EBC5059F
:106118002E7CF50015FA83F30344B3F80234C3F375
:106128000903551C05EB850554F835509D4240F28E
:106138004F81571C07EB8707ED1A44F83750551C59
:1061480005EB850554F83550002D40F0488131465F
:10615800204604F04BFC22E730F8253023F070038A
:106168001B051B0D43F0800320F82530A84605EBDE
:1061780085094FEAC90909F5A879A14405EB850302
:1061880004EBC30393F85C31EBBB2068B0F85030E4
:1061980005EB850204EBC20292F85021D20012FAF4
:1061A80083F30344B3F806A4CAF3090ABAF1000F4B
:1061B8001DD108EB880304EBC303D3F86C215244C8
:1061C800C3F86C21D3F868313BB108EB880304EBC2
:1061D800C303D3F860319A4572D208EB880804EB00
:1061E800C80898F85011204604F0F4FB66E705EB60
:1061F800850104EBC1015346B1F85621D1F8641169
:1062080003F095FBD5E705EB850304EBC30393F88F
:106218005331022B34D0216805EB850204EBC2020E
:1062280092F8500131F820309BB223F4E04323F078
:10623800700343F4004343F0C00321F82030206882
:1062480092F8503130F8232012F4804F1FD0B0F864
:106258005020DB0013FA82F30344B3F802A4CAF314
:10626800090ABAF1000FA4D005EB850104EBC101BE
:106278005346B1F85821D1F8641103F058FB98E758
:10628800324649462046FFF712FB824691E7B0F8AE
:106298005020DB0013FA82F30344B3F806A4CAF3D0
:1062A800090ABAF1000F84D005EB850104EBC1019E
:1062B8005346B1F85A21D1F8641103F038FB78E756
:1062C80008EB880304EBC303D3F8643108EB8808B0
:1062D80004EBC8085344C8F864314946206803F001
:1062E80064F8EBE66B1C03EB8303DB000021E15051
:1062F80005EB850504EBC5052B7FDBB116F0400FD8
:1063080033D06B7CFBB92168B1F8503011FA83F3B4
:10631800297C03EBC103B3F80214C1F30901A3F804
:106328000214B3F802146FEA41416FEA514189B28D
:10633800A3F8021402EB820204EBC202117C20468D
:1063480004F054FB2BE6012BF4D12168B1F850304E
:1063580011FA83F302EB820104EBC101097C03EB20
:10636800C1030021A3F80214E4E7216802EB8203C9
:1063780004EBC3035B7CD3B9B1F8503011FA83F353
:1063880002EB820104EBC101097C03EBC103B3F802
:106398000614C1F30901A3F80614B3F806146FEA4A
:1063A80041416FEA514189B2A3F80614C2E7012BB3
:1063B800C0D1B1F8503011FA83F302EB820104EB3B
:1063C800C101097C03EBC1030021A3F80614B1E75E
:1063D800551C05EB8505ED0000276751AFE602EB7C
:1063E800820504EBC5056E6A1E446E62013202EB3B
:1063F800820504EBC5056D6802EB820204EBC2025C
:106408002B44536002F0D1FFC9E532462046FFF71E
:106418004AFBC4E500252846BDE8F0870125FAE7D0
:1064280090F89032012B0CD010B50446012380F867
:1064380090320173006802F091FF002084F8900206
:1064480010BD0220704710B50446006802F097FF9F
:1064580010F4004F23D110F4806F24D110F4804F32
:1064680032D110F4005F39D110F4805F40D110F4BC
:10647800006F67D110F0800F40F0818010F4007F2A
:1064880040F0AD8010F4807F27D02268B2F8443005
:106498009BB223F480739BB2A2F844301DE02046DF
:1064A800FFF73AFD19E02268B2F844309BB223F4B2
:1064B80080639BB2A2F84430204604F0A8FA002179
:1064C8002046FFF7ADFF08E02268B2F844309BB2DF
:1064D80023F480439BB2A2F8443010BD2268B2F87E
:1064E80044309BB223F400539BB2A2F84430F4E743
:1064F8002268B2F840309BB223F004039BB2A2F8A2
:1065080040302268B2F840309BB223F008039BB2B7
:10651800A2F8403094F8C832012B0CD0204604F081
:1065280099FA2268B2F844309BB223F480539BB2A4
:10653800A2F84430D1E7002184F8C812204604F0BC
:1065480041FBEBE72268B2F840309BB243F0080306
:10655800A2F840302268B2F844309BB223F40063BA
:106568009BB2A2F844302268B2F840309BB243F0A4
:106578000403A2F84030204604F05CFAADE7226834
:10658800B2F844309BB223F080039BB2A2F84430A7
:1065980094F8C832FBB92268B2F840309BB243F095
:1065A8000403A2F840302268B2F840309BB243F0AE
:1065B8000803A2F84030012184F8C8122368B3F810
:1065C8005430C3F38D0303F03C03C4F8CC322046A7
:1065D80004F0F8FA81E7204604F02CFA7DE72268F7
:1065E800B2F844309BB223F400739BB2A2F8443053
:1065F800204604F006FA70E710B50446084611F084
:10660800800F27D101F0070C0CEB8C01C90001F5B4
:10661800A87E04EB0E010CEB8C0C04EBCC0C4FF0B9
:10662800000E8CF851E100F007000870C2F30A026E
:106638000A61CB70022B1DD094F89032012B1CD02C
:10664800012384F89032206802F09DFA002084F833
:10665800900210BD01F0070C0CEB8C01C900103141
:1066680021440CEB8C0C04EBCC0C4FF0010E8CF895
:1066780011E0D8E700230B71DEE70220E9E710B547
:1066880004460A4611F0800F1FD101F0070000EB05
:106698008003DB0003F5A873E11800EB800004EB2E
:1066A800C000002380F8513102F007020A7094F804
:1066B8009032012B17D0012384F89032206802F021
:1066C800EFFC002084F8900210BD01F0070000EBF9
:1066D8008003DB001033E11800EB800004EBC000FE
:1066E80001234374E0E70220EEE710B501F0070C40
:1066F8000CEB8C01C90001F5A8710CEB8C0E00EBBA
:10670800CE0ECEF86421CEF868310024CEF86C4164
:106718008EF851418EF850C10144006802F045FEE0
:10672800204610BD01F0070101EB810100EBC1001B
:10673800D0F86C01704738B501F0070C0CEB8C01F0
:10674800C90010310CEB8C0E00EBCE0ECEF82420D5
:106758000CF1010202EB820440F8343001258EF876
:106768003450CEF8303000EBC402002454608EF868
:1067780011508EF810C00144006802F016FE204641
:1067880038BD0B4601F00702017991422ED310B5AE
:10679800044613F0800F1DD103EB8301C90001F5F6
:1067A800A871014403EB830300EBC303002083F8C3
:1067B800510101238B700A7094F89032012B17D085
:1067C800012384F89032206802F055FD002084F8F7
:1067D800900210BD02EB8201C9001031014402EBA6
:1067E800820300EBC30301205874E2E701207047DD
:1067F8000220EEE70B46017903F00F02914234D3F1
:1068080010B5044613F0800F21D103F0070202EB04
:106818008201C90001F5A871014402EB820200EB74
:10682800C202002082F8510100228A7003F0070397
:106838000B7094F89032012B19D0012384F8903210
:10684800206802F03DFD002084F8900210BD03F09E
:10685800070202EB8201C9001031014402EB8202F7
:1068680000EBC20201205074DEE7012070470220CD
:10687800ECE711F0800F0BD001F0070101EB81016B
:10688800C9001031084452B90273C3800020704710
:1068980001EB8101C90001F5A8710844F3E7012261
:1068A800027303811B0C4381F0E703460268012150
:1068B800C0F8D012002083F8C802B2F854309BB256
:1068C8000B43A2F85430B2F854309BB243F00203A1
:1068D800A2F8543070470000002836D13E4B1B68A0
:1068E80003F4C063B3F5806F08D03B4AD2F8803018
:1068F80023F48073C2F8803000207047364AD2F8FB
:10690800803023F48073C2F88030136823F4C063A6
:1069180043F400731360314B1B68322202FB03F30C
:106928002F4AA2FB03239B0C013300E0013B2A4AB8
:10693800526912F4806F01D0002BF7D1264B5B69A6
:1069480013F4806F44D100207047B0F5007F08D061
:10695800214A136823F4C06343F480631360002062
:1069680070471D4B1B6803F4C063B3F5806F08D0F4
:10697800194AD2F8803043F48073C2F8803000207E
:106988007047154AD2F8803043F48073C2F88030DB
:10699800136823F4C06343F4007313600F4B1B6840
:1069A800322202FB03F30E4AA2FB03239B0C0133A2
:1069B80000E0013B084A526912F4806F01D0002BB5
:1069C800F7D1054B5B6913F4806F03D10020704742
:1069D800032070470320704700700040000000202B
:1069E80083DE1B43024A936843F4804393607047F5
:1069F80000700040124BDA6802F00302DB68C3F350
:106A080003130133032A11D00E48B0FBF3F00C4BEB
:106A1800DB68C3F3062303FB00F0094BDB68C3F311
:106A2800416301335B00B0FBF3F070470648B0FBED
:106A3800F3F0034BDB68C3F3062303FB00F0ECE73A
:106A4800001002400024F40040787D01002800F086
:106A58004F8270B582B00446036813F0010F37D037
:106A6800A44A936803F00C03D26802F003020C2BCB
:106A780023D0082B23D06368B3F5803F4ED0B3F5FD
:106A8800A02F51D09B4B1A6822F480321A601A68E2
:106A980022F480221A606368002B52D0FBF764FD51
:106AA8000546944B1B6813F4003F11D1FBF75CFDBE
:106AB800401B6428F5D9032023E2032AD9D18D4B42
:106AC8001B6813F4003F03D06368002B00F01282A8
:106AD800236813F0020F5DD0864A936803F00C0315
:106AE800D26802F003020C2B3AD0042B3AD0E368A8
:106AF800002B75D07F4A136843F480731360FBF74B
:106B080033FD05467B4B1B6813F4806F5FD1FBF7A1
:106B18002BFD401B0228F5D90320F2E1754A1368C2
:106B280043F480331360B6E703F18043A3F53C33A5
:106B38001A6842F480221A601A6842F480321A6095
:106B4800A9E7FBF711FD05466A4B1B6813F4003FE4
:106B5800BED0FBF709FD401B6428F5D90320D0E11E
:106B6800022AC2D1634B1B6813F4806F03D0E36819
:106B7800002B00F0C1815F4A536823F0FE4321696E
:106B880043EA016353605C4B1868FBF7A9FC0028D3
:106B980040F0B481236813F0080F4CD063699BB3AD
:106BA800544AD2F8943043F00103C2F89430FBF70A
:106BB800DBFC05464F4BD3F8943013F0020F3AD163
:106BC800FBF7D2FC401B0228F4D9032099E1494A7B
:106BD800536823F0FE43216943EA01635360D9E710
:106BE800444A136823F480731360FBF7BDFC054621
:106BF800404B1B6813F4806FCCD0FBF7B5FC401BEF
:106C08000228F5D903207CE13A4AD2F8943023F0DF
:106C18000103C2F89430FBF7A7FC0546354BD3F8BF
:106C2800943013F0020F06D0FBF79EFC401B02289D
:106C3800F4D9032065E1236813F0040F00F0818084
:106C48002C4B9B6D13F0805F36D12A4B9A6D42F026
:106C580080529A659B6D03F080530193019B012537
:106C6800264B1B6813F4807F28D0A368012B39D0EA
:106C7800052B45D01F4BD3F8902022F00102C3F812
:106C88009020D3F8902022F00402C3F89020A36843
:106C9800002B43D0FBF768FC0646164BD3F8903020
:106CA80013F0020F4CD1FBF75FFC801B41F28833D5
:106CB8009842F2D9032024E10025D1E70F4A13684E
:106CC80043F480731360FBF74FFC06460B4B1B68BD
:106CD80013F4807FC9D1FBF747FC801B0228F5D944
:106CE80003200EE1034AD2F8903043F00103C2F8C2
:106CF8009030CCE7001002400800002000700040EF
:106D0800884BD3F8902042F00402C3F89020D3F8BF
:106D1800902042F00102C3F89020B8E7FBF724FC6A
:106D28000646804BD3F8903013F0020F08D0FBF7DB
:106D38001BFC801B41F288339842F2D90320E0E023
:106D4800E5B9236813F0200F35D0A369E3B1754A7C
:106D5800D2F8983043F00103C2F89830FBF704FCEE
:106D68000546704BD3F8983013F0020F23D1FBF788
:106D7800FBFB401B0228F4D90320C2E0694A936D4B
:106D880023F080539365DCE7664AD2F8983023F005
:106D98000103C2F89830FBF7E7FB0546614BD3F8CF
:106DA800983013F0020F06D0FBF7DEFB401B0228D9
:106DB800F4D90320A5E0E369002B00F0A180594A2B
:106DC800926802F00C020C2A64D0022B13D0554AA8
:106DD800136823F080731360FBF7C6FB0446514B1E
:106DE8001B6813F0007F4ED0FBF7BEFB001B022888
:106DF800F5D9032085E04B4A136823F080731360AC
:106E0800FBF7B2FB0546474B1B6813F0007F06D023
:106E1800FBF7AAFB401B0228F5D9032071E0414A81
:106E2800D36841491940236A606A013843EA00136C
:106E3800A06A43EA0023206B4008013843EA405324
:106E4800606B4008013843EA4063E06A43EAC06384
:106E58001943D160136843F080731360D36843F01B
:106E68008073D360FBF780FB04462E4B1B6813F03E
:106E7800007F06D1FBF778FB001B0228F5D9032019
:106E88003FE000203DE0274AD168284B0B40D36003
:106E9800002036E0012B36D0224BDB6803F00301DB
:106EA800226A914231D103F0F002616A0139B2EBF2
:106EB800011F2CD103F4FE42A16AB2EB012F28D1A5
:106EC80003F07842E16AB2EBC16F24D103F4C00148
:106ED800226B5208013AB1EB425F1ED103F0C06346
:106EE800626B5208013AB3EB426F18D1002008E0F8
:106EF80001207047012004E0012002E0012000E0A9
:106F0800002002B070BD0120FBE70120F9E7012055
:106F1800F7E70120F5E70120F3E70120F1E7012079
:106F2800EFE700BF001002400C809F01FCFFEEFE5F
:106F38001E4B9B6803F00C03042B33D01B4B9B6840
:106F480003F00C03082B2FD0184B9B6803F00C039D
:106F58000C2B01D000207047144BDA6802F00302B2
:106F6800DB68C3F303130133032A11D01048B0FBC5
:106F7800F3F00E4BDB68C3F3062303FB00F00B4B67
:106F8800DB68C3F3416301335B00B0FBF3F0704788
:106F98000848B0FBF3F0054BDB68C3F3062303FB9B
:106FA80000F0ECE7024870470248704700100240C2
:106FB8000024F40040787D01002800F0E680F8B550
:106FC8000C460546744B1B6803F00F038B420BD22B
:106FD800714A136823F00F030B431360136803F01F
:106FE8000F038B4240F0D3802E6816F001065FD065
:106FF8006B68032B2FD0022B4DD0684B1B6813F402
:10700800806F00F0C680FFF793FF654B98424DD91B
:10701800624A936823F0F00343F08003936080266C
:107028005E4A936823F0030369680B439360FBF798
:107038009BFA0746594B9B6803F00C036A68B3EB4D
:10704800820F35D0FBF790FAC01B41F28833984283
:10705800F0D9032078E0514B1B6813F0007F01D171
:10706800012071E0FFF7C6FC4D4B98421AD94B4BF3
:107078009B6813F0F00F05D02E6816F00206CFD0EB
:10708800AB688BB9454A936823F0F00343F080035B
:1070980093608026C4E7414B1B6813F4003FB2D1CC
:1070A800012051E00026BBE70026B9E70026B7E734
:1070B8002B6813F0020F48D013F0040F04D0374A9E
:1070C800936843F4E06393602B6813F0080F06D0CD
:1070D800324A936823F47C5343F4E06393602F4A65
:1070E800936823F0F003A9680B4393602A4B1B684D
:1070F80003F00F03A34230D82B6813F0040F06D017
:10710800264A936823F4E063E9680B4393602B688D
:1071180013F0080F07D0214A936823F460532969B4
:1071280043EAC1039360FFF703FF1C4B9B68C3F35B
:1071380003131C4AD35C03F01F03D8401A4B186092
:107148001A4B1868FBF7CCF9F8BD802ECED1134A3C
:10715800936823F0F0039360C8E70F4A136823F09D
:107168000F0323431360FBF7FFF906460A4B1B681E
:1071780003F00F03A342BFD0FBF7F6F9801B41F2DF
:1071880088339842F2D90320DEE7012070470120B6
:10719800DAE70120D8E700BF0020024000100240D3
:1071A80000B4C40498D100080000002008000020A2
:1071B800014B1868704700BF0000002008B5FFF7B2
:1071C800F7FF054B9B68C3F30223044AD35C03F023
:1071D8001F03D84008BD00BF0010024090D100082E
:1071E80008B5FFF7E5FF054B9B68C3F3C223044AC4
:1071F800D35C03F01F03D84008BD00BF0010024055
:1072080090D10008F0B583B00446036813F4002F4A
:107218006ED0354B9B6D13F0805F1ED1324B9A6D4B
:1072280042F080529A659B6D03F080530193019B55
:1072380001262E4A136843F480731360FBF794F910
:1072480005462A4B1B6813F4807F08D1FBF78CF99D
:10725800401B0228F5D9032502E00026E9E70025AE
:1072680045BB214BD3F8903013F4407315D0226DF1
:107278009A4212D01C4AD2F8903023F44073D2F8C4
:10728800901041F48031C2F89010D2F8901021F497
:107298008031C2F89010C2F8903013F0010F10D16D
:1072A80045B9114AD2F8903023F44073216D0B434D
:1072B800C2F89030EEB10C4A936D23F08053936579
:1072C80017E0FBF751F90746074BD3F8903013F056
:1072D800020FE5D1FBF748F9C01B41F28833984209
:1072E800F2D90325DCE700BF00100240007000401F
:1072F8000025236813F0010F08D09F4AD2F8883080
:1073080023F0030361680B43C2F88830236813F045
:10731800020F08D0984AD2F8883023F00C03A168ED
:107328000B43C2F88830236813F0040F08D0924A40
:10733800D2F8883023F03003E1680B43C2F8883074
:10734800236813F0080F08D08B4AD2F8883023F04E
:10735800C00321690B43C2F88830236813F0100F6B
:1073680008D0854AD2F8883023F4407361690B430A
:10737800C2F88830236813F0200F08D07E4AD2F86C
:10738800883023F44063A1690B43C2F8883023682E
:1073980013F0400F08D0784AD2F8883023F44053CD
:1073A800E1690B43C2F88830236813F0800F08D0D6
:1073B800714AD2F8883023F44043216A0B43C2F85B
:1073C8008830236813F4807F08D06B4AD2F888305D
:1073D80023F44033616A0B43C2F88830236813F4FE
:1073E800003F08D0644AD2F89C3023F00303A16A16
:1073F8000B43C2F89C30236813F4007F08D05E4A20
:10740800D2F8883023F44023E16A0B43C2F888306D
:10741800236813F4806F0CD0574AD2F8883023F4CD
:107428004013216B0B43C2F88830236BB3F5801FE0
:1074380079D0236813F4006F0CD04F4AD2F8883003
:1074480023F44003616B0B43C2F88830636BB3F5D8
:10745800800F6DD0236813F4805F0CD0464AD2F8B1
:10746800883023F04073A16B0B43C2F88830A36BBC
:10747800B3F1807F61D0236813F4005F0CD03E4ADB
:10748800D2F8883023F04063E16B0B43C2F88830B0
:10749800E36BB3F1006F55D0236813F4804F0CD021
:1074A800354AD2F8883023F04063216C0B43C2F888
:1074B8008830236CB3F1006F49D0236813F4004F70
:1074C8000CD02D4AD2F8883023F04053616C0B431E
:1074D800C2F88830636CB3F1805F3DD0236813F441
:1074E800803F0CD0244AD2F8883023F04043A16C66
:1074F8000B43C2F88830A36CB3F1804F31D02368B6
:1075080013F4802F0CD01C4AD2F89C3023F440137B
:10751800E16C0B43C2F89C30E36CB3F5001F25D037
:10752800284603B0F0BDD36843F48013D36080E7E6
:10753800D36843F48013D3608CE7D36843F4801393
:10754800D36098E7D36843F48013D360A4E7D36883
:1075580043F48013D360B0E7D36843F48033D36037
:10756800BCE7D36843F48033D360C8E7D36843F4F7
:107578008013D360D4E700BF001002402DE9F04724
:1075880082B00546884617461E46FAF7EDFF0A9B65
:107598001B1A03EB0609FAF7E7FF8246284B1B681C
:1075A800C3F3CB3309FB03F301932B689C6838EAD8
:1075B80004040CBF01230023BB423DD0B6F1FF3FBA
:1075C800F3D0FAF7D1FFA0EB0A00484503D2019B9C
:1075D80073BB9946E9E72A68536823F0E0035360D0
:1075E8006B68B3F5827F0BD0AB6AB3F5005F14D03C
:1075F800012385F85D30002385F85C3003201CE00A
:10760800AB68B3F5004F02D0B3F5806FECD12A68B0
:10761800136823F040031360E6E72A68136823F42D
:10762800005313602A68136843F400531360DFE7BC
:10763800019B013B0193B8E7002002B0BDE8F08749
:10764800000000202DE9F04782B006460C4615469A
:107658001F4600238DF80330FAF786FF0A9B1B1A92
:1076680003EB0708FAF780FF8146D6F800A0304BF5
:107678001B6803EB8303C3EBC3031B0D08FB03F376
:10768800019302E0B7F1FF3F12D133689B6803EA28
:10769800040CAC4547D0B4F5C06FF3D1002DF1D13F
:1076A8009AF80C30DBB28DF803309DF80330E9E727
:1076B800FAF75AFFA0EB0900404503D2019B73BBC0
:1076C8009846E2E73268536823F0E0035360736832
:1076D800B3F5827F0BD0B36AB3F5005F14D00123F2
:1076E80086F85D30002386F85C3003201CE0B36820
:1076F800B3F5004F02D0B3F5806FECD13268136850
:1077080023F040031360E6E73268136823F400535C
:1077180013603268136843F400531360DFE7019B7A
:10772800013B0193B1E7002002B0BDE8F08700BF3C
:107738000000002070B582B004460D46164600923F
:107748000B4600224FF4C051FFF77CFFB0B90096FA
:107758002B46002280212046FFF710FFA8B900968B
:107768002B4600224FF4C0612046FFF76BFF50B153
:10777800236E43F020032366032004E0236E43F0C6
:1077880020032366032002B070BD236E43F020035C
:1077980023660320F7E700286FD010B50446436A34
:1077A80033B94368B3F5827F05D00023C36102E093
:1077B8000023036143610023A36294F85D30002B2A
:1077C80052D0022384F85D302268136823F0400306
:1077D8001360E368B3F5E06F4CD90022B3F5706F1E
:1077E80004D0B3F5E06F01D00023A362636803F40B
:1077F8008273A16801F404410B43216901F002017D
:107808000B43616901F001010B43A16901F40071A7
:107818000B43E16901F038010B43216A01F0800153
:107828000B43A16A01F4005120680B430360638B8A
:1078380003F00403616A01F010010B43616B01F06E
:1078480008010B43E16801F470610B4321681A4396
:107858004A602268D36923F40063D361002020665C
:10786800012384F85D3010BD84F85C302046FAF7B7
:10787800EFFBA6E74FF48052B0E7012070472DE9EF
:10788800F8430446884691461F46089DFAF76CFE61
:10789800064694F85D30DBB26268012B0AD0B2F577
:1078A800827F40F05C81A268002A40F05B81042B53
:1078B80040F05A81B8F1000F00F05881B9F1000F7B
:1078C80000F05681002F00F0558194F85C30012BB0
:1078D80000F05281012384F85C3094F85D30DBB20B
:1078E800042B02D0052384F85D3000232366C4F8F6
:1078F8004090A4F84670A4F84470C4F83880E7872C
:10790800A787E3642365E368B3F5E06F01D8012F27
:1079180023D92268536823F48053536023681A6874
:1079280012F0400F03D11A6842F040021A60E3686F
:10793800B3F5E06F5FD963680BB1012F0BD1A26B70
:1079480023681288DA60A36B0233A363E38F9BB2C8
:10795800013B9BB2E387012730E02268536843F478
:1079680080535360DAE7A26B1288DA60A36B0233A4
:10797800A363E38F9BB2013B9BB2E3870027236895
:107988009A6812F0010F11D0B4F8462092B26AB189
:10799800DA68236C1A80236C02332364B4F8463007
:1079A8009BB2013B9BB2A4F846300127FAF7DCFDF5
:1079B800831BAB4202D3B5F1FF3F14D1E38F9BB2D7
:1079C8002BB9B4F846309BB2002B00F0B180236885
:1079D8009A6812F0020FD2D0E28F92B2002ACED06B
:1079E800002FCCD0BFE7012384F85D30002384F852
:1079F8005C300320B4E063680BB1012F0FD1E38F33
:107A08009BB2012B0DD9A26B23681288DA60A36B95
:107A18000233A363E38F9BB2023B9BB2E387012748
:107A280049E0A26B236812781A73A36B0133A3632E
:107A3800E38F9BB2013B9BB2E387F0E7E28F92B200
:107A4800012A0CD9A26B1288DA60A36B0233A363F4
:107A5800E38F9BB2023B9BB2E38700273DE0A26B1A
:107A680012781A73A36B0133A363E38F9BB2013BB4
:107A78009BB2E387002730E02268536843F48053C1
:107A8800536001270DE0226C1B7B1370236C0133BC
:107A98002364B4F846309BB2013B9BB2A4F846304D
:107AA8000127FAF761FD801BA84202D3B5F1FF3F19
:107AB80036D1002D34D0E38F9BB223B9B4F84630C9
:107AC8009BB2002B34D023689A6812F0020F04D0BE
:107AD800E28F92B20AB1002FB0D123689A6812F0EF
:107AE800010FDED0B4F8462092B2002AD9D0B4F8FB
:107AF800462092B2012AC6D9DA68236C1A80236C10
:107B080002332364B4F846309BB2023B9BB2A4F81C
:107B18004630B4F846309BB2012BADD90127C0E7F7
:107B2800012384F85D30002384F85C30032017E0DB
:107B3800324629462046FFF7FDFD48B9012384F85F
:107B48005D30002384F85C30236E4BB1012007E0E0
:107B580020232366002384F85C30012000E0022003
:107B6800BDE8F8830220FBE70220F9E70120F7E7E8
:107B78000120F5E70120F3E70220F1E730B4026ABB
:107B8800036A23F0010303624468836923F48033A2
:107B980023F073030D681D4322F002028B68134320
:107BA800214A904213D002F5006290420FD002F5AC
:107BB800406290420BD002F58062904207D002F5F5
:107BC8008062904203D002F50062904207D1026AB7
:107BD80022F00402026223F00803CA681343124A1F
:107BE800904213D002F5006290420FD002F5406235
:107BF80090420BD002F58062904207D002F5806275
:107C0800904203D002F50062904205D124F44074FA
:107C18004A6922438C691443446085614A68426317
:107C2800036230BC704700BF002C014030B4036AC7
:107C3800026A22F4807202624468C26922F48032C5
:107C480022F073020D68154323F400738A6843EA2F
:107C580002231D4A904207D002F50062904203D0E9
:107C680002F5E052904208D1026A22F48062026270
:107C780023F40063CA6843EA0223134A904213D0EC
:107C880002F5006290420FD002F5406290420BD09C
:107C980002F58062904207D002F58062904203D0DC
:107CA80002F50062904207D124F440544A6944EA3C
:107CB80002148A6944EA02144460C5614A68C263CE
:107CC800036230BC704700BF002C014030B4036A27
:107CD800026A22F4805202624468C26922F0807209
:107CE80022F4E6420D6842EA052223F400538D6827
:107CF80043EA05331C4DA84207D005F50065A842A4
:107D080003D005F5E055A84208D1056A25F4804559
:107D1800056223F40043CD6843EA0533124DA842B7
:107D280013D005F50065A8420FD005F54065A842B7
:107D38000BD005F58065A84207D005F58065A842F7
:107D480003D005F50065A84207D124F440444D69E5
:107D580044EA85148D6944EA85144460C2614A681E
:107D68000264036230BC7047002C014030B4036ADF
:107D7800026A22F4803202624468026D22F4803280
:107D880022F070020D68154323F400338A6843EA31
:107D98000243114A904213D002F5006290420FD07C
:107DA80002F5406290420BD002F58062904207D003
:107DB80002F58062904203D002F50062904204D13D
:107DC80024F480344A6944EA0224446005654A6818
:107DD8008264036230BC7047002C014030B4036AEF
:107DE800026A22F4801202624468026D22F08072F4
:107DF80022F4E0420D6842EA052223F400138D685C
:107E080043EA0553114DA84213D005F50065A84271
:107E18000FD005F54065A8420BD005F58065A8424E
:107E280007D005F58065A84203D005F50065A8428E
:107E380004D124F480244D6944EA85244460026511
:107E48004A68C264036230BC704700BF002C01401E
:107E58000368384A904216D0B0F1804F13D0A2F58B
:107E6800943290420FD002F5806290420BD002F516
:107E78008062904207D002F59432904203D002F516
:107E8800E052904203D123F070034A681343294A11
:107E9800904222D0B0F1804F1FD0A2F59432904288
:107EA8001BD002F58062904217D002F580629042A2
:107EB80013D002F5943290420FD002F540629042FE
:107EC8000BD002F58062904207D002F580629042A2
:107ED80003D002F50062904203D123F44073CA68CC
:107EE800134323F080034A6913438A68C2620A680D
:107EF8008262104A904213D002F5006290420FD07D
:107F080002F5406290420BD002F58062904207D0A1
:107F180002F58062904203D002F50062904201D1DE
:107F28000A690263026842F00402026001224261A7
:107F380003607047002C014060B310B5044690F808
:107F48003D3013B3022384F83D30214651F8040B29
:107F5800FFF77EFF012384F8483084F83E3084F828
:107F68003F3084F8403084F8413084F8423084F857
:107F7800433084F8443084F8453084F8463084F837
:107F8800473084F83D30002010BD80F83C30FAF7C7
:107F9800E3F8D7E70120704730B4036A026A22F099
:107FA800100202624468826922F0807222F4E6427A
:107FB8000D6842EA052223F020038D6843EA051381
:107FC8001C4DA84207D005F50065A84203D005F569
:107FD800E055A84208D1056A25F04005056223F05E
:107FE8008003CD6843EA0513124DA84213D005F566
:107FF8000065A8420FD005F54065A8420BD005F5ED
:108008008065A84207D005F58065A84203D005F52C
:108018000065A84207D124F440644D6944EA850408
:108028008D6944EA8504446082614A688263036218
:1080380030BC7047002C014038B590F83C30012B1B
:1080480000F0958004460D46012380F83C30142A40
:1080580000F28880DFE802F00B8686861F86868617
:1080680034868686488686865D86868671000068A0
:10807800FFF784FD2268936943F00803936122683F
:10808800936923F0040393612268936929690B4378
:108098009361002067E00068FFF77EFF226893691C
:1080A80043F4006393612268936923F480639361C6
:1080B80022689369296943EA01239361002052E009
:1080C8000068FFF7B3FD2268D36943F00803D36162
:1080D8002268D36923F00403D3612268D36929692C
:1080E8000B43D36100203EE00068FFF7EFFD2268F4
:1080F800D36943F40063D3612268D36923F48063AE
:10810800D3612268D369296943EA0123D361002036
:1081180029E00068FFF72AFE2268136D43F0080380
:1081280013652268136D23F0040313652268136D29
:1081380029690B431365002015E00068FFF74EFE20
:108148002268136D43F4006313652268136D23F4EA
:10815800806313652268136D296943EA0123136557
:10816800002000E00120002384F83C3038BD0220C4
:10817800FCE7000090F83C20012A4CD030B40346BC
:10818800012280F83C20022280F83D2000684268E5
:108198008468224DA84207D005F50065A84203D09F
:1081A80005F5E055A84203D122F470024D682A4330
:1081B80022F0007222F070020D682A4342601A68A9
:1081C800164882421AD0B2F1804F17D0A0F59430E9
:1081D800824213D000F5806082420FD000F58060A3
:1081E80082420BD000F59430824207D000F54060FF
:1081F800824203D000F58050824204D124F08004EA
:10820800896821439160012283F83D20002083F88A
:108218003C0030BC70470220704700BF002C014072
:1082280090F83C30012B49D010B40246012380F865
:108238003C30CB6823F440738868034323F480639D
:108248004868034323F400630868034323F4805316
:108258000869034323F400534869034323F4804324
:10826800086B034323F47023886943EA004323F02F
:108278008053C86903431068114CA04207D004F525
:108288000064A04203D004F5E054A04210D123F4C6
:1082980070038C6A43EA045323F080730C6A234307
:1082A80023F000734C6A234323F00053C96A0B433D
:1082B8004364002082F83C0010BC704702207047DD
:1082C800002C0140026852E8003F23F4907342E812
:1082D80000310029F6D1026802F1080353E8003F93
:1082E80023F0805323F00103083242E800310029CB
:1082F800F1D1C36E012B06D02023C0F88C300023A7
:10830800C36643677047026852E8003F23F01003D2
:1083180042E800310029F6D1EEE7000070B50446C6
:10832800016883680269134342691343C2691343AE
:108338000868964A02401A430A602268536823F480
:108348004053E1680B435360A1692268904B9A42FD
:1083580001D0236A1943936823F06E4323F43063F2
:108368000B4393602268D36A23F00F03616A0B43BF
:10837800D3622368874A934210D0874A934221D018
:10838800864A934237D0864A93425CD0854A9342C4
:108398006BD07F4A93427DD010223AE002F55842D2
:1083A800D2F8882002F00302032A09D8DFE802F095
:1083B8000204870601222CE004222AE0082228E091
:1083C800102226E002F5E632D2F8882002F00C02EC
:1083D8000C2A0ED8DFE802F0070D0D0D090D0D0D62
:1083E800750D0D0D0B00002213E0042211E0082288
:1083F8000FE010220DE002F5E432D2F8882002F0F6
:108408003002202A5FD01AD8002A5ED0102A5ED106
:1084180004225F498B4276D0E069B0F5004F00F046
:10842800C980082A00F23481DFE812F0F700190148
:10843800F50032011C013201320132011F01302ADC
:1084480047D10822E5E702F5E232D2F8882002F0A7
:10845800C002802A3FD004D8FAB3402A3FD1042270
:10846800D7E7C02A3DD10822D3E702F5E032D2F897
:10847800882002F44072B2F5007F34D005D8A2B348
:10848800B2F5807F33D10422C3E7B2F5407F30D103
:108498000822BEE702F5C832D2F8882002F440620A
:1084A800B2F5006F27D005D83AB3B2F5806F26D160
:1084B8000422AEE7B2F5406F23D10822A9E70222D1
:1084C800A7E70222A5E70222A3E70022A1E71022DC
:1084D8009FE710229DE702229BE7002299E71022DE
:1084E80097E7102295E7022293E7002291E71022EE
:1084F8008FE710228DE702228BE7002289E71022FE
:1085080087E7102285E7082A00F2B280DFE802F048
:1085180008B03BB038B0B0B005004FF4004004E0FC
:10852800FEF74CFE002800F0A580626A1E4B33F867
:108538001220B0FBF2F3656805EB4501994200F2A1
:108548009B80B3EB053F00F2998000263346314605
:10855800F8F796FD090241EA106100026B08C0189D
:108568002A46334641F10001F8F78AFDA0F540722A
:108578000E4B9A4200F284802368D860304665E04A
:10858800FEF7D6FCCEE70A48CFE700BFF369FFCF76
:10859800008000400038014000440040004800408E
:1085A800004C004000500040A8D10008FFFC0F001C
:1085B8000024F400082A65D8DFE802F007270564DC
:1085C8002A6464640B00354803E0FEF7F7FD0028D1
:1085D8005AD0626A324B33F81230B0FBF3F062685B
:1085E800530803EB4003B3FBF2F3A3F110014FF67A
:1085F800EF7291424AD89AB222F00F02C3F34203B3
:1086080013432268D360002020E0FEF7E9FDDEE78F
:10861800FEF78EFCDBE7214803E0FEF7CFFD0028DC
:1086280038D0626A1E4B33F81230B0FBF3F063683F
:1086380000EB5300B0FBF3F0A0F110024FF6EF731C
:108648009A4229D8236880B2D86000200123A4F870
:108658006A30A4F8683000236367A36770BDFEF72B
:10866800BFFDDCE7FEF764FCD9E74FF40040D8E72C
:108678000120EBE70020E9E70120E7E70120E5E733
:108688000120E3E70120E1E70020DFE70120DDE743
:108698000120DBE70020D9E70120D7E70024F40018
:1086A800A8D10008836A13F0080F06D0026853683F
:1086B80023F40043816B0B435360836A13F0010F6B
:1086C80006D00268536823F40033C16A0B43536031
:1086D800836A13F0020F06D00268536823F48033CC
:1086E800016B0B435360836A13F0040F06D00268D2
:1086F800536823F48023416B0B435360836A13F060
:10870800100F06D00268936823F48053C16B0B43A3
:108718009360836A13F0200F06D00268936823F4ED
:108728000053016C0B439360836A13F0400F0AD027
:108738000268536823F48013416C0B435360436C05
:10874800B3F5801F0BD0836A13F0800F06D0026840
:10875800536823F40023C16C0B43536070470268CD
:10876800536823F4C003816C0B435360EBE72DE996
:10877800F84305460E4617469946DDF820802B68D3
:10878800DC6936EA04040CBF01240024BC4236D15B
:10879800B8F1FF3FF3D0F9F7E7FEA0EB0900404539
:1087A80030D8B8F1000F2FD02B681A6812F0040FD8
:1087B800E5D0802EE3D0402EE1D0DA6912F0080F20
:1087C80011D1DA6912F4006FD9D04FF400621A623D
:1087D8002846FFF777FD2023C5F89030002385F859
:1087E800843003200CE008241C622846FFF76AFD49
:1087F800C5F89040002385F88430012000E000206F
:10880800BDE8F8830320FBE70320F9E72DE9F041F1
:1088180082B01E46D0F88830202B60D104460D4621
:10882800904600295FD00AB9012059E00023C0F81A
:1088380090302123C0F88830F9F796FE0746A4F84F
:108848005480A4F85680A368B3F5805F02D04FF037
:1088580000081CE0236973B34FF0000817E02023D9
:10886800C4F8883003203BE038F8023B2268C3F3A1
:1088780008039362D4F8883003F02103212B34D104
:10888800B4F8562092B2013A92B2A4F85620B4F83D
:1088980056309BB293B100963B4600228021204679
:1088A800FFF765FF0028DAD1002DDDD015F8012B80
:1088B80023689A62DEE7A8460025E8E700963B466B
:1088C800002240212046FFF752FF18B92023C4F8A0
:1088D800883005E02023C4F88830032000E0022017
:1088E80002B0BDE8F0810120FAE70120F8E730B5D1
:1088F80083B004460023C0F89030F9F735FE0546EA
:108908002268126812F0080F10D123681B6813F050
:10891800040F28D12023C4F88830C4F88C300020F4
:10892800E066206784F8840003B030BD6FF07E43B2
:108938000093034600224FF400112046FFF717FF6B
:108948000028E2D0226852E8003F23F0800342E882
:1089580000310029F6D12023C4F88830002384F898
:1089680084300320E0E76FF07E4300932B4600221B
:108978004FF480012046FFF7FAFE0028CAD022688B
:1089880052E8003F23F4907342E800310029F6D101
:10899800226802F1080353E8003F23F0010308327C
:1089A80042E800310029F3D12023C4F88C30002399
:1089B80084F884300320B7E778B310B50446D0F8BC
:1089C80088300BB32423C4F888302268136823F056
:1089D80001031360A36AE3B92046FFF79FFC01284F
:1089E80011D02268536823F4904353602268936837
:1089F80023F02A0393602268136843F0010313608D
:108A08002046FFF774FF10BD80F88430F9F7B6FCF4
:108A1800D8E72046FFF746FEDEE701207047000052
:108A2800436E2BB90123A0F86A30A0F8683070476C
:108A380030B403689A68C2F342629968490F094DD5
:108A48006B5CDB00084C615C93FBF1F3A0F86A30C7
:108A5800AB5CDB00A25C93FBF2F3A0F8683030BC9F
:108A6800704700BFC8D10008C0D1000890F8843012
:108A7800012B18D0012380F884302423C0F88830D3
:108A880003681A68196821F00101196022F0005280
:108A98000023436601680A602022C0F8882080F815
:108AA8008430184670470220704738B590F88430F3
:108AB800012B1DD00446012380F884302423C0F8FC
:108AC800883003681D681A6822F001021A6002687B
:108AD800936823F0604319439160FFF7A1FF23686F
:108AE8001D602023C4F88830002084F8840038BD35
:108AF8000220FCE738B590F88430012B1DD00446DD
:108B0800012380F884302423C0F8883003681D6866
:108B18001A6822F001021A600268936823F0606301
:108B280019439160FFF77CFF23681D602023C4F878
:108B38008830002084F8840038BD0220FCE7034612
:108B48000020A3F844004BF68072A3F84020704739
:108B5800B0F8403023F47E535B045B0CA0F840303F
:108B68000020704782B0034602A800E906000122EF
:108B7800A3F840200020A3F84000A3F84400A3F87D
:108B8800500002B0704710B5034691F800C030F8A5
:108B98002C2092B222F4EC4222F0700292B2C878F1
:108BA800032861D8DFE800F0555C0258002048F23D
:108BB800800E42EA0E0223F82C2091F800C033F808
:108BC8002C2092B222F4E04222F070024CEA020217
:108BD80042EA0E0223F82C200A7B002A40F0DC80AF
:108BE8004A78002A51D0B3F8502013FA82F20C7850
:108BF80002EBC402B1F806C04FEA5C0C4FEA4C0C19
:108C0800A2F800C40C7833F8242012F0400F0CD0DE
:108C180033F8242092B222F4E04222F0700242F4A7
:108C2800004242F0C00223F82420CA78012A1DD04D
:108C3800097833F8212092B222F4E04222F040026F
:108C480082F0200242F4004242F0800223F8212000
:108C5800C3E142F40072AAE742F4C0620020A6E72A
:108C680042F480620020A2E70120A0E7097833F8E7
:108C7800212092B222F4E04222F0400242F4004263
:108C880042F0800223F82120A7E1B3F8502013FA1C
:108C980082F20C7802EBC402B1F806C04FEA5C0C11
:108CA8004FEA4C0CA2F804C4B3F8502013FA82F22D
:108CB8000C7802EBC402B2F806C4CCF3090CA2F893
:108CC80006C40C6974BBB2F806C46FEA4C4C6FEA70
:108CD8005C4C1FFA8CFCA2F806C40C7833F82420EC
:108CE80012F4804F0CD033F8242092B222F4E042E0
:108CF80022F0700242F4404242F0800223F824201D
:108D08000978C9BB33F8212092B222F4804222F0BC
:108D1800700282F4405242F4004242F0800223F88A
:108D280021205AE13E2C12D84FEA540C14F0010FBE
:108D380001D00CF1010CB2F80644A4B24FEA8C2C15
:108D48001FFA8CFC44EA0C04A2F80644C5E74FEA73
:108D5800541C14F01F0F01D10CF1FF3CB2F806446B
:108D6800A4B24FEA8C2C1FFA8CFC44EA0C0444F49D
:108D78000044A2F80644B0E733F8212092B222F466
:108D8800804222F0700282F4005242F4004242F023
:108D9800800223F8212020E1CA78022A74D091F8B1
:108DA80000C033F82C2092B222F4E24222F0700282
:108DB80042F4004242F0800223F82C20B3F85020FD
:108DC80013FA82F291F800C002EBCC02B1F808C0A5
:108DD8004FEA5C0C4FEA4C0CA2F800C4B3F85020E0
:108DE80013FA82F291F800C002EBCC02B1F80AC083
:108DF8004FEA5C0C4FEA4C0CA2F804C44A78002AEB
:108E080040F0F7800C7833F8242012F4804F0CD00F
:108E180033F8242092B222F4E04222F0700242F4A5
:108E2800404242F0800223F824200C7833F82420B2
:108E380012F0400F0CD033F8242092B222F4E04212
:108E480022F0700242F4004242F0C00223F82420CB
:108E58004A78002A51D1B3F8502013FA82F20C78DC
:108E680002EBC402B2F80244C4F30904A2F80244B3
:108E78000C69C4B9B2F802446FEA44446FEA544436
:108E8800A4B2A2F802443AE00C7833F8242092B253
:108E980022F4E04222F0700242F4014242F08002E1
:108EA80023F824208AE73E2C12D84FEA540C14F0F9
:108EB800010F01D00CF1010CB2F80244A4B24FEA40
:108EC8008C2C1FFA8CFC44EA0C04A2F8024416E02D
:108ED8004FEA541C14F01F0F01D10CF1FF3CB2F8FB
:108EE8000244A4B24FEA8C2C1FFA8CFC44EA0C040E
:108EF80044F40044A2F8024401E0012A1BD04A7855
:108F0800002A4DD1B3F8502013FA82F20C7802EB04
:108F1800C402B2F80644C4F30904A2F806440C6972
:108F2800A4B9B2F806446FEA44446FEA5444A4B2C0
:108F3800A2F8064436E0B3F8502013FA82F20C780F
:108F480002EBC4020C8AA2F80244D8E73E2C12D8DD
:108F58004FEA540C14F0010F01D00CF1010CB2F8D7
:108F68000644A4B24FEA8C2C1FFA8CFC44EA0C0489
:108F7800A2F8064416E04FEA541C14F01F0F01D162
:108F88000CF1FF3CB2F80644A4B24FEA8C2C1FFA4D
:108F98008CFC44EA0C0444F40044A2F8064401E0C2
:108FA800012A1BD091F800C033F82C2092B222F489
:108FB800804222F0700282F4405248F28004224338
:108FC80023F82C20097833F8212092B222F4E042C9
:108FD80022F04002224323F8212010BDB3F850208C
:108FE80013FA82F20C7802EBC4020C8AA2F8064447
:108FF800D8E70C7833F8242012F4804F0CD033F8DB
:10900800242092B222F4E04222F0700242F440425C
:1090180042F0800223F824200C7833F8242012F040
:10902800400F0CD033F8242092B222F4E04222F010
:10903800700242F4004242F0C00223F82420CA78A9
:10904800012A1ED00C7833F8242092B222F4E04290
:1090580022F0400282F0200242F4004242F08002F4
:1090680023F82420097833F8212092B222F4804290
:1090780022F0700242F4004242F0800223F82120DC
:10908800ABE70C7833F8242092B222F4E04222F0C5
:10909800400242F4004242F0800223F82420E1E733
:1090A8000B7B002B46D14B7813B30A7830F822306B
:1090B80013F0400F0CD030F822309BB223F4E04379
:1090C80023F0700343F4004343F0C00320F8223038
:1090D8000A7830F822309BB223F4E04323F04003AF
:1090E80043F4004343F0800320F822300020704707
:1090F8000A7830F8223013F4804F0CD030F8223040
:109108009BB223F4E04323F0700343F4404343F05D
:10911800800320F822300A7830F822309BB223F4FA
:10912800804323F0700343F4004343F0800320F8A6
:109138002230DBE74B78002B4ED10A7830F822300A
:1091480013F4804F0CD030F822309BB223F4E04364
:1091580023F0700343F4404343F0800320F82230A7
:109168000A7830F8223013F0400F0CD030F8223053
:109178009BB223F4E04323F0700343F4004343F02D
:10918800C00320F822300A7830F822309BB223F44A
:10919800E04323F0700343F4004343F0C00320F896
:1091A80022300A7830F822309BB223F4804323F02F
:1091B800700348F2800C43EA0C0320F822300A7846
:1091C80030F822309BB223F4E04323F0400343EA13
:1091D8000C0320F8223089E70A7830F8223013F49B
:1091E800804F0CD030F822309BB223F4E04323F0B8
:1091F800700343F4404343F0800320F822300A7898
:1092080030F8223013F0400F0CD030F822309BB2E7
:1092180023F4E04323F0700343F4004343F0C00316
:1092280020F822300A7830F822309BB223F4E04349
:1092380023F0700343F4404343F0800320F82230C6
:109248000A7830F822309BB223F4E04323F040033D
:1092580048F2800C43EA0C0320F822300A7830F8F0
:1092680022309BB223F4804323F0700343EA0C03BB
:1092780020F822303AE74B788BB10A7830F8223060
:109288009BB223F4E04323F0400383F0100343F43C
:10929800004343F0800320F82230002070470A780A
:1092A80030F822309BB223F4804323F0700383F418
:1092B800805343F4004343F0800320F82230ECE766
:1092C8004B7833B30A7830F8223013F0400F0CD0C3
:1092D80030F822309BB223F4E04323F0700343F4C8
:1092E800004343F0C00320F82230CB78012B33D061
:1092F8000A7830F822309BB223F4E04323F040038D
:1093080083F0200343F4004343F0800320F8223025
:1093180022E00A7830F8223013F4804F0CD030F86D
:1093280022309BB223F4E04323F0700343F440431C
:1093380043F0800320F822300A7830F822309BB2BC
:1093480023F4804323F0700383F4405343F4004331
:1093580043F0800320F822300020704711B98023A1
:10936800A0F84C3000207047B0F858306FEA4343FB
:109378006FEA53439BB2A0F8583000207047B0F80A
:10938800440080B2704701335B08024402F58062F2
:1093980008E0087891F801C040EA0C2022F8020B96
:1093A8000231013B002BF4D1704770B505460C46DD
:1093B8004B78012B1AD00B7B002B40F092828B69E3
:1093C800002B40F06582CB78002B40F061820A7850
:1093D80030F822309BB223F4E04323F0700343F4C7
:1093E800014343F0800320F822305FE28E690A6966
:1093F800964200D91646217B41B3E178022947D02D
:10940800226A921B2262227835F8221011F0400F4E
:1094180000F0F681002B40F0E381B5F8503015FAE2
:1094280083F303EBC202B2F80634C3F30903A2F8CC
:109438000634002E40F0B481B2F806346FEA434394
:109448006FEA53439BB2A2F80634D2E1B6B2334670
:10945800E28861692846FFF796FFB5F8503015FA9B
:1094680083F3227803EBC203A3F80264227835F869
:1094780022309BB223F4E04323F0400383F030030F
:1094880043F4004343F0800325F82230002024E20F
:10949800236A9A4280F06681227835F822309BB29E
:1094A80023F4E04323F0700343F4014343F08003C3
:1094B80025F82230236A9B1B2362237835F8232062
:1094C80012F0400F00F0A7806278B2BBB5F85020C8
:1094D80015FA82F202EBC303B3F80624C2F30902B9
:1094E800A3F806244EB9B3F806246FEA42426FEA9D
:1094F800524292B2A3F8062421E03E2E0DD87208FB
:1095080016F0010F00D00132B3F8061489B29202A6
:1095180092B20A43A3F8062411E0710916F01F0F4E
:1095280000D10139B3F8062492B2890289B20A43FC
:1095380042F40042A3F8062401E0012A29D0B3B27C
:10954800628961692846FFF71EFF636933446361D6
:10955800236A2269934226D99B1B23626378002BD6
:1095680045D1B5F8503015FA83F3227803EBC203DE
:10957800B3F80224C2F30902A3F80224BEB9B3F86F
:1095880002246FEA42426FEA524292B2A3F80224DE
:109598002FE0B5F8502015FA82F202EBC303B2B2FD
:1095A800A3F80624CBE7002222621E46D6E73E2E09
:1095B8000DD8720816F0010F00D00132B3F802146A
:1095C80089B2920292B20A43A3F8022411E0710907
:1095D80016F01F0F00D10139B3F8022492B28902A4
:1095E80089B20A4342F40042A3F8022401E0012BA5
:1095F80006D0B3B2228961692846FFF7C4FE35E771
:10960800B5F8503015FA83F3227803EBC203B2B2EF
:10961800A3F80224EDE76278B2BBB5F8502015FA3A
:1096280082F202EBC303B3F80224C2F30902A3F8DF
:1096380002244EB9B3F802246FEA42426FEA52425A
:1096480092B2A3F8022421E03E2E0DD8720816F03B
:10965800010F00D00132B3F8021489B2920292B21B
:109668000A43A3F8022411E0710916F01F0F00D174
:109678000139B3F8022492B2890289B20A4342F44A
:109688000042A3F8022401E0012A29D0B3B22289BA
:1096980061692846FFF777FE636933446361236A8B
:1096A8002269934226D99B1B23626378002B45D1FC
:1096B800B5F8503015FA83F3227803EBC203B3F8F8
:1096C8000624C2F30902A3F80624BEB9B3F8062497
:1096D8006FEA42426FEA524292B2A3F806242FE0A0
:1096E800B5F8502015FA82F202EBC303B2B2A3F820
:1096F8000224CBE7002222621E46D6E73E2E0DD872
:10970800720816F0010F00D00132B3F8061489B2BE
:10971800920292B20A43A3F8062411E0710916F0E6
:109728001F0F00D10139B3F8062492B2890289B219
:109738000A4342F40042A3F8062401E0012B06D0B4
:10974800B3B2628961692846FFF71DFE8EE6B5F857
:10975800503015FA83F3227803EBC203B2B2A3F8B0
:109768000624EDE7217835F8212092B222F4E2426E
:1097780022F0700242F4004242F0800225F82120D3
:10978800B5F8502015FA82F2217802EBC1029BB29B
:10979800A2F80234228961692846FFF7F4FD65E6DC
:1097A8003E2E0DD8730816F0010F00D00133B2F821
:1097B800061489B29B029BB20B43A2F8063418E048
:1097C800710916F01F0F00D10139B2F806349BB2A7
:1097D800890289B20B4343F40043A2F8063408E037
:1097E800B5F8503015FA83F303EBC203B2B2A3F80D
:1097F8000624B3B2628961692846FFF7C4FD35E6DD
:10980800B3BBB5F8503015FA83F303EBC202B2F8D4
:109818000234C3F30903A2F802344EB9B2F8023491
:109828006FEA43436FEA53439BB2A2F8023428E03D
:109838003E2E0DD8730816F0010F00D00133B2F890
:10984800021489B29B029BB20B43A2F8023418E0BF
:10985800710916F01F0F00D10139B2F802349BB21A
:10986800890289B20B4343F40043A2F8023408E0AA
:10987800B5F8503015FA83F303EBC203B2B2A3F87C
:109888000224B3B2228961692846FFF77CFDEDE521
:10989800227835F822309BB223F4E24323F0700398
:1098A80043F4004343F0800325F82230A36922697A
:1098B800934213D99B1AA361227835F822309BB2C0
:1098C80023F4804323F0700383F4405343F40043AC
:1098D80043F0800325F82230002070BD0023A361E7
:1098E800EAE7CB78022B04D0012B1ED100238B6131
:1098F800E2E7CB69002BDFD00A7830F8221044F277
:10990800400303EA01008B4301D00028D4D135F885
:1099180022309BB223F4E04323F0700343F4004366
:1099280043F0C00325F82230C6E70120D5E710B47C
:109938005C08024402F5806207E032F8020B087006
:10994800C0F3072048700231013C002CF5D113F018
:10995800010F01D013880B7010BC704710B5D0F8F8
:10996800BC4284B1D0F8C0327BB194F80002FF2821
:109978000DD09B6894F8012221469847FF2384F86C
:109988000032002010BD0320FCE70020FAE7002089
:10999800F8E7000043230380004870475000002088
:1099A800432303800048704794000020432303802A
:1099B800004870470C0000200A23038000487047C5
:1099C8001001002038B5D0F8BC5275B1044601F03A
:1099D800F2F8C5F80C02D4F8C032DB6805F503715B
:1099E800D5F804029847002038BD0320FCE710B5DD
:1099F800D0F8C442D0F8BC3253B301EB810200EB7B
:109A0800820292694AB101EB810C04EBCC04246A0E
:109A1800B2FBF4FC04FB1C2272B10022C3F814222E
:109A2800D0F8C0221469ACB10A4603F50471D3F822
:109A38000802A047002010BD01EB810300EB83035F
:109A480000249C612346224601F0A5F82046F2E74F
:109A58000320F0E70020EEE7F0B583B0D0F8BC6251
:109A680000238DF80730ADF80430002E6CD007467F
:109A78000C460B7813F060052AD0202D5ED1CA88D9
:109A8800F2B113F0800F0FD0D0F8C0329B68314686
:109A980060789847E288072A28BF07223146384667
:109AA80000F0ECFD00254CE04B7886F800328B790D
:109AB80086F80132CA88314600F0F5FD002540E0FD
:109AC800D0F8C0329B68002248789847002538E0D3
:109AD8004E780B2E2ED8DFE806F006342D2D2D2DCE
:109AE8002D2D2D2D152490F89C32DBB2032B03D09D
:109AF80000F08AFA032524E0022201A900F0BEFD45
:109B080035461EE090F89C32DBB2032B03D000F000
:109B18007BFA032515E001220DF1070100F0AEFDE7
:109B28000FE090F89C32DBB2032B0AD000F06CFAFD
:109B3800032506E000F068FA032502E000F064FA65
:109B48000325284603B0F0BD0325FAE738B50446D7
:109B5800812100F0EAFF002525870121204600F039
:109B6800E4FFA4F878518221204600F0DEFFA4F833
:109B78004C50A4F84E50D4F8BC324BB1D4F8C03293
:109B88005B689847D4F8BC0201F044F8C4F8BC52AA
:109B9800002038BD70B504464FF4077001F036F860
:109BA800B8B30646C4F8BC02237CBBBB4FF40073B1
:109BB80002228121204600F0ADFF012525874FF4C0
:109BC800007302222946204600F0A4FFA4F8785129
:109BD8001023A4F84E30082303228221204600F0E7
:109BE80099FF0123A4F84C30D4F8C0321B68984779
:109BF8000023C6F81432C6F81832257C15BB4FF47A
:109C08000073D6F804220121204600F0CCFF284634
:109C180070BD0023C4F8BC320225F8E740230222B5
:109C28008121204600F076FF012525874023022266
:109C38002946204600F06EFFA4F878511023A4F8B6
:109C48004E30C8E74023D6F804220121204600F010
:109C5800AAFF0025DBE719B1C0F8C0120020704741
:109C680003207047D0F8BC322BB1C3F80812C3F8F0
:109C780010220020704703207047D0F8BC321BB177
:109C8800C3F804120020704703207047D0F8BC22A4
:109C980092B108B5D2F814320BB1012008BD0123E6
:109CA800C2F81432D2F81032C362D2F808228121E5
:109CB80000F071FF0020F1E70320704710B5D0F8DD
:109CC800BC2292B1047C44B94FF40073D2F8042248
:109CD800012100F068FF204610BD4023D2F804227D
:109CE800012100F060FF0024F5E70324F3E798B1B1
:109CF80008B503460020C3F8B802C3F8C002C3F889
:109D0800CC0209B1C3F8B412012183F89C121A706D
:109D1800184600F0B3FE08BD0320704710B582B0A6
:109D28000023ADF8063061B10446C0F8B812CB6A1A
:109D38004BB10DF106009847C4F8CC02002002B0E0
:109D480010BD0320FBE70020F9E708B500F0DAFEB4
:109D580008BD08B5D0F8B83213B11B68984708BDDC
:109D68000320FCE708B5D0F8B8320BB15B68984718
:109D7800002008BD38B5044600F2AA25284600F0A0
:109D88002FF90123C4F89432B4F8B032C4F89832E9
:109D980094F8AA1201F01F03012B0DD0022B10D04A
:109DA8002BB101F08001204600F0C7FE03E02946F0
:109DB800204600F0E4FA38BD2946204600F017FB9B
:109DC800F9E72946204600F046FBF4E738B5044693
:109DD8000D4641BB1346D0F89422032A01D0084609
:109DE80038BDD0F85C11D0F86021914209D890F8BC
:109DF8009C32DBB2032B0FD0204600F06BFC2846C8
:109E0800EEE7891AC0F85C118A4228BF0A4619464B
:109E180000F058FC2846E3E7D0F8B8321B69002B5D
:109E2800EAD09847E8E790F89C32DBB2032B01D0E0
:109E38000020D5E7D0F8B8329B690BB19847CFE737
:109E48000020CDE738B504460D4600294AD113460F
:109E5800D0F89422022A05D094F8A032012B3CD0E5
:109E6800284638BDC269016A8A420ED88A4218D08B
:109E780094F89C32DBB2032B27D08021204600F0D7
:109E88005CFE204600F031FCE6E7521AC261194632
:109E980000F001FC00231A461946204600F083FE14
:109EA800DAE783699942E3D8D0F898229342DFD25F
:109EB8000022114600F0EFFB0021C4F898120B466F
:109EC8000A46204600F06FFEC6E7D4F8B832DB68D1
:109ED800002BD2D020469847CFE7002384F8A03241
:109EE8002846BEE790F89C32DBB2032B01D0002055
:109EF800B7E7D0F8B8325B690BB19847B1E70020F3
:109F0800AFE7012380F89C320023C0F89432436005
:109F1800C0F8A432D0F8B832F3B170B50446D0F81E
:109F2800BC221AB15B680BB100219847402300227C
:109F38001146204600F0EEFD0126A4F86461402594
:109F4800C4F860512B4600228021204600F0E2FD33
:109F5800A6842562002070BD03207047017400208C
:109F6800704790F89C32DBB280F89D32042380F869
:109F78009C320020704790F89C32DBB2042B01D051
:109F88000020704790F89D32DBB280F89C32F7E7EA
:109F9800D0F8B82262B108B590F89C32DBB2032B36
:109FA80001D0002008BDD36923B198470020F9E704
:109FB800032070470020F5E70346002002E0013047
:109FC800C0B201331A78002AF9D1704708B54B8816
:109FD800012B00D008BDC0F8A43200F07BFBF9E7E4
:109FE8000B7803704B7843708B78CA7843EA022366
:109FF80043800B794A7943EA022383808B79CA79B3
:10A0080043EA0223C380704710B50446802100F05C
:10A0180094FD0021204600F090FD10BD30B583B0BE
:10A0280004460D460023ADF806304A88130A013B62
:10A038000E2B00F2BC80DFE803F0153044BABA9E5C
:10A04800ABBABABABABABABA0800D0F8B432DB694D
:10A0580023B10DF10601007C98470AE02946FFF775
:10A06800D3FF18E0D0F8B4321B680DF10601007C6C
:10A078009847EA88002A00F0A380BDF80630002B34
:10A0880000F099809A4228BF1A46ADF8062001468A
:10A09800204600F0F3FA03B030BD037C43B9D0F892
:10A0A800B8329B6A0DF10600984702234370E0E737
:10A0B800D0F8B832DB6A0DF10600984702234370E6
:10A0C800D7E7D2B2052A52D8DFE802F003101D2ADA
:10A0D8003744D0F8B4325B6823B10DF10601007C37
:10A0E8009847C6E72946FFF78FFFD4E7D0F8B43280
:10A0F8009B6823B10DF10601007C9847B9E7294612
:10A10800FFF782FFC7E7D0F8B432DB6823B10DF15F
:10A118000601007C9847ACE72946FFF775FFBAE7C8
:10A12800D0F8B4321B6923B10DF10601007C9847C1
:10A138009FE72946FFF768FFADE7D0F8B4325B69BF
:10A1480023B10DF10601007C984792E72946FFF7F5
:10A158005BFFA0E7D0F8B4329B6923B10DF106018B
:10A16800007C984785E72946FFF74EFF93E7294685
:10A17800FFF74AFF8FE7037C33B9D0F8B8325B6B3F
:10A188000DF10600984774E72946FFF73DFF82E77F
:10A19800037C43B9D0F8B8321B6B0DF10600984721
:10A1A8000723437065E72946FFF72EFF73E7294623
:10A1B800FFF72AFF6FE729462046FFF725FF6AE7E2
:10A1C800204600F087FA66E738B504468B88FBB965
:10A1D800CB88EBB94B887F2B1AD803F07F0590F812
:10A1E8009C32DBB2032B0CD080F89E52294600F03B
:10A1F800CAFC204600F06EFA35B1022384F89C327E
:10A2080009E0FFF701FF06E0012384F89C3202E031
:10A218002046FFF7F9FE38BD70B504460E468D7826
:10A228002E4B1D70012D10D890F89C32DBB2022BFA
:10A238000FD0032B23D0FFF7E7FE284B19782046D1
:10A24800FFF790FD0325284670BDFFF7DDFE0325C7
:10A25800F9E78DB145602946FFF77BFD054620B13A
:10A2680031462046FFF7D0FEEDE7204600F032FAEF
:10A27800032384F89C32E6E700F02CFAE3E7CDB13B
:10A2880041688D4225D0C9B2FFF76CFD134B197890
:10A2980061602046FFF75DFD0546B0B131462046B6
:10A2A800FFF7B2FE21792046FFF75CFD022384F810
:10A2B8009C32C8E7022380F89C3245602946FFF7A4
:10A2C80051FD204600F006FABDE7204600F002FAEC
:10A2D800B9E700F0FFF90025B5E700BFDC0700206B
:10A2E80008B5CB88012B0BD190F89C32DBB2022B3E
:10A2F80009D9032B09D10122011D00F0BFF901E0A2
:10A30800FFF782FE08BD5BB213B9FFF77DFEF9E7E0
:10A318000146002341F8083F012200F0AFF9F1E7B8
:10A3280008B590F89C32013B022B12D8CB88022B3F
:10A338000CD10123C360D0F8A4320BB10323C3604E
:10A34800022200F10C0100F099F908BDFFF75CFE4C
:10A35800FBE7FFF759FEF8E708B590F89C32013B98
:10A36800022B09D84B88012B00D008BD0023C0F868
:10A37800A43200F0AFF9F8E7FFF746FEF5E738B585
:10A388000C7804F06004202C06D0402C04D054B182
:10A39800FFF73AFE002404E0D0F8B8329B689847EB
:10A3A8000446204638BD4D78092D1DD8DFE805F054
:10A3B80012191C161C08051C0F0BFFF72FFEF0E7DF
:10A3C800FFF702FFEDE7FFF727FF0446E9E7FFF78E
:10A3D80087FFE6E7FFF7A4FF2C46E2E7FFF7F6FD65
:10A3E800DFE7FFF7B9FFDCE7FFF70EFED9E770B547
:10A3F80005460C460B7803F06003202B07D0402B52
:10A4080005D023B1FFF700FE0026304670BD95F851
:10A418009C32013B022B18D82379012B0FD8D5F891
:10A42800B8329B682146284698470646E388002BA1
:10A43800EBD10028E9D1284600F04CF9E5E72146A0
:10A448002846FFF7E1FD0026DFE721462846FFF70B
:10A45800DBFD0026D9E7F8B506460D468B880C7853
:10A4680004F06004202C08D0D9B2402C05D06CB17F
:10A478002946FFF7C9FD002406E0D6F8B8329B68E4
:10A4880029463046984704462046F8BD6F78012F84
:10A498002FD0032F05D0002F59D02946FFF7B4FD40
:10A4A800F2E790F89C32DBB2022B05D0032B12D0D6
:10A4B8002946FFF7A9FDE7E709B1802904D1294614
:10A4C8003046FFF7A1FDDFE700F037FB802130467B
:10A4D80000F033FBD8E76B8823B919B1802901D084
:10A4E800EB881BB1304600F0F5F8CDE700F025FB0E
:10A4F800F8E790F89C32DBB2022B05D0032B12D080
:10A508002946FFF781FDBFE709B1802904D1294613
:10A518003046FFF779FDB7E700F00FFB80213046A2
:10A5280000F00BFBB0E76B88002BADD111F07F0F6B
:10A538000AD1304600F0CEF8D6F8B8329B682946E2
:10A548003046984704469FE700F0FFFAF1E790F895
:10A558009C22D2B2022A06D0032A29D02946FFF724
:10A5680053FD3C4690E709B1802913D113F0800FC1
:10A5780015D101F07F0101EB8101890001F5A87176
:10A588003144043100230B600222304600F076F893
:10A598003C4679E72946FFF737FD3C4674E701F06A
:10A5A8007F0101EB81018900103131440431E9E771
:10A5B8005BB2002B1FDB01F00F0202EB820200EB03
:10A5C8008202B2F8642122B3002B27DB01F07F035B
:10A5D80003EB83039C0004F5A8743444043409B1E4
:10A5E800802924D10023236002222146304600F02E
:10A5F80045F83C4648E701F00F0202EB820200EB07
:10A608008202928C002ADFD12946FFF7FDFC3C46E6
:10A618003AE72946FFF7F8FC3C4635E701F07F03A7
:10A6280003EB83039C00103434440434D7E73046EA
:10A6380000F093FA10B101232360D5E700232360CB
:10A64800D2E7D0B170B50D4616460446FFF7B4FC04
:10A65800431C5B009BB233802B7003236B70022377
:10A6680007E0EA5401345A1CD2B20021A95402333B
:10A67800DBB22278002AF4D170BD704708B51346C2
:10A688000222C0F894228361C3610A46002100F0C7
:10A6980082FA002008BD08B513460A46002100F0DA
:10A6A8007AFA002008BD08B513460322C0F89422A0
:10A6B800C0F85831C0F85C310A46002100F073FA3E
:10A6C800002008BD08B513460A46002100F06BFAC1
:10A6D800002008BD08B50422C0F8942200231A46B9
:10A6E800194600F058FA002008BD08B50522C0F840
:10A6F800942200231A46194600F055FA002008BD96
:10A7080008B500220F491048FFF7F1FA70B90F4950
:10A718000D48FFF703FB60B90D490B48FFF79BFA9B
:10A7280050B90948FFF711FB48B908BDF7F7B8FB5E
:10A73800EDE7F7F7B5FBEFE7F7F7B2FBF1E7F7F768
:10A74800AFFBF2E764010020E0070020D8000020FA
:10A758001C0100200020704700207047002070472F
:10A7680038B5054620B119B10968B1F5803F09D35C
:10A77800064C29462046FFF780FA2046FFF79EFA46
:10A78800002038BD89B201F023FAF1E7E007002084
:10A7980010B5064C002206492046FFF763FA054922
:10A7A8002046FFF76AFA002010BD00BFE00700202E
:10A7B800B00A0020B012002038B5144BD3F8BC32D0
:10A7C800D0B10C460146CCB1B4F5006F18D8CBB166
:10A7D800D3F81432C3B90E4B984203D02246184618
:10A7E80002F0FAFA094D224609492846FFF73AFAD3
:10A7F8002846FFF74BFA38BD0320FCE70320FAE7A9
:10A808000320F8E70120F6E70120F4E7E00700203D
:10A81800B00A002012230B80004870475001002026
:10A8280004230B80004870474C010020002393420A
:10A838001ED200B510E00CF1370C01F813C000016E
:10A848004FEA430C0CF1010C4FF0000E01F80CE03C
:10A858000133DBB2934209D24FEA107CB0F1204FAA
:10A86800E9D20CF1300C01F813C0E8E75DF804FBFD
:10A878007047000038B50B4BD3F89005D3F89445D2
:10A88800D3F89835C01800D138BD074D082229469D
:10A89800FFF7CCFF042205F110012046FFF7C6FFA1
:10A8A800F2E700BF0070FF1F3201002008B51A232D
:10A8B8000B80FFF7DFFF014808BD00BF3001002013
:10A8C80008B50A4628B905490548FFF7BAFE0348FE
:10A8D80008BD02490248FFF7B4FEF8E7B01A0020A5
:10A8E800D0D1000810B50A46034C21460348FFF7AB
:10A8F800A8FE204610BD00BFB01A0020E8D100080D
:10A9080008B50A4628B905490548FFF79AFE0348DD
:10A9180008BD02490248FFF794FEF8E7B01A002084
:10A92800F0D1000808B50A4628B905490548FFF7D7
:10A9380088FE034808BD02490248FFF782FEF8E78F
:10A94800B01A002000D20008032805D8DFE800F07C
:10A9580005040205012070470320704708B5F7F782
:10A96800A1FA08BD10B596B004465422002101A8EA
:10A9780002F0FEF92268114B9A4201D016B010BDC0
:10A988004FF40053019301A8FCF73CFC90B90C4B21
:10A998009A6D42F400029A659B6D03F400030093DC
:10A9A800009B002211461420F9F7ACFB1420F9F79C
:10A9B800B9FBE3E7F7F774FAE9E700BF005C00408A
:10A9C8000010024008B500F52671D0F8D802FFF74C
:10A9D800D1F908BD08B501EB810300EBC303D3F837
:10A9E8006421D0F8D802FFF7F1F908BD08B501EBEA
:10A9F800810300EBC3035A6AD0F8D802FFF722FAA2
:10AA080008BD08B5D0F8D802FFF7C2FA08BD10B5DE
:10AA180004464379022B09D10121D4F8D802FFF763
:10AA28009DFAD4F8D802FFF76CFA10BDF7F738FA98
:10AA3800F2E7000010B50446D0F8D802FFF791FA03
:10AA4800637A23B1024A136943F00603136110BD08
:10AA580000ED00E010B50446437A23B9D4F8D802D3
:10AA6800FFF789FA10BD044A136923F0060313613E
:10AA7800FFF774FFF2E700BF00ED00E010B50446F1
:10AA88001E48C0F8D842C4F8C4021D4B036008230E
:10AA9800037102234371C3710023037243728372EB
:10AAA800C372FAF790FF30BB182300221146D4F87E
:10AAB800C402FBF7DEFE582300228021D4F8C4022A
:10AAC800FBF7D7FEC02300228121D4F8C402FBF78C
:10AAD800D0FE4FF4887300220121D4F8C402FBF79A
:10AAE800C8FE4FF4807300228221D4F8C402FBF719
:10AAF800C0FE002010BDF7F7D3F9D5E7D01E00201F
:10AB0800005C004008B5D0F8C402FAF7B7FFFFF7B9
:10AB18001BFF08BD08B594461A466346D0F8C40220
:10AB2800FBF76AFDFFF710FF08BD08B5D0F8C402AF
:10AB3800FBF7A5FDFFF708FF08BD08B5D0F8C4026C
:10AB4800FBF71FFEFFF700FF08BD08B5D0F8C402E9
:10AB5800FBF750FEFFF7F8FE08BDD0F8C43211F03D
:10AB6800800F08D101F07F0101EB810103EBC103E4
:10AB780093F85201704701F07F0101EB810103EB6B
:10AB8800C103987C704708B5D0F8C402FBF748FCAD
:10AB9800FFF7DAFE08BD08B5D0F8C402FBF7CBFD15
:10ABA800FFF7D2FE08BD08B5D0F8C402FBF79DFD3B
:10ABB800FFF7CAFE08BD08B5D0F8C402FBF7B2FD1E
:10ABC80008BD000010B5044611B101290FD010BD11
:10ABD800437A23B9D4F8D802FFF7CDF9F7E7FFF79E
:10ABE800BDFE094A136923F006031361F2E7D0F8A2
:10ABF800D802FFF7B6F9637A002BE8D0024A136946
:10AC080043F006031361E2E700ED00E000487047F7
:10AC1800B01C002070470170C1F307234370C1F3D3
:10AC280007438370090EC17070470378427843EA7E
:10AC38000223827843EA0243C07843EA00607047FF
:10AC480000B58E464FF0000C4FF0FF330CE05B0868
:10AC58000132072A06D813F0010FF8D0074981EA14
:10AC68005303F5E70CF1010CF44504D210F80C205D
:10AC780053400022EDE7D8435DF804FB2083B8ED8C
:10AC8800F8B504460F462430FFF7CFFF06462421C7
:10AC98002046FFF7D5FF05462046FFF7C6FF1A4BAB
:10ACA800984229D1201DFFF7C0FF012826D1AE42C6
:10ACB80026D104F10800FFF7B8FF386004F10C0052
:10ACC800FFF7B3FF786004F11000FFF7AEFFB8603C
:10ACD80004F11400FFF7A9FFF86004F11800FFF76A
:10ACE800A4FF386104F11C00FFF79FFF7861B0F5FD
:10ACF8007A7F07D8012000E00020F8BD0020FCE79B
:10AD08000020FAE70020F8E75034465538B50546E4
:10AD18000C462822FF21204602F02AF8174920462F
:10AD2800FFF779FF0121201DFFF775FF296804F15E
:10AD38000800FFF770FF696804F10C00FFF76BFF6C
:10AD4800A96804F11000FFF766FFE96804F1140030
:10AD5800FFF761FF296904F11800FFF75CFF6969D3
:10AD680004F11C00FFF757FF24212046FFF768FF76
:10AD7800014604F12400FFF74EFF38BD5034465514
:10AD880000B5A7B00AA801F001FF694613A8FFF7AC
:10AD9800BDFF002001F0E1F928226946002001F0FA
:10ADA800BCF927B05DF804FB00B591B001F057F984
:10ADB80001F077F90C4B18700C4B00221A7010B97F
:10ADC80011B05DF804FB282206A9002001F087F9DC
:10ADD800694606A8FFF754FF18B1684601F084FFDA
:10ADE800EEE7FFF7CDFFEBE7AD210020AC21002017
:10ADF800034B1B7813B1034B01221A70704700BF35
:10AE0800AD210020AC21002008B5064B1B7813B1FA
:10AE1800054B1B7803B908BD034B00221A70FFF7D6
:10AE2800AFFFF8E7AD210020AC210020037840787F
:10AE380043EA002070470378427843EA0223827885
:10AE480043EA0243C07843EA006070470170090A88
:10AE5800417070470170C1F307234370C1F3074382
:10AE68008370090EC17070470023202B0CD803EBA8
:10AE7800430206498A5C824201D00133F5E703EBBD
:10AE88004303084618447047002070473CD2000826
:10AE980028B1837813F0010F03D1002070470020F8
:10AEA80070470120704728B1837813F0020F03D14F
:10AEB80000207047002070470120704738B32DE903
:10AEC800F0410F4614461D4606461AB32BB3B2F896
:10AED800008008F103038B4222D808F101003044B6
:10AEE800FFF7A4FF00EB080303339F421BD316F8B8
:10AEF80008302B706880238803331E446E602388D3
:10AF080003449BB2033323800020BDE8F0814FF057
:10AF1800FF3070474FF0FF30F7E74FF0FF30F4E7AE
:10AF28004FF0FF30F1E74FF0FF30EEE740B100227D
:10AF380080F8942180F8952180F8962180F897214F
:10AF4800704759B30A381D282AD8DFE800F00F17D0
:10AF5800191B1D1F21292929292929292929292995
:10AF6800292929292929292929292325086800285F
:10AF780018DDB0F5803F17DA80B270474868F6E709
:10AF88008868F4E7C868F2E70869F0E74869EEE717
:10AF98008869ECE7086EEAE7886BE8E70020704705
:10AFA80000207047002070474FF6FF7070472DE96A
:10AFB800F84F9DF82860DDF82CA0B0B388461546F8
:10AFC80099460746A2B3B3B3BAF1000F36D00024AE
:10AFD80001E00134E4B2B44224D2B5F800B00BF178
:10AFE800020343452DD8514619F80400FFF7A9FF7D
:10AFF800014607EB0B00FFF729FF2A88901C80B257
:10B008002880731EDBB2A342E3D9831C98451BD367
:10B0180003322A80FE233B542B885A1C2A80ED22B7
:10B02800FA54D6E70020BDE8F88F4FF0FF30FAE772
:10B038004FF0FF30F7E74FF0FF30F4E74FF0FF3005
:10B04800F1E74FF0FF30EEE74FF0FF30EBE72DE987
:10B05800F04782B0DDF8289058B3884617461E4658
:10B0680082464AB3B9F1000F29D05BB3082B2CD81C
:10B078000024B4421BD26B463A4641465046FFF77D
:10B088001DFF78B99DF800502846FFF7EDFEFFF741
:10B09800FFFE38B1BDF8023023B909F80450013475
:10B0A800E4B2E6E74FF0FF3002B0BDE8F0870020D9
:10B0B800FAE74FF0FF30F7E74FF0FF30F4E74FF0D3
:10B0C800FF30F1E74FF0FF30EEE74FF0FF30EBE7EE
:10B0D80030B10022A0F88621A0F8882180F88A21C2
:10B0E800704770B5BDF81450F8B114460646FAB169
:10B0F8001088421903328A421DD8335420880130FF
:10B1080029463044FFF7A2FE2088033080B2208011
:10B11800A5B1049BA3B12A461946304401F05CFE50
:10B1280023882B442380002009E04FF0FF3006E0FD
:10B138004FF0FF3003E04FF0FF3000E0002070BD1B
:10B148004FF0FF30FBE710B582B00124019404AC46
:10B158000094FFF7C6FF02B010BD2DE9F04184B09E
:10B1680004460D4616461F460DF10C080A9940463E
:10B17800FFF770FE04230193CDF800803B4632466A
:10B1880029462046FFF7ADFF04B0BDE8F08100B5C1
:10B1980083B0DDF810C0CDF800C0FFF7DEFF03B0C4
:10B1A8005DF804FB10B582B084460C461046049A3C
:10B1B800002900F0F68019462346002800F0F480A4
:10B1C800002A00F0F480ACF10A04212C00F2F2808D
:10B1D800DFE814F0220029002F0035003B00410071
:10B1E80047004D005300F0005900600067006D00F3
:10B1F80074007B00810087008D00930099009F00F8
:10B20800A500AB00B100B700BD00C300C900CF0066
:10B21800F000D500DB00E1001B6800936346FFF7F0
:10B228009CFF02B010BD5B6800936346FFF795FF73
:10B23800F7E79B6800936346FFF78FFFF1E7DB684A
:10B2480000936346FFF789FFEBE71B6900936346AA
:10B25800FFF79DFFE5E75B6900936346FFF797FFFC
:10B26800DFE79B6900936346FFF791FFD9E75B6AC5
:10B2780000936346FFF771FFD3E79B6A0093634629
:10B28800FFF76BFFCDE793F8463000936346FFF76F
:10B298005AFFC6E793F83C3000936346FFF753FF25
:10B2A800BFE71B6C00936346FFF757FFB9E793F8B6
:10B2B800443000936346FFF746FFB2E793F8453002
:10B2C80000936346FFF73FFFABE79B8B0093634612
:10B2D800FFF743FFA5E7DB8B00936346FFF73DFFCE
:10B2E8009FE71B8C00936346FFF737FF99E75B8C5A
:10B2F80000936346FFF731FF93E79B6C0093634627
:10B30800FFF745FF8DE7DB6A00936346FFF73FFFD2
:10B3180087E7DB6C00936346FFF71FFF81E71B6B32
:10B3280000936346FFF719FF7BE71B6D00936346A5
:10B33800FFF713FF75E75B6B00936346FFF70DFF9D
:10B348006FE75B6D00936346FFF707FF69E79B6D47
:10B3580000936346FFF701FF63E7DB6D00936346E5
:10B36800FFF7FBFE5DE71B6E00936346FFF7F5FEF4
:10B3780057E79B6B00936346FFF7EFFE51E75B6E61
:10B3880000936346FFF7E9FE4BE79B6E0093634625
:10B39800FFF7E3FE45E7DB6E00936346FFF7DDFE4C
:10B3A8003FE74FF0FF303CE74FF0FF3039E74FF011
:10B3B800FF3036E74FF0FF3033E72DE9F04F85B027
:10B3C8000023ADF80E30002876D00D461646044608
:10B3D800002974D0022A75D90846FFF727FD0223F1
:10B3E800ADF80E300323ADF80E3095F802A0814673
:10B3F800A0B304F5D273009353460DF10E02314603
:10B408002846FFF724FE804640BBBDF80E70B742C1
:10B4180027D2FB1CB34258D8E819FFF707FDBB1C1D
:10B428009BB2ADF80E300337ADF80E7015F803B0C7
:10B43800074680B1B0FBF9F309FB13039BB253B97C
:10B4480004F5D67300935B460DF10E02314628468B
:10B45800FFF7FDFD40B14FF0FF3827E04FF0FF3810
:10B4680024E04FF0000B5F46BDF80E30B3422FD1F9
:10B47800A4F89891A4F89A7184F895A184F896B1E3
:10B48800BBF1000F16D0B7FBF9F7BFB2A4F89C7157
:10B4980017B90123A4F89C31002384F89731F7F7F2
:10B4A80063F8C4F8A001012384F89431404605B03C
:10B4B800BDE8F08F0027E9E74FF0FF38F6E74FF0D7
:10B4C800FF38F3E74FF0FF38F0E74FF0FF38EDE7CC
:10B4D8004FF0FF38EAE700002DE9F043A3B01D461E
:10B4E8002A9E0023ADF88630002A40D081460F46B8
:10B4F8009046002E3ED0338005A801F047FBBDF8EA
:10B508008630BB4231D203AB0DF18602394648463C
:10B51800FFF7D4FCA8B99DF80C402046FFF7A4FC1F
:10B52800FFF7B6FC68B1BDF80E3053B9282C0DD022
:10B5380000962B46424605A92046FFF733FE002811
:10B54800DDD04FF0FF3023B0BDE8F0830024082C95
:10B55800D5D800962B46424605A90848005DFFF756
:10B5680021FE0028EDD10134F1E70020EBE74FF090
:10B57800FF30E8E74FF0FF30E5E700BF10D20008E2
:10B58800F0B1F0B59FB00E4615460746DAB1002473
:10B59800148002A801F0FAFA00E001341D2C0DD83D
:10B5A800009533463A4602A90848005DFFF7FAFDC0
:10B5B8000028F2D04FF0FF301FB0F0BD0020FBE7AD
:10B5C8004FF0FF3070474FF0FF30F5E71CD200080E
:10B5D800F0B5A9B007460E460024ADF89E400BA86A
:10B5E80001F0D4FA2022214603A801F0C1FB04ACE3
:10B5F80014AD0FCD0FC495E8030084E803009DF84F
:10B6080068308DF82830BDF89E30B34269D201AB5E
:10B618000DF19E0231463846FFF750FC00285CD1F8
:10B628009DF804402046FFF71FFC0546FFF73BFC4A
:10B63800002852D0BDF806206B789A424DD1113CB3
:10B64800162C4AD8DFE804F00C1449491C4949492A
:10B65800494949494926492E4936494949493E00F7
:10B668000298FFF7E8FB049001238DF80C30CAE735
:10B678000298FFF7E0FB059001238DF80C30C2E734
:10B68800029B1B78012B28D88DF8283001238DF8D0
:10B698000D30B8E70298FFF7CEFB069001238DF82E
:10B6A8000C30B0E70298FFF7C6FB079001238DF82E
:10B6B8000C30A8E70298FFF7BEFB089001238DF82D
:10B6C8000C30A0E70298FFF7B6FB0990B0F57A7F37
:10B6D80003D801238DF80C3095E74FF0FF3029B0DF
:10B6E800F0BD9DF80C3023B99DF80D303BB9002012
:10B6F800F5E704A801F0F8FAFFF77AFBF4E79DF8FC
:10B70800280001F003FB0020E9E7F0B100B5864608
:10B718004FF0000C4FF6FF7010E040080133DBB229
:10B72800072B07D810F0010FF7D04AF2010282EA7E
:10B738005000F3E70CF1010C1FFA8CFC8C4507D282
:10B748001EF80C3058400023EAE74FF6FF707047A8
:10B758005DF804FB2DE9F047089F8FB382468946C0
:10B7680090461C469E1CB6B203F10805ADB2B6F56C
:10B77800C07F27D8BDF824309D4225D804B12AB30C
:10B78800AA233B7055237B703146B81CFFF75EFB3C
:10B7980087F804A087F8059064B9A11D89B23846D6
:10B7A800FFF7B3FF01460436B819FFF74FFB2846E9
:10B7B800BDE8F08722464146B81D01F00DFBECE7D5
:10B7C8000025F4E70025F2E70025F0E70025EEE77D
:10B7D800E0B110B5E4B08C4611461A460446D0F8DC
:10B7E8008C318BB14FF4C373019302AB0093BDF856
:10B7F80098316046FFF7AEFF014628B1D4F88C3186
:10B80800D4F8902102A8984764B010BD704700B5DD
:10B8180083B00A4600230093FF21FFF7D9FF03B046
:10B828005DF804FBF0B5E5B006460C461546881CE5
:10B83800FFF7FCFA237967790022ADF80E20072D6F
:10B8480043D90634811E89B201283ED9013B042B15
:10B858006BD8DFE803F0031C2D4659000DF10E03E9
:10B8680000934FF4C07304AA2046FFF735FE48B989
:10B87800BDF80E30009304AB3A4600213046FFF77E
:10B88800A7FF22E039463046FFF7C1FF1DE02046FA
:10B89800FFF79EFE38B9002100910B463A46304624
:10B8A800FFF796FF11E039463046FFF7B0FF0CE08E
:10B8B80039B90DF10E024FF4C07104A8FFF760FE0C
:10B8C80028B139463046FFF7A2FF65B0F0BDBDF894
:10B8D8000E30009304AB3A4603213046FFF778FF59
:10B8E800F3E70A4621463046FFF767FD38B90021DD
:10B8F80000910B463A463046FFF76AFFE5E73946BE
:10B908003046FFF784FFE0E751B93046FFF70EFBFA
:10B91800002100910B463A463046FFF759FFD4E71D
:10B9280039463046FFF773FFCFE739463046FFF711
:10B938006EFFCAE768B170B50D46144606464FF467
:10B94800DA72002101F014FAC6F88C51C6F8904159
:10B9580070BD704730B5B1B00023ADF8BE3048B106
:10B968000446D0F88C312BB190F8943113B190F88B
:10B9780095310BB931B030BDF6F7F6FDD4F8A031EA
:10B98800C31AB4F898219342F4D3C4F8A00103ADC4
:10B99800284601F0FBF8019594F89531009304F5D9
:10B9A800D2730DF1BE0240211FA8FFF700FB78B942
:10B9B80094F8963113B194F897216AB113BBD4F86F
:10B9C8008C31D4F89021BDF8BE101FA89847D1E754
:10B9D8002046FFF7ABFACDE703AA0192009304F5DE
:10B9E800D6730DF1BE0240211FA8FFF7E0FA28B96F
:10B9F800B4F89C31013B84F89731E0E72046FFF723
:10BA080095FAB7E794F89731013B84F89731D6E770
:10BA1800002871D02DE9F0470F46904606460029C8
:10BA280068D0002403E0AA282FD00134A4B24445EA
:10BA380060D2385D96F88A31002BF4D0012B2BD0D8
:10BA4800B6F88631B3F5C37F3AD25D1CADB2A6F81D
:10BA58008651F054042D37D0B6F88891B9F1000F0B
:10BA6800E3D04D45E1D1A9F1020A06EB0A00FFF740
:10BA7800DDF905461FFA8AF13046FFF746FE854292
:10BA880032D03046FFF724FBCFE730700123A6F809
:10BA9800863186F88A31C8E7552806D0AA280BD1FE
:10BAA80030700123A6F88631BFE770700223A6F82C
:10BAB800863186F88A31B8E73046FFF709FBB4E7E4
:10BAC8003046FFF705FBB0E7B01CFFF7AFF9831E60
:10BAD8009BB2B3F5BF7F03D80630A6F88801BBE751
:10BAE8003046FFF7F5FAA0E74A4631463046FFF7F9
:10BAF80099FEC6E7BDE8F0877047000010B518B397
:10BB080029B3D4B2012C0DD0022C14D01CB14FF0A3
:10BB1800FF34204610BDFEF74FFE0028F9D04FF045
:10BB2800FF34F6E70A230A4601460D48FCF76EFE85
:10BB380080B90024EDE70A230A4601460948FCF7C4
:10BB480065FE50B90024E4E74FF0FF34E1E74FF019
:10BB5800FF34DEE74FF0FF34DBE74FF0FF34D8E780
:10BB680044070020B006002010B5002409E0224652
:10BB780005494FF4DA70054B00FB0430FFF7DAFE95
:10BB88000134022CF3D910BD05BB0008B0210020F8
:10BB980010B5002407E04FF4DA70044B00FB0430C2
:10BBA800FFF7D8FE0134022CF5D910BDB0210020D2
:10BBB800022801D801B102B9704708B54FF4DA7C00
:10BBC800024B0CFB0030FFF723FF08BDB02100201B
:10BBD80008B50A4601460020FFF7EAFF08BD000045
:10BBE80038B505460C4600212046F5F7E5F948B971
:10BBF8002846F4F7E1FF0449F5F736F82146F5F74A
:10BC0800E7F838BD0020FCE75AF5514001FB00F089
:10BC180002EB1030B0F5803F01D34FF6FF7080B2D1
:10BC28007047000038B505460C4600212046F5F758
:10BC3800C3F9B0B92846F4F7BFFF0C49F5F714F873
:10BC48002146F5F7C5F84FF07C51F4F705FFF5F7F5
:10BC5800F7F9B0F5805F01D340F6FF7000F01CF9EA
:10BC680038BD002000F018F9FAE700BF00F07F4562
:10BC7800044A002313605360034A136053609360BF
:10BC880093817047DC260020CC26002038B50C4D67
:10BC98002B889BB20B4CE3806B889BB22380A888CF
:10BCA800012241F2030180B2FFF7B0FFA080E888CB
:10BCB800012240F6FF7180B2FFF7A8FF608038BD0F
:10BCC800DC260020CC26002010B50C46012241F2CB
:10BCD8000301FFF79BFF044B988014B9DB889BB2E4
:10BCE8000BB9014BDC8010BDCC260020024B18811B
:10BCF80059819A81704700BFCC26002098B110B5B1
:10BD08000446FFF7C3FF084B1A8822805A886280CE
:10BD18009A88A280DA88E2801A8922815A89628107
:10BD28009B89A38110BD7047CC26002008B5024925
:10BD3800FFF756FF08BD00BF00F0FF4538B50C46B9
:10BD4800FFF7F4FF05460849F5F740F950B92946C9
:10BD58000548F4F77FFE0549F5F73AF82146F4F768
:10BD680083FF38BD0020FCE73333D33F295C0F3E07
:10BD780008B5FFF7DBFF0249F4F776FF08BD00BFFF
:10BD88000000704108B5FFF7D1FF0249F4F76CFFD6
:10BD980008BD00BF0000704108B54FF07E51FFF7A5
:10BDA800CDFF08BD08B54FF07E51FFF7C7FF08BDAE
:10BDB80008B50249FFF736FF08BD00BF00F07F470E
:10BDC80008B50249FFF72EFF08BD00BF00F07F4706
:10BDD80070B5F4F7F1FE4FF07851F4F745FF1749C5
:10BDE800F4F742FF0546164EB6F8CA0080B2F4F7DB
:10BDF800E3FE0446B6F8A80080B2F4F7DDFE01467B
:10BE08002046F4F727FE04460021F5F7D5F890B947
:10BE1800B6F8A80080B2F4F7CFFE01462846F4F73A
:10BE280019FE0849F4F720FF2146F4F7D1FF064927
:10BE3800F4F712FE70BD0448FCE700BFE7F88B3F3B
:10BE48000075FF1F0000C8420000F04100B338B57C
:10BE58000C460546D9B1C088FFF78AFF2060A8883C
:10BE6800FFF790FF60602888FFF796FFA06068885A
:10BE7800FFF798FFE0602889FFF79AFF206168893B
:10BE8800FFF79EFF6061A889FFF7A2FFA06138BD98
:10BE98007047000000000000F8B540F6FE739842B5
:10BEA80002D93D4C2046F8BDC0F57F600F30F4F74D
:10BEB80083FEF4F711FB2CA3D3E90023F4F764FB0A
:10BEC8002BA3D3E90023F4F789FCF4F76FFDF4F70B
:10BED80003FB06460F4628A3D3E90023F4F754FBD7
:10BEE80004460D4632463B461FA1D1E90001F4F74E
:10BEF80093F902460B4620462946F4F76FFCF4F7FF
:10BF080055FD2649F4F764FF00F0D8FFF4F7E4FA8A
:10BF18001BA3D3E90023F4F761FC1BA3D3E9002397
:10BF2800F4F77CF902460B4600201D49F4F756FC4D
:10BF3800F4F73CFDF4F7D0FA15A3D3E90023F4F79E
:10BF48006BF9F4F733FD04461349F5F72BF838B9C4
:10BF580014492046F5F744F80028A3D0114CA1E76E
:10BF68000D4C9FE7AFF300806666666666660A401A
:10BF78000000000000FEAF403333333333331B403F
:10BF8800000000000068AA40000000E0E1796B3F73
:10BF98006666666666127140000020C20000204195
:10BFA8000000F03F0000F04208B5012211460248A7
:10BFB800F8F748FB08BD00BF0004004808B5002298
:10BFC80001210248F8F73EFB08BD00BF0004004805
:10BFD80000B587B08DF80F00FF238DF81730642364
:10BFE800009301230DF117020DF10F010548FBF72E
:10BFF80046FC20B99DF8170007B05DF804FBFF2048
:10C00800FAE700BF0006002010B5FFF7D7FF0520AC
:10C01800FFF7DEFF054CFF20FFF7DAFF10F0010FF6
:10C0280001D0013CF7D1FFF7BFFF10BDA08601008A
:10C0380010B50446C0F30740FFF7CAFFC4F3072052
:10C04800FFF7C6FFE0B2FFF7C3FF10BD08B5FFF763
:10C05800B5FF0620FFF7BCFFFFF7A6FF08BD08B530
:10C06800FFF7A2FF08BDF8B506460D46FFF7A6FF85
:10C078009F20FFF7ADFFFF20FFF7AAFF0746FF202D
:10C08800FFF7A6FF0402A4B2FF20FFF7A1FF40EAD2
:10C0980004039CB2FFF788FF06B1377005B12C8006
:10C0A800F8BD00B583B001A90DF10700FFF7DBFF6C
:10C0B8009DF80730013BDBB2FD2B0AD8BDF80430F0
:10C0C8004BB14FF6FF72934207D0012003B05DF8E1
:10C0D80004FB0020FAE70020F8E70020F6E7D9B1D2
:10C0E80070B5044615460E4602B970BDFFF78CFFC1
:10C0F800FFF764FF0320FFF76BFF2046FFF798FF69
:10C10800002404E0FF20FFF763FF30550134AC4200
:10C11800F8D3FFF749FFE8E77047E9B170B504467F
:10C1280015460E4602B970BDFFF76EFFFFF78EFF8A
:10C13800FFF744FF0220FFF74BFF2046FFF778FF89
:10C14800002404E0305DFFF743FF0134A4B2AC42A1
:10C15800F8D3FFF729FFE6E7704710B50446FFF765
:10C1680053FFFFF773FFFFF729FF2020FFF730FF8A
:10C178002046FFF75DFFFFF717FF10BD10B5F4F776
:10C1880073FD04460021F4F717FF38B94FF07C51CE
:10C198002046F4F761FCF4F753FF10BD0020FCE7DC
:10C1A80010B5F4F761FD04460021F4F70FFF38B924
:10C1B8004FF07C512046F4F74DFCF4F71BFF10BDFF
:10C1C8004FF07C512046F4F747FCF4F713FFF6E7ED
:10C1D800084B1B78032B09D8DFE803F0020A040692
:10C1E8000120704704207047082070470F207047CF
:10C1F800022070473E270020B0F5803F01D280B270
:10C2080070474FF6FF707047814203DC824203DBC0
:10C2180000B2704708B2704710B2704708B5F4F71B
:10C22800CBFC0A49F4F7D4FD0949F4F7D1FD0949D3
:10C23800F4F71AFD0849F4F7CBFD4FF07C51F4F7F9
:10C248000BFCF4F7FDFEFFF7D7FF08BD00007A44AA
:10C258000000704100F0FF455AF5514008B5F4F769
:10C26800ABFC0A49F4F7B4FD0949F4F7FDFC0949A8
:10C27800F4F7FAFC0849F4F7ABFD4FF07C51F4F7FA
:10C28800EBFBF4F7DDFEFFF7B7FF08BD00007A44CB
:10C29800295C0F3E00F0FF455AF5514010B50446A1
:10C2A80041F21700FFF7A8FFA04202D9001B80B295
:10C2B80010BD0020FCE700000023094A1360094A6A
:10C2C8001360094A1360094A1360094A1360094A4E
:10C2D8001360094A1360094A1360094A13607047DA
:10C2E800302700202C270020282700202427002082
:10C2F800202700201C2700201827002014270020B2
:10C308001027002038B5054D2868FFF787FF044C33
:10C31800A0606868FFF7A2FFE06038BD88010020D0
:10C328007427002070B54C4B18884C4B1C784C4B2C
:10C338001A6802441A604B490B780133DBB20B7060
:10C34800042B08D9484BA3FB0232C2F38F00002309
:10C35800434A13600B70012C39D0022C53D07CB1A6
:10C36800424B1E68F4F728FC05464149F4F77CFC6B
:10C37800F4F740FE864262DA384B01221A700EE06A
:10C388003A4B1E68F4F718FC05463949F4F76CFC7B
:10C39800F4F730FE86420ADA304B01221A702F4B2E
:10C3A8001B781B1B18BF0123324A137070BD32491A
:10C3B8002846F4F759FCF4F71DFE864203DD274BA7
:10C3C80002221A70EBE7254B03221A70E7E7274B86
:10C3D8001E68F4F7F1FB05462749F4F745FCF4F726
:10C3E80009FE864203DD1D4B02221A70D7E7234956
:10C3F8002846F4F739FCF4F7FDFD8642CFDD174BEC
:10C4080003221A70CBE7194B1E68F4F7D5FB0546D3
:10C418001749F4F729FCF4F7EDFD864203DA0F4BD0
:10C4280001221A70BBE716492846F4F71DFCF4F7F9
:10C43800E1FD8642B3DA094B03221A70AFE70E49D1
:10C448002846F4F711FCF4F7D5FD8642A7DD034B27
:10C4580002221A70A3E700BF5027002037270020C8
:10C46800E8260020E4260020CDCCCCCC7427002080
:10C47800CDCC4C3F362700209A99993F9A99593F3D
:10C488003333933FF8B57E4B9C885888FFF706FFF7
:10C498007C4B9D681D60DB68181A7B4B186000EBAD
:10C4A80040037A4E326802EB430379490968411A1E
:10C4B8000B4478490B6000EB40010A44326041F6B6
:10C4C800FE718A4200DD3160704A1268002A54DB2E
:10C4D800714A1278022A54D02B446A4A13606F4A70
:10C4E800002111709D4204DA664B1D60134601223B
:10C4F8001A70644B1B68002B56DB624B1A68121BC0
:10C50800674B1A60674B1B7843B1002366490B6081
:10C5180060490B605D490B6062490B70634B1B7887
:10C52800012B64D0022B00F08680002B40D05E499E
:10C538000B6841F66C7404FB02335D4C26685D4D54
:10C5480005FB06335C4D2F6841F65C6C0CFB07332A
:10C558005A4F3B602E6022600B604D4A1060494C78
:10C568004FF4AA42A2821812B4F91220882100EBD3
:10C578004000FFF749FEE0821CE0444A00211160B8
:10C58800A6E705EBD572B4EB620FA5DA2B443D4A5A
:10C598001360424900250D7052689342A9DD394B5A
:10C5A8001A6001220A70A4E7364B00221A60A4E739
:10C5B800FFF782FE424B1B7813B9324B88229A82CE
:10C5C8003049344B1B688B61B1F914303D4A12680D
:10C5D800C3F5D4434033C2F89C30D2F89C305B0892
:10C5E800C2F8A830B1F91630C2F81C32F8BD2E4B8B
:10C5F800186841F2974101FB02002D490D68324C41
:10C6080004FB05002C4C266841F2E53707FB0600C1
:10C618002A4E306025600A6018601A4C4FF4E163B6
:10C62800E3820012B4F91020882100EB4000FFF7E4
:10C63800EBFDA082BEE71C4B186841F66C7101FB4C
:10C6480002001B490D681B4C04FB05001A4C2668A8
:10C6580041F65C6707FB0600184E306025600A60EB
:10C668001860084C46F2F043A3820012B4F9122075
:10C67800882100EB4000FFF7C7FDE0829AE700BF82
:10C68800402700207427002024270020102700209E
:10C6980020270020142700203E27002084010020A6
:10C6A80030270020362700201827002037270020B1
:10C6B8002C2700203BC2FFFF282700201C27002032
:10C6C800352700200405002085D7FFFF10B5064B4D
:10C6D80000221A70054C03212046F8F795FEC02168
:10C6E8002046F8F791FE10BD3527002004050020EC
:10C6F80008B5FFF7EBFF00220A4B1A600A4B1A70C5
:10C708000A4B1A700A4B1A605A609A60DA608821DC
:10C7180099821982D98259829A61FFF7CDFDFFF774
:10C72800F1FD08BD382700203727002036270020D4
:10C738007427002008B5064A136803431360FFF7FF
:10C74800C5FF044B00221A70034B04221A7008BD5F
:10C7580038270020372700203E270020F8B5294F2A
:10C76800294E3946F068FFF709FD054639467069D4
:10C77800FFF704FD04463946B069FFF711FD42F2A0
:10C7880074739C4202D9B5F5FA7F15D31F4B9B6889
:10C79800834215DD1D4BDB68AB4215D81C4A138854
:10C7A80001339BB21380022B11D9134600221A8041
:10C7B8000820FFF7BFFF15E02020FFF7BBFF11E0BF
:10C7C8004020FFF7B7FF0DE0114B00221A800F4BF6
:10C7D8001B69A34203D80F4B1B78032B03D00E4BC6
:10C7E80000221A80F8BD0C4A138801339BB21380CB
:10C7F8000A2BF7D9134600221A801020FFF79AFF58
:10C80800F0E700BF00007A4450270020880100208C
:10C81800FA2600203E270020F826002030B585B0F3
:10C828002E4BEC460FCBACE80700ACF800302C4B95
:10C838001B78B3B9BDF80630DB002A4A1360BDF88F
:10C848000030DB00284A1360BDF80430DB00274ABB
:10C858001360BDF80230DB00254A1360204B01222B
:10C868001A70BDF806C01F4B19688C44ACEBD10197
:10C878001960BDF800001C4B1A681044A0EBD200E8
:10C888001860BDF80420194B1C682244A2EBD4029E
:10C898001A60BDF80230164C25682B44A3EBD5036B
:10C8A8002360C1F3CF0C1349A1F800C0C0F3CF0037
:10C8B8004880C2F3CF028A80C3F3CF03CB80ADF8A0
:10C8C80006C0ADF80000ADF80420ADF8023008311C
:10C8D8006846FFF7BBFA05B030BD00BF402700200F
:10C8E80034270020082700200427002000270020E4
:10C8F800FC2600205027002010B50A4C236846F675
:10C908004022C3F89C20C3F81C2203212046F8F7D4
:10C9180060FDC0212046F8F75CFD034B01221A7028
:10C9280010BD00BF040500203527002038B5664B30
:10C938001B78032B00F29880DFE803F002082B8DA8
:10C94800FFF7D6FE604B01221A7038BDFFF7BEFE16
:10C958005E4B1B781BB95E4B00221A80F5E75D4BD6
:10C968001B681BB1584B04221A70EEE7584A13880B
:10C9780001339BB21380C82BE7D900231380564A92
:10C988001380564A1380564A13704F4B02221A706E
:10C99800DBE7534B1B78002B31D0012B3DD0514B9B
:10C9A8001B78002B52D04C4A138801339BB213805A
:10C9B8004A4A14880134A4B214804B4DB5F91000CA
:10C9C800C3EB031346F2F04288211844FFF71CFC1E
:10C9D8002882B5F91200C4EB041444F210528821DD
:10C9E8002044FFF711FC68822A69404B9A42ACD177
:10C9F8003B4B00221A70344B03221A70A5E7FFF74D
:10CA080065FE394B88221A825A82FFF755FCFFF7D8
:10CA180079FC334B01221A7097E7354A13880133A2
:10CA28009BB21380052B90D9134600221A802E4CF6
:10CA38008823A3822382E3826382FFF73DFCA368F5
:10CA48005B106360264B02221A707EE7FFF734FC06
:10CA5800FFF752FFA7E71D4B1B78002B7FF475AF3C
:10CA6800194B01221A7070E7FFF730FE214B0022A4
:10CA78001A70184B1A6832B9144B1B781BB1124B39
:10CA880001221A7061E712F0300F3FF45EAF1A49C5
:10CA98000B8801339BB20B80B3F5C87F7FF655AF87
:10CAA8000B460021198015490B780133DBB20B7056
:10CAB8000A2B04D822F03002064B1A6045E70F4BC8
:10CAC8000B221A7041E700BF3E2700203C270020B8
:10CAD800F626002038270020F4260020F226002021
:10CAE8003D2700203527002074270020F0641045DA
:10CAF800F026002037270020EE260020EC26002014
:10CB080010B5184B00241C605C609C60DC601C61E4
:10CB18005C619C6124222146134800F029F9134BDB
:10CB28001C605C609C609C81114B41F288321A60E9
:10CB380042F210725A600F4A9A604CF25032DA6030
:10CB480042F604121A615C610B4B1C700B4B1C7093
:10CB58000B4B1C700B4B01221A700B4B1C70FFF710
:10CB6800C7FD10BD74270020502700204027002053
:10CB780088010020803801003C2700203E27002043
:10CB88003D2700208401002034270020002800F0E1
:10CB9800968070B58CB004467022002100F0E8F849
:10CBA80008A8FFF7ABF8464B1B78002B00F08280F3
:10CBB800444B1A88ADF826205A88ADF820209A8868
:10CBC800ADF82420DA88ADF8222001AD03F1080C75
:10CBD800BCE80F000FC59CE8070085E807003A4D40
:10CBE80029460198FFF7CAFA206029460398FFF7FB
:10CBF800C5FA606029460298FFF7C0FAA060294686
:10CC08000498FFF7BBFA0646E06029460798FFF745
:10CC1800C7FA206129460598FFF7C2FA60612946DC
:10CC28000698FFF7BDFAA061BDF82630A383BDF8CA
:10CC38002030E383BDF824302384BDF82230638498
:10CC4800224D04F1240CAE46BEE80F00ACE80F00FC
:10CC58009EE803008CE803001D4B1B7884F83C30E9
:10CC68001C4B1B682364FFF7B3FA84F844001A4B83
:10CC78001B7884F84530194B1B7884F84630AB682C
:10CC8800A364EB68E3642B692365154BB3F914308F
:10CC98006365144B1B68D3F89C20A265D3F81C323B
:10CCA800E3656B69236666666B68A3662B68E36653
:10CCB8000CB070BD01A908A8FFF7C8F88FE7704746
:10CCC800342700205027002000007A4488010020E3
:10CCD8003C27002038270020372700208401002027
:10CCE800742700200405002060B110B58446064C66
:10CCF800BCE80F000FC49CE8030084E80300FFF7BA
:10CD080001FB10BD704700BF8801002008B503462D
:10CD180000B10123044A137003B108BD034B01227B
:10CD28001A70FFF7D3FCF8E73C2700203E270020C5
:10CD380008B50D48FEF7E2FF0C4A138801339BB291
:10CD48001380B3F57A7F02D2FFF79CFB08BD134628
:10CD580000221A80FFF762FDFFF700FDFFF7E6FDEE
:10CD6800FFF7E0FAF0E700BF402700200C2700207B
:10CD780002440346934200D1704703F8011BF9E7C8
:10CD8800014B1868704700BFA001002070B50D4D19
:10CD98000D4C641BA4100026A64209D10B4D0C4C67
:10CDA80000F0E6F9641BA4100026A64205D170BD68
:10CDB80055F8043B98470136EEE755F8043B984789
:10CDC8000136F2E7A8D20008A8D20008A8D20008C5
:10CDD800B0D20008704770470A44914200F1FF330F
:10CDE80000D1704710B511F8014B03F8014F91427B
:10CDF800F9D110BD024B13B1024800F005B87047D5
:10CE0800000000001DCE0008002301461A461846FF
:10CE180000F014B838B5074D074C641BA4101CB9B2
:10CE2800BDE8384000F0AAB9013C55F824309847CD
:10CE3800F5E700BFB0D20008B4D200082DE9F047EA
:10CE4800DFF86CA00646DAF8000098460F469146CF
:10CE5800FFF7C0FF174B1C680CB9174C1C606568BE
:10CE6800DAF800001F2D05DDFFF7B5FF4FF0FF30A2
:10CE7800BDE8F0879EB104EB85010122C1F88890D6
:10CE8800D4F88831AA401343C4F88831022EC1F877
:10CE9800088102BFD4F88C311343C4F88C316B1C61
:10CEA8000235636044F82570FFF795FF0020DFE73F
:10CEB800C8020020CC280020D028002038B504461D
:10CEC80000F028F8214605462046F4F751FA70B9D3
:10CED80000212046F4F784F848B900212046F4F7E9
:10CEE80057F830B1FFF74CFF064D22230360284660
:10CEF80038BDFFF745FF21230360BDE838400248ED
:10CF080000F004B8000080FF9FD200080048704776
:10CF18000000C07F30F000422DE9F84F014606D1ED
:10CF280000214FF04C40F3F753FFBDE8F88F00287D
:10CF3800044603DAF3F78EFD0021F4E7B0F1FF4F62
:10CF480002DBF3F789FDF0E7B0F5000F35DA4FF0B3
:10CF58009841F3F789FE6FF018030446E7157F3F01
:10CF68001F44764BC4F31604234403F4000080F0F6
:10CF78007E504FF07E51204307EBD357F3F76AFDFD
:10CF88006F4B04F10F0213400646002B43D10021DA
:10CF9800F3F7FEFF98B1002F00F0CD803846F3F785
:10CFA8000FFE68490546F3F75FFE674904462846C1
:10CFB800F3F75AFE01462046C3E70023CEE763494C
:10CFC8003046F3F751FE01464FF07C50F3F742FD2F
:10CFD800314604463046F3F747FE01462046F3F74C
:10CFE80043FE04460FB9214678E03846F3F7E8FDDA
:10CFF80054490746F3F738FE534905463846F3F7D0
:10D0080033FE01462046F3F725FD3146F3F722FDAE
:10D018000146284679E04FF08041F3F71DFD0146AF
:10D028003046F3F7D5FE81463846F3F7C9FD494641
:10D0380080464846F3F718FE01468246F3F714FE89
:10D048004349DFF810B10546F3F70EFE4249F3F7FE
:10D0580003FD2946F3F708FE4049F3F7FDFC29468E
:10D06800F3F702FE3E49F3F7F7FC5146F3F7FCFDF0
:10D078003C4982462846F3F7F7FD3B49F3F7ECFCB9
:10D088002946F3F7F1FD3949F3F7E6FC2946F3F7AA
:10D09800EBFDA3440146C4F557145046F3F7DCFCF6
:10D0A80004F5227444EA0B04002C054630DD4FF0E9
:10D0B8007C513046F3F7D8FD3146F3F7D5FD0146EC
:10D0C80004462846F3F7C8FC4946F3F7CDFD054664
:10D0D80037B901462046F3F7BDFC0146304614E057
:10D0E80018494046F3F7C0FD174907464046F3F78D
:10D0F800BBFD2946F3F7B0FC01462046F3F7AAFC2E
:10D108003146F3F7A7FC01463846F3F7A3FC0CE7D2
:10D1180001463046F3F79EFC4946F3F7A5FD044661
:10D12800002F3FF460AF07494046F3F79DFD0649DD
:10D138000546404663E70020F7E600BF20FB4A00AB
:10D14800F0FF7F008071313FD1F71737ABAAAA3EB5
:10D158009788173E305CCFFF25333A3E2549923EEB
:10D16800ABAA2A3F4FD01C3E298E633ECDCCCC3E85
:10D17800F8B500BFF8BC08BC9E467047F8B500BFBC
:08D18800F8BC08BC9E4670478C
:10D190000000000001020304000000000000000085
:10D1A000010203040607080901000200040006004A
:10D1B00008000A000C001000200040008000000160
:10D1C0000804020408010101010101030701000034
:10D1D0005546344F56455220504F57455220436FC5
:10D1E0006D506F72740000005546344F5645520022
:10D1F000504F57455220436F6E666967000000002C
:10D20000504F57455220496E7465726661636500E0
:10D210001B0C1A1C0B0D292A2B0000000A0B0C0DED
:10D220000E0F10111214151617181A1C1D1E1F2090
:10D2300021222324252627292A2B00000A04010B5A
:10D2400004010C04010D04010E04010F040110047B
:10D250000111040312040314010115010316040152
:10D260001701011801011904011A04011B04011C12
:10D2700004011D04011E04031F04012004032104F2
:10D2800001220403230401240401250401260401CE
:10D290002704032800012904012A04012B040100AA
:08D2A000183EFF7F01000000B1
:08D2A800FDCD0008FD010008A6
:04D2B000D901000898
:10D2B4000024F400010000001000000009074300EE
:10D2C400020104C032090400000102020100052425
:10D2D40000100105240100010424020205240600B3
:10D2E400010705820308001009040100020A000076
:10D2F400000705010240000007058102400000000C
:10D3040009024300020100C03209040000010202C4
:10D314000100052400100105240100010424020277
:10D324000524060001070582030800100904010012
:10D33400020A0000000705010240000007058102FF
:10D344004000000009024300020100C03209040049
:10D35400000102020100052400100105240100015E
:10D3640004240202052406000107058203080010B4
:10D3740009040100020A000000070501020002007E
:10D3840007058102000200009D9B0008559B0008D0
:10D39400619A00080000000065990008F7990008E8
:10D3A400CD9900080000000000000000000000000B
:10D3B400A99900089D990008B5990008C199000829
:10D3C4000A060002000000400100000099A70008BE
:10D3D4005DA7000861A7000869A7000865A7000801
:10D3E4001A0300000000000000000000000000001C
:10D3F4000000000000000000000000000403090415
:10D4040012010002020200408304BB2C000201024C
:10D41400030100001DA8000829A80008EDA80008C1
:10D42400C9A80008B5A8000809A900082DA9000882
:10D434000000000001000000881300001027000015
:10D444008038010050C300000429000000000000DF
:10D45400A801002000000000000000009027002028
:10D46400F8270020602800200000000000000000D1
:10D4740000000000000000000000000000000000A8
:10D484000000000000000000000000000000000098
:10D494000000000000000000000000000000000088
:10D4A4000000000000000000000000000000000078
:10D4B4000000000000000000000000000000000068
:10D4C4000000000000000000000000000000000058
:10D4D4000000000000000000000000000000000048
:10D4E4000000000000000000000000000000000038
:10D4F40001000000000000000E33CDAB34126DE6D5
:10D50400ECDE05000B00000000000000000000003D
:10D514000000000000000000000000000000000007
:10D5240000000000000000000000000000000000F7
:10D5340000000000000000000000000000000000E7
:10D5440000000000000000000000000000000000D7
:10D5540000000000000000000000000000000000C7
:10D5640000000000000000000000000000000000B7
:0CD574000000000000000000C82800209B
:040000050800249536
:00000001FF
