:020000040800F2
:100000000000022061280008612A0008692A00080F
:100010006B2A00086D2A00086F2A00080000000003
:10002000000000000000000000000000712A00082D
:10003000732A000800000000752A0008772A0008CB
:10004000D5280008D5280008D5280008D52800089C
:10005000D5280008D5280008D5280008D52800088C
:10006000D5280008D5280008D5280008812A0008CE
:10007000912A0008A12A0008B12A0008C12A000814
:10008000D5280008D5280008D5280008D52800085C
:10009000D12A0008D5280008D5280008D52800084E
:1000A000D5280008E12A0008D5280008D52800082E
:1000B000D5280008D5280008D5280008D52800082C
:1000C000D5280008D5280008D5280008D52800081C
:1000D000D5280008D5280008D5280008D52800080C
:1000E000D5280008D5280008D5280008D5280008FC
:1000F000D5280008D5280008D5280008D5280008EC
:10010000D5280008D5280008D5280008D5280008DB
:10011000D5280008D5280008F12A0008012B00087E
:10012000D5280008D5280008D5280008D5280008BB
:10013000D5280008D5280008D5280008D5280008AB
:10014000D5280008D5280008D5280008D52800089B
:10015000112B0008D5280008D5280008D52800084C
:10016000D5280008D5280008D5280008D52800087B
:10017000D5280008D5280008D5280008D52800086B
:10018000D5280008D5280008D5280008D52800085B
:10019000D528000800000000D5280008D528000850
:1001A000D5280008D5280008D5280008D52800083B
:1001B000D5280008D5280008D5280008D52800082B
:1001C000D5280008D5280008D5280008D52800081B
:0801D000D5280008D52800081D
:1001D80010B5054C237833B9044B13B10448AFF379
:1001E80000800123237010BD100C002000000000C7
:1001F80028CB000808B5034B1BB103490348AFF3EC
:10020800008008BD00000000140C002028CB000866
:1002180081F0004102E000BF83F0004330B54FEAAF
:1002280041044FEA430594EA050F08BF90EA020F1C
:100238001FBF54EA000C55EA020C7FEA645C7FEAAF
:10024800655C00F0E2804FEA5454D4EB5555B8BFD2
:100258006D420CDD2C4480EA020281EA030382EA43
:10026800000083EA010180EA020281EA0303362DD5
:1002780088BF30BD11F0004F4FEA01314FF4801CA8
:100288004CEA113102D0404261EB410113F0004FBA
:100298004FEA03334CEA133302D0524263EB430371
:1002A80094EA050F00F0A780A4F10104D5F1200E0F
:1002B8000DDB02FA0EFC22FA05F2801841F100016A
:1002C80003FA0EF2801843FA05F359410EE0A5F13E
:1002D80020050EF1200E012A03FA0EFC28BF4CF06F
:1002E800020C43FA05F3C01851EBE37101F0004525
:1002F80007D54FF0000EDCF1000C7EEB00006EEB32
:100308000101B1F5801F1BD3B1F5001F0CD34908BB
:100318005FEA30004FEA3C0C04F101044FEA445212
:1003280012F5800F80F09A80BCF1004F08BF5FEA99
:10033800500C50F1000041EB045141EA050130BD79
:100348005FEA4C0C404141EB0101013C28BFB1F58B
:10035800801FE9D291F0000F04BF01460020B1FAD6
:1003680081F308BF2033A3F10B03B3F120020CDAA9
:100378000C3208DD02F1140CC2F10C0201FA0CF087
:1003880021FA02F10CE002F11402D8BFC2F1200CEC
:1003980001FA02F120FA0CFCDCBF41EA0C019040A2
:1003A800E41AA2BF01EB0451294330BD6FEA0404EB
:1003B8001F3C1CDA0C340EDC04F11404C4F12002D6
:1003C80020FA04F001FA02F340EA030021FA04F3E8
:1003D80045EA030130BDC4F10C04C4F1200220FA3F
:1003E80002F001FA04F340EA0300294630BD21FA7D
:1003F80004F0294630BD94F0000F83F4801306BF43
:1004080081F480110134013D4EE77FEA645C18BF36
:100418007FEA655C29D094EA050F08BF90EA020FCD
:1004280005D054EA000C04BF1946104630BD91EAC5
:10043800030F1EBF0021002030BD5FEA545C05D1C8
:100448004000494128BF41F0004130BD14F5800407
:100458003CBF01F5801130BD01F0004545F0FE417B
:1004680041F470014FF0000030BD7FEA645C1ABFB0
:10047800194610467FEA655C1CBF0B46024650EAE7
:10048800013406BF52EA033591EA030F41F4002113
:1004980030BD00BF90F0000F04BF0021704730B599
:1004A8004FF4806404F132044FF000054FF000016E
:1004B80050E700BF90F0000F04BF0021704730B52F
:1004C8004FF4806404F1320410F0004548BF404204
:1004D8004FF000013EE700BF42004FEAE2014FEA59
:1004E80031014FEA02701FBF12F07F4393F07F4F34
:1004F80081F06051704732F07F4208BF704793F037
:100508007F4F04BF41F40021704730B54FF4607449
:1005180001F0004521F000411CE700BF50EA01024C
:1005280008BF704730B54FF000050AE050EA0102F5
:1005380008BF704730B511F0004502D5404261EB65
:1005480041014FF4806404F132045FEA915C3FF4A6
:10055800D8AE4FF003025FEADC0C18BF03325FEA43
:10056800DC0C18BF033202EBDC02C2F1200300FAF4
:1005780003FC20FA02F001FA03FE40EA0E0021FA19
:1005880002F11444BDE600BF70B54FF0FF0C4CF407
:10059800E06C1CEA11541DBF1CEA135594EA0C0FB9
:1005A80095EA0C0F00F0DEF82C4481EA030621EAF4
:1005B8004C5123EA4C5350EA013518BF52EA03352F
:1005C80041F4801143F4801338D0A0FB02CE4FF0E1
:1005D8000005E1FB02E506F00042E0FB03E54FF011
:1005E8000006E1FB03569CF0000F18BF4EF0010E09
:1005F800A4F1FF04B6F5007F64F5407404D25FEA05
:100608004E0E6D4146EB060642EAC62141EA5551B7
:100618004FEAC52040EA5E504FEACE2EB4F1FD0CF9
:1006280088BFBCF5E06F1ED8BEF1004F08BF5FEA77
:10063800500E50F1000041EB045170BD06F0004629
:1006480046EA010140EA020081EA0301B4EB5C04D6
:10065800C2BFD4EB0C0541EA045170BD41F48011CE
:100668004FF0000E013C00F3AB8014F1360FDEBFF3
:10067800002001F0004170BDC4F10004203C35DACF
:100688000C341BDC04F11404C4F1200500FA05F352
:1006980020FA04F001FA05F240EA020001F00042F3
:1006A80021F0004110EBD37021FA04F642EB060169
:1006B8005EEA430E08BF20EAD37070BDC4F10C0493
:1006C800C4F1200500FA04F320FA05F001FA04F257
:1006D80040EA020001F0004110EBD37041F1000143
:1006E8005EEA430E08BF20EAD37070BDC4F120054E
:1006F80000FA05F24EEA020E20FA04F301FA05F2B6
:1007080043EA020321FA04F001F0004121FA04F25D
:1007180020EA020000EBD3705EEA430E08BF20EA2D
:10072800D37070BD94F0000F0FD101F00046400067
:1007380041EB010111F4801F08BF013CF7D041EAE9
:10074800060195F0000F18BF704703F000465200ED
:1007580043EB030313F4801F08BF013DF7D043EABE
:100768000603704794EA0C0F0CEA135518BF95EA74
:100778000C0F0CD050EA410618BF52EA4306D1D1FB
:1007880081EA030101F000414FF0000070BD50EA1A
:10079800410606BF1046194652EA430619D094EAA4
:1007A8000C0F02D150EA013613D195EA0C0F05D18E
:1007B80052EA03361CBF104619460AD181EA0301E2
:1007C80001F0004141F0FE4141F470014FF000009A
:1007D80070BD41F0FE4141F4780170BD70B54FF035
:1007E800FF0C4CF4E06C1CEA11541DBF1CEA1355B5
:1007F80094EA0C0F95EA0C0F00F0A7F8A4EB050497
:1008080081EA030E52EA03354FEA013100F088808D
:100818004FEA03334FF0805545EA131343EA126356
:100828004FEA022245EA111545EA10654FEA00260B
:100838000EF000419D4208BF964244F1FD0404F5C4
:10084800407402D25B084FEA3202B61A65EB030520
:100858005B084FEA32024FF480104FF4002CB6EBDD
:10086800020E75EB030E22BFB61A754640EA0C005D
:100878005B084FEA3202B6EB020E75EB030E22BF9D
:10088800B61A754640EA5C005B084FEA3202B6EBDE
:10089800020E75EB030E22BFB61A754640EA9C009D
:1008A8005B084FEA3202B6EB020E75EB030E22BF6D
:1008B800B61A754640EADC0055EA060E18D04FEA2B
:1008C800051545EA16754FEA06164FEAC30343EACB
:1008D80052734FEAC2025FEA1C1CC0D111F4801F98
:1008E8000BD141EA00014FF000004FF0004CB6E791
:1008F80011F4801F04BF01430020B4F1FD0C88BF30
:10090800BCF5E06F3FF6AFAEB5EB030C04BFB6EB3A
:10091800020C5FEA500C50F1000041EB045170BD2D
:100928000EF0004E4EEA113114EB5C04C2BFD4EB5A
:100938000C0541EA045170BD41F480114FF0000EDE
:10094800013C90E645EA060E8DE60CEA135594EA5A
:100958000C0F08BF95EA0C0F3FF43BAF94EA0C0F5D
:100968000AD150EA01347FF434AF95EA0C0F7FF4D2
:1009780025AF104619462CE795EA0C0F06D152EA26
:1009880003353FF4FDAE1046194622E750EA41060A
:1009980018BF52EA43067FF4C5AE50EA41047FF41B
:1009A8000DAF52EA43057FF4EBAE12E74FEA41027E
:1009B800B2F1E04324BFB3F5001CDCF1FE5C0DD9B5
:1009C80001F0004C4FEAC0024CEA5070B2F1004FFF
:1009D80040EB830008BF20F00100704711F0804F02
:1009E80021D113F13872BCBF01F00040704741F4C7
:1009F80080114FEA5252C2F11802C2F1200C10FACB
:100A08000CF320FA02F018BF40F001004FEAC123AE
:100A18004FEAD32303FA0CFC40EA0C0023FA02F352
:100A28004FEA4303CCE77FEA625307D150EA013328
:100A38001EBF4FF0FE4040F44000704701F00040F8
:100A480040F0FE4040F40000704700BF53B94AB977
:100A5800002908BF00281CBF4FF0FF314FF0FF30BE
:100A680000F06AB9ADF1080C6DE904CE00F006F8A3
:100A7800DDF804E0DDE9022304B070472DE9F04712
:100A8800089D0C46002B4ED194468C458646B2FAFA
:100A980082F262D94AB1C2F12003914020FA03F3ED
:100AA8000CFA02FC194300FA02FE4FEA1C471FFA2F
:100AB8008CF6B1FBF7F44FEA1E4307FB141143EA27
:100AC800014304FB06F199420AD91CEB030304F124
:100AD800FF3080F01281994240F20F81023C63445A
:100AE800591A1FFA8EF3B1FBF7F007FB101143EA0E
:100AF800014300FB06F69E420AD91CEB030300F1F2
:100B0800FF3180F0FC809E4240F2F9806344023855
:100B18009B1B40EA044000211DB1D3400022C5E9D7
:100B28000032BDE8F0878B4205D90DB1C5E9000157
:100B380000210846F5E7B3FA83F1002946D1A3421C
:100B480002D39042C0F0F080861A64EB03030120C0
:100B5800002DE6D0C5E90063E3E7002A40F0908065
:100B6800A1EB0C044FEA1C481FFA8CF70121B4FBD7
:100B7800F8F64FEA1E4308FB164443EA044307FB12
:100B880006F0984208D91CEB030306F1FF3402D2A1
:100B9800984200F2CD8026461C1A1FFA8EF3B4FB49
:100BA800F8F008FB104443EA044300FB07F79F42B0
:100BB80008D91CEB030300F1FF3402D29F4200F274
:100BC800B0802046DB1B40EA0640A5E7C1F12006BD
:100BD8008B4022FA06F71F4320FA06FC04FA01F3B9
:100BE80043EA0C03F44000FA01F8380C4FEA1349C1
:100BF800B4FBF0FE1FFA87FC00FB1E4449EA0444DC
:100C08000EFB0CF9A14502FA01F20AD93C190EF1C2
:100C1800FF3A80F08480A14540F28180AEF1020E57
:100C28003C44A4EB09041FFA83F9B4FBF0F300FB7E
:100C3800134449EA044403FB0CFCA44507D93C19B6
:100C480003F1FF3067D2A44565D9023B3C4443EA2F
:100C58000E40A0FB0293A4EB0C049C42CE469C469B
:100C680051D34ED055B1B8EB0E0364EB0C0404FA23
:100C780006F6CB401E43CC40C5E90064002150E78E
:100C8800C2F1200320FA03F10CFA02FC24FA03F360
:100C980094400C434FEA1C4800FA02FE1FFA8CF7F6
:100CA800B3FBF8F008FB1031230C43EA014300FBC7
:100CB80007F1994208D91CEB030300F1FF362CD247
:100CC80099422AD9023863445B1AA4B2B3FBF8F1FB
:100CD80008FB113344EA034401FB07F3A34208D994
:100CE8001CEB040401F1FF3613D2A34211D90239D7
:100CF8006444E41A41EA004139E70446F0E608464C
:100D080006E7C845AED2B9EB020E63EB070C013813
:100D1800A8E73146EDE7034699E73046D4E7D646DB
:100D28007FE7634402384DE70646234608460FE747
:100D3800023E634430E700BF704700BF08B5002299
:100D48000121024804F054FB08BD00BF000400481C
:100D580008B501221146024804F04AFB08BD00BF4D
:100D68000004004800B587B08DF80F0000238DF807
:100D780017304FF0FF33009301230DF117020DF1E7
:100D88000F01044807F0A9FC9DF8170007B05DF8AB
:100D980004FB00BF0C10002008B5FFF7CFFF0620AA
:100DA800FFF7E0FFFFF7D4FF08BD000010B5FFF71D
:100DB800C5FF0520FFF7D6FF054CFF20FFF7D2FF40
:100DC80010F0010F01D0013CF7D1FFF7C1FF10BDB2
:100DD800A086010070B504460E461546FFF7E6FFEB
:100DE800FFF7DAFFFFF7AAFF0220FFF7BBFFC4F304
:100DF8000740FFF7B7FFC4F30720FFF7B3FFE0B2E0
:100E0800FFF7B0FF002404E0305DFFF7ABFF0134CB
:100E1800A4B2AC42F8D3FFF79BFF70BD10B50446EF
:100E2800FFF7C4FFFFF7B8FFFFF788FF2020FFF7A1
:100E380099FFC4F30740FFF795FFC4F30720FFF7B6
:100E480091FFE0B2FFF78EFFFFF782FF10BD70B58C
:100E580004460E461546FFF7A9FFFFF76FFF03206C
:100E6800FFF780FFC4F30740FFF77CFFC4F30720B8
:100E7800FFF778FFE0B2FFF775FF002404E0FF20DA
:100E8800FFF770FF30550134AC42F8D3FFF760FF2D
:100E980070BD000010B58CB0002409940A940B941E
:100EA8002022214601A80BF06FFC36484FF0A043E2
:100EB80003604FF4403343608460C46004610123DD
:100EC80043610422826104774477026280F82440F7
:100ED8004FF4D462C2624FF48062026380F8383003
:100EE8004FF48053C36380F8404003F055F800285E
:100EF80035D10023099309A9224803F0A5FE00284B
:100F080030D1214B019306230293002303937F22C0
:100F180004920422059206930DEB0201194803F08E
:100F2800E5F910BB194B01930C23029301A915484D
:100F380003F0DCF9E0B9164B01931223029301A9DF
:100F4800104803F0D3F9B0B9124B01931823029358
:100F580001A90C4803F0CAF980B90CB010BD01F022
:100F680007FBC6E701F004FBCBE701F001FBD9E77B
:100F780001F0FEFADFE701F0FBFAE5E701F0F8FA25
:100F8800EBE700BFD80D0020020030040400600821
:100F98000800900C1000C01000B589B02022002174
:100FA80068460BF0F1FB1B481B4B03604FF44033C2
:100FB800436000238360C36003614361042282614C
:100FC800037743770122026280F82430C362036307
:100FD80080F83830C36380F8403002F0DDFF98B9FC
:100FE8000E4B009306230193052302937F2303935B
:100FF80004230493002305936946064803F076F911
:1010080028B909B05DF804FB01F0B2FAE8E701F08D
:10101800AFFAF6E76C0D00200001005000106032B6
:1010280010B58CB0002409940A940B942022214610
:1010380001A80BF0A9FB1F481F4B03604FF4403376
:1010480043608460C460046144610423836104775D
:1010580044770123036280F82440C462046380F863
:101068003840C46380F8404002F096FFC8B90023B6
:10107800099309A90F4803F0E7FDA8B90F4B01939D
:1010880006230293052303937F23049304230593E4
:101098000023069301A9074803F028F938B90CB0D2
:1010A80010BD01F065FAE2E701F062FAE6E701F047
:1010B8005FFAF4E7000D002000040050020030043D
:1010C80000B589B02022002168460BF05DFB1B4863
:1010D8001B4B03604FF44033436000238360C360BD
:1010E800036143610422826103774377012202622C
:1010F80080F82430C362036380F83830C36380F813
:10110800403002F049FF98B90E4B00930623019333
:10111800072302937F230393042304930023059357
:101128006946064803F0E2F828B909B05DF804FBFF
:1011380001F01EFAE8E701F01BFAF6E7940C00202C
:10114800000600501000C09030B5A3B0044600213E
:101158001D911E911F9120912191542208A80BF0F6
:1011680013FB2368B3F1A04F0CD0724A93425BD0B3
:10117800714A934200F08B80704A934200F0BA8023
:1011880023B030BD4FF4004308934FF00053199338
:1011980008A806F065FF002835D1694A13680133AD
:1011A8001360012B32D0674BDA6C42F00102DA642B
:1011B800DB6C03F001030293029B0F231D930323AF
:1011C8001E9300251F951DA94FF0904004F020F8AC
:1011D8005D485E4B0360052343608560C5608023DE
:1011E80003614FF4807343614FF48063836120236C
:1011F800C3614FF40053036203F0F0FE88B9524B09
:1012080063659C62BCE701F0B3F9C6E74D4BDA6C45
:1012180042F40052DA64DB6C03F400530193019B3F
:10122800C1E701F0A5F9EAE74FF4004308934FF04E
:101238000053199308A806F013FFD0B9404A136861
:1012480001331360012B17D03E4BDA6C42F00202D7
:10125800DA64DB6C03F002030493049B04231D93FC
:1012680003231E9300231F931DA9394803F0D0FFC1
:1012780086E701F07DF9E1E7324BDA6C42F400527F
:10128800DA64DB6C03F400530393039BDCE74FF44D
:10129800803308934FF000431A9308A806F0E0FE45
:1012A800D0B92C4A136801331360012B17D0254B92
:1012B800DA6C42F00202DA64DB6C03F00203069394
:1012C800069B02231D9303231E9300231F931DA92E
:1012D8001F4803F09DFF53E701F04AF9E1E7194B76
:1012E800DA6C42F48042DA64DB6C03F480430593E1
:1012F800059BDCE74FF4803308934FF000431A93C3
:1013080008A806F0ADFE88B9124A136801331360C5
:10131800012B7FF435AF0B4BDA6C42F48042DA6470
:10132800DB6C03F480430793079B29E701F020F95E
:10133800EAE700BF0001005000040050000600501A
:10134800300C002000100240340C0020080002403D
:10135800000400482C0C002000B583B01E4B9A6C8A
:1013680042F004029A649A6C02F004020092009A15
:101378009A6C42F001029A649B6C03F0010301939A
:10138800019B002205210B2003F09CFD0B2003F09C
:10139800A9FD002211460C2003F094FD0C2003F057
:1013A800A1FD002205210D2003F08CFD0D2003F086
:1013B80099FD002205210E2003F084FD0E2003F084
:1013C80091FD002205210F2003F07CFD0F2003F082
:1013D80089FD03B05DF804FB00100240814203DC84
:1013E800824203DB00B270470846704710467047D8
:1013F800034B83FB0023A3EBE07000B200027047AD
:101408005655555530B583B0404B1C8B5B8B0191BD
:1014180099B1002A11DDDDED017AB8EE677A07EEA1
:10142800902AF8EEE77A02284BD003282DD001281D
:1014380008D0374B00221A7002E0354B00221A7090
:1014480003B030BDC7EE876ADFED327A66EEA77A61
:10145800B6EE007A77EE877A2C4B9A8A12B28821F8
:10146800FDEEE77A17EE900AFFF7B8FF0446FFF79C
:10147800BFFF4FF4E165284B1C80284B1D80284B8B
:101488001860234B01221A70DAE737EE277AC7EE85
:10149800876ADFED207A66EEA77AB6EE007A77EEF5
:1014A800877A1A4CE28A12B28821FDEEE77A17EEA3
:1014B800900AFFF793FF0546248B24B2FFF798FFA5
:1014C800D9E737EEC77AC7EE276AF5EEC06AF1EEBC
:1014D80010FA17D4DFED0F7A66EEA76AF6EE007AF7
:1014E80076EEA76A094CE28A12B28821FDEEE67A06
:1014F80017EE900AFFF772FF0546248B24B2FFF718
:1015080077FFB8E7DFED076AE4E700BF04000020D3
:10151800880E00200080D446020000200000002031
:10152800840E00200000000008B5344BD3ED077A84
:10153800F8EE677A9FED326A67EE867ADFED316AF8
:1015480087EEA67AF2EE0E4A67EE247A2E4AC2EDAC
:10155800007AD3ED057AF8EE677A67EE867AC7EEF9
:10156800A65A9FED2A7A77EE657A9FED295AC7EE3B
:10157800855A284AC2ED005AD3ED037AF8EE677A05
:1015880067EE867AC7EEA65A65EEA47A2249C1EDBF
:10159800007AD3ED017AF8EE677A67EE867A87EEFD
:1015A800A66A37EE467AC7EE057A1C4BC3ED007A79
:1015B800D2ED007AF5EEC07AF1EE10FA17D4174B97
:1015C800D3ED007AF5EEC07AF1EE10FA13D401F0FB
:1015D80059FB134B83ED000A01F062FB114B83EDBD
:1015E800000A01F06DFB104B83ED000A08BD13469D
:1015F80000221A60E3E700221A60E8E7B80E00202C
:101608005AF5514000F07F45A40E00203333D33FF4
:10161800295C0F3E9C0E0020A00E0020980E002092
:10162800940E0020900E00208C0E0020014B012209
:101638001A807047D80E002070B5174D0024EC7141
:10164800164E0321304604F0B6FDC021304604F0A2
:10165800B2FDAC71AC80124B1C6088221A839A824E
:101668005A83DA820F4B1C600F4B1C600F4B1C60B7
:101678000F4B1C600F4B1C600F4B104A5A604FF009
:101688007E529A600E4B0F4A1A600F4B0F4A1A602F
:101698000F4B104A1A6070BDD80E0020F80E0020BB
:1016A8000400002028000010240000102000001072
:1016B8001400001010000010AC0E00200000A04024
:1016C800EC0E00200000A042E80E0020000034428A
:1016D800E40E00200000204138B5124B0022DA71D8
:1016E8009A711A72104B1A70104B1A605A609A60ED
:1016F80088241C839C825C83DC820D4D0321284650
:1017080004F059FDC021284604F055FD2B6846F623
:101718004022C3F89C2043F22052C3F8A820C3F803
:101728001C4238BDD80E0020040000100400002020
:10173800F80E002008B5FFF7CFFF044B9B889BB23B
:1017480013B9024B01221A8008BD00BFD80E002031
:1017580008B5FFF7C1FF104A138801339BB2138005
:10176800C82B0BD91346C8221A800C4B9B889BB2F6
:1017780023B90A4B5B7ADBB2012B00D008BD0023EA
:10178800054A1380064A1360064A1360034A022179
:101798001180054A1370F1E7700E0020D80E002062
:1017A8006C0E0020680E0020A80E002038B5674B8C
:1017B8001B78012B46D0022B65D003B138BD00241D
:1017C800634BDC71634D0321284604F0F4FCC0210F
:1017D800284604F0F0FC604B88229A82DA825F4A3D
:1017E80014605F4A14605F4A14605F4A14605F4A7D
:1017F80014605F4AD2ED016AF2EE0E7A86EEA77A9D
:101808009FED5C6AC7EE067ADFED5B6A67EEA67A43
:10181800FDEEE77AC3ED027A92ED027ADFED577AB0
:1018280027EE277ADFED567A37EE277AC7EE067A63
:1018380067EEA67AFDEEE77AC3ED037A434B012201
:101848001A70BBE74F4A138801339BB21380052BEC
:10185800B4D900224B4B1A803F4B882119839982B7
:101868005983D9823D490A603D490A603D490A6069
:101878003D490A603D490A609A6852105A60334BE4
:1018880002221A709AE7324BDB79002B42D0304B98
:101898000122DA713C4B1A88013292B21A803B4914
:1018A8000B8801339BB20B802B49888AC2EB02124A
:1018B80012FA80F212B28A82CA8AC3EB031313FAAD
:1018C80082F31BB2CB828B8A9BB246F2E032934200
:1018D80000D98A82204BDB8A9BB244F21052934291
:1018E80001D91D4BDA821C4B9B8A1BB246F2E032AF
:1018F80093427FF463AF184BDB8A1BB244F2105259
:1019080093427FF45BAF124B03221A800F4B0022E5
:101918001A7053E7114A1360114A1360114A136091
:10192800114A1360114A13600A4C236846F6402294
:10193800C3F89C20C3F81C22C021204604F01FFCD9
:101948000321204604F01BFCA1E700BFA80E0020DD
:10195800D80E0020F80E00200400002028000010F7
:1019680024000010200000101400001010000010C7
:10197800AC0E00205AF5514000F07F45295C0F3E1F
:101988003333D33F640E0020620E0020600E002027
:1019980038B5384BD3ED027AF8EE677ADFED365A70
:1019A80067EEA57A9FED356A87EE867AF2EE0E7AB3
:1019B80067EE276AD3ED007AF8EE677A67EEA57AC4
:1019C80087EE867ADFED2E7A77EE677A9FED2D6ABD
:1019D80087EE867AF2EE047AB4EEE77AF1EE10FA40
:1019E80006DDF6EE007AF4EEE76AF1EE10FA1DD4A1
:1019F800254B9B8813F0200F17D0244A1368013316
:101A08001360B3F5C87F10DD134600221A60204B1F
:101A18001B780A2B1ED801331D4A13701A4A938863
:101A28009BB223F020039BB2938038BD164C002351
:101A3800E371184D0321284604F0A1FBC021284674
:101A480004F09DFBA3889BB243F02003A3800423EA
:101A58002380CDE70E4B0B221A700B4B0022DA7154
:101A68000C4C0321204604F08AFBC021204604F0D8
:101A780086FBDAE7B80E00205AF5514000F07F45A2
:101A88003333D33F295C0F3ED80E00205C0E002074
:101A98005A0E0020F80E002038B51C4BD3ED027A00
:101AA800F8EE677A9FED1A7A67EE877ADFED196AA2
:101AB80087EEA67AF2EE0E7A67EE277A164B93ED4A
:101AC800007AB4EEE77AF1EE10FA1BD8134A1388BD
:101AD80001339BB21380022B17D900231380104CBB
:101AE800E371104D0321284604F065FBC021284608
:101AF80004F061FBA3889BB243F00803A38004238E
:101B0800238002E0054B00221A8038BDB80E002061
:101B18005AF5514000F07F45E80E0020580E00208D
:101B2800D80E0020F80E002038B5384BD3ED007AD7
:101B3800F8EE677A9FED367A67EE877ADFED356AD9
:101B480087EEA67ADFED347A77EE677ADFED336ACF
:101B580087EEA67A324BD3ED007AF4EEC77AF1EE2F
:101B680010FA04D82F4B1B889BB2032B21D02E4B85
:101B780000221A802B4B9B8813F0100F18D02B4A89
:101B8800138801339BB21380B3F5C87F10D913466D
:101B980000221A80264A138801339BB213800A2B2D
:101BA80023D8204A93889BB223F010039BB29380DA
:101BB80038BD1D4A138801339BB213800A2BD9D92B
:101BC80000231380174CE3711A4D0321284604F0B3
:101BD800F2FAC021284604F0EEFAA3889BB243F03B
:101BE8001003A38004232380C4E713460B221A8022
:101BF8000C4B0022DA710F4C0321204604F0DBFA6B
:101C0800C021204604F0D7FAD2E700BFB80E002062
:101C18005AF5514000F07F453333D33F295C0F3EDE
:101C2800E40E0020D80E0020560E0020540E00208E
:101C3800520E0020F80E002038B52DED028B01F071
:101C480021F8B0EE408A01F02BF8134BD3ED007A5F
:101C5800F4EEC87AF1EE10FA06D9D3ED007AF4EE74
:101C6800C07AF1EE10FA14D80C4C0123238000231B
:101C7800E3710B4D0321284604F09DFAC021284644
:101C880004F099FAA3889BB243F04003A38004238D
:101C98002380BDEC028B38BDEC0E0020D80E00204E
:101CA800F80E002010B5044602F02EF9642C09D86D
:101CB8004CB90023194A1370194A1360194A12685B
:101CC800D3631EE06424222C00D82324134B1B78F2
:101CD80033B9124B01221A7000F59673104A13603B
:101CE8000F4B1B681B1A002B0CDC04EB84046200EE
:101CF8000C4BDB68B3EB440F00D31346094A126858
:101D0800D36310BD074BDB68B3F57A7F01D34FF47B
:101D18007A73044A1268D363F3E700BF480E0020C1
:101D2800440E0020C010002010EE103A03607047E7
:101D380030B58DB001220BA90020FFF788F89DF877
:101D48002C300BB90DB030BD0020FFF767F8002428
:101D58008DF81440264D95ED010A6846FFF7E4FF1B
:101D680095ED020A01A8FFF7DFFF224B93ED000A69
:101D780002A8FFF7D9FF204B93ED000A03A8FFF74D
:101D8800D3FF1E4B93ED000A04A8FFF7CDFF2346AF
:101D980026E0581C03F130026A4412F8304C03F173
:101DA8003101694401F81C4C12F82C4C03F135013F
:101DB800694401F81C4C12F8284C03F139016944B4
:101DC80001F81C4C12F8244C03F13D01694401F858
:101DD8001C4C12F8202C41336B4403F81C2CC3B262
:101DE800032BD6D9152205A90020FEF7F3FFA9E792
:101DF800AC0E0020EC0E0020E40E0020E80E0020BF
:101E0800324B93ED007AF7EE007AB4EE677AF1EE92
:101E180010FA00D0704730B58DB00020FEF7FEFFF5
:101E280000248DF81840294D95ED010A01A8FFF707
:101E38007BFF95ED020A02A8FFF776FF244B93ED8E
:101E4800000A03A8FFF770FF224B93ED000A04A8CD
:101E5800FFF76AFF204B93ED000A05A8FFF764FF20
:101E6800234626E0581C03F130026A4412F82C4C31
:101E780003F13101694401F8184C12F8284C03F1B8
:101E88003501694401F8184C12F8244C03F1390162
:101E9800694401F8184C12F8204C03F13D016944DB
:101EA80001F8184C12F81C2C41336B4403F8182C19
:101EB800C3B2032BD6D9152206A90020FEF78AFF44
:101EC800024B00221A600DB030BD00BFAC0E0020DE
:101ED800EC0E0020E40E0020E80E0020036800EE5F
:101EE800103A704700B52DED048B8BB014220DEB22
:101EF80002010120FEF7ABFF002325E003F12802D1
:101F08000DEB020111F8142C01F8182C03F12C0226
:101F18006A4412F8142C01F81C2C03F130026A44AC
:101F280012F8142C01F8202C03F134026A4412F838
:101F3800142C01F8242C03F138026A4412F8142CEA
:101F480001F8282C0133DBB2032BD7D904A8FFF7FB
:101F5800C5FFF0EE408A03A8FFF7C0FFB0EE408A45
:101F680002A8FFF7BBFFF0EE409A01A8FFF7B6FF03
:101F7800B0EE409A6846FFF7B1FFF0EE407AF4EE13
:101F8800688AF1EE10FA0ED1F5EEC08AF1EE10FA79
:101F980009DD9FED327AF4EEC78AF1EE10FA02D825
:101FA8002F4BC3ED018AB4EE488AF1EE10FA0ED138
:101FB800B5EEC08AF1EE10FA09DB9FED2A7AB4EE8D
:101FC800C78AF1EE10FA02D8254B83ED028AF4EEA7
:101FD800699AF1EE10FA10D1B2EE047AF4EEC79ACB
:101FE800F1EE10FA09DB9FED207AF4EEC79AF1EED4
:101FF80010FA02D81D4BC3ED009AB4EE499AF1EEDF
:1020080010FA10D19FED1A7AB4EEC79AF1EE10FAD1
:1020180009DB9FED147AB4EEC79AF1EE10FA02D8F4
:10202800144B83ED009AF4EE677AF1EE10FA10D1B2
:10203800B7EE007AF4EEC77AF1EE10FA09DB9FEDFD
:10204800077AF4EEC77AF1EE10FA02D80A4BC3ED1C
:10205800007A0BB0BDEC048B5DF804FB0000C842AD
:10206800AC0E00200000484200001643EC0E002091
:10207800CDCCCC3DE40E0020E80E002030B589B070
:10208800002403940494059406940794174BDA6C7F
:1020980042F02002DA64DA6C02F020020092009A20
:1020A800DA6C42F00102DA64DA6C02F001020192A1
:1020B800019ADA6C42F00202DA64DB6C03F0020384
:1020C8000293029B0A4D224643F62101284603F05B
:1020D8008FF943F62103039301230493059406948F
:1020E80003A9284603F094F809B030BD0010024057
:1020F8000004004802680E4B9A4200D0704700B5B1
:1021080083B003F528431A6E42F080621A661B6E8C
:1021180003F080630193019B00220121442002F017
:10212800D1FE442002F0DEFE03B05DF804FB00BFE0
:102138000068014070B588B00023039304930593A9
:102148000693079302681A4B9A4201D008B070BDF3
:1021580003F52843DA6C42F00202DA64DA6C02F022
:1021680002020192019ADA6C42F00102DA64DB6C35
:1021780003F001030293029B4FF4404303930226AA
:102188000496032506950D24079403A9094803F02E
:102198003FF84FF440730393049600230593069584
:1021A800079403A94FF0904003F032F8CEE700BF40
:1021B800006801400004004810B5BAB00024389403
:1021C800399434943594369437942D942E942F94CE
:1021D80030943194329433946022214615A80AF041
:1021E800D3FA129413941494242221460DEB02007E
:1021F8000AF0CAFA2022214601A80AF0C5FAA54821
:10220800A54B03604460846003F02AFB002840F07B
:1022180002810C219F4803F08FFB002840F0FE80CC
:102228000A219C4803F0C1FB002840F0FA804FF4D3
:10223800803338934FF40063399338AA01219548C5
:1022480003F0EEFB002840F0EF80002201219148C6
:1022580003F01FFD002840F0EA8046F6402334933F
:102268000021359136910823379334AA894803F021
:10227800BEFB002840F0DE8000212D912F91309187
:1022880033912DAA834803F00FFE002840F0D58033
:102298001023159300211691179118910123199372
:1022A8001A911B911C911D911E914FF000631F9371
:1022B800209121914FF000532293239124914FF0C4
:1022C800004325934FF480732693279129912A91EF
:1022D8002B912C9115AA6F4803F0A0FD002840F01F
:1022E800AF8000231593279315AA0321694803F0AB
:1022F80095FD002840F0A78043F22053129312ABBB
:1023080001220021634803F03DFE002840F09E8032
:1023180012AB042200215F4803F034FE002840F08D
:10232800988045F2E47312934FF48053139300217D
:10233800149112AB0822574803F024FE002840F0FD
:102348008B800021099164230A930B914FF400427A
:102358000C924FF480420D920E930F914FF0004370
:1023680010934FF08043119309AA4A4803F0B8FD2F
:10237800002874D109AA0321464803F0B1FD0028BA
:1023880070D100210191042302930823039304913F
:10239800059106910791089101AB01223D4803F090
:1023A800D2FE002861D101AB40220321394803F055
:1023B800CAFE00285CD100210291039101AB0222E0
:1023C800344803F0C0FE002855D101AB8022032118
:1023D800304803F0B8FE002850D134AA03212D4814
:1023E80003F005FB00284CD12DAA0321294803F04E
:1023F8005BFD002848D14FF48873129312AB012279
:102408000321244803F0BEFD002840D12148FFF7EE
:1024180091FE3AB010BD00F0ABF8FAE600F0A8F86B
:10242800FEE600F0A5F802E700F0A2F80DE700F0DC
:102438009FF812E700F09CF81EE700F099F827E7EC
:1024480000F096F84DE700F093F855E700F090F8A3
:102458005EE700F08DF864E700F08AF871E700F0B5
:1024680087F887E700F084F88BE700F081F89AE7AF
:1024780000F07EF89FE700F07BF8A6E700F078F818
:10248800ABE700F075F8AFE700F072F8B3E700F0DB
:102498006FF8BBE7F80E00200068014008B508484F
:1024A800084B0360032343604FF47A73C36083606F
:1024B80004F0D6F800B908BD00F05AF8FBE700BFF1
:1024C800F40F00200030004010B504460268204B8D
:1024D8009A4208D022681F4B9A421AD022681E4B93
:1024E8009A4231D010BD1D4A13889BB201339BB26A
:1024F80013801B4A13889BB201339BB21380194A7D
:1025080013889BB201339BB21380174804F0DEF89E
:10251800E0E70AF019FBFFF73BFAFFF78DFBFFF73F
:10252800BBFAFFF701FB0AF013FB0AF009FB0F4A9D
:1025380013780133DBB21370032BCFD91346002273
:102548001A7001F08DFAC9E7FEF7EEFFCAE700BF7F
:102558000010004000140040004401400A10002010
:102568000810002006100020F40F0020041000209E
:1025780072B6FEE700B595B03822002106A80AF029
:1025880003F900200190029003900490059005F053
:10259800B7F8292306934FF48033079301230B934D
:1025A8000C9302230D9303220E9205220F924422CC
:1025B8001092119308221292139306A805F05AF963
:1025C80090B90F23019303230293002303930493E9
:1025D800059304210DEB010005F002FC30B905F06C
:1025E80025FD15B05DF804FBFFF7C2FFFFF7C0FF3C
:1025F80008B501F06DFCFFF7BDFFFFF73FFDFEF7E3
:10260800ABFEFEF747FCFEF75BFDFFF7D5FD00F0DC
:10261800C9F800F0ABFC01F0C9FA01F0FBFAFEF7CB
:10262800BBFCFEF7FDFC09F023FB00F09FFB00F06C
:10263800C7FB00F0EFFBFFF731FF374B00221A8092
:102648000821364806F046FE6420FFF72BFB344885
:1026580006F02CFB334806F029FB334806F026FB2E
:1026680000F076F8FEF7E8FFFFF762FBFFF73AFCA9
:1026780001F05CF9012220212C4802F0B9FE642007
:1026880001F048FC2A4E7F21304602F08FFA294D8E
:102698007F21284602F08AFA274C7F21204602F043
:1026A80085FA04222549304602F096F9284602F0B8
:1026B800F9F8234802F0F6F8204602F0F3F8214C26
:1026C8004FF40031204603F092FD4FF4801120466C
:1026D80003F08DFD2268D2F88C3043F01003C2F865
:1026E8008C3000F017F901E001F076F9164B1B88E1
:1026F8009BB2312BF8D9144B00221A8000F01AF93A
:10270800124B1B889BB2B3F5FA7FEDD30F4B002217
:102718001A80FFF775FBE7E7D80E0020C0100020ED
:10272800581100200C1100207410002000040048EB
:10273800D80D00206C0D0020940C0020F00E002015
:10274800000D0020F80E0020061000200A100020BE
:1027580000230A4A13600A4A13600A4A13600A4AA5
:1027680013600A4A13600A4A13600A4A13600A4A45
:1027780013600A4A13600A4A137070472800001051
:102788002400001020000010140000101000001099
:102798000C000010080000101C00001018000010A9
:1027A8000400001008B51048104B03604FF4827302
:1027B8004360002383604FF4E062C26003614361B9
:1027C8004FF4007282611822C2610362436283621D
:1027D8000722C26203630823436305F00AFF00B9B6
:1027E80008BDFFF7C5FEFBE70C10002000300140D4
:1027F80000B589B0002303930493059306930793C8
:102808000268144B9A4202D009B05DF804FB03F544
:1028180060431A6E42F480521A661A6E02F48052AD
:102828000192019ADA6C42F00102DA64DB6C03F07F
:1028380001030293029BE0230393022304930323DF
:1028480006930523079303A94FF0904002F0E0FC9C
:10285800DAE700BF003001401348854600F05EF912
:1028680012481349134A002302E0D458C4500433D1
:10287800C4188C42F9D3104A104C002301E01360AD
:102888000432A242FBD30E480E490F4A002302E04D
:10289800D458C4500433C4188C42F9D309F07CFFCF
:1028A800FFF7A6FEFEE7000000000220000000205F
:1028B80054040020F8CB0008100C0020F43A002043
:1028C80058040020100C00204CD00008FEE7B0FB94
:1028D800F1F000F00100704710B582B001900C4C87
:1028E8009DF804204FF40061204602F081FD9DF818
:1028F80005204FF48051204602F07AFD9DF806200D
:102908004FF40051204602F073FD02B010BD00BF25
:102918000004004800B583B000238DF8043001227C
:102928008DF805208DF806300198FFF7D5FF03B024
:102938005DF804FB30B589B001F0E6FA04464FF4BF
:10294800FA71FFF7C4FF054664212046FFF7BFFF71
:10295800324B9B889BB26BB9304B1B889BB2042BC4
:1029680008D02E4B1B889BB2032B4BD8DFE803F013
:102978000E1A333E8DF8040000238DF805308DF8CB
:1029880006300198FFF7A8FF09B030BD00238DF885
:10299800083001228DF809208DF80A300298FFF7D7
:1029A8009BFFF1E71D4B5B7A53B100238DF818307C
:1029B8008DF819008DF81A300698FFF78DFFE3E7B8
:1029C80000238DF81C308DF81D508DF81E300798A7
:1029D800FFF782FFD8E700238DF80C308DF80D0043
:1029E8008DF80E000398FFF777FFCDE700238DF8E9
:1029F80010308DF8113001238DF812300498FFF74C
:102A08006BFFC1E78DF8140000238DF815308DF8A1
:102A180016300598FFF760FFB6E700BFD80E002014
:102A280000B583B00B4B1A6E42F001021A661A6E9B
:102A380002F001020092009A9A6D42F080529A6563
:102A48009B6D03F080530193019B04F0DFFE03B0FC
:102A58005DF804FB0010024008B505F0F1FAFEE746
:102A6800FEE7FEE7FEE7FEE770477047704708B5E8
:102A780001F03EFA08BD000008B5024802F066FB06
:102A880008BD00BF340C002008B5024802F05EFB08
:102A980008BD00BFA01A002008B5024802F056FB86
:102AA80008BD00BF401A002008B5024802F04EFBDE
:102AB80008BD00BF601B002008B5024802F046FBB5
:102AC80008BD00BF001B002008B5024804F0D0FB79
:102AD80008BD00BFE033002008B5024806F034F90D
:102AE80008BD00BF7410002008B5024806F02CF994
:102AF80008BD00BF5811002008B5024806F024F9A7
:102B080008BD00BF0C11002008B50AF015F8002117
:102B1800014803F097FD08BDF80E0020034AD2F8DB
:102B2800883043F47003C2F88830704700ED00E045
:102B380020EE800AF7EE007A77EEE00A044BD3ED38
:102B4800007A60EEA70A30EE200A83ED000A70478B
:102B58007010002000000000F8B540F6FE7398429F
:102B680002D99FED450AF8BDC0F57F600F3007EE2A
:102B7800900AF8EE677A17EE900AFDF7ADFC32A3DB
:102B8800D3E90023FDF700FD31A3D3E90023FDF7C6
:102B980025FEFDF70BFFFDF79FFC06460F462EA30B
:102BA800D3E90023FDF7F0FC04460D4632463B46C8
:102BB80025A1D1E90001FDF72FFB02460B4620466F
:102BC8002946FDF70BFEFDF7F1FE00EE100AF2EEC6
:102BD800047A80EE270A09F07DFE10EE100AFDF750
:102BE8007BFC1FA3D3E90023FDF7F8FD1EA3D3E95F
:102BF8000023FDF713FB02460B4600201F49FDF793
:102C0800EDFDFDF7D3FEFDF767FC19A3D3E900231B
:102C1800FDF702FBFDF7CAFE00EE100ADFED167A9B
:102C2800B4EEE70AF1EE10FA09D4DFED157AB4EE46
:102C3800E70AF1EE10FA96DD9FED110A93E79FED92
:102C48000E0A90E7AFF300806666666666660A401D
:102C58000000000000FEAF403333333333331B40F2
:102C6800000000000068AA40000000E0E1796B3F26
:102C78006666666666127140000020C20000F03F7A
:102C88000000F04210B5054C204601F00BFE20462E
:102C980001F0D0FAFFF760FF10BD00BF6C0D0020F7
:102CA80010B5054C204601F0FDFD204601F0C2FAA2
:102CB800FFF752FF10BD00BF000D0020000000000C
:102CC8002DE9F041244E304601F0ECFDDFF8988004
:102CD800B8F8CA309BB2B8F8A82092B29B1A07EE8F
:102CE800903AF8EEE77A9FED1D7AC7EE277A17EE4D
:102CF800900AFDF7F1FB04460D46304601F09AFABA
:102D0800FDF7C8FB12A3D3E90023FDF73DFC0646F7
:102D18000F46B8F8A80080B2FDF7CCFB02460B4678
:102D280030463946FDF778FA02460B4620462946D2
:102D3800FDF72AFC00220A4BFDF770FAFDF736FE74
:102D4800DFED080A00EE100AFFF7F2FEBDE8F08199
:102D5800999999999999F13F940C00200000C842DB
:102D680000003E40CDCCCC3D0075FF1F00B585B0BE
:102D780000230193029303930F48104A0260A9228B
:102D88004260836040F2E733C3608023836106F0CA
:102D980045F950B900230193039301A9064806F0A9
:102DA80057FB28B905B05DF804FBFFF7E1FBF1E735
:102DB800FFF7DEFBF6E700BF5811002000100040C7
:102DC80000B585B000230193029303930F48104A7E
:102DD8000260A9224260836041F28733C360802386
:102DE800836106F01BF950B900230193039301A9ED
:102DF800064806F02DFB28B905B05DF804FBFFF77F
:102E0800B7FBF1E7FFF7B4FBF6E700BF0C110020B2
:102E18000014004008B50A480A4B0360A923436020
:102E28000023836042F20F72C26003614361802312
:102E3800836106F0F3F800B908BDFFF799FBFBE7DB
:102E4800741000200044014000B585B00368224A90
:102E5800934208D0214A934218D0214A934228D05D
:102E680005B05DF804FB1F4B9A6D42F010029A659D
:102E78009B6D03F010030193019B00220321362070
:102E880002F020F8362002F02DF8E9E7154B9A6D8C
:102E980042F020029A659B6D03F020030293029B87
:102EA80000220221372002F00DF8372002F01AF82C
:102EB800D6E70C4B1A6E42F400321A661B6E03F406
:102EC80000330393039B00220321192001F0FAFF2A
:102ED800192002F007F8C3E7001000400014004072
:102EE80000440140001002400268094B9A4200D099
:102EF800704782B003F55C431A6E42F400521A66BA
:102F08001B6E03F400530193019B02B0704700BF8E
:102F18000034014000B587B0002301930293039366
:102F28000493059302680F4B9A4202D007B05DF8EC
:102F380004FB03F55C43DA6C42F00202DA64DB6CF2
:102F480003F002030093009B4FF4007301930223E4
:102F58000293032304930A23059301A9024802F06C
:102F680057F9E3E7003401400004004810B598B071
:102F780000241594169417940E940F941094119499
:102F88001294139414943422214601A809F0FCFBEE
:102F980029482A4B036005234360846040F2E733E5
:102FA800C360046144618023836106F067F80028E8
:102FB80036D1002315931693179315A91E4806F0CA
:102FC80047FA00282FD160230E934FF4FA730F931A
:102FD80000231093119312931393149308220EA9AC
:102FE800154806F0CBF808BB00230193029303931E
:102FF800049305934FF4005206920793089309939C
:103008004FF000720A920B930C930D9301A90A4892
:1030180006F074FA68B90848FFF77CFF18B010BDCD
:10302800FFF7A6FAC5E7FFF7A3FACCE7FFF7A0FA80
:10303800DAE7FFF79DFAEEE7C01000200034014000
:103048000220704710B50446FFF7FAFFA04214BFEC
:103058000020012010BD000010B50446FFF7F2FF64
:1030680058B1022C0BD84FF4067303FB04F000F59B
:103078000470044B1844043010BD0020FCE7002005
:10308800FAE700BFE4110020B0F5803F01D280B21A
:1030980070474FF6FF707047B5EEC00AF1EE10FAB0
:1030A8000FD908B5DFED087A20EE270AF6EE007A88
:1030B80030EE270AFCEEC07A17EE900AFFF7E4FF1D
:1030C80008BD0020704700BF00007A44B5EEC00A72
:1030D800F1EE10FA11DBDFED107A20EE270AF6EE9A
:1030E800007A30EE270AFDEEC07A17EE900A002823
:1030F80010DB08B5FFF7C8FF08BDDFED077A20EE43
:10310800270AF6EE007A30EE670AFDEEC07A17EE6F
:10311800900AECE7002070470000C842094B1B8862
:103128009BB2032B09D8DFE803F0020A040601204A
:10313800704704207047082070470F20704702200E
:10314800704700BFD80E0020084B9B79DBB2022BDA
:1031580007D0032B07D0012B01D000207047012096
:103168007047022070470320704700BFD80E002028
:10317800034B1878C0B2013818BF0120704700BF50
:1031880004000010064B9B79DBB2012B03D0054BE2
:10319800588B80B27047034B188B80B2704700BFC2
:1031A800D80E00200400002008B50D4B1B68002B2A
:1031B80013DD0B4BD3ED007AF8EEE77A9FED097A31
:1031C80067EE877AB2EE0E7A67EE877A9FED060A87
:1031D80087EE800AFFF760FF08BD0020FCE700BF0C
:1031E800040000205AF5514000F07F4508B5034B14
:1031F80093ED020AFFF750FF08BD00BFAC0E002098
:1032080008B50E4BD3ED007AF5EEC07AF1EE10FA60
:1032180009DC0B4BD3ED007AF5EEC07AF1EE10FA2B
:1032280006DC002003E093ED000AFFF735FF08BD38
:1032380093ED000AFFF730FFF9E700BF980E002072
:103248009C0E0020044B1B68D86BB0F57A7F01D91F
:103258004FF47A7080B27047C0100020014BB3F869
:1032680008027047E4110020134AD2ED016AF2EE19
:103278000E7A86EEA77A9FED116AC7EE067ADFED21
:10328800106A67EEA67AFDEEE77A0E4BC3ED027A76
:1032980092ED027ADFED0C7A27EE277ADFED0B7AD2
:1032A80037EE277AC7EE067A67EEA67AFDEEE77A5A
:1032B800C3ED037A704700BFAC0E00205AF55140A9
:1032C80000F07F4504000020295C0F3E3333D33FD4
:1032D80010B52DED028B654B93ED008A644BD3ED51
:1032E800007AF4EEC87AF1EE10FA01DD93ED008A67
:1032F800604B93ED000AFFF7CFFE5F4B18805F4BE2
:1033080093ED000AFFF7C8FE5D4B18805D4B93ED07
:10331800000AFFF7C1FE5C4B18805C4B93ED000A76
:10332800FFF7BAFE5A4B18805A4B93ED000AFFF785
:10333800CDFE594B18804D4B93ED000AFFF7C6FEA2
:10334800564B18804A4B93ED000AFFF7BFFE544BCB
:103358001880544C94ED010AFFF79EFE524B1880DA
:1033680094ED020AFFF798FE504B1880FFF700FF14
:103378004F4B18804F4B5B7A002B75D001224E4B78
:103388001A804C4B9A884D4B1A80FFF7C7FE4C4B5E
:103398001880FFF7D9FE4B4B18804B4CA069FFF7FC
:1033A80073FE4A4B18802069FFF76EFE484B188061
:1033B800A068FFF769FE474B18802068FFF764FE96
:1033C800454B1880B0EE480AFFF780FE434B188043
:1033D800434B93ED000AFFF779FE424B1880294BC7
:1033E80093ED000AFFF758FE3F4B18803F4B93EDD3
:1033F800000AFFF751FE3E4B1880244B93ED000A5C
:10340800FFF74AFE3B4B18803B4B93ED000AFFF752
:1034180043FE3A4B1880FFF7B5FE394B1880394BFD
:103428001C68D4F89C00FFF72FFE374B1880D4F89F
:103438001C02FFF729FE354B1880FFF703FF344BBA
:103448001880FFF70BFF334B1880FFF7D9FE324B7C
:103458001880FFF7CBFE314B1880FFF7A5FE304BE5
:103468001880BDEC028B10BD002288E7940E002066
:10347800900E0020A40E0020E21100209C0E0020D7
:10348800E0110020A00E0020DE110020980E002080
:10349800DC1100208C0E0020DA110020D811002049
:1034A800D6110020AC0E0020D4110020D21100202B
:1034B800D0110020D80E0020CE110020CC11002001
:1034C800CA110020C8110020B80E0020C611002023
:1034D800C4110020C2110020C0110020BE1100201C
:1034E800EC0E0020BC110020BA110020E80E0020CC
:1034F800B8110020B6110020E40E0020B4110020FD
:10350800B2110020F80E0020B0110020AE110020EA
:10351800AC110020AA110020A8110020A61100203B
:10352800A4110020054BD3F8BC322BB1D3F81402F8
:10353800B0FA80F04009704701207047F01C002065
:1035480020B310B5044690F8163253B1037823B966
:103558000F4AD2F88820202A04D0012B05D0022B4C
:103568000CD010BD80F81632FBE70A4AD2F8882042
:10357800202AF4D1002384F81632F2E7FFF7D2FFAD
:103588000028EED0002384F81632EAE7704700BF1F
:10359800541C0020C01B002038B54C4B1B8807EE7C
:1035A800103AB8EE477ADFED4A7AC7EE274A494B18
:1035B8001B8807EE103AB8EE477A87EE275A464B33
:1035C8001B8807EE103AB8EE477ADFED446AC7EE7B
:1035D800265A434B1B8807EE103AB8EE477AC7EED7
:1035E800276A404B1B8807EE103AB8EE477A87EEF9
:1035F800276A3D4B1C88B4F57A7F01D94FF47A7459
:103608003A4BC3ED014A83ED025AF2EE047AF4EE26
:10361800E75AF1EE10FA09DBDFED357AF4EEE75AF6
:10362800F1EE10FA02D8334BC3ED005AF7EE007AE8
:10363800F4EEE76AF1EE10FA09DBDFED287AF4EE32
:10364800E76AF1EE10FA02D82B4BC3ED006ADFED02
:103658002B7AB4EEE76AF1EE10FA09DBDFED287A8F
:10366800B4EEE76AF1EE10FA02D8264B83ED006A51
:103678001E4B4FF07E521A60FFF7F6FD224B1B8857
:10368800BBB10122214B5A725B7AA3B1204D0123B1
:1036980085F80632A5F8084203F1CC33A3FB0430C1
:1036A800C0F3CF00FEF7FEFA00F02EFCC5F80C02BE
:1036B80038BD0022E6E7FEF70FF8144B1B889BB2D3
:1036C800042BE3D0114B01221A80DFE7D41100202C
:1036D80000007A44D2110020BC1100200000C8422A
:1036E800B8110020B4110020AA110020AC0E00204F
:1036F80000001643EC0E0020E80E0020CDCCCC3D97
:1037080000004842E40E0020CE110020D80E002010
:10371800E411002008B5FFF73FFFFFF7D9FD08BD0A
:1037280010B504464FF4807206F00CFC38B9D4F892
:10373800803023B11A68136823F00403136010BDA6
:1037480070B50E4615461C46B3F5807F01D94FF477
:1037580080742888A04209D3A0420DD8B4F5807F90
:1037680017D0FF2C00D900242C8070BD211A89B2F3
:10377800304408F09FFDF4E7C0F5807189B2304409
:1037880008F098FD002CEFD02146304608F092FD55
:10379800E7E7C0F5807189B2304408F08BFDE0E7B7
:1037A80008B50020FFF74EFC78B1124BD3F88030F3
:1037B8005BB11B685B689BB2C3F580730E4A9BB212
:1037C800A2F201210020FFF7BBFF0120FFF73AFC1E
:1037D80078B10A4BD3F880305BB11B685B689BB249
:1037E800C3F58073064A9BB2A2F203110120FFF7CA
:1037F800A7FF08BD541C0020E6130020C01B0020B2
:10380800E813002000284AD070B514460546002960
:1038180047D0002A47D0B2F5857F46D290F81632B5
:1038280043B1037823B9264AD2F88820202A16D033
:10383800012B17D095F81632CBBB6E1C22463046AA
:1038480008F0D0FF2B78B3B1012B1ED021463046AB
:1038580008F06EFA88BB012385F8163224E080F858
:103868001632E7E7174BD3F88830202BE2D1002334
:1038780085F81632DEE722463146114805F0DEFEAD
:10388800B8B9012385F816320EE0224631460D48B4
:1038980005F0D4FE78B9012385F8163204E001203A
:1038A8007047012000E0012070BD0120FCE70220E4
:1038B800FAE70220F8E70220F6E70220F4E700BF63
:1038C800541C0020C01B002078B110B50446B0F885
:1038D800142202B910BD00F58571FFF793FF002887
:1038E800F8D10023A4F81432F4E77047B8B170B5E2
:1038F8000D4614460646A1B1AAB1B2F5857F01D39B
:10390800012011E0FFF77EFF70B12246294606F537
:10391800857008F067FFA6F81442002004E0012033
:103928007047012000E0012070BD000010B5224C56
:1039380040F65C020021204608F026FFFFF780FBD6
:103948002070012384F806324FF47A73A4F8083201
:1039580000F0DAFAC4F80C02002307E0164A4FF424
:10396800067101FB032282F814320133022BF5D9C8
:103978006420FEF797F9FFF7ABFC20210F4808F009
:10398800BFFE00210E4808F003FC00210D4808F096
:103998000FFC0020FFF756FB20B90120FFF752FB70
:1039A80028B910BD08490948FFF7BAFEF5E70849E4
:1039B8000848FFF7B5FEF4E7E411002028000020CE
:1039C800D53A00081D370008E5110020541C0020D6
:1039D800E5120020C01B002038B500F095FA044617
:1039E800FFF776FCFFF7DCFE1B4B93F806322BB192
:1039F800194BD3F80C32E31A312B01D800240CE010
:103A0800154DB5F80802154BA3FB0030C008FEF7AA
:103A180049F9C5F80C42F1E70134022C1AD80E4BCB
:103A28004FF4067202FB043393F81402FFF70AFB03
:103A38000028F1D04FF4067504FB05F505F504756B
:103A4800054B1D4404352846FFF77AFD2846FFF745
:103A58003BFFE1E738BD00BFE4110020CDCCCCCC62
:103A680038B5FFF735FC002400E00134022C1AD8E1
:103A78000E4B4FF4067202FB043393F81402FFF75F
:103A8800E1FA0028F1D04FF4067504FB05F505F5B9
:103A98000475064B1D4404352846FFF751FD28469A
:103AA800FFF712FFE1E708F099FB38BDE4110020A9
:103AB80038B504460D46044B1878FFF7CDFA2A4668
:103AC8002146FFF713FF38BDE411002008B5FFF7C2
:103AD800EFFF08BDA0B138B50C46054619B1022064
:103AE800FFF7B0FA00B938BD064B02221A70FFF78B
:103AF800EFFB2146284608F0DDFBFFF7E9FBF2E77C
:103B0800704700BFE411002008B5FFF7A5FA10B10F
:103B1800002280F8162208BD7047000008B5144B33
:103B2800984203D0134B984210D008BD0020FFF7ED
:103B3800EBFF0020104BA3F80202FFF783FA0028DE
:103B4800F3D00E490A48FFF7EBFDEEE70120FFF737
:103B5800DBFF094B0022A3F804220120FFF772FAC9
:103B68000028E2D006490348FFF7DAFDDDE700BF89
:103B7800541C0020C01B0020E4110020E511002087
:103B8800E512002008B5074B984203D0064B98422F
:103B980004D008BD0020FFF7B7FFFAE70120FFF7C0
:103BA800B3FFF6E7541C0020C01B002008B51748D7
:103BB800174B03604FF46123436000238360C360A5
:103BC80003610C2242618361C361036243628362C1
:103BD80006F02DF970B900210C4806F01EFA60B9FC
:103BE80000210A4806F03EFA50B9084806F0F6F9EE
:103BF80048B908BDFEF7BCFCEDE7FEF7B9FCEFE7F6
:103C0800FEF7B6FCF1E7FEF7B3FCF2E7541C002020
:103C18000038014008B51748174B03604FF461237B
:103C2800436000238360C36003610C2242618361A7
:103C3800C36103624362836206F0F9F870B9002138
:103C48000C4806F0EAF960B900210A4806F00AFAB9
:103C580050B9084806F0C2F948B908BDFEF788FC13
:103C6800EDE7FEF785FCEFE7FEF782FCF1E7FEF7EC
:103C78007FFCF2E7C01B002000440040F0B5A1B073
:103C8800044600211B911C911D911E911F915422E5
:103C980006A808F079FD23686D4A934204D06D4A5E
:103CA800934260D021B0F0BD0123069306A804F02A
:103CB800D7F900284ED1684B1A6E42F480421A6632
:103CC8001A6E02F480420192019ADA6C42F0020202
:103CD800DA64DB6C03F002030293029BC0231B939C
:103CE80002231C9300251D951E9507231F931BA9CE
:103CF8005A4801F08DFA5A485A4B0360182343601A
:103D08008560C56080230361456185612023C361A7
:103D18004FF40053036201F061F9F0B9504BC4F855
:103D280080309C625048514B036019234360102334
:103D380083600023C3608022026143618361C361A1
:103D48004FF40053036201F049F948B9464BE36761
:103D58009C62A7E7FEF70CFCADE7FEF709FCDDE780
:103D6800FEF706FCF2E70223069306A804F078F9AA
:103D7800002863D1384B9A6D42F400329A659A6DE7
:103D880002F400320392039ADA6C42F00102DA6418
:103D9800DA6C02F001020492049ADA6C42F0020230
:103DA800DA64DB6C03F002030593059B4FF40043D0
:103DB8001B9302271C9700251D951E9507261F9605
:103DC8001BA94FF0904001F023FA08231B931C977E
:103DD8001D951E951F961BA9204801F019FA244825
:103DE800244B03601A2343608560C5608023036108
:103DF800456185612023C3614FF40053036201F0DC
:103E0800EDF8F0B91A4BC4F880309C621A481B4B85
:103E180003601B234360102383600023C360802258
:103E2800026143618361C3614FF40053036201F08F
:103E3800D5F848B9104BE3679C6233E7FEF798FB67
:103E480098E7FEF795FBDDE7FEF792FBF2E700BF88
:103E580000380140004400400010024000040048BF
:103E6800601B002044000240001B00205800024054
:103E7800A01A00201C000240401A00203000024016
:103E8800104B1B680BB90120704710B504464FF45E
:103E98007A70B0FBF3F30C4A1068B0FBF3F001F052
:103EA80025F868B90F2C01D901200AE00022214623
:103EB8004FF0FF3001F006F8044B1C60002000E0D2
:103EC800012010BDA801002024000020AC01002022
:103ED80010B5032000F0E4FF0F20FFF7D1FF10B169
:103EE8000124204610BD0446FEF79AFDF9E70000BC
:103EF800034A1368034909680B441360704700BFFD
:103F0800E81C0020A8010020014B1868704700BF7A
:103F1800E81C002038B50446FFF7F6FF0546B4F163
:103F2800FF3F02D0044B1B681C44FFF7EDFF401B0A
:103F3800A042FAD338BD00BFA801002010B4303029
:103F48000B0A9B0003F00C03C45801F01F014FF04B
:103F58001F0C0CFA01FC24EA0C0CC2F384628A40A0
:103F68004CEA0202C2505DF8044B704710B414309A
:103F78004B0E9B0003F00403C458C1F304514FF0E7
:103F8800070C0CFA01FC24EA0C0C8A404CEA0202E9
:103F9800C2505DF8044B704730B583B000230193DD
:103FA800002800F032810446C36D13B323689A6871
:103FB80012F0005F05D09A6822F0204222F03F02FA
:103FC8009A602268936813F0805F1FD1936823F08A
:103FD800104323F03F0343F0805393608C4B1B68DE
:103FE8009B098C4AA2FB03239B0901335B000193C5
:103FF80009E0FDF7A9F80023236684F85830D5E7CF
:10400800019B013B0193019B002BF9D12268936826
:1040180013F0805F3DD1E36D43F01003E365236E39
:1040280043F0010323660120936813F0040300D0D2
:104038000123E16D11F0100F40F0E080002B40F0FB
:10404800DD80E36D23F4817343F00203E365936835
:1040580013F0010F3ED1B2F1A04F1CD06E4B9A4223
:1040680019D06E4B996811F0010100D001216C4BF9
:104078009B6813F0010300D001230B436949896849
:1040880011F0010100D001210B430CBF01230023D3
:1040980012E00020C8E74FF0A043996811F0010131
:1040A80000D001215C4B9B6813F0010300D0012371
:1040B8000B430CBF0123002363B1B2F1A04F6CD0B6
:1040C800554B9A4267D0584963688A6822F47C1233
:1040D80013438B60627FE36B43EA4233E268134326
:1040E800A268134394F8242043EA0243012A56D0D5
:1040F800E26A22B102F47872216B0A431343216801
:10410800CD684A4A2A401A43CA602268136923F0D4
:104118004063616B0B4313612268936813F00803D3
:1041280000D0012343BB237F94F83810490041EAAB
:104138008331D36823F4804323F002030B43D36015
:104148002369002B30D02268136943F4803313614C
:104158002268D2F8C03023F47F5323F03F0321694B
:104168000B43C2F8C03094F84030012B2BD02268A2
:10417800136923F0010313616369012B35D02268A9
:10418800136B23F00F031363E36D23F0030343F072
:104198000103E36537E0264996E7254994E7A26AD3
:1041A800013A43EA4243A3E72268136923F48033C0
:1041B80013612268D2F8C03023F47F5323F03F0301
:1041C800C2F8C030CFE721680B6923F4FF6323F0FE
:1041D8000403626CA56C2A43E56C2A43256D2A43C7
:1041E800134343F001030B61C6E721680B6B23F00F
:1041F8000F03226A013A13430B63C5E7E36D43F0EB
:104208001003E365012003B030BD0120FBE700BFC8
:1042180024000020632D3E050001005000040050DA
:104228000005005000060050000700500740F0FF4E
:10423800000300500368186C70477047704708B552
:10424800806AFFF7FBFF08BD704708B50346806A20
:10425800C26D12F0500F30D1C36D43F40073C365C3
:1042680003681A6812F0080F14D0DA6812F4406F65
:1042780020D1DB6813F4005F1CD1C36D23F4807375
:10428800C365C36D13F4805F14D1C36D43F001039C
:10429800C3650FE0DB6813F0020F0BD1C36D23F485
:1042A8008073C365C36D13F4805F03D1C36D43F09E
:1042B8000103C365FFF7C1FF08BDC26D12F0100FFF
:1042C80004D1426D526B18469047F5E7FFF7BCFFE3
:1042D800F2E708B5806AC36D43F04003C365036E17
:1042E80043F004030366FFF7AFFF08BDF0B583B0E2
:1042F8000023019390F85830012B00F048820446BF
:104308000D46012380F858300068836813F0040FC5
:1043180009D0E36D43F02003E3650120002384F80E
:10432800583003B0F0BD0A684968FFF707FE2068F7
:10433800836813F0040300D00123866816F008068A
:1043480000D00126002B3ED1002E3CD1AA68B2F144
:10435800004F78D02968FFF709FE2268536923F0D7
:104368000043536169692268D368C3F3C1035B00E2
:1043780099402869042873D0603252F82070AB4BFA
:104388003B402F6807F0F84C41EA0C010B4343F01F
:10439800004342F8203023682869AA69603353F83B
:1043A800201021F080710A4343F8202023682969EE
:1043B8002A7F012A51D0603353F8212022F000725D
:1043C800324343F821202268936813F0010F16D175
:1043D8002B68E868D2F8B010C3F3120621EA060188
:1043E80000F018069248F0400340C3F312030B4351
:1043F800C2F8B030EA688F4B9A4200F099802B6877
:104408008D4A134200F0B9812268B2F1A04F00F042
:1044180050818A498A4200F049818949896801F0B6
:10442800E070884DAB4200F04681874DAB4200F00A
:104438004281864DAB4200F07181854DAB4200F060
:10444800878100206AE700222968FFF78FFD22682C
:10445800536943F00043536184E74FF00076AAE7BD
:10446800136E116EC1F384612B68C3F3120080BB15
:10447800C3F38463994234D021684B6E4A6EC2F309
:1044880084622B68C3F3120080BBC3F384639A422F
:1044980034D021688B6E8A6EC2F384622B68C3F3B2
:1044A800120080BBC3F384639A4234D02168CB6E78
:1044B800CA6EC2F384622B68C3F3120080BBC3F3D5
:1044C80084639A427FF47FAFCB6E23F00043CB66C0
:1044D80079E793FAA3F313B1B3FA83F3CAE7202376
:1044E800C8E7136E23F000431366C5E793FAA3F3F6
:1044F80013B1B3FA83F3CAE72023C8E74B6E23F05E
:1045080000434B66C5E793FAA3F313B1B3FA83F3F9
:10451800CAE72023C8E78B6E23F000438B66C5E704
:1045280093FAA3F313B1B3FA83F3CAE72023C8E7D6
:1045380020682B68C3F3120626BB9A0E013202F0DC
:104548001F02092A8CBF00220122002A52D046BB32
:10455800990E0131890601F0F84176BB9F0E0137AB
:1045680007F01F070122BA401143AEBB9B0E01336F
:1045780003F01F0303EB43031B051943AA68FFF766
:10458800F5FC3CE793FAA3F24AB1B2FA82F201329F
:1045980002F01F02092A8CBF00220122D5E720223F
:1045A800F5E793FAA3F131B1B1FA81F10131890646
:1045B80001F0F841D1E72021F8E793FAA3F24AB1D4
:1045C800B2FA82F2013202F01F024FF0010C0CFA2B
:1045D80002F2C9E72022F5E793FAA3F343B1B3FA4D
:1045E80083F3013303F01F0303EB43031B05C4E705
:1045F8002023F6E776BB990E0131890601F0F841D0
:10460800A6BB9F0E013707F01F070122BA401143CE
:10461800DEBB9B0E013303F01F0303EB43031E3B7A
:104628001B0543F000731943A8E700BF00F0FF0320
:10463800FFFF070000007F400000088000010050D5
:1046480000070050000021C31000C090000052C7AE
:10465800000084CB93FAA3F131B1B1FA81F10131B1
:10466800890601F0F841CBE72021F8E793FAA3F295
:104678004AB1B2FA82F2013202F01F024FF0010C85
:104688000CFA02F2C3E72022F5E793FAA3F35BB131
:10469800B3FA83F3013303F01F0303EB43031E3B19
:1046A8001B0543F00073BEE72023F3E701F5007113
:1046B800B4E63849B2E611F4000F7FF4BAAEB2F1AD
:1046C800A04F04D0344B9A4201D0002026E6B2F124
:1046D800A04F19D0314B9A4214D0314A40F400000F
:1046E800936823F0E073184390602E4B1B689B0976
:1046F8002D4AA2FB03239B09013303EB43039B00D1
:10470800019306E0234AE9E7224AE7E7019B013BD8
:104718000193019B002BF9D10020FFE511F0807F68
:104728007FF48BAE1D4B9A4229D003F580639A42E1
:1047380027D0B2F1A04F09D0194940F080738A6898
:1047480022F0E07213438B600020E7E51149F4E79B
:1047580011F4800F17D1114B9A4216D0B2F1A04F25
:1047680009D00F4940F480038A6822F0E0721343AD
:104778008B600020D2E50749F4E70020CEE5002051
:10478800CCE50020CAE50020C8E50020C6E50220E7
:10479800C7E500BF000300500006005000010050AC
:1047A8000007005024000020632D3E0530B583B07B
:1047B8000023019303689A6812F0010F63D104463D
:1047C8009968324A114220D19A6822F0004222F0B8
:1047D8003F0242F001029A600368B3F1A04F20D073
:1047E8002B4A93421BD02B4B9B6813F4000F20D00D
:1047F800294B1B689B09294AA2FB03239B09013308
:1048080003EB43039B00019310E0C36D43F01003D7
:10481800C365036E43F001030366012034E0204BB7
:10482800E2E71F4BE0E7019B013B0193019B002B53
:10483800F9D1FFF769FB054623681A6812F0010FE2
:104848001FD19A6812F0010F07D19A6822F000422E
:1048580022F03F0242F001029A60FFF755FB431B2A
:10486800022BE9D923681B6813F0010FE4D1E36D2B
:1048780043F01003E365236E43F001032366012030
:1048880002E0002000E0002003B030BD3F000080BF
:10489800000100500007005024000020632D3E0551
:1048A8000003005038B504460368B3F1A04F60D048
:1048B800464A93425AD0464A956805F01F059B68B8
:1048C80013F0040F7DD194F85830012B7BD00123CD
:1048D80084F858302046FFF769FF00286DD1E36D52
:1048E80023F4706323F0010343F48073E3652368C2
:1048F800364A934242D002F5806293423BD01A4630
:10490800934200D01DB9E26D22F48012E265E26D97
:1049180012F4805F35D0226E22F0060222661C2235
:104928001A60002384F858302368284A93422ED00E
:1049380002F58062934227D01A4693422AD0092D65
:1049480005D840F22121E94011F0010F22D1E36D91
:1049580043F48013E365D36813F0007F32D0E36D2E
:1049680023F4405343F48053E3652BE002F50072CF
:10497800A2E7184AA0E7A2F58072C1E74FF0A0426B
:10498800BEE700222266CAE7A2F58072D5E74FF09B
:10499800A042D2E7DA6812F0007F05D0E26D22F477
:1049A800405242F48052E2659A6822F0004222F0B6
:1049B8003F0242F004029A6004E0002384F8583071
:1049C80000E0022038BD0220FCE700BF00010050D3
:1049D80000070050000300502DE9F04104460F463F
:1049E80090460068B0F1A04F24D0444B98421ED0A6
:1049F800434B9E6806F01F06856815F0040F77D1B3
:104A080094F85830012B76D0012384F858303D4B68
:104A1800984211D0092E05D840F22123F34013F013
:104A2800010F09D1002384F85830012061E003F513
:104A38000073DEE7344BDCE72046FFF7B7FE0028BB
:104A480052D1E36D23F4706323F0010343F48073C0
:104A5800E3652368294A934240D002F58062934275
:104A680039D01A46934200D01EB9E36D23F480135F
:104A7800E365E36D13F4805F33D0236E23F0060300
:104A88002366636D214ADA62636D214A1A63636D96
:104A9800204A5A6323681C221A60002384F858307D
:104AA8002268536843F0100353602268D36843F0C8
:104AB8000103D360216843463A464031606D00F0F7
:104AC800FBFA2268936823F0004323F03F0343F086
:104AD800040393600DE0A2F58072C3E74FF0A04293
:104AE800C0E700232366CCE7002384F8583000E0B1
:104AF8000220BDE8F0810220FBE700BF0001005062
:104B08000007005000060050000300505342000800
:104B180047420008DB42000838B50446026893683B
:104B280013F0020300D00123916811F0010F39D06E
:104B3800002B39D1936803F00D03012B09D0E36DE5
:104B480043F01003E365236E43F00103236601205D
:104B580029E0936823F0004323F03F0343F0020366
:104B68009360236803221A60FFF7CEF9054623688D
:104B78009B6813F0010F13D0FFF7C6F9401B0228FA
:104B8800F5D923689B6813F0010FF0D0E36D43F06B
:104B98001003E365236E43F001032366012002E05E
:104BA800002000E0002038BD0020FCE730B583B0CD
:104BB8000023019390F85830012B41D004460D464C
:104BC800012380F85830FFF7A7FF80BBE36D23F47B
:104BD800885323F0020343F00203E36522689368D5
:104BE80023F0404323F03F0305F080452B4343F077
:104BF8000043936023689B68002B06DBE36D23F07A
:104C0800030343F00103E36515E0019B01330193BE
:104C1800019A0C4B9A42EDD9E36D23F0120343F04D
:104C28001003E365002384F85830012006E0E36DA3
:104C380043F01003E365002384F8583003B030BD17
:104C48000220FBE701DE040090F85820012A00F05A
:104C5800D68010B49DB00346012280F85820002267
:104C6800189219920068B0F1A04F47D0654A904257
:104C780047D000220192019A002A46D0926812F089
:104C8800040200D00122846814F0040F40F0A780C9
:104C9800002A40F0A480B0F1A04F42D05A4A904276
:104CA8003CD05A4A086800285CD0906820F46040DC
:104CB8004C6893F838C044EA4C3420439060186834
:104CC800B0F1A04F2FD0504CA0422CD04D48846852
:104CD80014F0010400D001244D48806810F0010050
:104CE80000D0012020434B4CA46814F0010400D0EC
:104CF800012420430CBF0120002025E0424A0192F4
:104D0800B9E702F580720192B5E7DA6D42F0200248
:104D1800DA65002283F85820012068E002F5007265
:104D2800C0E73D4ABEE74FF0A040846814F0010494
:104D380000D001243448806810F0010000D0012020
:104D480020430CBF01200020002854D0906820F494
:104D5800716020F00F000C68896821430843906057
:104D6800002041E0916821F4604191601968B1F137
:104D7800A04F1AD02448814217D02249886810F0E1
:104D8800010000D001202249896811F0010100D0FA
:104D9800012101431F48806810F0010000D0012064
:104DA80001430CBF0121002110E04FF0A0418868A9
:104DB80010F0010000D001201349896811F00101A9
:104DC80000D0012101430CBF01210021A9B1916844
:104DD80021F4716121F00F019160002004E0DA6D87
:104DE80042F02002DA650120002283F858201DB025
:104DF8005DF8044B70470020F6E70020F4E7022036
:104E0800704700BF00040050000100500007005028
:104E1800000500500006005000030050002807DB82
:104E280000F01F02400901239340024A42F8203053
:104E3800704700BF00E100E0002808DB0901C9B2A3
:104E480000F1604000F5614080F80013704700F001
:104E58000F000901C9B2014B1954704714ED00E065
:104E680000B500F00700C0F1070CBCF1040F28BF23
:104E78004FF0040C031D062B0FD9C31E4FF0FF3E45
:104E88000EFA0CF021EA000199400EFA03FE22EA1C
:104E98000E0241EA02005DF804FB0023EEE7000081
:104EA800074AD36823F4E0631B041B0C000200F4D8
:104EB800E060034343F0BF6343F40033D3607047BB
:104EC80000ED00E010B50446054BD868C0F3022099
:104ED800FFF7C6FF01462046FFF7AEFF10BD00BF33
:104EE80000ED00E008B5FFF799FF08BD0138B0F103
:104EF800807F0BD24FF0E0235861054AF02182F8F9
:104F080023100020986107221A617047012070471A
:104F180000ED00E030B4C46C056D6560446D14B1FB
:104F2800846DC56D6560446C04F01F0C012404FA9F
:104F38000CF4056C6C60046863608368102B05D002
:104F4800036899600368DA6030BC704703689A6048
:104F58000368D960F8E700000368104A934214D840
:104F6800DBB2083B0E4AA2FB03231B090D49426C26
:104F780022F003020A4482640B4AC26403F01F034E
:104F8800012202FA03F303657047DBB2083B044AC7
:104F9800A2FB03231B0908330449E8E7070402407E
:104FA800CDCCCCCC0008024080080240200802404A
:104FB800436803F07F03074A1A4492004265064A91
:104FC8008265013B03F01F03012202FA03F3C36564
:104FD800704700BF3F8200104009024000285DD0A2
:104FE80010B5044601682E4B99423FD82D4B0B440F
:104FF8002D4AA2FB03231B099B0043642B4B03642C
:10500800022384F825300A6822F4FF4222F0700255
:10501800A368E06803432069034360690343A06908
:105028000343E0690343206A034313430B602046AC
:10503800FFF792FFA368B3F5804F22D06368A26C94
:1050480003F07F031360E36C226D5A606368013BD1
:10505800032B19D900236365A365E3650020E0638A
:10506800012384F8253084F8240010BD104B0B442C
:105078000D4AA2FB03231B099B0043640D4B0364E9
:10508800BEE700236360D9E72046FFF791FF636D11
:1050980000221A60A36DE26D5A60DFE701207047B5
:1050A80007040240F8FFFDBFCDCCCCCC0000024085
:1050B800F8FBFDBF0004024038B5044690F8240010
:1050C800012841D0012084F8240094F82500C0B2BA
:1050D800012804D0002384F82430022038BD02209F
:1050E80084F825000020E0632568286820F0010086
:1050F80028602046FFF70EFF236BD3B122681368A0
:1051080043F00E031360A36C1A6812F4803F03D0B7
:105118001A6842F480721A60636D1BB11A6842F40F
:1051280080721A602268136843F00103136000203C
:10513800D4E72268136823F0040313602268136815
:1051480043F00A031360DEE70220C7E738B5036CB3
:10515800196804682568436C03F01F0304229A4009
:105168000A4215D015F0040F12D0236813F0200F4F
:1051780003D1236823F004032360436C03F01F0268
:10518800016C042393404B60036B03B1984738BD0F
:1051980002229A400A421CD015F0020F19D0236847
:1051A80013F0200F06D1236823F00A03236001239C
:1051B80080F82530436C03F01F02016C02239340F2
:1051C8004B60002380F82430C36A002BDFD0984757
:1051D800DDE7082202FA03F30B42D8D015F0080FD6
:1051E800D5D0236823F00E032360436C03F01F031C
:1051F800016C012202FA03F34B60C26380F8252098
:10520800002380F82430436B002BC0D09847BEE7BA
:10521800F0B583B0002366E085685E000324B440DF
:1052280025EA0405CC68B4402C438460456825EA27
:105238000C054C68C4F300149C402C43446063E0A4
:105248008C68012C65D173E0DD08083550F82540DD
:1052580003F0070C4FEA8C0C4FF00F0E0EFA0CFE01
:1052680024EA0E0E0C6904FA0CF444EA0E0440F821
:10527800254062E0052400E0002404FA0EF42C43E3
:105288000CF1020C564D45F82C40564CA568D443F9
:1052980025EA02064F6817F4801F01D042EA050686
:1052A800504DAE60ED6804EA05064F6817F4001F1C
:1052B80001D042EA05064B4DEE606D6804EA05062A
:1052C8004F6817F4003F01D042EA0506454D6E606D
:1052D8002D682C404E6816F4803F01D042EA050440
:1052E800404A146001330A6832FA03F476D04FF06A
:1052F800010C0CFA03FC1CEA0202F3D04C6804F01F
:105308000304013C012C87D94C6804F00304032CE6
:1053180096D0C4684FEA430E4FF0030C0CFA0EFC0B
:1053280024EA0C0C8C6804FA0EF444EA0C04C460F9
:105338004C6804F00304022C86D004684FEA430E3C
:105348004FF0030C0CFA0EFC24EA0C0C4C6804F029
:10535800030404FA0EF444EA0C0404604C6814F4E0
:10536800403FBFD0204C256E45F001052566246ED0
:1053780004F001040194019C4FEA930C0CF102051E
:10538800174C54F8255003F0030E4FEA8E0E0F24E5
:1053980004FA0EF425EA0405B0F1904F3FF46CAF1F
:1053A800124CA04212D004F58064A04210D004F53B
:1053B8008064A0420ED004F58064A0420CD004F5AD
:1053C8008064A0423FF456AF062456E7012454E710
:1053D800022452E7032450E704244EE703B0F0BD4B
:1053E8000000014000040140001002400004004891
:1053F8000AB1816170478162704710B404682268FD
:1054080022F007028B68134323F01803CA681A4373
:10541800226003680A685A6103684A689A615DF8FD
:10542800044B704730B5046801F1010C4FEACC1CFD
:1054380054F80C3023F0070E936843EA0E0323F068
:105448001803D5682B4344F80C300368146803EB41
:10545800C113C3F894400368526803EBC113C3F83F
:10546800982030BD70B404682368D4F8A05323F0A2
:1054780020034E69334323F0C002202E09D08E69E1
:10548800022E06D0032E29D0042E2AD023F0E002C3
:1054980001E042F0200222F40062CB69134323F4B6
:1054A80080620B6A134323F0C0624B6A134323F0F4
:1054B80000628B6A134323F04043CA6A43EA8203BB
:1054C80023F000534A6B1A4325F480350B6B1D43B8
:1054D80022600368C3F8A05370BC704742F04002D2
:1054E800D9E742F08002D6E72DE9F04105684B1C68
:1054F800DB01EC5824F07044EC500668F35806EBD6
:10550800C114D4F8E880D4F8E440D6F8A05323F0C6
:10551800200C536943EA0C0C202B09D09369022B09
:1055280006D0032B60D0042B63D02CF4D07C03E08E
:105538002CF4C07C4CF0200C2CF4006CD36943EAAA
:105548000C0323F48063176A47EA030C2CF0C06C41
:10555800536A43EA0C0323F0006C936A43EA0C0392
:1055680023F0704CD36A43EA0C0323F40033576BDF
:10557800B7F1005F42D023F04003D2F838C04CEABC
:10558800030323F48023976D47EA030E2EF0FC7E75
:105598002EF4803E136D43EA0E0E28F03F07D36BBE
:1055A80003F03F033B4323F00043176C3B43BCF13C
:1055B800000F03D124F48074576C3C43976CB7F503
:1055C800606F1ED0B7F5F05F1BD024F4F0543C4355
:1055D80024F48044D76C3C43576D05291AD8DFE87A
:1055E80001F01431373D43492CF4807C4CF0800C99
:1055F800A2E72CF0800C4CF4807C9DE743F4003348
:10560800B9E7BCF1400FE3D1DFE725F40035126BB1
:1056180045EA42054A1CD20146F802E0026802EB5C
:10562800C112C2F8E830036803EBC113C3F8E440C1
:10563800036803EBC113C3F8D4700368C3F8A0531D
:10564800BDE8F08125F48025126B45EA8205E1E783
:1056580025F40025126B45EAC205DBE725F4801521
:10566800126B45EA0215D5E725F40015126B45EAD9
:105678004215CFE725F48005126B45EA8215C9E784
:1056880030B4006800EBC113D3F8EC3023F01003FA
:10569800146843EA041323F48013546844EA030C9F
:1056A8002CF4803CD36843EA0C0323F4003C936851
:1056B80043EA0C039469012C05D000EBC110C0F833
:1056C800EC3030BC704723F00403156945EA030C3D
:1056D8002CF0020C536943EA0C0323F00103234323
:1056E800EBE70000F0B4076807EBC114D4F8E460F6
:1056F800D4F8B850402A52D035D8012A4FD0002AC1
:105708005ED0202A5ED8022A5ED3023A012404FA27
:1057180002F2324C224230D144F2040422423ED1F9
:105728000022FE24944026EA04061C68944044EAB9
:10573800060CDC68944044EA0C041E6906FA02FC74
:105748004CEA040C5C69944044EA0C0C9C69944053
:1057580044EA0C04082E39D0036803EBC113C3F8DC
:10576800E440F0BC7047B2F5007F06D012D9B2F51C
:10577800806F14D0B2F5006F20D15A6807EBC117BB
:10578800C7F8C42002689C6802EBC112C2F8C8407E
:105798001022C6E7802AF0D0B2F5807F0CD15A6873
:1057A80007EBC117C7F8BC2002689C6802EBC1125E
:1057B800C2F8C0400022B4E70022B2E70022B0E7F6
:1057C8000022AEE70022ACE70022AAE715F0022F7C
:1057D800C2D1DB6993401C43BEE700BF41000040D3
:1057E80006293CD8DFE801F00C141C242C340400F2
:1057F8000268D2F8843343F00103C2F88433704757
:105808000268D2F8843343F00203C2F88433704745
:105818000268D2F8843343F00403C2F88433704733
:105828000268D2F8843343F00803C2F8843370471F
:105838000268D2F8843343F01003C2F88433704707
:105848000268D2F8843343F02003C2F884337047E7
:105858000268D2F8843343F04003C2F884337047B7
:10586800002864D010B582B00446022380F8DD30E9
:105878000023C0F8E030C0F8E430C0F8E830C0F8E1
:10588800EC30C0F8F030C0F8F430C0F8F830836875
:1058980013F0010F12D00268264B9A4225D02168D6
:1058A8000A6822F44042236903F44043134323F473
:1058B8004053626902F440521A430A602046FCF7DA
:1058C80019FCA36813F0020F08D021680A6822F4B3
:1058D8004072E36803F4407313430B60012384F8B8
:1058E800DD30002384F8DC301CE003F528431A6E11
:1058F80042F080621A661B6E03F080630193019B7D
:10590800CDE7C3EBC30204EB820200219161D161B0
:10591800116251629162C3EBC30204EB820211630C
:105928000133DBB2062BECD9002002B010BD0120F8
:10593800704700BF0068014090F8DC30012B32D07E
:10594800012380F8DC30022380F8DD30B1F1FF3F1D
:105958001AD00268D2F8CC3343F00203C2F8CC3331
:105968000268D2F8CC3323F00C030B43C2F8CC33D3
:105978000268D2F8CC3343F00103C2F8CC330123D8
:1059880080F8DD30002070470268D2F8CC3323F06D
:105998000203C2F8CC330268D2F8CC3343F00103D7
:1059A800C2F8CC33EBE70220704770B504460D46C9
:1059B800FEF7AAFA06462368D3F8883313F4803F23
:1059C8000ED1B5F1FF3FF6D0FEF79EFA801BA84234
:1059D80001D8002DEFD1072384F8DD30032005E03E
:1059E800012384F8DD30002084F8DC0070BD10B598
:1059F800044690F8DD00C0B202280BD0022384F8D8
:105A0800DD30062907D02046FFF70CFD012384F876
:105A1800DD30002010BD11462046FFF7EEFCF5E70B
:105A2800034690F8DD00C0B2022800F0318193F8F7
:105A3800DC00012800F0288170B5012083F8DC0023
:105A4800022083F8DD001868D0F88053D0F8FC43B2
:105A580020292AD8002900F00C8101F1FF3CBCF173
:105A68001F0F00F20681DFE81CF063007F000401CD
:105A78008C000401040104019900040104010401DB
:105A88000401040104010401A60004010401040145
:105A980004010401040104010401040104010401D6
:105AA8000401040104010401B900B1F5807F00F08C
:105AB800C9801DD9B1F5007F40F0DB8024F4E004F3
:105AC80016684FEA061C0CF4E00C4CEA0404D0F803
:105AD800F86326F0F846C0F8F8631E68D6F8F803AD
:105AE8005268920602F0F8420243C6F8F82328E00A
:105AF800402900F08D80802940F0BB8024F4E044E8
:105B080016684FEA161C0CF4E04C4CEA0404D0F872
:105B1800F86326F4F816C0F8F8631E68D6F8F80398
:105B28005268120402F4F8120243C6F8F82308E097
:105B380025F4E025166806F4E02635435268C0F8D7
:105B4800BC2393F8DD20D2B2072A00F09F800F29EA
:105B580000F296801A68C2F88053012283F8DD208B
:105B6800002083F8DC0070BD25F4601516684FEA44
:105B7800C60C0CF4601C4CEA05055268C0F8C0233A
:105B8800DFE725F0E07516684FEA861C0CF0E07C2C
:105B98004CEA05055268C0F8C423D2E725F06065D1
:105BA80016684FEA462C0CF0606C4CEA0505526802
:105BB800C0F8C823C5E7568866F30204D0F8F8632E
:105BC80026F01F06C0F8F8631E68D6F8F803526876
:105BD80002F01F020243C6F8F823B2E724F070046B
:105BE80016684FEA163C0CF0700C4CEA0404D0F826
:105BF800F86326F47876C0F8F8631E68D6F8F803D8
:105C08005268520102F478720243C6F8F82398E702
:105C180024F4E06416684FEA162C0CF4E06C4CEAA5
:105C28000404D0F8F86326F4F846C0F8F8631E6850
:105C3800D6F8F8035268920202F4F8420243C6F812
:105C4800F8237EE724F4E024166806F4E0263443BB
:105C5800D0F8F86326F07876C0F8F8631E68D6F8AE
:105C6800F8035268520502F078720243C6F8F82326
:105C780067E7072283F8DD20002283F8DC2060E74D
:105C88001A68C2F8FC4368E70220704701206AE7F7
:105C98007047034690F8DD00C0B2022800F0BD80CE
:105CA80093F8DC00012800F0B580012083F8DC00BF
:105CB800022083F8DD00202918D8002900F0A380ED
:105CC80001391F2900F29F80DFE801F0344A9D5610
:105CD8009D9D9D629D9D9D9D9D9D9D6E9D9D9D9D56
:105CE8009D9D9D9D9D9D9D9D9D9D9D7AB1F5807FCE
:105CF8007DD00FD9B1F5007F40F085801868D0F8C5
:105D0800041421F0F851120602F0F8520A43C0F8C0
:105D1800042419E040295ED0802974D11868D0F88D
:105D2800041421F4F831120302F4F8320A43C0F8DB
:105D3800042409E01868D0F8001421F01F0102F0CB
:105D48001F020A43C0F8002493F8DD20D2B2072AC4
:105D580062D0012283F8DD20002083F8DC00704740
:105D68001868D0F8001421F4F861920102F4F8627E
:105D78000A43C0F80024E7E71868D0F8001421F4B3
:105D8800F831120302F4F8320A43C0F80024DBE7C2
:105D98001868D0F8001421F4F801920402F4F8020B
:105DA8000A43C0F80024CFE71868D0F8001421F09F
:105DB800F851120602F0F8520A43C0F80024C3E76B
:105DC8001868D0F8041421F01F0102F01F020A43DA
:105DD800C0F80424B8E71868D0F8041421F4F8616E
:105DE800920102F4F8620A43C0F80424ACE7186888
:105DF800D0F8041421F4F801920402F4F8020A43DA
:105E0800C0F80424A0E7072283F8DD20002283F8E5
:105E1800DC2099E7022070470120704770B50446DE
:105E280090F8DD00C0B2022836D00D46164694F828
:105E3800DC30012B36D0012384F8DC30022384F8CF
:105E4800DD30062929D02046FFF74EFB3268C5EB26
:105E5800C50304EB83031A6272685A62B2689A62D5
:105E6800F268DA6232691A6329462046FFF7B8FCFD
:105E7800062D0BD0F36A4BB922680135ED01535951
:105E880023F40073F16D43EA41235351012384F84D
:105E9800DD30002084F8DC0070BD11462046FFF795
:105EA800E1FAD3E70220F7E738B5044690F8DD00B9
:105EB800C0B2022811D094F8DC30012B0ED0012595
:105EC80084F8DC50022384F8DD302046FFF7D8FB45
:105ED80084F8DD50002084F8DC0038BD0220FCE79F
:105EE800034690F8DD00C0B2022845D093F8DC00E4
:105EF80001283FD030B54FF0010E83F8DCE00220D6
:105F080083F8DD00106800F4E0545068C0F308001E
:105F18000443906800F400700443106900F4804062
:105F28000443D06800F4004004431448556900EA6B
:105F3800054C4CEA040C906900F0007040EA0C0C27
:105F4800106A00F0804040EA0C0CD06900F0004074
:105F580040EA0C001A6802EBC111D1F8B840084AAF
:105F680022400243C1F8B82083F8DDE0002083F81E
:105F7800DC0030BD02207047704700BF0000FF0101
:105F88000020003C844690F8DD00C0B2022800F0F2
:105F9800D9809CF8DC00012800F0D08030B40120C2
:105FA8008CF8DC0002208CF8DD00062909D0013AC3
:105FB800072A00F2BC80DFE802F02E43BA7ABABAA8
:105FC800BA82013A072A1FD8DFE802F0040F1E142C
:105FD8001E1E1E19DCF800201B68D3619CF8DD30FA
:105FE800DBB2072B24D1012028E0DCF800201B6855
:105FF8005362F3E7DCF800201B689362EEE7DCF8F5
:1060080000201B68D362E9E707238CF8DD30002302
:106018008CF8DC30E2E7DCF800201B6802EBC112E8
:10602800C2F89C309CF8DD30DBB2072B00F088808A
:1060380001238CF8DD3000208CF8DC0030BC704780
:10604800DCF80020186802EBC112C2F8A4005A68F4
:1060580022B3DCF800404A1CD201A05820F440507A
:10606800A050DCF80040A0585D682843A0505A684A
:10607800B2F5005F0AD0B2F5405FD3D1DCF800205A
:106088009B6802EBC112C2F8A830CBE7DCF800200D
:106098009B6802EBC112C2F89C30C3E7DCF8002011
:1060A8000131C901535823F440535350BAE7DCF87F
:1060B80000201B6802EBC112C2F8A830B2E7DCF876
:1060C8000020186802EBC112C2F8AC005A682AB363
:1060D800DCF800404A1CD201A05820F44040A050EF
:1060E800DCF80040A0585D6840EA8500A0505A6876
:1060F800B2F5005F0AD0B2F5405F93D1DCF800201A
:106108009B6802EBC112C2F8A8308BE7DCF80020CC
:106118009B6802EBC112C2F89C3083E7DCF80020D0
:106128000131C901535823F4404353507AE70723F8
:106138008CF8DD3000238CF8DC3073E702207047E0
:1061480001207BE7704738B5044690F8DD00C0B2FF
:10615800022811D094F8DC0001280ED0012584F81B
:10616800DC50022084F8DD002046FFF7BBFA84F8F3
:10617800DD50002084F8DC0038BD0220FCE790F8F0
:10618800DC30012B15D010B4012280F8DC2002236A
:1061980080F8DD300468D4F894330B43C4F89433A2
:1061A80080F8DD20002380F8DC3018465DF8044BC9
:1061B80070470220704790F8DC30012B15D010B4DE
:1061C800012280F8DC20022380F8DD300468D4F84E
:1061D80098330B43C4F8983380F8DD20002380F807
:1061E800DC3018465DF8044B70470220704790F881
:1061F800DC30012B13D010B4012280F8DC200223FC
:1062080080F8DD30046823680B43236080F8DD20C4
:10621800002380F8DC3018465DF8044B70470220F4
:1062280070477047704770477047704770477047AE
:1062380070B505460368D3F88843D3F8906314F023
:10624800010F02D016F0010F24D114F0020F02D072
:1062580016F0020F24D114F0040F02D016F0040F28
:1062680026D114F0080F02D016F0080F28D114F028
:10627800100F02D016F0100F2AD114F0400F02D0E0
:1062880016F0400F2CD114F0200F02D016F0200F7A
:106298002ED170BD0122C3F88C23FFF7C2FFD4E7CB
:1062A8002B680222C3F88C232846FFF7BBFFD2E7EE
:1062B8002B680422C3F88C232846FFF7B4FFD0E7E5
:1062C8002B680822C3F88C232846FFF7ADFFCEE7DA
:1062D8002B681022C3F88C232846FFF7A6FFCCE7CB
:1062E8002B684022C3F88C232846FFF79FFFCAE794
:1062F8002B682022C3F88C232846FFF798FFC8E7AD
:1063080070477047704770477047704770477047CD
:1063180070472DE9F04105460368D3F88873D3F830
:1063280090835C68DE6817F4803F02D018F4803FE1
:1063380031D117F4003F02D018F4003F38D114F0DF
:10634800010F02D016F0010F3BD114F0020F02D05A
:1063580016F0020F3DD114F0040F02D016F0040F0E
:106368003FD114F0080F02D016F0080F41D114F0F5
:10637800100F02D016F0100F43D114F0200F02D0E6
:1063880016F0200F45D114F0400F02D016F0400F40
:1063980046D1BDE8F0814FF48032C3F88C23012345
:1063A80080F8DD30002380F8DC30FFF7A9FFC0E774
:1063B8002B684FF40032C3F88C232846FFF7A1FF5F
:1063C800BDE72B6801229A6006212846FFF79DFF4A
:1063D800BBE72B6802229A6006212846FFF796FF42
:1063E800B9E72B6804229A6006212846FFF78FFF39
:1063F800B7E72B6808229A6006212846FFF788FF2E
:10640800B5E72B6810229A6006212846FFF77CFF23
:10641800B3E72B6820229A602846FFF773FFB2E79C
:106428002B6840229A6006212846FFF76CFFB0E7E8
:10643800704770477047704770477047704770479C
:10644800F8B506460D4602684B1C02EBC3135C68A0
:1064580002EBC113D3F88C7014F0010F02D017F0BF
:10646800010F52D114F0020F02D017F0020F53D1CE
:1064780014F0040F02D017F0040F58D114F0080FCD
:1064880002D017F0080F5DD114F0100F02D017F0EA
:10649800100F62D114F0400F02D017F0400F67D1EF
:1064A80014F0800F02D017F0800F6CD114F4807FA5
:1064B80002D017F4807F71D114F4007F02D017F452
:1064C800007F77D114F4806F02D017F4806F7DD1EC
:1064D80014F4006F03D017F4006F40F0838014F4B5
:1064E800805F03D017F4805F40F0888014F4005F69
:1064F80003D017F4005F40F08D8014F4804F03D070
:1065080017F4804F40F09280F8BD1A460123C2F874
:106518008830FFF7FAFEA5E7336803EBC5130222BC
:10652800C3F8882029463046FFF7F0FEA0E7336815
:1065380003EBC5130422C3F8882029463046FFF729
:10654800E6FE9BE7336803EBC5130822C3F88820EF
:1065580029463046FFF7DCFE96E7336803EBC513A0
:106568001022C3F8882029463046FFF7CDFE91E770
:10657800336803EBC5134022C3F888202946304608
:10658800FFF7C1FE8CE7336803EBC5138022C3F81D
:10659800882029463046FFF74BFF87E7336803EB2F
:1065A800C5134FF48072C3F8882029463046FFF798
:1065B80040FF81E7336803EBC5134FF40072C3F85B
:1065C800882029463046FFF737FF7BE7336803EB1F
:1065D800C5134FF48062C3F8882029463046FFF778
:1065E8002CFF75E7336803EBC5134FF40062C3F85B
:1065F800882029463046FFF721FF70E7336803EB10
:10660800C5134FF48052C3F8882029463046FFF757
:1066180016FF6BE7336803EBC5134FF40052C3F85A
:10662800882029463046FFF706FF66E7336803EB04
:10663800C5134FF48042C3F8882029463046FFF737
:10664800F9FE61E708B5FF2904D0062905D0FFF750
:10665800F7FE08BDFFF7ECFDFBE7FFF75AFEF8E78A
:10666800002831D038B5044603684CF6CC421A608D
:10667800036845F255521A60036842685A60036815
:1066880082689A60FDF740FC05462368DA6812F0D4
:10669800070F0DD0FDF738FC401B41F60103984267
:1066A800F3D92368DB6813F0070FEED0032005E069
:1066B8001969E268914202D01A61002038BD4AF691
:1066C800AA221A600020F9E70120704703684AF6F9
:1066D800AA221A600020704738B512F4804F43D0C0
:1066E8000468B4F8503091F800C04FEACC0E1EFA96
:1066F80083F32344B3F80244C4F309048B69A34227
:1067080028D31B1B8B618B697BB9056835F82C3046
:106718009BB223F4804323F0700383F4005343F4C3
:10672800004343F0800325F82C3012F0400F0ED0C0
:1067380002680D7832F825309BB223F4E04323F049
:10674800700343F4004343F0C00322F8253024B912
:10675800204638BD00238B61D5E723460A8949695D
:10676800006804F09CFBF3E70468B4F8503091F833
:1067780000C04FEACC0E1EFA83F32344B3F8064454
:10678800C4F309048B69A3422FD31B1B8B618B694C
:106798007BB9056835F82C309BB223F4804323F08D
:1067A800700383F4005343F4004343F0800325F857
:1067B8002C3012F0400F0FD1026891F800C032F867
:1067C8002C309BB223F4E04323F0700343F40043DE
:1067D80043F0C00322F82C30002CB9D023464A8954
:1067E8004969006804F05BFBB2E700238B61CEE7E0
:1067F800002856D010B5044690F891323BB10323D7
:1068080084F89132206803F05BFC002315E080F8DF
:10681800903205F063FBF2E703EB830204EBC2025C
:106828000121517413740021D17411625162013332
:1068380003EB8302D200A150DBB220799842EBD857
:10684800002316E003EB830204EBC202002182F866
:10685800511182F8503182F85311C2F86011C2F810
:10686800641103EB830204EBC202C2F8681101331E
:10687800DBB29842E6D8234653F8040B93E80600A7
:1068880003F028FC00232373012384F89132A37AB0
:10689800012B01D0002010BD204600F01BFF002076
:1068A800F9E70120704790F89032012B0ED010B50F
:1068B8000446012380F89032006803F0F8FB206852
:1068C80004F00AF8002084F8900210BD02207047F6
:1068D80070B505460C46164612F0400F00F02081B0
:1068E8000268B2F8503009784FEAC10C1CFA83F3F9
:1068F8001344B3F80224C2F30902A36993422CD9C2
:106908009B1AA361A06958B316F4804F0DD028686C
:1069180030F821309BB223F4E04323F0700343F4B2
:10692800404343F0800320F8213094F82430012BB1
:1069380000F08D802A68217832F821309BB223F448
:10694800E04323F0400383F0300343F4004343F073
:10695800800322F82130002070BD0023A361D1E715
:106968006378002B48D12A68B2F8503012FA83F3C2
:106978006344B3F80224C2F30902A3F80224B3F86B
:1069880002246FEA42426FEA524292B2A3F802240A
:106998002A686378002B3BD1B2F8503012FA83F39F
:1069A800227803EBC203B3F80624C2F30902A3F862
:1069B8000624B3F806246FEA42426FEA524292B2C2
:1069C800A3F80624E378022B2FD02178284605F077
:1069D800C9FA16F4804FBED02A68217832F82130DF
:1069E8009BB223F4E04323F0700343F4404343F0A5
:1069F800800322F82130AEE7012BC9D12A68B2F80A
:106A0800503012FA83F363440022A3F80224BFE74C
:106A1800012BD7D1B2F8503012FA83F3227803EB66
:106A2800C2030022A3F80624CCE72A68217832F8AA
:106A380021309BB223F4E04323F0400383F020038A
:106A480043F4004343F0800322F82130BDE7636933
:106A580013446361E3691344E361216A236999423A
:106A68001DD3C91A21626278002A44D12968B1F875
:106A7800502011FA82F2217802EBC102B2F8021416
:106A8800C1F30901A2F80214ABB9B2F802146FEA13
:106A980041416FEA514189B2A2F802142DE021B9AF
:106AA800002384F824301346DDE7002384F82430DB
:106AB80023620B46D7E73E2B0DD8590813F0010F78
:106AC80000D00131B2F8020480B2890289B20143D0
:106AD800A2F8021411E0580913F01F0F00D1013871
:106AE800B2F8021489B2800280B2014341F4004135
:106AF800A2F8021401E0012A06D09BB2228961693A
:106B0800286803F0F8FE15E72968B1F8502011FA53
:106B180082F2217802EBC10299B2A2F80214ECE7E2
:106B28000268B2F850300978C80010FA83F31344A9
:106B3800B3F80624C2F30902A369934246D39B1A09
:106B4800A361A369002B44D016F4804F0DD12868A7
:106B580030F821309BB223F4E04323F0700343F470
:106B6800404343F0800320F8213094F82430012B6F
:106B78007FF4E0AE636913446361E3691344E3613E
:106B8800216A23699942C0F09C80C91A2162296848
:106B98006278002A40F0C180B1F8502011FA82F2E0
:106BA800217802EBC102B2F80614C1F30901A2F878
:106BB8000614002B40F09180B2F806146FEA4141A8
:106BC8006FEA514189B2A2F80614A8E00023A36134
:106BD800B7E76378002B49D12A68B2F8503012FA27
:106BE80083F30344B3F80224C2F30902A3F802248E
:106BF800B3F802246FEA42426FEA524292B2A3F813
:106C080002242A686378002B3CD1B2F8503012FA7B
:106C180083F3227803EBC203B3F80624C2F3090214
:106C2800A3F80624B3F806246FEA42426FEA5242F8
:106C380092B2A3F80624E378022B30D021782846B4
:106C480005F090F916F4804F7FF485AE2A68217814
:106C580032F821309BB223F4E04323F0700343F46D
:106C6800404343F0800322F8213074E6012BC8D159
:106C78002A68B2F8503012FA83F303440022A3F8CA
:106C88000224BEE7012BD6D1B2F8503012FA83F3B2
:106C9800227803EBC2030022A3F80624CBE72A6874
:106CA800217832F821309BB223F4E04323F04003EB
:106CB80083F0200343F4004343F0800322F821309B
:106CC800BCE721B9002384F8243013465FE700238A
:106CD800236284F824300B4659E73E2B0DD8590817
:106CE80013F0010F00D00131B2F8060480B2890216
:106CF80089B20143A2F8061411E0580913F01F0FD6
:106D080000D10138B2F8061489B2800280B201437A
:106D180041F40041A2F8061401E0012A06D09BB212
:106D280062896169286803F0E6FD03E6B1F850203E
:106D380011FA82F2217802EBC10299B2A2F8061484
:106D4800EDE72DE9F04704463EE003889BB223F4C3
:106D5800E14323F070036FEA43436FEA53439BB266
:106D680003802168B1F85030227CD20012FA83F3F4
:106D78000B44B3F80234C3F30903E362626A1A44AA
:106D880062620021204605F0EDF8237BE3B1A36A97
:106D9800D3B9237B226843F08003A2F84C30002348
:106DA800237311E0B4F8562104F5267104F077F83E
:106DB8002268138823F070031B051B0D43F0800322
:106DC8001380204605F0BAF82068B0F8443013F470
:106DD800004F00F03482B0F844309AB203F00F0547
:106DE80013F0080F40F02F82002D75D112F0100F0C
:106DF800ABD003889AB213F4006F30D0B0F850309B
:106E080094F85021D20012FA83F30344B3F80634FD
:106E1800C3F30903C4F86C31082BC3D003889BB2B1
:106E280023F4804323F0700383F4805348F28001F5
:106E38000B430380226813889BB223F4E04323F0BA
:106E4800400383F010030B4313802268138823F058
:106E580070031B051B0D43F080031380F0E112F44F
:106E6800004FB1D0038823F070031B051B0D43F0BE
:106E7800800303802068B0F8503094F85021D20085
:106E880012FA83F30344B3F80634C3F30903C4F8CE
:106E98006C316BB903889BB223F4804323F07003F1
:106EA80083F4405343F4004343F0800303808BE7AB
:106EB800D4F86411002987D0B4F8562103F0EFFF05
:106EC800D4F86431D4F86C211344C4F86431002137
:106ED800204605F03BF877E7AF0030F825309EB242
:106EE80013F4004F4DD116F0800F3FF46DAF2A46D2
:106EF80005EB8501C900103121442068C35B9BB2B2
:106F080023F4E14323F070036FEA43436FEA5343EA
:106F18009BB2C35305EB850304EBC303DB7C012B56
:106F280000F0F58016F4807F40F084812068B0F886
:106F3800503005EB850504EBC5052E7CF50015FAE8
:106F480083F30344B3F80234C3F30903551C05EB78
:106F5800850554F835509D4240F24F81571C07EB88
:106F68008707ED1A44F83750551C05EB850554F88A
:106F78003550002D40F048813146204604F0F2FF9C
:106F880022E730F8253023F070031B051B0D43F072
:106F9800800320F82530A84605EB85094FEAC90982
:106FA80009F5A879A14405EB850304EBC30393F81D
:106FB8005C31EBBB2068B0F8503005EB850204EB80
:106FC800C20292F85021D20012FA83F30344B3F8B4
:106FD80006A4CAF3090ABAF1000F1DD108EB880309
:106FE80004EBC303D3F86C215244C3F86C21D3F8E3
:106FF80068313BB108EB880304EBC303D3F8603175
:107008009A4572D208EB880804EBC80898F8501122
:10701800204604F09BFF66E705EB850104EBC10100
:107028005346B1F85621D1F8641103F038FFD5E77B
:1070380005EB850304EBC30393F85331022B34D0DB
:10704800216805EB850204EBC20292F8500131F881
:1070580020309BB223F4E04323F0700343F4004351
:1070680043F0C00321F82030206892F8503130F8FE
:10707800232012F4804F1FD0B0F85020DB0013FA01
:1070880082F30344B3F802A4CAF3090ABAF1000F61
:10709800A4D005EB850104EBC1015346B1F8582192
:1070A800D1F8641103F0FBFE98E7324649462046C2
:1070B800FFF712FB824691E7B0F85020DB0013FA85
:1070C80082F30344B3F806A4CAF3090ABAF1000F1D
:1070D80084D005EB850104EBC1015346B1F85A2170
:1070E800D1F8641103F0DBFE78E708EB880304EBC2
:1070F800C303D3F8643108EB880804EBC808534489
:10710800C8F864314946206803F007FCEBE66B1CBD
:1071180003EB8303DB000021E15005EB850504EB5D
:10712800C5052B7FDBB116F0400F33D06B7CFBB964
:107138002168B1F8503011FA83F3297C03EBC103BD
:10714800B3F80214C1F30901A3F80214B3F8021446
:107158006FEA41416FEA514189B2A3F8021402EB88
:10716800820204EBC202117C204604F0FBFE2BE6EF
:10717800012BF4D12168B1F8503011FA83F302EBF6
:10718800820104EBC101097C03EBC1030021A3F8D0
:107198000214E4E7216802EB820304EBC3035B7C7F
:1071A800D3B9B1F8503011FA83F302EB820104EB42
:1071B800C101097C03EBC103B3F80614C1F309014B
:1071C800A3F80614B3F806146FEA41416FEA514177
:1071D80089B2A3F80614C2E7012BC0D1B1F8503028
:1071E80011FA83F302EB820104EBC101097C03EB82
:1071F800C1030021A3F80614B1E7551C05EB85056A
:10720800ED0000276751AFE602EB820504EBC505E8
:107218006E6A1E446E62013202EB820504EBC505FC
:107228006D6802EB820204EBC2022B44536003F048
:1072380074FBC9E532462046FFF74AFBC4E5002542
:107248002846BDE8F0870125FAE790F89032012B2F
:107258000CD010B50446012380F890320173006801
:1072680003F034FB002084F8900210BD0220704720
:1072780010B50446006803F03AFB10F4004F23D120
:1072880010F4806F24D110F4804F32D110F4005FD5
:1072980039D110F4805F40D110F4006F67D110F03D
:1072A800800F40F0818010F4007F40F0AD8010F432
:1072B800807F27D02268B2F844309BB223F48073D1
:1072C8009BB2A2F844301DE02046FFF73AFD19E0D2
:1072D8002268B2F844309BB223F480639BB2A2F8D0
:1072E8004430204604F04FFE00212046FFF7ADFF52
:1072F80008E02268B2F844309BB223F480439BB282
:10730800A2F8443010BD2268B2F844309BB223F48E
:1073180000539BB2A2F84430F4E72268B2F8403038
:107328009BB223F004039BB2A2F840302268B2F863
:1073380040309BB223F008039BB2A2F8403094F887
:10734800C832012B0CD0204604F040FE2268B2F867
:1073580044309BB223F480539BB2A2F84430D1E767
:10736800002184F8C812204604F0E8FEEBE7226802
:10737800B2F840309BB243F00803A2F840302268CC
:10738800B2F844309BB223F400639BB2A2F84430B5
:107398002268B2F840309BB243F00403A2F84030B0
:1073A800204604F003FEADE72268B2F844309BB2F1
:1073B80023F080039BB2A2F8443094F8C832FBB99A
:1073C8002268B2F840309BB243F00403A2F8403080
:1073D8002268B2F840309BB243F00803A2F840306C
:1073E800012184F8C8122368B3F85430C3F38D031D
:1073F80003F03C03C4F8CC32204604F09FFE81E73A
:10740800204604F0D3FD7DE72268B2F844309BB2F1
:1074180023F400739BB2A2F84430204604F0ADFD7B
:1074280070E710B50446084611F0800F27D101F027
:10743800070C0CEB8C01C90001F5A87E04EB0E01CA
:107448000CEB8C0C04EBCC0C4FF0000E8CF851E1DB
:1074580000F007000870C2F30A020A61CB70022B21
:107468001DD094F89032012B1CD0012384F890325F
:10747800206802F040FE002084F8900210BD01F060
:10748800070C0CEB8C01C900103121440CEB8C0C5F
:1074980004EBCC0C4FF0010E8CF811E0D8E7002378
:1074A8000B71DEE70220E9E710B504460A4611F041
:1074B800800F1FD101F0070000EB8003DB0003F50C
:1074C800A873E11800EB800004EBC000002380F8EB
:1074D800513102F007020A7094F89032012B17D04C
:1074E800012384F89032206803F092F8002084F891
:1074F800900210BD01F0070000EB8003DB001033A1
:10750800E11800EB800004EBC00001234374E0E7BE
:107518000220EEE710B501F0070C0CEB8C01C90056
:1075280001F5A8710CEB8C0E00EBCE0ECEF86421A1
:10753800CEF868310024CEF86C418EF851418EF8AF
:1075480050C10144006803F0E8F9204610BD01F07D
:10755800070101EB810100EBC100D0F86C01704715
:1075680038B501F0070C0CEB8C01C90010310CEB9D
:107578008C0E00EBCE0ECEF824200CF1010202EBAB
:10758800820440F8343001258EF83450CEF830307B
:1075980000EBC402002454608EF811508EF810C01D
:1075A8000144006803F0B9F9204638BD0B4601F0E4
:1075B8000702017991422ED310B5044613F0800FCB
:1075C8001DD103EB8301C90001F5A871014403EB48
:1075D800830300EBC303002083F8510101238B7060
:1075E8000A7094F89032012B17D0012384F8903256
:1075F800206803F0F8F8002084F8900210BD02EB30
:107608008201C9001031014402EB820300EBC3037D
:1076180001205874E2E7012070470220EEE70B468C
:10762800017903F00F02914234D310B5044613F0E8
:10763800800F21D103F0070202EB8201C90001F596
:10764800A871014402EB820200EBC202002082F81A
:10765800510100228A7003F007030B7094F89032EE
:10766800012B19D0012384F89032206803F0E0F848
:10767800002084F8900210BD03F0070202EB82019B
:10768800C9001031014402EB820200EBC202012062
:107698005074DEE7012070470220ECE711F0800FFC
:1076A8000BD001F0070101EB8101C900103108443A
:1076B80052B90273C3800020704701EB8101C900F1
:1076C80001F5A8710844F3E70122027303811B0C3A
:1076D8004381F0E7034602680121C0F8D012002078
:1076E80083F8C802B2F854309BB20B43A2F8543066
:1076F800B2F854309BB243F00203A2F854307047FA
:10770800002836D13E4B1B6803F4C063B3F5806F85
:1077180008D03B4AD2F8803023F48073C2F8803016
:1077280000207047364AD2F8803023F48073C2F8BC
:107738008030136823F4C06343F400731360314B43
:107748001B68322202FB03F32F4AA2FB03239B0C84
:10775800013300E0013B2A4A526912F4806F01D0DC
:10776800002BF7D1264B5B6913F4806F44D10020BE
:107778007047B0F5007F08D0214A136823F4C0632E
:1077880043F480631360002070471D4B1B6803F4AB
:10779800C063B3F5806F08D0194AD2F8803043F43B
:1077A8008073C2F8803000207047154AD2F88030C4
:1077B80043F48073C2F88030136823F4C06343F441
:1077C800007313600F4B1B68322202FB03F30E4A4F
:1077D800A2FB03239B0C013300E0013B084A5269DA
:1077E80012F4806F01D0002BF7D1054B5B6913F4BD
:1077F800806F03D100207047032070470320704733
:10780800007000402400002083DE1B43024A936876
:1078180043F480439360704700700040124BDA686D
:1078280002F00302DB68C3F303130133032A11D008
:107838000E48B0FBF3F00C4BDB68C3F3062303FBE5
:1078480000F0094BDB68C3F3416301335B00B0FB15
:10785800F3F070470648B0FBF3F0034BDB68C3F363
:10786800062303FB00F0ECE7001002400024F400BC
:1078780040787D01002800F04F8270B582B0044640
:10788800036813F0010F37D0A44A936803F00C0380
:10789800D26802F003020C2B23D0082B23D0636894
:1078A800B3F5803F4ED0B3F5A02F51D09B4B1A684B
:1078B80022F480321A601A6822F480221A606368FF
:1078C800002B52D0FCF720FB0546944B1B6813F4A1
:1078D800003F11D1FCF718FB401B6428F5D90320A1
:1078E80023E2032AD9D18D4B1B6813F4003F03D040
:1078F8006368002B00F01282236813F0020F5DD03A
:10790800864A936803F00C03D26802F003020C2B3A
:107918003AD0042B3AD0E368002B75D07F4A13681D
:1079280043F480731360FCF7EFFA05467B4B1B6842
:1079380013F4806F5FD1FCF7E7FA401B0228F5D9F2
:107948000320F2E1754A136843F480331360B6E705
:1079580003F18043A3F53C331A6842F480221A608D
:107968001A6842F480321A60A9E7FCF7CDFA054696
:107978006A4B1B6813F4003FBED0FCF7C5FA401BE6
:107988006428F5D90320D0E1022AC2D1634B1B68D1
:1079980013F4806F03D0E368002B00F0C1815F4AC5
:1079A800536823F0FE43216943EA016353605C4B4B
:1079B8001868FCF765FA002840F0B481236813F0D2
:1079C800080F4CD063699BB3544AD2F8943043F003
:1079D8000103C2F89430FCF797FA05464F4BD3F8E9
:1079E800943013F0020F3AD1FCF78EFA401B0228AC
:1079F800F4D9032099E1494A536823F0FE432169E9
:107A080043EA01635360D9E7444A136823F4807357
:107A18001360FCF779FA0546404B1B6813F4806F36
:107A2800CCD0FCF771FA401B0228F5D903207CE181
:107A38003A4AD2F8943023F00103C2F89430FCF7A4
:107A480063FA0546354BD3F8943013F0020F06D08D
:107A5800FCF75AFA401B0228F4D9032065E1236891
:107A680013F0040F00F081802C4B9B6D13F0805FA6
:107A780036D12A4B9A6D42F080529A659B6D03F07D
:107A880080530193019B0125264B1B6813F4807FCB
:107A980028D0A368012B39D0052B45D01F4BD3F82C
:107AA800902022F00102C3F89020D3F8902022F011
:107AB8000402C3F89020A368002B43D0FCF724FAF3
:107AC8000646164BD3F8903013F0020F4CD1FCF752
:107AD8001BFA801B41F288339842F2D9032024E133
:107AE8000025D1E70F4A136843F480731360FCF74D
:107AF8000BFA06460B4B1B6813F4807FC9D1FCF7C1
:107B080003FA801B0228F5D903200EE1034AD2F8B4
:107B1800903043F00103C2F89030CCE700100240E7
:107B2800AC01002000700040884BD3F8902042F050
:107B38000402C3F89020D3F8902042F00102C3F861
:107B48009020B8E7FCF7E0F90646804BD3F8903070
:107B580013F0020F08D0FCF7D7F9801B41F28833E5
:107B68009842F2D90320E0E0E5B9236813F0200F2A
:107B780035D0A369E3B1754AD2F8983043F00103D0
:107B8800C2F89830FCF7C0F90546704BD3F8983026
:107B980013F0020F23D1FCF7B7F9401B0228F4D9E0
:107BA8000320C2E0694A936D23F080539365DCE7B4
:107BB800664AD2F8983023F00103C2F89830FCF7EF
:107BC800A3F90546614BD3F8983013F0020F06D09D
:107BD800FCF79AF9401B0228F4D90320A5E0E369D1
:107BE800002B00F0A180594A926802F00C020C2A7E
:107BF80064D0022B13D0554A136823F080731360A6
:107C0800FCF782F90446514B1B6813F0007F4ED0F5
:107C1800FCF77AF9001B0228F5D9032085E04B4AC6
:107C2800136823F080731360FCF76EF90546474B21
:107C38001B6813F0007F06D0FCF766F9401B02288A
:107C4800F5D9032071E0414AD36841491940236AB4
:107C5800606A013843EA0013A06A43EA0023206BF4
:107C68004008013843EA4053606B4008013843EA52
:107C78004063E06A43EAC0631943D160136843F084
:107C880080731360D36843F08073D360FCF73CF9CA
:107C980004462E4B1B6813F0007F06D1FCF734F91D
:107CA800001B0228F5D903203FE000203DE0274AC9
:107CB800D168284B0B40D360002036E0012B36D02A
:107CC800224BDB6803F00301226A914231D103F0B1
:107CD800F002616A0139B2EB011F2CD103F4FE42B4
:107CE800A16AB2EB012F28D103F07842E16AB2EB26
:107CF800C16F24D103F4C001226B5208013AB1EBE1
:107D0800425F1ED103F0C063626B5208013AB3EBC5
:107D1800426F18D1002008E001207047012004E0DC
:107D2800012002E0012000E0002002B070BD012027
:107D3800FBE70120F9E70120F7E70120F5E701203B
:107D4800F3E70120F1E70120EFE700BF0010024050
:107D58000C809F01FCFFEEFE1E4B9B6803F00C039A
:107D6800042B33D01B4B9B6803F00C03082B2FD03C
:107D7800184B9B6803F00C030C2B01D000207047B4
:107D8800144BDA6802F00302DB68C3F30313013310
:107D9800032A11D01048B0FBF3F00E4BDB68C3F395
:107DA800062303FB00F00B4BDB68C3F3416301338D
:107DB8005B00B0FBF3F070470848B0FBF3F0054BED
:107DC800DB68C3F3062303FB00F0ECE702487047C7
:107DD80002487047001002400024F40040787D01FA
:107DE800002800F0E680F8B50C460546744B1B6881
:107DF80003F00F038B420BD2714A136823F00F0371
:107E08000B431360136803F00F038B4240F0D380D9
:107E18002E6816F001065FD06B68032B2FD0022B5B
:107E28004DD0684B1B6813F4806F00F0C680FFF7D5
:107E380093FF654B98424DD9624A936823F0F0034B
:107E480043F08003936080265E4A936823F003031F
:107E580069680B439360FCF757F80746594B9B68D2
:107E680003F00C036A68B3EB820F35D0FCF74CF8CB
:107E7800C01B41F288339842F0D9032078E0514B77
:107E88001B6813F0007F01D1012071E0FFF7C6FCE9
:107E98004D4B98421AD94B4B9B6813F0F00F05D005
:107EA8002E6816F00206CFD0AB688BB9454A9368A6
:107EB80023F0F00343F0800393608026C4E7414B2E
:107EC8001B6813F4003FB2D1012051E00026BBE744
:107ED8000026B9E70026B7E72B6813F0020F48D051
:107EE80013F0040F04D0374A936843F4E0639360B7
:107EF8002B6813F0080F06D0324A936823F47C539A
:107F080043F4E06393602F4A936823F0F003A96871
:107F18000B4393602A4B1B6803F00F03A34230D82E
:107F28002B6813F0040F06D0264A936823F4E06305
:107F3800E9680B4393602B6813F0080F07D0214AB8
:107F4800936823F46053296943EAC1039360FFF7F8
:107F580003FF1C4B9B68C3F303131C4AD35C03F059
:107F68001F03D8401A4B18601A4B1868FBF788FF94
:107F7800F8BD802ECED1134A936823F0F0039360A6
:107F8800C8E70F4A136823F00F0323431360FBF776
:107F9800BBFF06460A4B1B6803F00F03A342BFD082
:107FA800FBF7B2FF801B41F288339842F2D90320D5
:107FB800DEE7012070470120DAE70120D8E700BF9B
:107FC800002002400010024000B4C40468CB00083E
:107FD80024000020AC010020014B1868704700BF46
:107FE8002400002008B5FFF7F7FF054B9B68C3F393
:107FF8000223044AD35C03F01F03D84008BD00BF26
:108008000010024060CB000808B5FFF7E5FF054BFC
:108018009B68C3F3C223044AD35C03F01F03D84010
:1080280008BD00BF0010024060CB0008024A136878
:1080380043F40023136070470010024070470000AB
:1080480008B5064BDB6913F4807F00D108BDFFF744
:10805800F5FF024B4FF480721A62F7E700100240F6
:10806800F0B583B00446036813F4002F6ED0354B87
:108078009B6D13F0805F1ED1324B9A6D42F0805297
:108088009A659B6D03F080530193019B01262E4A4C
:10809800136843F480731360FBF736FF05462A4BD9
:1080A8001B6813F4807F08D1FBF72EFF401B0228C2
:1080B800F5D9032502E00026E9E7002545BB214B59
:1080C800D3F8903013F4407315D0226D9A4212D031
:1080D8001C4AD2F8903023F44073D2F8901041F43F
:1080E8008031C2F89010D2F8901021F48031C2F893
:1080F8009010C2F8903013F0010F10D145B9114A11
:10810800D2F8903023F44073216D0B43C2F89030BD
:10811800EEB10C4A936D23F08053936517E0FBF79B
:10812800F3FE0746074BD3F8903013F0020FE5D162
:10813800FBF7EAFEC01B41F288339842F2D90325C7
:10814800DCE700BF001002400070004000252368F3
:1081580013F0010F08D09F4AD2F8883023F00303A8
:1081680061680B43C2F88830236813F0020F08D007
:10817800984AD2F8883023F00C03A1680B43C2F860
:108188008830236813F0040F08D0924AD2F8883058
:1081980023F03003E1680B43C2F88830236813F0FA
:1081A800080F08D08B4AD2F8883023F0C003216921
:1081B8000B43C2F88830236813F0100F08D0854AA3
:1081C800D2F8883023F4407361690B43C2F88830D1
:1081D800236813F0200F08D07E4AD2F8883023F4A1
:1081E8004063A1690B43C2F88830236813F0400F3D
:1081F80008D0784AD2F8883023F44053E1690B4319
:10820800C2F88830236813F0800F08D0714AD2F87A
:10821800883023F44043216A0B43C2F8883023682E
:1082280013F4807F08D06B4AD2F8883023F44033A7
:10823800616A0B43C2F88830236813F4003F08D002
:10824800644AD2F89C3023F00303A16A0B43C2F8B6
:108258009C30236813F4007F08D05E4AD2F8883037
:1082680023F44023E16A0B43C2F88830236813F4EF
:10827800806F0CD0574AD2F8883023F44013216B12
:108288000B43C2F88830236BB3F5801F79D023687D
:1082980013F4006F0CD04F4AD2F8883023F440030F
:1082A800616B0B43C2F88830636BB3F5800F6DD0F8
:1082B800236813F4805F0CD0464AD2F8883023F044
:1082C8004073A16B0B43C2F88830A36BB3F1807F76
:1082D80061D0236813F4005F0CD03E4AD2F888308E
:1082E80023F04063E16B0B43C2F88830E36BB3F1D2
:1082F800006F55D0236813F4804F0CD0354AD2F85C
:10830800883023F04063216C0B43C2F88830236C1B
:10831800B3F1006F49D0236813F4004F0CD02D4AF5
:10832800D2F8883023F04053616C0B43C2F8883090
:10833800636CB3F1805F3DD0236813F4803F0CD0A9
:10834800244AD2F8883023F04043A16C0B43C2F88A
:108358008830A36CB3F1804F31D0236813F4802F99
:108368000CD01C4AD2F89C3023F44013E16C0B4328
:10837800C2F89C30E36CB3F5001F25D0284603B043
:10838800F0BDD36843F48013D36080E7D36843F427
:108398008013D3608CE7D36843F48013D36098E7E5
:1083A800D36843F48013D360A4E7D36843F48013FD
:1083B800D360B0E7D36843F48033D360BCE7D368B5
:1083C80043F48033D360C8E7D36843F48013D360A1
:1083D800D4E700BF001002402DE9F04782B00546FF
:1083E800884617461E46FBF78FFD0A9B1B1A03EBB0
:1083F8000609FBF789FD8246284B1B68C3F3CB337C
:1084080009FB03F301932B689C6838EA04040CBF4A
:1084180001230023BB423DD0B6F1FF3FF3D0FBF769
:1084280073FDA0EB0A00484503D2019B73BB994634
:10843800E9E72A68536823F0E00353606B68B3F5F3
:10844800827F0BD0AB6AB3F5005F14D0012385F8A7
:108458005D30002385F85C3003201CE0AB68B3F581
:10846800004F02D0B3F5806FECD12A68136823F06F
:1084780040031360E6E72A68136823F40053136087
:108488002A68136843F400531360DFE7019B013B3C
:108498000193B8E7002002B0BDE8F087240000206F
:1084A8002DE9F04782B006460C4615461F460023C4
:1084B8008DF80330FBF728FD0A9B1B1A03EB07080E
:1084C800FBF722FD8146D6F800A0304B1B6803EB72
:1084D8008303C3EBC3031B0D08FB03F3019302E003
:1084E800B7F1FF3F12D133689B6803EA040CAC452F
:1084F80047D0B4F5C06FF3D1002DF1D19AF80C3004
:10850800DBB28DF803309DF80330E9E7FBF7FCFC9C
:10851800A0EB0900404503D2019B73BB9846E2E7F4
:108528003268536823F0E00353607368B3F5827FC1
:108538000BD0B36AB3F5005F14D0012386F85D3021
:10854800002386F85C3003201CE0B368B3F5004FC5
:1085580002D0B3F5806FECD13268136823F0400382
:108568001360E6E73268136823F400531360326837
:10857800136843F400531360DFE7019B013B019349
:10858800B1E7002002B0BDE8F08700BF240000205A
:1085980070B582B004460D46164600920B4600227E
:1085A8004FF4C051FFF77CFFB0B900962B4600226C
:1085B80080212046FFF710FFA8B900962B4600221D
:1085C8004FF4C0612046FFF76BFF50B1236E43F0B4
:1085D80020032366032004E0236E43F02003236670
:1085E800032002B070BD236E43F0200323660320EE
:1085F800F7E700286FD010B50446436A33B94368DB
:10860800B3F5827F05D00023C36102E00023036134
:1086180043610023A36294F85D30002B52D00223FB
:1086280084F85D302268136823F040031360E36820
:10863800B3F5E06F4CD90022B3F5706F04D0B3F5F1
:10864800E06F01D00023A362636803F48273A1681A
:1086580001F404410B43216901F002010B436169F4
:1086680001F001010B43A16901F400710B43E169B9
:1086780001F038010B43216A01F080010B43A16A24
:1086880001F4005120680B430360638B03F004037B
:10869800616A01F010010B43616B01F008010B43A3
:1086A800E16801F470610B4321681A434A6022684B
:1086B800D36923F40063D36100202066012384F882
:1086C8005D3010BD84F85C302046FAF791F8A6E7D3
:1086D8004FF48052B0E7012070472DE9F843044673
:1086E800884691461F46089DFBF70EFC064694F8FF
:1086F8005D30DBB26268012B0AD0B2F5827F40F0B0
:108708005C81A268002A40F05B81042B40F05A810A
:10871800B8F1000F00F05881B9F1000F00F0568150
:10872800002F00F0558194F85C30012B00F0528145
:10873800012384F85C3094F85D30DBB2042B02D05E
:10874800052384F85D3000232366C4F84090A4F81C
:108758004670A4F84470C4F83880E787A787E364B4
:108768002365E368B3F5E06F01D8012F23D92268A8
:10877800536823F48053536023681A6812F0400F3B
:1087880003D11A6842F040021A60E368B3F5E06F5B
:108798005FD963680BB1012F0BD1A26B23681288D4
:1087A800DA60A36B0233A363E38F9BB2013B9BB2F6
:1087B800E387012730E02268536843F4805353600D
:1087C800DAE7A26B1288DA60A36B0233A363E38F44
:1087D8009BB2013B9BB2E387002723689A6812F09B
:1087E800010F11D0B4F8462092B26AB1DA68236C4E
:1087F8001A80236C02332364B4F846309BB2013BE1
:108808009BB2A4F846300127FBF77EFB831BAB42E3
:1088180002D3B5F1FF3F14D1E38F9BB22BB9B4F863
:1088280046309BB2002B00F0B18023689A6812F0A2
:10883800020FD2D0E28F92B2002ACED0002FCCD035
:10884800BFE7012384F85D30002384F85C300320FF
:10885800B4E063680BB1012F0FD1E38F9BB2012BFA
:108868000DD9A26B23681288DA60A36B0233A36365
:10887800E38F9BB2023B9BB2E387012749E0A26BDF
:10888800236812781A73A36B0133A363E38F9BB237
:10889800013B9BB2E387F0E7E28F92B2012A0CD941
:1088A800A26B1288DA60A36B0233A363E38F9BB2D7
:1088B800023B9BB2E38700273DE0A26B12781A7354
:1088C800A36B0133A363E38F9BB2013B9BB2E387A6
:1088D800002730E02268536843F48053536001272F
:1088E8000DE0226C1B7B1370236C01332364B4F8F6
:1088F80046309BB2013B9BB2A4F846300127FBF7F8
:1089080003FB801BA84202D3B5F1FF3F36D1002DEF
:1089180034D0E38F9BB223B9B4F846309BB2002B16
:1089280034D023689A6812F0020F04D0E28F92B212
:108938000AB1002FB0D123689A6812F0010FDED077
:10894800B4F8462092B2002AD9D0B4F8462092B2A0
:10895800012AC6D9DA68236C1A80236C023323648F
:10896800B4F846309BB2023B9BB2A4F84630B4F848
:1089780046309BB2012BADD90127C0E7012384F80B
:108988005D30002384F85C30032017E03246294626
:108998002046FFF7FDFD48B9012384F85D30002328
:1089A80084F85C30236E4BB1012007E02023236656
:1089B800002384F85C30012000E00220BDE8F88341
:1089C8000220FBE70220F9E70120F7E70120F5E79D
:1089D8000120F3E70220F1E730B4026A036A23F0CA
:1089E800010303624468836923F4803323F073032B
:1089F8000D681D4322F002028B681343214A9042FE
:108A080013D002F5006290420FD002F54062904206
:108A18000BD002F58062904207D002F58062904246
:108A280003D002F50062904207D1026A22F00402E4
:108A3800026223F00803CA681343124A904213D013
:108A480002F5006290420FD002F5406290420BD0CE
:108A580002F58062904207D002F58062904203D00E
:108A680002F50062904205D124F440744A69224319
:108A78008C691443446085614A684263036230BC70
:108A8800704700BF002C014030B4036A026A22F428
:108A9800807202624468C26922F4803222F0730252
:108AA8000D68154323F400738A6843EA02231D4ABC
:108AB800904207D002F50062904203D002F5E052DE
:108AC800904208D1026A22F48062026223F40063B1
:108AD800CA6843EA0223134A904213D002F500629F
:108AE80090420FD002F5406290420BD002F58062AE
:108AF800904207D002F58062904203D002F50062EE
:108B0800904207D124F440544A6944EA02148A691D
:108B180044EA02144460C5614A68C263036230BC17
:108B2800704700BF002C014030B4036A026A22F487
:108B3800805202624468C26922F0807222F4E642DE
:108B48000D6842EA052223F400538D6843EA053391
:108B58001C4DA84207D005F50065A84203D005F5CD
:108B6800E055A84208D1056A25F48045056223F43A
:108B78000043CD6843EA0533124DA84213D005F5EA
:108B88000065A8420FD005F54065A8420BD005F551
:108B98008065A84207D005F58065A84203D005F591
:108BA8000065A84207D124F440444D6944EA85147D
:108BB8008D6944EA85144460C2614A6802640362AC
:108BC80030BC7047002C014030B4036A026A22F4BA
:108BD800803202624468026D22F4803222F0700210
:108BE8000D68154323F400338A6843EA0243114AA7
:108BF800904213D002F5006290420FD002F5406215
:108C080090420BD002F58062904207D002F5806254
:108C1800904203D002F50062904204D124F48034DB
:108C28004A6944EA0224446005654A68826403622A
:108C380030BC7047002C014030B4036A026A22F449
:108C4800801202624468026D22F0807222F4E042CF
:108C58000D6842EA052223F400138D6843EA0553A0
:108C6800114DA84213D005F50065A8420FD005F5AF
:108C78004065A8420BD005F58065A84207D005F5E8
:108C88008065A84203D005F50065A84204D124F404
:108C980080244D6944EA8524446002654A68C264B8
:108CA800036230BC704700BF002C014090F83D3093
:108CB800DBB2012B3AD1022380F83D300268D36839
:108CC80043F00103D36003681B4A934220D0B3F1F9
:108CD800804F1DD0A2F59432934219D002F58062DC
:108CE800934215D002F58062934211D002F5943276
:108CF80093420DD002F54062934209D002F58052AA
:108D0800934205D01A6842F001021A6000207047A9
:108D180099680A4A0A40062A0AD0B2F5803F09D063
:108D28001A6842F001021A6000207047012070475B
:108D38000020704700207047002C01400700010008
:108D4800704770477047704770B505460368DE681E
:108D58001C6914F0020F10D016F0020F0DD06FF03E
:108D680002021A610123037703689B6913F0030F5A
:108D78007CD0FFF7E6FF00232B7714F0040F12D006
:108D880016F0040F0FD02B686FF004021A6102234B
:108D98002B772B689B6913F4407F6DD02846FFF72B
:108DA800D0FF00232B7714F0080F12D016F0080F0D
:108DB8000FD02B686FF008021A6104232B772B68F9
:108DC800DB6913F0030F5ED02846FFF7BAFF0023D4
:108DD8002B7714F0100F12D016F0100F0FD02B684D
:108DE8006FF010021A6108232B772B68DB6913F4E4
:108DF800407F4FD02846FFF7A4FF00232B7714F0BD
:108E0800010F02D016F0010F4BD114F4025F02D00B
:108E180016F0800F4DD114F4807F02D016F0800F29
:108E28004FD114F0400F02D016F0400F51D114F07A
:108E3800200F02D016F0200F53D114F4801F02D057
:108E480016F4801F55D114F4001F02D016F4001F29
:108E580057D114F4800F02D016F4800F59D114F4AE
:108E6800000F02D016F4000F5BD170BDFFF768FF4A
:108E78002846FFF767FF7EE72846FFF761FF284689
:108E8800FFF760FF8DE72846FFF75AFF2846FFF7F0
:108E980059FF9CE72846FFF753FF2846FFF752FF84
:108EA800ABE72B686FF001021A612846F9F70CFB53
:108EB800ABE72B686FF402521A61284600F073FB87
:108EC800A9E72B686FF480721A61284600F06CFBE2
:108ED800A7E72B686FF040021A612846FFF733FFB7
:108EE800A5E72B686FF020021A61284600F05AFBAC
:108EF800A3E72B686FF480121A61284600F055FB2F
:108F0800A1E72B686FF400121A61284600F04EFBA7
:108F18009FE72B686FF480021A61284600F047FB30
:108F28009DE72B686FF400021A61284600F040FBA9
:108F38009BE700000368384A904216D0B0F1804F92
:108F480013D0A2F5943290420FD002F5806290427D
:108F58000BD002F58062904207D002F5943290421D
:108F680003D002F5E052904203D123F070034A681F
:108F78001343294A904222D0B0F1804F1FD0A2F566
:108F8800943290421BD002F58062904217D002F5CD
:108F98008062904213D002F5943290420FD002F5CD
:108FA800406290420BD002F58062904207D002F5F1
:108FB8008062904203D002F50062904203D123F40C
:108FC8004073CA68134323F080034A6913438A68CD
:108FD800C2620A688262104A904213D002F50062A7
:108FE80090420FD002F5406290420BD002F58062A9
:108FF800904207D002F58062904203D002F50062E9
:10900800904201D10A690263026842F004020260D8
:109018000122426103607047002C014060B310B523
:10902800044690F83D3013B3022384F83D302146BE
:1090380051F8040BFFF77EFF012384F8483084F8C9
:109048003E3084F83F3084F8403084F8413084F86A
:10905800423084F8433084F8443084F8453084F84A
:10906800463084F8473084F83D30002010BD80F841
:109078003C30F9F7E9FED7E70120704760B310B537
:10908800044690F83D3013B3022384F83D3021465E
:1090980051F8040BFFF74EFF012384F8483084F899
:1090A8003E3084F83F3084F8403084F8413084F80A
:1090B800423084F8433084F8443084F8453084F8EA
:1090C800463084F8473084F83D30002010BD80F8E1
:1090D8003C30F9F709FFD7E70120704730B4036A3D
:1090E800026A22F0100202624468826922F08072E9
:1090F80022F4E6420D6842EA052223F020038D6837
:1091080043EA05131C4DA84207D005F50065A8429F
:1091180003D005F5E055A84208D1056A25F04005B9
:10912800056223F08003CD6843EA0513124DA84277
:1091380013D005F50065A8420FD005F54065A84293
:109148000BD005F58065A84207D005F58065A842D3
:1091580003D005F50065A84207D124F440644D69A1
:1091680044EA85048D6944EA8504446082614A685A
:109178008263036230BC7047002C014038B590F818
:109188003C30012B00F0958004460D46012380F801
:109198003C30142A00F28880DFE802F00B868686CD
:1091A8001F86868634868686488686865D86868677
:1091B80071000068FFF710FC2268936943F0080308
:1091C80093612268936923F0040393612268936989
:1091D80029690B439361002067E00068FFF77EFF71
:1091E8002268936943F4006393612268936923F4C6
:1091F8008063936122689369296943EA0123936133
:10920800002052E00068FFF73FFC2268D36943F072
:109218000803D3612268D36923F00403D361226869
:10922800D36929690B43D36100203EE00068FFF74A
:109238007BFC2268D36943F40063D3612268D36955
:1092480023F48063D3612268D369296943EA01233F
:10925800D361002029E00068FFF7B6FC2268136D8F
:1092680043F0080313652268136D23F004031365A4
:109278002268136D29690B431365002015E0006807
:10928800FFF7DAFC2268136D43F400631365226864
:10929800136D23F4806313652268136D296943EA0B
:1092A80001231365002000E00120002384F83C30EE
:1092B80038BD0220FCE701F01F014FF0010C0CFA49
:1092C80001FC036A23EA0C030362036A8A4013431E
:1092D8000362704710B5044610293DD8DFE801F055
:1092E800093C3C3C203C3C3C273C3C3C2E3C3C3C28
:1092F800350090F83E30DBB2013B18BF0123002B4C
:1093080040F09B80102900F28680DFE801F02C8471
:10931800848474848484788484847C8484848000B1
:1093280090F83F30DBB2013B18BF0123E7E790F824
:109338004030DBB2013B18BF0123E0E790F8413031
:10934800DBB2013B18BF0123D9E790F84230DBB20A
:10935800013B18BF0123D2E790F84330DBB2013B51
:1093680018BF0123CBE7022384F83E30012220688E
:10937800FFF7A1FF2368344A934213D002F5006235
:1093880093420FD002F5406293420BD002F58062FF
:10939800934207D002F58062934203D002F500623F
:1093A800934203D15A6C42F400425A642368264A15
:1093B800934234D0B3F1804F31D0A2F59432934226
:1093C8002DD002F58062934229D002F58062934243
:1093D80025D002F59432934221D002F5406293429F
:1093E8001DD002F58052934219D01A6842F001024A
:1093F8001A60002022E0022384F83F30B6E70223F7
:1094080084F84030B2E7022384F84130AEE7022303
:1094180084F84230AAE7022384F84330A6E7996823
:109428000A4A0A40062A0AD0B2F5803F09D01A68CB
:1094380042F001021A60002000E0012010BD002067
:10944800FCE70020FAE700BF002C014007000100FC
:1094580090F83C20012A4CD030B40346012280F811
:109468003C20022280F83D20006842688468224D32
:10947800A84207D005F50065A84203D005F5E055D8
:10948800A84203D122F470024D682A4322F00072E8
:1094980022F070020D682A4342601A681648824218
:1094A8001AD0B2F1804F17D0A0F59430824213D071
:1094B80000F5806082420FD000F5806082420BD0B8
:1094C80000F59430824207D000F54060824203D014
:1094D80000F58050824204D124F080048968214339
:1094E8009160012283F83D20002083F83C0030BCC5
:1094F80070470220704700BF002C014090F83C30B4
:10950800012B4AD010B40246012380F83C30CB68C6
:1095180023F440738868034323F480634868034353
:1095280023F400630868034323F480530869034362
:1095380023F400534869034323F48043086B03432F
:1095480023F47023886943EA004323F08053C869F1
:1095580003431068124CA04207D004F50064A042EF
:1095680003D004F5E054A04210D123F470038C6AB0
:1095780043EA045323F080730C6A234323F00073F7
:109588004C6A234323F00053C96A0B434364002009
:1095980082F83C005DF8044B70470220704700BF1A
:1095A800002C0140704770477047704770477047FC
:1095B8007047026852E8003F23F0C00342E80031D8
:1095C8000029F6D1026802F1080353E8003F23F4AA
:1095D8000003083242E800310029F3D12023C0F803
:1095E80088307047026852E8003F23F4907342E8DD
:1095F80000310029F6D1026802F1080353E8003F60
:1096080023F0805323F00103083242E80031002997
:10961800F1D1C36E012B06D02023C0F88C30002373
:10962800C36643677047026852E8003F23F010039F
:1096380042E800310029F6D1EEE700001346D0F8E1
:109648008820202A3DD110B5044600293BD0002BA4
:109658003BD00165A0F85430A0F856300022C0F87D
:1096680090202122C0F88820C26FCAB11849D1625F
:10967800C26F18491163C26F17495163C26F002145
:10968800916302682832016DC06FFBF715FD38B190
:109698001023C4F890302023C4F8883001200FE04C
:1096A800236840221A62226802F1080353E8003F47
:1096B80043F08003083242E800310029F3D100204A
:1096C80010BD022070470120FAE70120F8E700BF2B
:1096D800E59600082F9700083D97000808B503464F
:1096E800806A1B681B6813F0200F18D10023A0F8AC
:1096F8005630026802F1080353E8003F23F0800364
:10970800083242E800310029F3D1026852E8003FEC
:1097180043F0400342E800310029F6D108BDFAF7CA
:1097280031FAFBE7704708B5806AFFF7FBFF08BD11
:109738007047704738B5846AD4F88820D4F88C50BC
:1097480023689B6813F0800F01D0212A10D023686A
:109758009B6813F0400F01D0222D0DD0D4F8903023
:1097680043F01003C4F890302046FAF7D7F938BD13
:109778002046FFF71EFFEAE72046FFF733FFEDE735
:1097880008B50346806A01220267C26E012A13D116
:10979800B0F85C104A08A0F85E201B685B689BB2B2
:1097A800994201D3A0F85E30B0F85E309BB2C91A76
:1097B80089B2FAF7B1F908BDFFF7BBFFFBE708B5B7
:1097C8008446806ADCF800301B6813F0200F29D12A
:1097D8000023A0F85E30026852E8003F23F480734B
:1097E80042E800310029F6D1026802F1080353E883
:1097F800003F23F00103083242E800310029F3D189
:10980800026802F1080353E8003F23F040030832DE
:1098180042E800310029F3D12023C0F88C30C36E10
:10982800012B19D000230367C36E012B1ED100231F
:10983800A0F85E30DCF800305B689BB2B0F85C10D2
:10984800994201D9A0F85E30B0F85E309BB2C91ACF
:1098580089B2FAF761F908BD026852E8003F23F0BF
:10986800100342E800310029F6D1DBE7FFF760FF7B
:10987800F1E7000070B50446016883680269134384
:1098880042691343C26913430868964A02401A435F
:109898000A602268536823F44053E1680B4353601D
:1098A800A1692268904B9A4201D0236A19439368B0
:1098B80023F06E4323F430630B4393602268D36A2A
:1098C80023F00F03616A0B43D3622368874A9342EC
:1098D80010D0874A934221D0864A934237D0864A8D
:1098E80093425CD0854A93426BD07F4A93427DD0A5
:1098F80010223AE002F55842D2F8882002F003021A
:10990800032A09D8DFE802F00204870601222CE0C6
:1099180004222AE0082228E0102226E002F5E63296
:10992800D2F8882002F00C020C2A0ED8DFE802F0E8
:10993800070D0D0D090D0D0D750D0D0D0B000022F8
:1099480013E0042211E008220FE010220DE002F5D6
:10995800E432D2F8882002F03002202A5FD01AD8E8
:10996800002A5ED0102A5ED104225F498B4276D04D
:10997800E069B0F5004F00F0C980082A00F2348190
:10998800DFE812F0F7001901F50032011C0132017D
:10999800320132011F01302A47D10822E5E702F5DA
:1099A800E232D2F8882002F0C002802A3FD004D8E0
:1099B800FAB3402A3FD10422D7E7C02A3DD1082272
:1099C800D3E702F5E032D2F8882002F44072B2F50B
:1099D800007F34D005D8A2B3B2F5807F33D10422FA
:1099E800C3E7B2F5407F30D10822BEE702F5C8329E
:1099F800D2F8882002F44062B2F5006F27D005D86B
:109A08003AB3B2F5806F26D10422AEE7B2F5406FC3
:109A180023D10822A9E70222A7E70222A5E702220A
:109A2800A3E70022A1E710229FE710229DE7022268
:109A38009BE7002299E7102297E7102295E7022278
:109A480093E7002291E710228FE710228DE7022288
:109A58008BE7002289E7102287E7102285E7082A8A
:109A680000F2B280DFE802F008B03BB038B0B0B026
:109A780005004FF4004004E0FEF7B4FA002800F0B7
:109A8800A580626A1E4B33F81220B0FBF2F36568BA
:109A980005EB4501994200F29B80B3EB053F00F2CC
:109AA8009980002633463146F6F7D0FF090241EA8D
:109AB800106100026B08C0182A46334641F10001C4
:109AC800F6F7C4FFA0F540720E4B9A4200F284806C
:109AD8002368D860304665E0FEF73EF9CEE70A48CD
:109AE800CFE700BFF369FFCF008000400038014096
:109AF8000044004000480040004C00400050004036
:109B080078CB0008FFFC0F000024F400082A65D871
:109B1800DFE802F0072705642A6464640B0035480F
:109B280003E0FEF75FFA00285AD0626A324B33F836
:109B38001230B0FBF3F06268530803EB4003B3FB49
:109B4800F2F3A3F110014FF6EF7291424AD89AB29C
:109B580022F00F02C3F3420313432268D3600020AC
:109B680020E0FEF751FADEE7FEF7F6F8DBE72148DA
:109B780003E0FEF737FA002838D0626A1E4B33F844
:109B88001230B0FBF3F0636800EB5300B0FBF3F066
:109B9800A0F110024FF6EF739A4229D8236880B2D9
:109BA800D86000200123A4F86A30A4F868300023A4
:109BB8006367A36770BDFEF727FADCE7FEF7CCF80A
:109BC800D9E74FF40040D8E70120EBE70020E9E7A8
:109BD8000120E7E70120E5E70120E3E70120E1E7CD
:109BE8000020DFE70120DDE70120DBE70020D9E7DF
:109BF8000120D7E70024F40078CB0008836A13F02B
:109C0800080F06D00268536823F40043816B0B43A6
:109C18005360836A13F0010F06D00268536823F477
:109C28000033C16A0B435360836A13F0020F06D0F6
:109C38000268536823F48033016B0B435360836AD3
:109C480013F0040F06D00268536823F48023416B95
:109C58000B435360836A13F0100F06D002689368B1
:109C680023F48053C16B0B439360836A13F0200F76
:109C780006D00268936823F40053016C0B43936089
:109C8800836A13F0400F0AD00268536823F48013E4
:109C9800416C0B435360436CB3F5801F0BD0836A50
:109CA80013F0800F06D00268536823F40023C16CB8
:109CB8000B43536070470268536823F4C003816CF8
:109CC8000B435360EBE72DE9F84305460E4617466C
:109CD8009946DDF820802B68DC6936EA04040CBF5D
:109CE80001240024BC4236D1B8F1FF3FF3D0FAF783
:109CF8000BF9A0EB0900404530D8B8F1000F2FD080
:109D08002B681A6812F0040FE5D0802EE3D0402E9D
:109D1800E1D0DA6912F0080F11D1DA6912F4006F94
:109D2800D9D04FF400621A622846FFF75BFC202363
:109D3800C5F89030002385F8843003200CE008240F
:109D48001C622846FFF74EFCC5F89040002385F8B2
:109D58008430012000E00020BDE8F8830320FBE701
:109D68000320F9E730B583B004460023C0F89030EB
:109D7800FAF7CAF805462268126812F0080F10D1DF
:109D880023681B6813F0040F28D12023C4F88830F7
:109D9800C4F88C300020E066206784F8840003B0A3
:109DA80030BD6FF07E430093034600224FF400114C
:109DB8002046FFF788FF0028E2D0226852E8003FDB
:109DC80023F0800342E800310029F6D12023C4F8AB
:109DD8008830002384F884300320E0E76FF07E4366
:109DE80000932B4600224FF480012046FFF76BFFBB
:109DF8000028CAD0226852E8003F23F4907342E852
:109E080000310029F6D1226802F1080353E8003F27
:109E180023F00103083242E800310029F3D120235E
:109E2800C4F88C30002384F884300320B7E778B373
:109E380010B50446D0F888300BB32423C4F8883012
:109E48002268136823F001031360A36AE3B920466C
:109E5800FFF710FD012811D02268536823F49043BE
:109E680053602268936823F02A039360226813687A
:109E780043F0010313602046FFF774FF10BD80F81C
:109E88008430F9F7FBFED8E72046FFF7B7FEDEE798
:109E98000120704710B5044613468165A0F85C2080
:109EA8000022C0F890202222C0F88C20D0F8802010
:109EB800AAB12149D162D0F8802020491163D0F895
:109EC80080201F495163D0F88020002191630168E8
:109ED800826D2431D0F88000FBF7EEF820BB2369AF
:109EE80043B1226852E8003F43F4807342E80031EE
:109EF8000029F6D1226802F1080353E8003F43F035
:109F08000103083242E800310029F3D1226802F146
:109F1800080353E8003F43F04003083242E80031A9
:109F28000029F3D1002010BD1023C4F8903020235D
:109F3800C4F88C300120F6E7C79700088997000815
:109F48003D97000838B5D0F88C30202B17D1C1B117
:109F5800CAB10023C36603680C4CA3420CD05B68EB
:109F680013F4000F08D0046854E8003F43F08063FE
:109F780044E80035002DF6D1FFF78CFF00E0022001
:109F880038BD0120FCE70120FAE700BF008000404F
:109F9800436E2BB90123A0F86A30A0F868307047E7
:109FA80030B403689A68C2F342629968490F094D50
:109FB8006B5CDB00084C615C93FBF1F3A0F86A3042
:109FC800AB5CDB00A25C93FBF2F3A0F8683030BC1A
:109FD800704700BF98CB000890CB000890F88430F9
:109FE800012B18D0012380F884302423C0F888304E
:109FF80003681A68196821F00101196022F00052FB
:10A008000023436601680A602022C0F8882080F88F
:10A018008430184670470220704738B590F884306D
:10A02800012B1DD00446012380F884302423C0F876
:10A03800883003681D681A6822F001021A600268F5
:10A04800936823F0604319439160FFF7A1FF2368E9
:10A058001D602023C4F88830002084F8840038BDAF
:10A068000220FCE738B590F88430012B1DD0044657
:10A07800012380F884302423C0F8883003681D68E1
:10A088001A6822F001021A600268936823F060637C
:10A0980019439160FFF77CFF23681D602023C4F8F3
:10A0A8008830002084F8840038BD0220FCE703468D
:10A0B8000020A3F844004BF68072A3F840207047B4
:10A0C800B0F8403023F47E535B045B0CA0F84030BA
:10A0D8000020704782B0034602A800E9060001226A
:10A0E800A3F840200020A3F84000A3F84400A3F8F8
:10A0F800500002B0704710B5034691F800C030F820
:10A108002C2092B222F4EC4222F0700292B2C8786B
:10A11800032861D8DFE800F0555C0258002048F2B7
:10A12800800E42EA0E0223F82C2091F800C033F882
:10A138002C2092B222F4E04222F070024CEA020291
:10A1480042EA0E0223F82C200A7B002A40F0DC8029
:10A158004A78002A51D0B3F8502013FA82F20C78CA
:10A1680002EBC402B1F806C04FEA5C0C4FEA4C0C93
:10A17800A2F800C40C7833F8242012F0400F0CD059
:10A1880033F8242092B222F4E04222F0700242F422
:10A19800004242F0C00223F82420CA78012A1DD0C8
:10A1A800097833F8212092B222F4E04222F04002EA
:10A1B80082F0200242F4004242F0800223F821207B
:10A1C800C3E142F40072AAE742F4C0620020A6E7A5
:10A1D80042F480620020A2E70120A0E7097833F862
:10A1E800212092B222F4E04222F0400242F40042DE
:10A1F80042F0800223F82120A7E1B3F8502013FA97
:10A2080082F20C7802EBC402B1F806C04FEA5C0C8B
:10A218004FEA4C0CA2F804C4B3F8502013FA82F2A7
:10A228000C7802EBC402B2F806C4CCF3090CA2F80D
:10A2380006C40C6974BBB2F806C46FEA4C4C6FEAEA
:10A248005C4C1FFA8CFCA2F806C40C7833F8242066
:10A2580012F4804F0CD033F8242092B222F4E0425A
:10A2680022F0700242F4404242F0800223F8242097
:10A278000978C9BB33F8212092B222F4804222F037
:10A28800700282F4405242F4004242F0800223F805
:10A2980021205AE13E2C12D84FEA540C14F0010F39
:10A2A80001D00CF1010CB2F80644A4B24FEA8C2C90
:10A2B8001FFA8CFC44EA0C04A2F80644C5E74FEAEE
:10A2C800541C14F01F0F01D10CF1FF3CB2F80644E6
:10A2D800A4B24FEA8C2C1FFA8CFC44EA0C0444F418
:10A2E8000044A2F80644B0E733F8212092B222F4E1
:10A2F800804222F0700282F4005242F4004242F09E
:10A30800800223F8212020E1CA78022A74D091F82B
:10A3180000C033F82C2092B222F4E24222F07002FC
:10A3280042F4004242F0800223F82C20B3F8502077
:10A3380013FA82F291F800C002EBCC02B1F808C01F
:10A348004FEA5C0C4FEA4C0CA2F800C4B3F850205A
:10A3580013FA82F291F800C002EBCC02B1F80AC0FD
:10A368004FEA5C0C4FEA4C0CA2F804C44A78002A65
:10A3780040F0F7800C7833F8242012F4804F0CD08A
:10A3880033F8242092B222F4E04222F0700242F420
:10A39800404242F0800223F824200C7833F824202D
:10A3A80012F0400F0CD033F8242092B222F4E0428D
:10A3B80022F0700242F4004242F0C00223F8242046
:10A3C8004A78002A51D1B3F8502013FA82F20C7857
:10A3D80002EBC402B2F80244C4F30904A2F802442E
:10A3E8000C69C4B9B2F802446FEA44446FEA5444B1
:10A3F800A4B2A2F802443AE00C7833F8242092B2CE
:10A4080022F4E04222F0700242F4014242F080025B
:10A4180023F824208AE73E2C12D84FEA540C14F073
:10A42800010F01D00CF1010CB2F80244A4B24FEABA
:10A438008C2C1FFA8CFC44EA0C04A2F8024416E0A7
:10A448004FEA541C14F01F0F01D10CF1FF3CB2F875
:10A458000244A4B24FEA8C2C1FFA8CFC44EA0C0488
:10A4680044F40044A2F8024401E0012A1BD04A78CF
:10A47800002A4DD1B3F8502013FA82F20C7802EB7F
:10A48800C402B2F80644C4F30904A2F806440C69ED
:10A49800A4B9B2F806446FEA44446FEA5444A4B23B
:10A4A800A2F8064436E0B3F8502013FA82F20C788A
:10A4B80002EBC4020C8AA2F80244D8E73E2C12D858
:10A4C8004FEA540C14F0010F01D00CF1010CB2F852
:10A4D8000644A4B24FEA8C2C1FFA8CFC44EA0C0404
:10A4E800A2F8064416E04FEA541C14F01F0F01D1DD
:10A4F8000CF1FF3CB2F80644A4B24FEA8C2C1FFAC8
:10A508008CFC44EA0C0444F40044A2F8064401E03C
:10A51800012A1BD091F800C033F82C2092B222F403
:10A52800804222F0700282F4405248F280042243B2
:10A5380023F82C20097833F8212092B222F4E04243
:10A5480022F04002224323F8212010BDB3F8502006
:10A5580013FA82F20C7802EBC4020C8AA2F80644C1
:10A56800D8E70C7833F8242012F4804F0CD033F855
:10A57800242092B222F4E04222F0700242F44042D7
:10A5880042F0800223F824200C7833F8242012F0BB
:10A59800400F0CD033F8242092B222F4E04222F08B
:10A5A800700242F4004242F0C00223F82420CA7824
:10A5B800012A1ED00C7833F8242092B222F4E0420B
:10A5C80022F0400282F0200242F4004242F080026F
:10A5D80023F82420097833F8212092B222F480420B
:10A5E80022F0700242F4004242F0800223F8212057
:10A5F800ABE70C7833F8242092B222F4E04222F040
:10A60800400242F4004242F0800223F82420E1E7AD
:10A618000B7B002B46D14B7813B30A7830F82230E5
:10A6280013F0400F0CD030F822309BB223F4E043F3
:10A6380023F0700343F4004343F0C00320F82230B2
:10A648000A7830F822309BB223F4E04323F0400329
:10A6580043F4004343F0800320F822300020704781
:10A668000A7830F8223013F4804F0CD030F82230BA
:10A678009BB223F4E04323F0700343F4404343F0D8
:10A68800800320F822300A7830F822309BB223F475
:10A69800804323F0700343F4004343F0800320F821
:10A6A8002230DBE74B78002B4ED10A7830F8223085
:10A6B80013F4804F0CD030F822309BB223F4E043DF
:10A6C80023F0700343F4404343F0800320F8223022
:10A6D8000A7830F8223013F0400F0CD030F82230CE
:10A6E8009BB223F4E04323F0700343F4004343F0A8
:10A6F800C00320F822300A7830F822309BB223F4C5
:10A70800E04323F0700343F4004343F0C00320F810
:10A7180022300A7830F822309BB223F4804323F0A9
:10A72800700348F2800C43EA0C0320F822300A78C0
:10A7380030F822309BB223F4E04323F0400343EA8D
:10A748000C0320F8223089E70A7830F8223013F415
:10A75800804F0CD030F822309BB223F4E04323F032
:10A76800700343F4404343F0800320F822300A7812
:10A7780030F8223013F0400F0CD030F822309BB262
:10A7880023F4E04323F0700343F4004343F0C00391
:10A7980020F822300A7830F822309BB223F4E043C4
:10A7A80023F0700343F4404343F0800320F8223041
:10A7B8000A7830F822309BB223F4E04323F04003B8
:10A7C80048F2800C43EA0C0320F822300A7830F86B
:10A7D80022309BB223F4804323F0700343EA0C0336
:10A7E80020F822303AE74B788BB10A7830F82230DB
:10A7F8009BB223F4E04323F0400383F0100343F4B7
:10A80800004343F0800320F82230002070470A7884
:10A8180030F822309BB223F4804323F0700383F492
:10A82800805343F4004343F0800320F82230ECE7E0
:10A838004B7833B30A7830F8223013F0400F0CD03D
:10A8480030F822309BB223F4E04323F0700343F442
:10A85800004343F0C00320F82230CB78012B33D0DB
:10A868000A7830F822309BB223F4E04323F0400307
:10A8780083F0200343F4004343F0800320F82230A0
:10A8880022E00A7830F8223013F4804F0CD030F8E8
:10A8980022309BB223F4E04323F0700343F4404397
:10A8A80043F0800320F822300A7830F822309BB237
:10A8B80023F4804323F0700383F4405343F40043AC
:10A8C80043F0800320F822300020704711B980231C
:10A8D800A0F84C3000207047B0F858306FEA434376
:10A8E8006FEA53439BB2A0F8583000207047B0F885
:10A8F800440080B2704701335B08024402F580626D
:10A9080008E0087891F801C040EA0C2022F8020B10
:10A918000231013B002BF4D1704770B505460C4657
:10A928004B78012B1AD00B7B002B40F092828B695D
:10A93800002B40F06582CB78002B40F061820A78CA
:10A9480030F822309BB223F4E04323F0700343F441
:10A95800014343F0800320F822305FE28E690A69E0
:10A96800964200D91646217B41B3E178022947D0A7
:10A97800226A921B2262227835F8221011F0400FC9
:10A9880000F0F681002B40F0E381B5F8503015FA5D
:10A9980083F303EBC202B2F80634C3F30903A2F847
:10A9A8000634002E40F0B481B2F806346FEA43430F
:10A9B8006FEA53439BB2A2F80634D2E1B6B23346EB
:10A9C800E28861692846FFF796FFB5F8503015FA16
:10A9D80083F3227803EBC203A3F80264227835F8E4
:10A9E80022309BB223F4E04323F0400383F030038A
:10A9F80043F4004343F0800325F82230002024E28A
:10AA0800236A9A4280F06681227835F822309BB218
:10AA180023F4E04323F0700343F4014343F080033D
:10AA280025F82230236A9B1B2362237835F82320DC
:10AA380012F0400F00F0A7806278B2BBB5F8502042
:10AA480015FA82F202EBC303B3F80624C2F3090233
:10AA5800A3F806244EB9B3F806246FEA42426FEA17
:10AA6800524292B2A3F8062421E03E2E0DD8720875
:10AA780016F0010F00D00132B3F8061489B2920221
:10AA880092B20A43A3F8062411E0710916F01F0FC9
:10AA980000D10139B3F8062492B2890289B20A4377
:10AAA80042F40042A3F8062401E0012A29D0B3B2F7
:10AAB800628961692846FFF71EFF63693344636151
:10AAC800236A2269934226D99B1B23626378002B51
:10AAD80045D1B5F8503015FA83F3227803EBC20359
:10AAE800B3F80224C2F30902A3F80224BEB9B3F8EA
:10AAF80002246FEA42426FEA524292B2A3F8022459
:10AB08002FE0B5F8502015FA82F202EBC303B2B277
:10AB1800A3F80624CBE7002222621E46D6E73E2E83
:10AB28000DD8720816F0010F00D00132B3F80214E4
:10AB380089B2920292B20A43A3F8022411E0710981
:10AB480016F01F0F00D10139B3F8022492B289021E
:10AB580089B20A4342F40042A3F8022401E0012B1F
:10AB680006D0B3B2228961692846FFF7C4FE35E7EB
:10AB7800B5F8503015FA83F3227803EBC203B2B26A
:10AB8800A3F80224EDE76278B2BBB5F8502015FAB5
:10AB980082F202EBC303B3F80224C2F30902A3F85A
:10ABA80002244EB9B3F802246FEA42426FEA5242D5
:10ABB80092B2A3F8022421E03E2E0DD8720816F0B6
:10ABC800010F00D00132B3F8021489B2920292B296
:10ABD8000A43A3F8022411E0710916F01F0F00D1EF
:10ABE8000139B3F8022492B2890289B20A4342F4C5
:10ABF8000042A3F8022401E0012A29D0B3B2228935
:10AC080061692846FFF777FE636933446361236A05
:10AC18002269934226D99B1B23626378002B45D176
:10AC2800B5F8503015FA83F3227803EBC203B3F872
:10AC38000624C2F30902A3F80624BEB9B3F8062411
:10AC48006FEA42426FEA524292B2A3F806242FE01A
:10AC5800B5F8502015FA82F202EBC303B2B2A3F89A
:10AC68000224CBE7002222621E46D6E73E2E0DD8EC
:10AC7800720816F0010F00D00132B3F8061489B239
:10AC8800920292B20A43A3F8062411E0710916F061
:10AC98001F0F00D10139B3F8062492B2890289B294
:10ACA8000A4342F40042A3F8062401E0012B06D02F
:10ACB800B3B2628961692846FFF71DFE8EE6B5F8D2
:10ACC800503015FA83F3227803EBC203B2B2A3F82B
:10ACD8000624EDE7217835F8212092B222F4E242E9
:10ACE80022F0700242F4004242F0800225F821204E
:10ACF800B5F8502015FA82F2217802EBC1029BB216
:10AD0800A2F80234228961692846FFF7F4FD65E656
:10AD18003E2E0DD8730816F0010F00D00133B2F89B
:10AD2800061489B29B029BB20B43A2F8063418E0C2
:10AD3800710916F01F0F00D10139B2F806349BB221
:10AD4800890289B20B4343F40043A2F8063408E0B1
:10AD5800B5F8503015FA83F303EBC203B2B2A3F887
:10AD68000624B3B2628961692846FFF7C4FD35E657
:10AD7800B3BBB5F8503015FA83F303EBC202B2F84F
:10AD88000234C3F30903A2F802344EB9B2F802340C
:10AD98006FEA43436FEA53439BB2A2F8023428E0B8
:10ADA8003E2E0DD8730816F0010F00D00133B2F80B
:10ADB800021489B29B029BB20B43A2F8023418E03A
:10ADC800710916F01F0F00D10139B2F802349BB295
:10ADD800890289B20B4343F40043A2F8023408E025
:10ADE800B5F8503015FA83F303EBC203B2B2A3F8F7
:10ADF8000224B3B2228961692846FFF77CFDEDE59C
:10AE0800227835F822309BB223F4E24323F0700312
:10AE180043F4004343F0800325F82230A3692269F4
:10AE2800934213D99B1AA361227835F822309BB23A
:10AE380023F4804323F0700383F4405343F4004326
:10AE480043F0800325F82230002070BD0023A36161
:10AE5800EAE7CB78022B04D0012B1ED100238B61AB
:10AE6800E2E7CB69002BDFD00A7830F8221044F2F1
:10AE7800400303EA01008B4301D00028D4D135F800
:10AE880022309BB223F4E04323F0700343F40043E1
:10AE980043F0C00325F82230C6E70120D5E710B4F7
:10AEA8005C08024402F5806207E032F8020B087081
:10AEB800C0F3072048700231013C002CF5D113F093
:10AEC800010F01D013880B705DF8044B704710B563
:10AED800D0F8BC4284B1D0F8C0327BB194F80002FB
:10AEE800FF280DD09B6894F8012221469847FF233C
:10AEF80084F80032002010BD0320FCE70020FAE7A8
:10AF08000020F8E74323038000487047F40100203D
:10AF180043230380004870473802002043230380FE
:10AF280000487047B00100200A230380004870479A
:10AF3800B402002038B5D0F8BC5275B1044601F00F
:10AF4800F6F8C5F80C02D4F8C032DB6805F50371D1
:10AF5800D5F804029847002038BD0320FCE710B557
:10AF6800D0F8C442D0F8BC3253B301EB810200EBF5
:10AF7800820292694AB101EB810C04EBCC04246A89
:10AF8800B2FBF4FC04FB1C2272B10022C3F81422A9
:10AF9800D0F8C0221469ACB10A4603F50471D3F89D
:10AFA8000802A047002010BD01EB810300EB8303DA
:10AFB80000249C612346224601F0A9F82046F2E7C6
:10AFC8000320F0E70020EEE7F0B583B0D0F8BC62CC
:10AFD80000238DF80730ADF80430002E6CD00746FA
:10AFE8000C460B7813F060052AD0202D5ED1CA8854
:10AFF800F2B113F0800F0FD0D0F8C0329B68314601
:10B0080060789847E288072A28BF072231463846E1
:10B0180000F0ECFD00254CE04B7886F800328B7987
:10B0280086F80132CA88314600F0F5FD002540E077
:10B03800D0F8C0329B68002248789847002538E04D
:10B048004E780B2E2ED8DFE806F006342D2D2D2D48
:10B058002D2D2D2D152490F89C32DBB2032B03D017
:10B0680000F08AFA032524E0022201A900F0BEFDBF
:10B0780035461EE090F89C32DBB2032B03D000F07B
:10B088007BFA032515E001220DF1070100F0AEFD62
:10B098000FE090F89C32DBB2032B0AD000F06CFA78
:10B0A800032506E000F068FA032502E000F064FAE0
:10B0B8000325284603B0F0BD0325FAE738B5044652
:10B0C800812100F0EEFF002525870121204600F0B0
:10B0D800E8FFA4F878518221204600F0E2FFA4F8A6
:10B0E8004C50A4F84E50D4F8BC324BB1D4F8C0320E
:10B0F8005B689847D4F8BC0201F048F8C4F8BC5221
:10B10800002038BD70B504464FF4077001F03AF8D6
:10B11800B8B30646C4F8BC02237CBBBB4FF400732B
:10B1280002228121204600F0B1FF012525874FF436
:10B13800007302222946204600F0A8FFA4F878519F
:10B148001023A4F84E30082303228221204600F061
:10B158009DFF0123A4F84C30D4F8C0321B689847EF
:10B168000023C6F81432C6F81832257C15BB4FF4F4
:10B178000073D6F804220121204600F0D0FF2846AB
:10B1880070BD0023C4F8BC320225F8E74023022230
:10B198008121204600F07AFF0125258740230222DD
:10B1A8002946204600F072FFA4F878511023A4F82D
:10B1B8004E30C8E74023D6F804220121204600F08B
:10B1C800AEFF0025DBE719B1C0F8C01200207047B8
:10B1D80003207047D0F8BC322BB1C3F80812C3F86B
:10B1E80010220020704703207047D0F8BC321BB1F2
:10B1F800C3F804120020704703207047D0F8BC221F
:10B2080092B108B5D2F814320BB1012008BD012360
:10B21800C2F81432D2F81032C362D2F8082281215F
:10B2280000F075FF0020F1E70320704710B5D0F853
:10B23800BC2292B1047C44B94FF40073D2F80422C2
:10B24800012100F06CFF204610BD4023D2F80422F3
:10B25800012100F064FF0024F5E70324F3E798B127
:10B2680008B503460020C3F8B802C3F8C002C3F803
:10B27800CC0209B1C3F8B412012183F89C121A70E8
:10B28800184600F0B7FE08BD0320704710B582B01D
:10B298000023ADF8063061B10446C0F8B812CB6A95
:10B2A8004BB10DF106009847C4F8CC02002002B05B
:10B2B80010BD0320FBE70020F9E708B500F0DEFE2B
:10B2C80008BD08B5D0F8B83213B11B68984708BD57
:10B2D8000320FCE708B5D0F8B8320BB15B68984793
:10B2E800002008BD38B5044600F2AA25284600F01B
:10B2F8002FF90123C4F89432B4F8B032C4F8983264
:10B3080094F8AA1201F01F03012B0DD0022B10D0C4
:10B318002BB101F08001204600F0CBFE03E0294666
:10B32800204600F0E4FA38BD2946204600F017FB15
:10B33800F9E72946204600F046FBF4E738B504460D
:10B348000D4641BB1346D0F89422032A01D0084683
:10B3580038BDD0F85C11D0F86021914209D890F836
:10B368009C32DBB2032B0FD0204600F06BFC284642
:10B37800EEE7891AC0F85C118A4228BF0A461946C6
:10B3880000F058FC2846E3E7D0F8B8321B69002BD8
:10B39800EAD09847E8E790F89C32DBB2032B01D05B
:10B3A8000020D5E7D0F8B8329B690BB19847CFE7B2
:10B3B8000020CDE738B504460D4600294AD113468A
:10B3C800D0F89422022A05D094F8A032012B3CD060
:10B3D800284638BDC269016A8A420ED88A4218D006
:10B3E80094F89C32DBB2032B27D08021204600F052
:10B3F80060FE204600F031FCE6E7521AC2611946A9
:10B4080000F001FC00231A461946204600F087FE8A
:10B41800DAE783699942E3D8D0F898229342DFD2D9
:10B428000022114600F0EFFB0021C4F898120B46E9
:10B438000A46204600F073FEC6E7D4F8B832DB6847
:10B44800002BD2D020469847CFE7002384F8A032BB
:10B458002846BEE790F89C32DBB2032B01D00020CF
:10B46800B7E7D0F8B8325B690BB19847B1E700206D
:10B47800AFE7012380F89C320023C0F89432436080
:10B48800C0F8A432D0F8B832F3B170B50446D0F899
:10B49800BC221AB15B680BB10021984740230022F7
:10B4A8001146204600F0F2FD0126A4F8646140250B
:10B4B800C4F860512B4600228021204600F0E6FDAA
:10B4C800A6842562002070BD032070470174002007
:10B4D800704790F89C32DBB280F89D32042380F8E4
:10B4E8009C320020704790F89C32DBB2042B01D0CC
:10B4F8000020704790F89D32DBB280F89C32F7E765
:10B50800D0F8B82262B108B590F89C32DBB2032BB0
:10B5180001D0002008BDD36923B198470020F9E77E
:10B52800032070470020F5E70346002002E00130C1
:10B53800C0B201331A78002AF9D1704708B54B8890
:10B54800012B00D008BDC0F8A43200F07BFBF9E75E
:10B558000B7803704B7843708B78CA7843EA0223E0
:10B5680043800B794A7943EA022383808B79CA792D
:10B5780043EA0223C380704710B50446802100F0D7
:10B5880098FD0021204600F094FD10BD30B583B031
:10B5980004460D460023ADF806304A88130A013BDD
:10B5A8000E2B00F2BC80DFE803F0153044BABA9ED7
:10B5B800ABBABABABABABABA0800D0F8B432DB69C8
:10B5C80023B10DF10601007C98470AE02946FFF7F0
:10B5D800D3FF18E0D0F8B4321B680DF10601007CE7
:10B5E8009847EA88002A00F0A380BDF80630002BAF
:10B5F80000F099809A4228BF1A46ADF80620014605
:10B60800204600F0F3FA03B030BD037C43B9D0F80C
:10B61800B8329B6A0DF10600984702234370E0E7B1
:10B62800D0F8B832DB6A0DF1060098470223437060
:10B63800D7E7D2B2052A52D8DFE802F003101D2A54
:10B648003744D0F8B4325B6823B10DF10601007CB1
:10B658009847C6E72946FFF78FFFD4E7D0F8B432FA
:10B668009B6823B10DF10601007C9847B9E729468C
:10B67800FFF782FFC7E7D0F8B432DB6823B10DF1DA
:10B688000601007C9847ACE72946FFF775FFBAE743
:10B69800D0F8B4321B6923B10DF10601007C98473C
:10B6A8009FE72946FFF768FFADE7D0F8B4325B693A
:10B6B80023B10DF10601007C984792E72946FFF770
:10B6C8005BFFA0E7D0F8B4329B6923B10DF1060106
:10B6D800007C984785E72946FFF74EFF93E7294600
:10B6E800FFF74AFF8FE7037C33B9D0F8B8325B6BBA
:10B6F8000DF10600984774E72946FFF73DFF82E7FA
:10B70800037C43B9D0F8B8321B6B0DF1060098479B
:10B718000723437065E72946FFF72EFF73E729469D
:10B72800FFF72AFF6FE729462046FFF725FF6AE75C
:10B73800204600F087FA66E738B504468B88FBB9DF
:10B74800CB88EBB94B887F2B1AD803F07F0590F88C
:10B758009C32DBB2032B0CD080F89E52294600F0B5
:10B76800CEFC204600F06EFA35B1022384F89C32F4
:10B7780009E0FFF701FF06E0012384F89C3202E0AC
:10B788002046FFF7F9FE38BD70B504460E468D78A1
:10B798002E4B1D70012D10D890F89C32DBB2022B75
:10B7A8000FD0032B23D0FFF7E7FE284B197820464C
:10B7B800FFF790FD0325284670BDFFF7DDFE032542
:10B7C800F9E78DB145602946FFF77BFD054620B1B5
:10B7D80031462046FFF7D0FEEDE7204600F032FA6A
:10B7E800032384F89C32E6E700F02CFAE3E7CDB1B6
:10B7F80041688D4225D0C9B2FFF76CFD134B19780B
:10B8080061602046FFF75DFD0546B0B13146204630
:10B81800FFF7B2FE21792046FFF75CFD022384F88A
:10B828009C32C8E7022380F89C3245602946FFF71E
:10B8380051FD204600F006FABDE7204600F002FA66
:10B84800B9E700F0FFF90025B5E700BFEC1C0020C0
:10B8580008B5CB88012B0BD190F89C32DBB2022BB8
:10B8680009D9032B09D10122011D00F0BFF901E01C
:10B87800FFF782FE08BD5BB213B9FFF77DFEF9E75B
:10B888000146002341F8083F012200F0AFF9F1E733
:10B8980008B590F89C32013B022B12D8CB88022BBA
:10B8A8000CD10123C360D0F8A4320BB10323C360C9
:10B8B800022200F10C0100F099F908BDFFF75CFEC7
:10B8C800FBE7FFF759FEF8E708B590F89C32013B13
:10B8D800022B09D84B88012B00D008BD0023C0F8E3
:10B8E800A43200F0AFF9F8E7FFF746FEF5E738B500
:10B8F8000C7804F06004202C06D0402C04D054B1FD
:10B90800FFF73AFE002404E0D0F8B8329B68984765
:10B918000446204638BD4D78092D1DD8DFE805F0CE
:10B9280012191C161C08051C0F0BFFF72FFEF0E759
:10B93800FFF702FFEDE7FFF727FF0446E9E7FFF708
:10B9480087FFE6E7FFF7A4FF2C46E2E7FFF7F6FDDF
:10B95800DFE7FFF7B9FFDCE7FFF70EFED9E770B5C1
:10B9680005460C460B7803F06003202B07D0402BCC
:10B9780005D023B1FFF700FE0026304670BD95F8CC
:10B988009C32013B022B18D82379012B0FD8D5F80C
:10B99800B8329B682146284698470646E388002B1C
:10B9A800EBD10028E9D1284600F04CF9E5E721461B
:10B9B8002846FFF7E1FD0026DFE721462846FFF786
:10B9C800DBFD0026D9E7F8B506460D468B880C78CE
:10B9D80004F06004202C08D0D9B2402C05D06CB1FA
:10B9E8002946FFF7C9FD002406E0D6F8B8329B685F
:10B9F80029463046984704462046F8BD6F78012FFF
:10BA08002FD0032F05D0002F59D02946FFF7B4FDBA
:10BA1800F2E790F89C32DBB2022B05D0032B12D050
:10BA28002946FFF7A9FDE7E709B1802904D129468E
:10BA38003046FFF7A1FDDFE700F03BFB80213046F1
:10BA480000F037FBD8E76B8823B919B1802901D0FA
:10BA5800EB881BB1304600F0F5F8CDE700F029FB84
:10BA6800F8E790F89C32DBB2022B05D0032B12D0FA
:10BA78002946FFF781FDBFE709B1802904D129468E
:10BA88003046FFF779FDB7E700F013FB8021304619
:10BA980000F00FFBB0E76B88002BADD111F07F0FE2
:10BAA8000AD1304600F0CEF8D6F8B8329B6829465D
:10BAB8003046984704469FE700F003FBF1E790F80B
:10BAC8009C22D2B2022A06D0032A29D02946FFF79F
:10BAD80053FD3C4690E709B1802913D113F0800F3C
:10BAE80015D101F07F0101EB8101890001F5A871F1
:10BAF8003144043100230B600222304600F076F80E
:10BB08003C4679E72946FFF737FD3C4674E701F0E4
:10BB18007F0101EB81018900103131440431E9E7EB
:10BB28005BB2002B1FDB01F00F0202EB820200EB7D
:10BB38008202B2F8642122B3002B27DB01F07F03D5
:10BB480003EB83039C0004F5A8743444043409B15E
:10BB5800802924D10023236002222146304600F0A8
:10BB680045F83C4648E701F00F0202EB820200EB81
:10BB78008202928C002ADFD12946FFF7FDFC3C4661
:10BB88003AE72946FFF7F8FC3C4635E701F07F0322
:10BB980003EB83039C00103434440434D7E7304665
:10BBA80000F097FA10B101232360D5E70023236042
:10BBB800D2E7D0B170B50D4616460446FFF7B4FC7F
:10BBC800431C5B009BB233802B7003236B700223F2
:10BBD80007E0EA5401345A1CD2B20021A9540233B6
:10BBE800DBB22278002AF4D170BD704708B513463D
:10BBF8000222C0F894228361C3610A46002100F042
:10BC080086FA002008BD08B513460A46002100F050
:10BC18007EFA002008BD08B513460322C0F8942216
:10BC2800C0F85831C0F85C310A46002100F077FAB4
:10BC3800002008BD08B513460A46002100F06FFA37
:10BC4800002008BD08B50422C0F8942200231A4633
:10BC5800194600F05CFA002008BD08B50522C0F8B6
:10BC6800942200231A46194600F059FA002008BD0C
:10BC780008B500220F491048FFF7F1FA70B90F49CB
:10BC88000D48FFF703FB60B90D490B48FFF79BFA16
:10BC980050B90948FFF711FB48B908BDF6F768FC29
:10BCA800EDE7F6F765FCEFE7F6F762FCF1E7F6F784
:10BCB8005FFCF2E708030020F01C00207C02002053
:10BCC800C0020020002070470020704708B50220FD
:10BCD800F7F71AFF002008BD38B5054620B119B19D
:10BCE8000968B1F5803F09D3064C29462046FFF77D
:10BCF8007CFA2046FFF79AFA002038BD89B2F7F798
:10BD0800E9FEF1E7F01C002010B5064C00220649B8
:10BD18002046FFF75FFA05492046FFF766FA00203C
:10BD280010BD00BFF01C0020C01F0020C02700204D
:10BD380038B5144BD3F8BC32D0B10C460146CCB15F
:10BD4800B4F5006F18D8CBB1D3F81432C3B90E4B81
:10BD5800984203D02246184600F044FD094D224679
:10BD680009492846FFF736FA2846FFF747FA38BD4B
:10BD78000320FCE70320FAE70320F8E70120F6E7B1
:10BD88000120F4E7F01C0020C01F002012230B80C4
:10BD980000487047F402002004230B8000487047D5
:10BDA800F0020020002393421ED200B510E00CF1EF
:10BDB800370C01F813C000014FEA430C0CF1010CD9
:10BDC8004FF0000E01F80CE00133DBB2934209D2C8
:10BDD8004FEA107CB0F1204FE9D20CF1300C01F899
:10BDE80013C0E8E75DF804FB7047000038B50B4B5B
:10BDF800D3F89005D3F89445D3F89835C01800D1F6
:10BE080038BD074D08222946FFF7CCFF042205F16B
:10BE180010012046FFF7C6FFF2E700BF0070FF1FC2
:10BE2800D602002008B51A230B80FFF7DFFF014870
:10BE380008BD00BFD402002008B50A4628B9054944
:10BE48000548FFF7B6FE034808BD02490248FFF758
:10BE5800B0FEF8E7C02F0020A0CB000810B50A46B6
:10BE6800034C21460348FFF7A4FE204610BD00BF3F
:10BE7800C02F0020B8CB000808B50A4628B90549E4
:10BE88000548FFF796FE034808BD02490248FFF738
:10BE980090FEF8E7C02F0020C0CB000808B50A467E
:10BEA80028B905490548FFF784FE034808BD02493B
:10BEB8000248FFF77EFEF8E7C02F0020D0CB00082D
:10BEC800032805D8DFE800F00504020501207047C3
:10BED8000320704708B5F6F74DFB08BD10B596B0BE
:10BEE80004465422002101A800F04EFC2268114BA0
:10BEF8009A4201D016B010BD4FF40053019301A827
:10BF0800FCF7AEF890B90C4B9A6D42F400029A65B2
:10BF18009B6D03F400030093009B0022114614203C
:10BF2800F8F7D0FF1420F8F7DDFFE3E7F6F720FB7A
:10BF3800E9E700BF005C00400010024008B500F5CA
:10BF48002671D0F8D802FFF7CDF908BD08B501EB86
:10BF5800810300EBC303D3F86421D0F8D802FFF7BC
:10BF6800EDF908BD08B501EB810300EBC3035A6A7C
:10BF7800D0F8D802FFF71EFA08BD08B5D0F8D802E5
:10BF8800FFF7BEFA08BD10B504464379022B09D164
:10BF98000121D4F8D802FFF799FAD4F8D802FFF7AC
:10BFA80068FA10BDF6F7E4FAF2E7000010B50446A7
:10BFB800D0F8D802FFF78DFA637A23B1024A1369E1
:10BFC80043F00603136110BD00ED00E010B5044610
:10BFD800437A23B9D4F8D802FFF785FA10BD044A8A
:10BFE800136923F006031361FFF774FFF2E700BF3C
:10BFF80000ED00E010B504461E48C0F8D842C4F869
:10C00800C4021D4B03600823037102234371C371EB
:10C018000023037243728372C372FAF7E9FB30BBE1
:10C02800182300221146D4F8C402FBF737FB582323
:10C0380000228021D4F8C402FBF730FBC023002281
:10C048008121D4F8C402FBF729FB4FF4887300223E
:10C058000121D4F8C402FBF721FB4FF480730022BE
:10C068008221D4F8C402FBF719FB002010BDF6F7B3
:10C078007FFAD5E7E0330020005C004008B5D0F82F
:10C08800C402FAF710FCFFF71BFF08BD08B5944679
:10C098001A466346D0F8C402FBF7C3F9FFF710FF4E
:10C0A80008BD08B5D0F8C402FBF7FEF9FFF708FF92
:10C0B80008BD08B5D0F8C402FBF778FAFFF700FF0F
:10C0C80008BD08B5D0F8C402FBF7A9FAFFF7F8FED7
:10C0D80008BDD0F8C43211F0800F08D101F07F01FB
:10C0E80001EB810103EBC10393F85201704701F0A2
:10C0F8007F0101EB810103EBC103987C704708B510
:10C10800D0F8C402FBF7A1F8FFF7DAFE08BD08B5BE
:10C11800D0F8C402FBF724FAFFF7D2FE08BD08B531
:10C12800D0F8C402FBF7F6F9FFF7CAFE08BD08B558
:10C13800D0F8C402FBF70BFA08BD000010B504469E
:10C1480011B101290FD010BD437A23B9D4F8D80210
:10C15800FFF7C9F9F7E7FFF7BDFE094A136923F0AE
:10C1680006031361F2E7D0F8D802FFF7B2F9637A51
:10C17800002BE8D0024A136943F006031361E2E793
:10C1880000ED00E000487047C03100207047000013
:10C1980008B5044B1860044B1960044800F013FA02
:10C1A80008BD00BFD0370020CC370020BC360020A7
:10C1B800024B1860024B1960704700BFC837002057
:10C1C800C437002008B5034B1B6813B1024A106836
:10C1D800984708BDC8370020C437002008B500F0CC
:10C1E800A1F908BD70B59DF81050059C5CB305F128
:10C1F8000806BDF818C0664527D86BB14FF0AA0CE1
:10C2080084F800C04FF0550C84F801C0A070E170AC
:10C2180022716571002208E0002DEFD0002610E0A1
:10C22800911D985C60540132D2B2AA42F8D3291DFC
:10C23800A01C00F0ABF9AB1DE0540735C0F3072094
:10C248006055304670BD0026FBE70026F9E7000080
:10C2580010B5C6B040F20714029404AC01949DF8DE
:10C2680020410094FFF7BEFF50B10146064B1B6802
:10C2780043B1064A126804A89847012046B010BD89
:10C288000020FBE70020F9E7D0370020CC3700205A
:10C2980000B5C3B0014601AA054800F0A0F910B9DD
:10C2A80043B05DF804FB01A800F01CF90120F7E792
:10C2B800BC360020F8B578B10E460746002425465E
:10C2C80006E0385DFFF7E4FF0544EDB20134A4B29F
:10C2D800B442F6D32846F8BD0025FBE700B583B085
:10C2E8000023064A1370064A1370007800939122BF
:10C2F8000221FFF7ADFF03B05DF804FB18380020FA
:10C30800D437002000B585B0FF238DF80C3000230A
:10C318008DF80D308DF80E2000780323009303ABC1
:10C328000A460621FFF794FF05B05DF804FB0000FC
:10C33800F0B5C3B00646C4781C4BA3FB042303F036
:10C34800FE0202EB5303E41A14F0FF0419D1254648
:10C35800F378AB4220D973191F79384600F0DAF91F
:10C36800A0B143681888611CC9B202AA1755A31C5A
:10C37800DBB2070A57540334E4B2D0540335EDB2A4
:10C38800E6E704228121FFF7BDFF0CE001228121AD
:10C398003046FFF7B7FF06E0009402AB8122022186
:10C3A8003078FFF755FF43B0F0BD00BFABAAAAAA8B
:10C3B80070B582B00546C4781F4BA3FB042303F075
:10C3C800FE0202EB5303E41A14F0FF0416D1EB78D3
:10C3D800A34224D92B19621C2A441179A21C2A448D
:10C3E800127942EA0126187900F094F958B1027AD4
:10C3F8007AB143681E800334E4B2E8E7042282215C
:10C40800FFF780FF16E0012282212846FFF77AFF16
:10C4180010E0052282212846FFF774FF0AE0FFF7A3
:10C42800D1FE2B4613F8040BEA78009282220221EF
:10C43800FFF70EFF02B070BDABAAAAAA30B583B051
:10C448000546C278234BA3FB021303F0FE0404EB5A
:10C458005304141B14F0FF041BD1C22A19D81E4B15
:10C46800012119701D4B00211970CAB1EB78A34244
:10C478001CD92B19187900F04DF9F8B1174A13781F
:10C48800591C11702A191179154AD1540334E4B290
:10C49800ECE7042290212846FFF734FF03B030BDB3
:10C4A80040210F4800F050F90C4B187000230093FE
:10C4B800902202212878FFF7CBFEEFE70023064AF7
:10C4C8001370064A1370012290212846FFF71AFFBD
:10C4D800E4E700BFABAAAAAA18380020D437002086
:10C4E800D837002008B581784B1E102B16D8DFE806
:10C4F80003F0090C15151515151515151515151530
:10C50800150F1200FFF714FF08BDFFF751FFFBE7F7
:10C51800FFF794FFF8E7FFF7E1FEF5E70222FFF7E0
:10C52800F1FEF1E7164B1B7823B170B5C2B00024B9
:10C53800254602E070470134E4B2124B1B78A3424F
:10C5480014D9114B1E5D304600F0E4F80028F2D0F3
:10C5580043681888691CC9B202AA5655AB1CDBB2DD
:10C56800060A56540335EDB2D054E4E7009502AB01
:10C57800152200210846FFF76BFE42B070BD00BFD0
:10C5880018380020D4370020D837002084464FF6CA
:10C59800FF700B46013989B2A3B11CF8013B80EA50
:10C5A8000320002303E0400080B20133DBB2072BF5
:10C5B800EFD810F4004FF6D041F2210282EA400091
:10C5C80080B2F2E7704748B100220270A0F8042157
:10C5D800A0F8062142708270C2700271704770B56F
:10C5E800C2B0002800F0848016460446002A00F0F5
:10C5F80083800578082D77D8DFE805F0050B131838
:10C608001D222D3C4200AA2914BF002101210170DE
:10C618006FE0552903D000232370002569E0022329
:10C62800FAE7417003230370002562E08170042358
:10C63800037000255DE0C17005230370002558E0F4
:10C6480001710023A0F8043119B9072323700025CC
:10C658004FE00623FAE7B0F80421531C9BB2A0F878
:10C668000431024451710279934247D3072303707E
:10C6780000253EE0A0F8061108230370002538E0E5
:10C68800B0F8063143EA0123A0F8063143788DF863
:10C69800043083788DF80530C3788DF80630037937
:10C6A8008DF8073000232179994207D91A1DE1181E
:10C6B800487901A988540133DBB2F4E7043101A8B1
:10C6C800FFF764FFB4F8063183420CBF012500254B
:10C6D80003D02046FFF777FF0BE040F20312611CFE
:10C6E800304600F07FF8F4E7FFF76DFF002500E023
:10C6F8000025284642B070BD0025FAE70025F8E776
:10C70800024B1860024B1960704700BF20380020A8
:10C718001C3800208446002300E00133084A1268D0
:10C728009A420AD903EB43020649096801EB8200E1
:10C7380011F822206245F0D100E00020704700BFC8
:10C748001C380020203800200D4B1B68994228BF58
:10C75800194688B100B58646002308E003EB430C70
:10C76800084A126812F82C200EF8032001338B4275
:10C77800F4D308465DF804FB00210846704700BF63
:10C788001C3800202038002002440346934200D180
:10C79800704703F8011BF9E770B50D4D0D4C641B8C
:10C7A800A4100026A64209D10B4D0C4C00F0B8F994
:10C7B800641BA4100026A64205D170BD55F8043BA1
:10C7C80098470136EEE755F8043B98470136F2E7FB
:10C7D800ECCB0008ECCB0008ECCB0008F4CB00084D
:10C7E800704770470A44914200F1FF3300D1704707
:10C7F80010B511F8014B03F8014F9142F9D110BD62
:10C80800024B13B1024800F005B870470000000061
:10C8180029C80008002301461A46184600F014B833
:10C8280038B5074D074C641BA4101CB9BDE8384047
:10C8380000F07CB9013C55F824309847F5E700BF73
:10C84800F4CB0008F8CB00082DE9F047DFF874A016
:10C858000646DAF8000098460F469146FFF7C0FFF3
:10C86800164B1C680CB9164C1C606568DAF8000099
:10C878001F2D05DDFFF7B5FF4FF0FF30BDE8F0874E
:10C888009EB104EB85010122C1F88890D4F8883163
:10C89800AA401343C4F88831022EC1F8088102BFA8
:10C8A800D4F88C311343C4F88C316B1C02356360A7
:10C8B80044F82570FFF795FF0020DFE76039002076
:10C8C8006439002050040020014B1868704700BFED
:10C8D8002803002008B52DED028BB0EE408A00F049
:10C8E8002DF8B4EE488AF1EE10FA0FD6B5EEC08AEC
:10C8F800F1EE10FA0ADCB5EE408AF1EE10FA08D132
:10C90800FFF7E2FF22239FED080A0360BDEC028BCC
:10C9180008BDFFF7D9FFBDEC028B21230360BDE8FA
:10C928000840024800F004B8000080FFE0CB00088F
:10C938009FED010A704700BF0000C07F10EE103A5B
:10C9480033F0004206D19FED667ADFED667A87EE16
:10C95800270A7047002B1A4602DA30EE407AF4E7CD
:10C96800B3F1FF4F02DB30EE000A7047B3F5000F5A
:10C97800B8BFDFED5D7A5D48BEBF60EE277A6FF025
:10C98800180117EE902A4FEAE253C2F31602104438
:10C99800A8BF00217F3B0B4400F4000181F07E51C9
:10C9A800114300EE101A524903EBD05302F10F0065
:10C9B800F7EE007A014030EE670A89BBB5EE400A0F
:10C9C800F1EE10FA0FD1002B00F0878007EE903AB5
:10C9D8009FED480A9FED487AF8EEE77A27EE800A3D
:10C9E800A7EE870A7047DFED456AF6EE007AE0EEBB
:10C9F800667A20EE007A27EE277A13B930EE470AD6
:10CA0800704707EE903ADFED3B6AF8EEE77AA7EE5B
:10CA1800E67A37EE400A9FED387A97EE870A704734
:10CA2800F0EE007A70EE277ADFED355ADFED354A01
:10CA3800354980EE276A1144C2F5571202F5227271
:10CA48000A43002A07EE903A26EE065AF8EEE76AFD
:10CA580025EE057ADFED2D7AE7EE257ADFED2C5A03
:10CA6800E7EE875ADFED2B7AE7EE247ADFED2A4AE4
:10CA7800E7EE874ADFED297AE4EE877A67EE857A72
:10CA8800E5EE877A1ADDB6EE007A20EE077A27EE11
:10CA9800007A77EE877A67EE867A13B937EE677A87
:10CAA800ACE79FED146AE6EE867A37EE677A37EEE2
:10CAB800400ADFED117A96EEA70A704770EE677AA2
:10CAC80067EE867A13B930EE670A70479FED097AE8
:10CAD800E6EEC77A37EEC00AEBE79FED020A704729
:10CAE800000000CC000000000000004C20FB4A00C1
:10CAF800F0FF7F00D1F717378071313FABAAAA3E0C
:10CB08004FD01C3E9788173E305CCFFF298E633E7E
:10CB1800CDCCCC3E25333A3E2549923EABAA2A3F9E
:10CB2800F8B500BFF8BC08BC9E467047F8B500BF12
:10CB3800F8BC08BC9E4670475FF800F0610700200B
:10CB48005FF800F0510500205FF800F0590400205C
:08CB58005FF800F01D0500204C
:10CB600000000000010203040000000000000000BB
:10CB70000102030406070809010002000400060080
:10CB800008000A000C001000200040008000000196
:10CB9000080402040801010101010103070100006A
:10CBA0005546344F56455220504F57455220436FFB
:10CBB0006D506F72740000005546344F5645520058
:10CBC000504F57455220436F6E6669670000000062
:10CBD000504F57455220496E746572666163650017
:04CBE0000000000051
:08CBE400A03EFF7F01000000EC
:08CBEC0009C80008FD01000862
:04CBF400D90100085B
:10CBF800880088000000000000000000000000001D
:10CC08000000000088000000000000000000000094
:10CC1800000000000024F4000A000000E2110020D7
:10CC2800000000000B000000E011002000000000E0
:10CC38000C000000DE110020000000000D000000C4
:10CC4800DC110020000000000E000000DA110020B6
:10CC5800000000000F000000D811002000000000B4
:10CC680010000000D6110020000000001100000094
:10CC7800D41100200100000012000000D211002091
:10CC88000100000014000000D01100200000000086
:10CC980015000000CE110020010000001600000061
:10CCA800CC1100200000000017000000CA1100206D
:10CCB8000000000018000000C8110020000000005B
:10CCC80019000000C6110020000000001A00000032
:10CCD800C4110020000000001B000000C211002049
:10CCE800000000001C000000C0110020000000002F
:10CCF8001D000000BE110020000000001E00000002
:10CD0800BC110020010000001F000000BA11002023
:10CD18000000000020000000B81100200100000001
:10CD280021000000B61100200000000022000000D1
:10CD3800B41100200100000023000000B2110020FF
:10CD48000100000024000000B011002000000000D5
:10CD580025000000AE1100200000000026000000A1
:10CD6800AC1100200000000027000000AA110020DC
:10CD78000100000029000000A811002000000000A8
:10CD88002A000000A6110020000000002B0000006F
:10CD9800A4110020000000000100000010000000A5
:10CDA80009074300020104C032090400000102021D
:10CDB80001000524001001052401000104240202D9
:10CDC8000524060001070582030800100904010074
:10CDD800020A000000070501024000000705810261
:10CDE8004000000009024300020100C032090400AB
:10CDF80000010202010005240010010524010001C0
:10CE08000424020205240600010705820308001015
:10CE180009040100020A00000007050102400000A1
:10CE2800070581024000000009024300020100C01A
:10CE38003209040000010202010005240010010566
:10CE480024010001042402020524060001070582CA
:10CE58000308001009040100020A00000007050188
:10CE68000200020007058102000200000DB100085F
:10CE7800C5B00008D1AF000800000000D7AE000818
:10CE880067AF00083DAF0008000000000000000088
:10CE98000000000019AF00080DAF000825AF00081A
:10CEA80031AF00080A06000200000040010000003F
:10CEB80011BD0008CDBC0008D1BC0008E1BC0008C9
:10CEC800D5BC00081A0300000000000000000000A4
:10CED800000000000000000000000000000000004A
:10CEE8000403090412010002020200408304BB2C5F
:10CEF800000201020301000095BD0008A1BD000861
:10CF080065BE000841BE00082DBE000881BE0008AD
:10CF1800A5BE00080000000030030020000000004B
:10CF280000000000243800208C380020F43800204D
:10CF380000000000000000000000000000000000E9
:10CF480000000000000000000000000000000000D9
:10CF580000000000000000000000000000000000C9
:10CF680000000000000000000000000000000000B9
:10CF780000000000000000000000000000000000A9
:10CF88000000000000000000000000000000000099
:10CF98000000000000000000000000000000000089
:10CFA8000000000000000000000000000000000079
:10CFB8000000000000000000010000000000000068
:10CFC8000E33CDAB34126DE6ECDE05000B0000002D
:10CFD8000000000000000000000000000000000049
:10CFE8000000000000000000000000000000000039
:10CFF8000000000000000000000000000000000029
:10D008000000000000000000000000000000000018
:10D018000000000000000000000000000000000008
:10D0280000000000000000000000000000000000F8
:10D0380000000000000000000000000000000000E8
:04D048005C3900202F
:10D04C002A490B889BB22A4A93614B889BB2136185
:10D05C008B889BB203EBC32003EB40031B13013300
:10D06C009360CB889BB2C3EB03331B130133136068
:10D07C009369012B2DD91E4B9B68012B2DD91C4B71
:10D08C001B68012B2DD91A4B9A691A49086802445E
:10D09C00A2EBD0020A60D208DA611A691649086854
:10D0AC000244A2EBD0020A60D2085A619A68134972
:10D0BC0008680244A2EBD0020A60D208DA601A684F
:10D0CC000F4908680244A2EBD0020A60D2085A60E9
:10D0DC007047134600229A61CDE7054B00229A60F7
:10D0EC00CDE7034B00221A60CDE700BFF00E002005
:10D0FC00B80E0020800E00207C0E0020780E002040
:10D10C00740E002008B50B4B1B889BB2042B06D861
:10D11C00DFE803F0030609050C0000F065FB08BD11
:10D12C0000F05AFBFBE700F063FBF8E700F058FB5C
:10D13C00F5E700BFD80E002038B5794B9B79D8B2F3
:10D14C00784B198889B2784B1B78042B09D8754A0F
:10D15C001288764C256815FA82F222600133724AE5
:10D16C001370714B1B78052B12D06D4B5B7AD3B1BE
:10D17C006B4BDB79BBB16E4B1B68002B13DD684B23
:10D18C009B79DBB2032B29D8DFE803F013487098A6
:10D19C00664A1168674BA3FB0131890800231360B1
:10D1AC00614A1370E1E75E4B01229A7100221A72F8
:10D1BC0038BD5F4B93ED007AB8EEC77A07EE901A44
:10D1CC00F8EE676ADFED5C7A66EEA77AB4EEE77A82
:10D1DC00F1EE10FA0CD5524B01229A71504B9B79FF
:10D1EC00DBB2834240F093804D4B00221A72DFE792
:10D1FC004F4BD3ED007AF8EEE77A9FED507A66EE5E
:10D20C00876AF4EEE67AF1EE10FA03DD444B022263
:10D21C009A71E3E7424B03229A71DFE7444B93ED9B
:10D22C00007AB8EEC77A07EE901AF8EE676ADFED6F
:10D23C00437A66EEA77AB4EEE77AF1EE10FA03DDE4
:10D24C00374B02229A71C9E7394BD3ED007AF8EECD
:10D25C00E77A9FED3B7A66EE876AF4EEE67AF1EEBA
:10D26C0010FABBDD2E4B03229A71B7E7304B93EDCE
:10D27C00007AB8EEC77A07EE901AF8EE676ADFED1F
:10D28C002E7A66EEA77AB4EEE77AF1EE10FA03D5B1
:10D29C00234B01229A71A1E7254BD3ED007AF8EECE
:10D2AC00E77A9FED287A66EE876AF4EEE67AF1EE7D
:10D2BC0010FA93D51A4B03229A718FE71C4B93EDFE
:10D2CC00007AB8EEC77A07EE901AF8EE676ADFEDCF
:10D2DC001A7A66EEA77AB4EEE77AF1EE10FA03D575
:10D2EC000F4B01229A7179E7114BD3ED007AF8EECE
:10D2FC00E77A9FED127A66EE876AF4EEE67AF1EE43
:10D30C0010FA7FF76BAF064B02229A7166E7044C5A
:10D31C00A079074B1A6800F05BFA0123237247E7E8
:10D32C00D80E0020F00E0020500E00204C0E0020D5
:10D33C0004000020CDCCCCCCCDCC4C3F9A99993F5D
:10D34C009A99593F3333933F70B48E498B680B6075
:10D35C008D4883889BB203EBC32203EB420212136A
:10D36C000132C3889BB2C3EB03331B130133C9686F
:10D37C00CB1A86480360036803EB43035900844DC2
:10D38C002B6819440468834E3668A4EB060C614480
:10D39C00814C2160016801EB41010B442B6007EECD
:10D3AC00903AF8EEE77A9FED7D7AF4EEC77AF1EEDB
:10D3BC0010FA02DD40F6FF712960794B1B889BB295
:10D3CC00022B54D06F4B19687348006801441960E4
:10D3DC0074490120087019689B68994205DD694BF6
:10D3EC00996819606F4B00211970664B1B68002BF4
:10D3FC005FDB644B1B689B1A6B4A1360684B1B7A90
:10D40C00002B29D00023694A1360694A1360694ACA
:10D41C001360654A13605E4A13605F4A13605B4A8F
:10D42C0013605C4A13605F4A1370634B1B7883B1C3
:10D43C00624B1A88534B1A83614A12885A83614B88
:10D44C001968614A11601A68584B1A605A4B0022CD
:10D45C001A70534B00221A72514B9B79DBB2032B7F
:10D46C003ED8DFE813F02A005800B7002B01454BDB
:10D47C001B6803EBD373B2EB630FA3DA414B196850
:10D48C004548006801441960464901200870196834
:10D49C005B68994205DD3B4B59681960414B002193
:10D4AC001970384B1B68002BA3DA364B002119601E
:10D4BC009FE7344B002119609BE700233A4A136025
:10D4CC003B4A13603B4A13603F4A1360374A136070
:10D4DC00314A13602E4A13602C4A13602D4A136094
:10D4EC002F4BDB7913B9274B88221A8325490B8BD9
:10D4FC001BB2364A1268C3F5D4434033C2F89C3091
:10D50C00D2F89C305B08C2F8A8304B8B1BB2C2F827
:10D51C001C3270BC7047244C22682448036841F2CA
:10D52C00A36101FB0233224A1168294D05FB01332B
:10D53C00204D296841F2F15606FB013322490B605C
:10D54C0013682B60236813600B6803600D4A4FF45B
:10D55C00E16353830B681B1203EB43031BB213836E
:10D56C00118B09B2938A1BB2994202DD1346928A3F
:10D57C001A83044B1B8B9BB2872BB1D8014B88228F
:10D58C001A83ADE704000020F00E00201C000010F0
:10D59C0000000010180000100C00001000F07F4577
:10D5AC00D80E0020040000102800001010000010FD
:10D5BC002400001020000010880E00200200002023
:10D5CC0000000020840E002014000010F80E002033
:10D5DC006DD3FFFF744C226874490B6842F28C20A7
:10D5EC0000FB0233724A1068724D05FB0033724D1A
:10D5FC00286842F27C1606FB0033704803601368FF
:10D60C002B602368136003680B606D4B1B8B1BB284
:10D61C0046F2DF32934239DC694A138B9BB22033DA
:10D62C001BB21383138B1BB246F2E032934201DD23
:10D63C00634B1A83624B1A8B12B29B8A1BB29A42AF
:10D64C0002DD5F4B9A8A1A835D4B1B8B9BB2872B37
:10D65C0002D85B4B88221A83584B1B681B1203EBB6
:10D66C0043031BB256494B834A8B12B2CB8A1BB273
:10D67C009A4201DDCA8A4A83514B5B8B9BB2872B42
:10D68C003FF62EAF4E4B88225A8329E74C4B1B8B0F
:10D69C001BB246F2E0329342CCDD494A138B9BB26B
:10D6AC00203B1BB21383138B1BB246F2DF32934227
:10D6BC00C0DC434B46F2E0321A83BBE73A4C22689B
:10D6CC003A490B6842F28C2000FB0233384A10684E
:10D6DC00384D05FB0033384D286842F27C1606FBAA
:10D6EC0000333648036013682B60236813600368AB
:10D6FC000B60344B1A68344B1A60314B1B8B1BB2CA
:10D70C00B3F5AA4F3ADA2E4A138B9BB220331BB2D5
:10D71C001383138B1BB2B3F5AA4F03DD13464FF4DF
:10D72C00AA421A83264B1A8B12B29B8A1BB29A42BC
:10D73C0002DD234B9A8A1A83214B1B8B9BB2872BBE
:10D74C0002D81F4B88221A831C4B1B681B1203EB3D
:10D75C0043031BB21A494B834A8B12B2CB8A1BB2BE
:10D76C009A4201DDCA8A4A83154B5B8B9BB2872B8D
:10D77C003FF6B6AE124B88225A83B1E6104B1B8B88
:10D78C001BB2B3F5AA4FCDDD0D4A138B9BB2203BD8
:10D79C001BB21383138B1BB2B3F5AA4FC2DA134619
:10D7AC004FF4AA421A83BDE72800001010000010A5
:10D7BC0024000010FBBBFFFF200000101400001021
:10D7CC00040000201C0000101800001000000000D5
:10D7DC005FF800F00D1400085FF800F0591700080E
:10D7EC005FF800F03D1700085FF800F035160008F0
:08D7FC005FF800F0B51700080A
:040000050800286166
:00000001FF
