:020000040800F2
:1000000000000220ED280008ED2A0008F52A00086B
:10001000F72A0008F92A0008FB2A0008000000005F
:10002000000000000000000000000000FD2A0008A1
:10003000FF2A000800000000012B0008032B000825
:100040006129000861290008612900086129000868
:100050006129000861290008612900086129000858
:100060006129000861290008612900080D2B00089A
:100070001D2B00082D2B00083D2B00084D2B0008E0
:100080006129000861290008612900086129000828
:100090005D2B00086129000861290008612900081A
:1000A000612900086D2B00086129000861290008FA
:1000B00061290008612900086129000861290008F8
:1000C00061290008612900086129000861290008E8
:1000D00061290008612900086129000861290008D8
:1000E00061290008612900086129000861290008C8
:1000F00061290008612900086129000861290008B8
:1001000061290008612900086129000861290008A7
:1001100061290008612900087D2B00088D2B00084B
:100120006129000861290008612900086129000887
:100130006129000861290008612900086129000877
:100140006129000861290008612900086129000867
:100150009D2B000861290008612900086129000819
:100160006129000861290008612900086129000847
:100170006129000861290008612900086129000837
:100180006129000861290008612900086129000827
:1001900061290008000000006129000861290008A9
:1001A0006129000861290008612900086129000807
:1001B00061290008612900086129000861290008F7
:1001C00061290008612900086129000861290008E7
:0801D000612900086129000803
:1001D80010B5054C237833B9044B13B10448AFF379
:1001E80000800123237010BD580E0020000000007D
:1001F80030CC000808B5034B1BB103490348AFF3E3
:10020800008008BD000000005C0E002030CC000813
:1002180081F0004102E000BF83F0004330B54FEAAF
:1002280041044FEA430594EA050F08BF90EA020F1C
:100238001FBF54EA000C55EA020C7FEA645C7FEAAF
:10024800655C00F0E2804FEA5454D4EB5555B8BFD2
:100258006D420CDD2C4480EA020281EA030382EA43
:10026800000083EA010180EA020281EA0303362DD5
:1002780088BF30BD11F0004F4FEA01314FF4801CA8
:100288004CEA113102D0404261EB410113F0004FBA
:100298004FEA03334CEA133302D0524263EB430371
:1002A80094EA050F00F0A780A4F10104D5F1200E0F
:1002B8000DDB02FA0EFC22FA05F2801841F100016A
:1002C80003FA0EF2801843FA05F359410EE0A5F13E
:1002D80020050EF1200E012A03FA0EFC28BF4CF06F
:1002E800020C43FA05F3C01851EBE37101F0004525
:1002F80007D54FF0000EDCF1000C7EEB00006EEB32
:100308000101B1F5801F1BD3B1F5001F0CD34908BB
:100318005FEA30004FEA3C0C04F101044FEA445212
:1003280012F5800F80F09A80BCF1004F08BF5FEA99
:10033800500C50F1000041EB045141EA050130BD79
:100348005FEA4C0C404141EB0101013C28BFB1F58B
:10035800801FE9D291F0000F04BF01460020B1FAD6
:1003680081F308BF2033A3F10B03B3F120020CDAA9
:100378000C3208DD02F1140CC2F10C0201FA0CF087
:1003880021FA02F10CE002F11402D8BFC2F1200CEC
:1003980001FA02F120FA0CFCDCBF41EA0C019040A2
:1003A800E41AA2BF01EB0451294330BD6FEA0404EB
:1003B8001F3C1CDA0C340EDC04F11404C4F12002D6
:1003C80020FA04F001FA02F340EA030021FA04F3E8
:1003D80045EA030130BDC4F10C04C4F1200220FA3F
:1003E80002F001FA04F340EA0300294630BD21FA7D
:1003F80004F0294630BD94F0000F83F4801306BF43
:1004080081F480110134013D4EE77FEA645C18BF36
:100418007FEA655C29D094EA050F08BF90EA020FCD
:1004280005D054EA000C04BF1946104630BD91EAC5
:10043800030F1EBF0021002030BD5FEA545C05D1C8
:100448004000494128BF41F0004130BD14F5800407
:100458003CBF01F5801130BD01F0004545F0FE417B
:1004680041F470014FF0000030BD7FEA645C1ABFB0
:10047800194610467FEA655C1CBF0B46024650EAE7
:10048800013406BF52EA033591EA030F41F4002113
:1004980030BD00BF90F0000F04BF0021704730B599
:1004A8004FF4806404F132044FF000054FF000016E
:1004B80050E700BF90F0000F04BF0021704730B52F
:1004C8004FF4806404F1320410F0004548BF404204
:1004D8004FF000013EE700BF42004FEAE2014FEA59
:1004E80031014FEA02701FBF12F07F4393F07F4F34
:1004F80081F06051704732F07F4208BF704793F037
:100508007F4F04BF41F40021704730B54FF4607449
:1005180001F0004521F000411CE700BF50EA01024C
:1005280008BF704730B54FF000050AE050EA0102F5
:1005380008BF704730B511F0004502D5404261EB65
:1005480041014FF4806404F132045FEA915C3FF4A6
:10055800D8AE4FF003025FEADC0C18BF03325FEA43
:10056800DC0C18BF033202EBDC02C2F1200300FAF4
:1005780003FC20FA02F001FA03FE40EA0E0021FA19
:1005880002F11444BDE600BF70B54FF0FF0C4CF407
:10059800E06C1CEA11541DBF1CEA135594EA0C0FB9
:1005A80095EA0C0F00F0DEF82C4481EA030621EAF4
:1005B8004C5123EA4C5350EA013518BF52EA03352F
:1005C80041F4801143F4801338D0A0FB02CE4FF0E1
:1005D8000005E1FB02E506F00042E0FB03E54FF011
:1005E8000006E1FB03569CF0000F18BF4EF0010E09
:1005F800A4F1FF04B6F5007F64F5407404D25FEA05
:100608004E0E6D4146EB060642EAC62141EA5551B7
:100618004FEAC52040EA5E504FEACE2EB4F1FD0CF9
:1006280088BFBCF5E06F1ED8BEF1004F08BF5FEA77
:10063800500E50F1000041EB045170BD06F0004629
:1006480046EA010140EA020081EA0301B4EB5C04D6
:10065800C2BFD4EB0C0541EA045170BD41F48011CE
:100668004FF0000E013C00F3AB8014F1360FDEBFF3
:10067800002001F0004170BDC4F10004203C35DACF
:100688000C341BDC04F11404C4F1200500FA05F352
:1006980020FA04F001FA05F240EA020001F00042F3
:1006A80021F0004110EBD37021FA04F642EB060169
:1006B8005EEA430E08BF20EAD37070BDC4F10C0493
:1006C800C4F1200500FA04F320FA05F001FA04F257
:1006D80040EA020001F0004110EBD37041F1000143
:1006E8005EEA430E08BF20EAD37070BDC4F120054E
:1006F80000FA05F24EEA020E20FA04F301FA05F2B6
:1007080043EA020321FA04F001F0004121FA04F25D
:1007180020EA020000EBD3705EEA430E08BF20EA2D
:10072800D37070BD94F0000F0FD101F00046400067
:1007380041EB010111F4801F08BF013CF7D041EAE9
:10074800060195F0000F18BF704703F000465200ED
:1007580043EB030313F4801F08BF013DF7D043EABE
:100768000603704794EA0C0F0CEA135518BF95EA74
:100778000C0F0CD050EA410618BF52EA4306D1D1FB
:1007880081EA030101F000414FF0000070BD50EA1A
:10079800410606BF1046194652EA430619D094EAA4
:1007A8000C0F02D150EA013613D195EA0C0F05D18E
:1007B80052EA03361CBF104619460AD181EA0301E2
:1007C80001F0004141F0FE4141F470014FF000009A
:1007D80070BD41F0FE4141F4780170BD70B54FF035
:1007E800FF0C4CF4E06C1CEA11541DBF1CEA1355B5
:1007F80094EA0C0F95EA0C0F00F0A7F8A4EB050497
:1008080081EA030E52EA03354FEA013100F088808D
:100818004FEA03334FF0805545EA131343EA126356
:100828004FEA022245EA111545EA10654FEA00260B
:100838000EF000419D4208BF964244F1FD0404F5C4
:10084800407402D25B084FEA3202B61A65EB030520
:100858005B084FEA32024FF480104FF4002CB6EBDD
:10086800020E75EB030E22BFB61A754640EA0C005D
:100878005B084FEA3202B6EB020E75EB030E22BF9D
:10088800B61A754640EA5C005B084FEA3202B6EBDE
:10089800020E75EB030E22BFB61A754640EA9C009D
:1008A8005B084FEA3202B6EB020E75EB030E22BF6D
:1008B800B61A754640EADC0055EA060E18D04FEA2B
:1008C800051545EA16754FEA06164FEAC30343EACB
:1008D80052734FEAC2025FEA1C1CC0D111F4801F98
:1008E8000BD141EA00014FF000004FF0004CB6E791
:1008F80011F4801F04BF01430020B4F1FD0C88BF30
:10090800BCF5E06F3FF6AFAEB5EB030C04BFB6EB3A
:10091800020C5FEA500C50F1000041EB045170BD2D
:100928000EF0004E4EEA113114EB5C04C2BFD4EB5A
:100938000C0541EA045170BD41F480114FF0000EDE
:10094800013C90E645EA060E8DE60CEA135594EA5A
:100958000C0F08BF95EA0C0F3FF43BAF94EA0C0F5D
:100968000AD150EA01347FF434AF95EA0C0F7FF4D2
:1009780025AF104619462CE795EA0C0F06D152EA26
:1009880003353FF4FDAE1046194622E750EA41060A
:1009980018BF52EA43067FF4C5AE50EA41047FF41B
:1009A8000DAF52EA43057FF4EBAE12E74FEA41027E
:1009B800B2F1E04324BFB3F5001CDCF1FE5C0DD9B5
:1009C80001F0004C4FEAC0024CEA5070B2F1004FFF
:1009D80040EB830008BF20F00100704711F0804F02
:1009E80021D113F13872BCBF01F00040704741F4C7
:1009F80080114FEA5252C2F11802C2F1200C10FACB
:100A08000CF320FA02F018BF40F001004FEAC123AE
:100A18004FEAD32303FA0CFC40EA0C0023FA02F352
:100A28004FEA4303CCE77FEA625307D150EA013328
:100A38001EBF4FF0FE4040F44000704701F00040F8
:100A480040F0FE4040F40000704700BF53B94AB977
:100A5800002908BF00281CBF4FF0FF314FF0FF30BE
:100A680000F06AB9ADF1080C6DE904CE00F006F8A3
:100A7800DDF804E0DDE9022304B070472DE9F04712
:100A8800089D0C46002B4ED194468C458646B2FAFA
:100A980082F262D94AB1C2F12003914020FA03F3ED
:100AA8000CFA02FC194300FA02FE4FEA1C471FFA2F
:100AB8008CF6B1FBF7F44FEA1E4307FB141143EA27
:100AC800014304FB06F199420AD91CEB030304F124
:100AD800FF3080F01281994240F20F81023C63445A
:100AE800591A1FFA8EF3B1FBF7F007FB101143EA0E
:100AF800014300FB06F69E420AD91CEB030300F1F2
:100B0800FF3180F0FC809E4240F2F9806344023855
:100B18009B1B40EA044000211DB1D3400022C5E9D7
:100B28000032BDE8F0878B4205D90DB1C5E9000157
:100B380000210846F5E7B3FA83F1002946D1A3421C
:100B480002D39042C0F0F080861A64EB03030120C0
:100B5800002DE6D0C5E90063E3E7002A40F0908065
:100B6800A1EB0C044FEA1C481FFA8CF70121B4FBD7
:100B7800F8F64FEA1E4308FB164443EA044307FB12
:100B880006F0984208D91CEB030306F1FF3402D2A1
:100B9800984200F2CD8026461C1A1FFA8EF3B4FB49
:100BA800F8F008FB104443EA044300FB07F79F42B0
:100BB80008D91CEB030300F1FF3402D29F4200F274
:100BC800B0802046DB1B40EA0640A5E7C1F12006BD
:100BD8008B4022FA06F71F4320FA06FC04FA01F3B9
:100BE80043EA0C03F44000FA01F8380C4FEA1349C1
:100BF800B4FBF0FE1FFA87FC00FB1E4449EA0444DC
:100C08000EFB0CF9A14502FA01F20AD93C190EF1C2
:100C1800FF3A80F08480A14540F28180AEF1020E57
:100C28003C44A4EB09041FFA83F9B4FBF0F300FB7E
:100C3800134449EA044403FB0CFCA44507D93C19B6
:100C480003F1FF3067D2A44565D9023B3C4443EA2F
:100C58000E40A0FB0293A4EB0C049C42CE469C469B
:100C680051D34ED055B1B8EB0E0364EB0C0404FA23
:100C780006F6CB401E43CC40C5E90064002150E78E
:100C8800C2F1200320FA03F10CFA02FC24FA03F360
:100C980094400C434FEA1C4800FA02FE1FFA8CF7F6
:100CA800B3FBF8F008FB1031230C43EA014300FBC7
:100CB80007F1994208D91CEB030300F1FF362CD247
:100CC80099422AD9023863445B1AA4B2B3FBF8F1FB
:100CD80008FB113344EA034401FB07F3A34208D994
:100CE8001CEB040401F1FF3613D2A34211D90239D7
:100CF8006444E41A41EA004139E70446F0E608464C
:100D080006E7C845AED2B9EB020E63EB070C013813
:100D1800A8E73146EDE7034699E73046D4E7D646DB
:100D28007FE7634402384DE70646234608460FE747
:100D3800023E634430E700BF704700BF08B5002299
:100D48000121024804F0D8FB08BD00BF0004004898
:100D580008B501221146024804F0CEFB08BD00BFC9
:100D68000004004800B587B08DF80F0000238DF807
:100D780017304FF0FF33009301230DF117020DF1E7
:100D88000F01044807F02DFD9DF8170007B05DF826
:100D980004FB00BF4C12002008B5FFF7CFFF062068
:100DA800FFF7E0FFFFF7D4FF08BD000010B5FFF71D
:100DB800C5FF0520FFF7D6FF054CFF20FFF7D2FF40
:100DC80010F0010F01D0013CF7D1FFF7C1FF10BDB2
:100DD800A086010070B504460E461546FFF7E6FFEB
:100DE800FFF7DAFFFFF7AAFF0220FFF7BBFFC4F304
:100DF8000740FFF7B7FFC4F30720FFF7B3FFE0B2E0
:100E0800FFF7B0FF002404E0305DFFF7ABFF0134CB
:100E1800A4B2AC42F8D3FFF79BFF70BD10B50446EF
:100E2800FFF7C4FFFFF7B8FFFFF788FF2020FFF7A1
:100E380099FFC4F30740FFF795FFC4F30720FFF7B6
:100E480091FFE0B2FFF78EFFFFF782FF10BD70B58C
:100E580004460E461546FFF7A9FFFFF76FFF03206C
:100E6800FFF780FFC4F30740FFF77CFFC4F30720B8
:100E7800FFF778FFE0B2FFF775FF002404E0FF20DA
:100E8800FFF770FF30550134AC42F8D3FFF760FF2D
:100E980070BD000010B58CB0002409940A940B941E
:100EA8002022214601A80BF0F3FC36484FF0A0435E
:100EB80003604FF4403343608460C46004610123DD
:100EC80043610422826104774477026280F82440F7
:100ED8004FF4D462C2624FF48062026380F8383003
:100EE8004FF48053C36380F8404003F0D9F80028DA
:100EF80035D10023099309A9224803F029FF0028C6
:100F080030D1214B019306230293032303937F23BC
:100F18000493042305930023069301A9194803F0B9
:100F280069FA10BB194B01930C23029301A91548C8
:100F380003F060FAE0B9164B01931223029301A95A
:100F4800104803F057FAB0B9124B019318230293D3
:100F580001A90C4803F04EFA80B90CB010BD01F09D
:100F68001DFBC6E701F01AFBCBE701F017FBD9E739
:100F780001F014FBDFE701F011FBE5E701F00EFBE0
:100F8800EBE700BF201000200200300404006008D6
:100F98000800900C1000C01000B589B02022002174
:100FA80068460BF075FC1B481B4B03604FF440333D
:100FB800436000238360C36003614361042282614C
:100FC800037743770122026280F82430C362036307
:100FD80080F83830C36380F8403003F061F898B97E
:100FE8000E4B009306230193052302937F2303935B
:100FF80004230493002305936946064803F0FAF98D
:1010080028B909B05DF804FB01F0C8FAE8E701F077
:10101800C5FAF6E7B40F0020000100500010603256
:1010280010B58CB0002409940A940B942022214610
:1010380001A80BF02DFC1F481F4B03604FF44033F1
:1010480043608460C460046144610423836104775D
:1010580044770123036280F82440C462046380F863
:101068003840C46380F8404003F01AF8C8B9002338
:10107800099309A90F4803F06BFEA8B90F4B019318
:1010880006230293052303937F23049304230593E4
:101098000023069301A9074803F0ACF938B90CB04E
:1010A80010BD01F07BFAE2E701F078FAE6E701F01B
:1010B80075FAF4E7480F00200004005002003004DD
:1010C80000B589B02022002168460BF0E1FB1B48DF
:1010D8001B4B03604FF44033436000238360C360BD
:1010E800036143610422826103774377012202622C
:1010F80080F82430C362036380F83830C36380F813
:10110800403002F0CDFF98B90E4B009306230193AF
:10111800072302937F230393042304930023059357
:101128006946064803F066F928B909B05DF804FB7A
:1011380001F034FAE8E701F031FAF6E7DC0E0020B6
:10114800000600501000C09030B5A3B0044600213E
:101158001D911E911F9120912191542208A80BF0F6
:1011680097FB2368B3F1A04F0CD0724A93425BD02F
:10117800714A934200F08B80704A934200F0BA8023
:1011880023B030BD4FF4004308934FF00053199338
:1011980008A806F0E9FF002835D1694A1368013329
:1011A8001360012B32D0674BDA6C42F00102DA642B
:1011B800DB6C03F001030293029B0F231D930323AF
:1011C8001E9300251F951DA94FF0904004F0A4F828
:1011D8005D485E4B0360052343608560C5608023DE
:1011E80003614FF4807343614FF48063836120236C
:1011F800C3614FF40053036203F074FF88B9524B84
:1012080063659C62BCE701F0C9F9C6E74D4BDA6C2F
:1012180042F40052DA64DB6C03F400530193019B3F
:10122800C1E701F0BBF9EAE74FF4004308934FF038
:101238000053199308A806F097FFD0B9404A1368DD
:1012480001331360012B17D03E4BDA6C42F00202D7
:10125800DA64DB6C03F002030493049B04231D93FC
:1012680003231E9300231F931DA9394804F054F843
:1012780086E701F093F9E1E7324BDA6C42F4005269
:10128800DA64DB6C03F400530393039BDCE74FF44D
:10129800803308934FF000431A9308A806F064FFC0
:1012A800D0B92C4A136801331360012B17D0254B92
:1012B800DA6C42F00202DA64DB6C03F00203069394
:1012C800069B02231D9303231E9300231F931DA92E
:1012D8001F4804F021F853E701F060F9E1E7194BE2
:1012E800DA6C42F48042DA64DB6C03F480430593E1
:1012F800059BDCE74FF4803308934FF000431A93C3
:1013080008A806F031FF88B9124A13680133136040
:10131800012B7FF435AF0B4BDA6C42F48042DA6470
:10132800DB6C03F480430793079B29E701F036F948
:10133800EAE700BF0001005000040050000600501A
:10134800780E0020001002407C0E002008000240A9
:1013580000040048740E002000B583B01E4B9A6C40
:1013680042F004029A649A6C02F004020092009A15
:101378009A6C42F001029A649B6C03F0010301939A
:10138800019B002205210B2003F020FE0B2003F017
:101398002DFE002211460C2003F018FE0C2003F04D
:1013A80025FE002205210D2003F010FE0D2003F07C
:1013B8001DFE002205210E2003F008FE0E2003F07A
:1013C80015FE002205210F2003F000FE0F2003F078
:1013D8000DFE03B05DF804FB00100240814203DCFF
:1013E800824203DB00B270470846704710467047D8
:1013F800034B83FB0023A3EBE07000B200027047AD
:101408005655555530B583B0384B1C8B5B8B0191C5
:1014180091B18AB1DDED017AB8EE677A07EE902ACC
:10142800F8EEE77A02283DD003282DD0012808D00D
:101438002F4B00221A7002E02D4B00221A7003B0C5
:1014480030BDC7EE876ADFED2B7A66EEA77AB6EE77
:10145800007A77EE877A254B9A8A12B28821FDEEB8
:10146800E77A17EE900AFFF7B9FF0446FFF7C0FFC7
:101478004FF4E165204B1C80204B1D80204B1860E9
:101488001B4B01221A70DAE7184C608BE28A12B201
:10149800882100B2FFF7A2FF0546248B24B2FFF78C
:1014A800A7FFE7E737EEC77AC7EE276AF5EEC06A07
:1014B800F1EE10FA17D4DFED0F7A66EEA76AF6EEB2
:1014C800007A76EEA76A094CE28A12B28821FDEE0C
:1014D800E67A17EE900AFFF781FF0546248B24B2BF
:1014E800FFF786FFC6E7DFED076AE4E704000020A0
:1014F800C81000200080D446020000200000002010
:10150800C41000200000000008B5354BD3ED077A61
:10151800F8EE677A9FED336A67EE867ADFED326A16
:1015280087EEA67AF2EE0E4A67EE247A2F4AC2EDCB
:10153800007AD3ED057AF8EE677A67EE867AC7EE19
:10154800A65A9FED2B7A77EE657A9FED2A5AC7EE59
:10155800855A294AC2ED005AD3ED037AF8EE677A24
:1015680067EE867AC7EEA65A65EEA47A2349C1EDDE
:10157800007AD3ED017AF8EE677A67EE867A87EE1D
:10158800A66A37EE467AC7EE057A1D4BC3ED007A98
:1015980092ED007ADFED1B7AB4EEE77AF1EE10FAFD
:1015A80002D5134600221A60154B93ED007ADFED41
:1015B800157AB4EEE77AF1EE10FA01D500221A6036
:1015C80001F0AAFB104B83ED000A01F0B3FB0F4BAF
:1015D80083ED000A01F0BCFB0D4B83ED000A08BD4A
:1015E800F8100020E5D0524000F07F45E4100020BC
:1015F8003333D33F295C0F3EDC100020E01000207D
:10160800D81000200AD7A33DD4100020D010002005
:10161800CC100020014B01221A80704718110020BD
:1016280070B5174D0024EC71164E0321304604F0B6
:1016380046FEC021304604F042FEAC71AC80124B2D
:101648001C6088221A839A825A83DA820F4B1C60A4
:101658000F4B1C600F4B1C600F4B1C600F4B1C602A
:101668000F4B104A5A604FF07E529A600E4B0F4A49
:101678001A600F4B0F4A1A600F4B104A1A6070BD60
:101688001811002038110020040000203800001034
:10169800340000103000001024000010200000105A
:1016A800EC1000200000A0402C1100200000A042F7
:1016B800281100200000344224110020000020419D
:1016C80038B5124B0022DA719A711A72104B1A70DF
:1016D800104B1A605A609A6088241C839C825C8331
:1016E800DC820D4D0321284604F0E9FDC02128467F
:1016F80004F0E5FD2B6846F64022C3F89C2043F22F
:101708002052C3F8A820C3F81C4238BD1811002085
:1017180014000010040000203811002008B5FFF75D
:10172800CFFF044B9B889BB213B9024B01221A804E
:1017380008BD00BF1811002008B5FFF7C1FF0E4A09
:10174800138801339BB21380C82B0BD91346C822C8
:101758001A800A4B9B889BB223B9084B5B7ADBB291
:10176800012B00D008BD0023034A1380034A02213D
:101778001180034A1370F5E7B210002018110020F9
:10178800E810002038B5794B1B78012B5DD0022B6F
:1017980079D003B138BD0024754BDC71754D032138
:1017A800284604F08CFDC021284604F088FD724BC1
:1017B80088229A82DA82714A1460714A1460714AE6
:1017C8001460714A1460714A1460714A1480714A35
:1017D8001480714A14805C60704AD2ED016AF2EE9E
:1017E8000E7A86EEA77A9FED6E6AC7EE067ADFED6F
:1017F8006D6A67EEA67AFDEEE77AC3ED027AD2ED5E
:10180800027A9FED697A67EE877A9FED687A37EEFC
:10181800677AC7EE067A67EEA67AFDEEE77AC3ED39
:10182800037ADB68B3F5805F03DB534B40F6FF7246
:10183800DA60514BDB68002B03DB4C4B01221A703A
:10184800A8E74D4B0022DA60F7E7514A13880133C5
:101858009BB21380052B9DD900231380464A88210B
:10186800118391825183D18244490B6044490B60B2
:1018780044490B6044490B6044490B6053603B4B3F
:1018880002221A7086E73A4BDB79002B52D0384B8C
:101898000122DA71384B5A689B689A420ADA364B49
:1018A8005A6804325A605A689B689A4202DD324B81
:1018B8009A685A60374B1A88013292B21A803649B0
:1018C8000B8801339BB20B802B49888AC2EB02122A
:1018D80012FA80F212B28A82CA8AC3EB031313FA8D
:1018E80082F31BB2CB828B8A9BB246F2E0329342E0
:1018F80000D98A82204BDB8A9BB244F21052934271
:1019080001D91D4BDA821C4B9B8A1BB246F2E0328E
:1019180093427FF43FAF184BDB8A1BB244F210525C
:1019280093427FF437AF124B03221A800F4B0022E9
:101938001A702FE7114A1360114A1360114A136095
:10194800114A1360114A13600A4C236846F6402274
:10195800C3F89C20C3F81C22C021204604F093FC45
:101968000321204604F08FFC91E700BFE810002017
:101978001811002038110020040000203800001041
:101988003400001030000010240000102000001067
:10199800B0100020AE100020AC100020EC10002089
:1019A800E5D0524000F07F45295C0F3E3333D33FEA
:1019B80038B5384BD3ED027AF8EE677A9FED366A80
:1019C80067EE867ADFED356A87EEA67AF2EE0E7A52
:1019D80027EE277AD3ED007AF8EE677A67EE867AF3
:1019E80087EEA66ADFED2E7A77EEC67A9FED2D6A2E
:1019F800C7EE866AF2EE047AF4EEE76AF1EE10FAC0
:101A080006DDF6EE007AB4EEE77AF1EE10FA1DD4B0
:101A1800254B9B8813F0200F17D0244A13680133F5
:101A28001360B3F5C87F10DD134600221A60204BFF
:101A38001B780A2B1ED801331D4A13701A4A938843
:101A48009BB223F020039BB2938038BD164C002331
:101A5800E371184D0321284604F015FCC0212846DF
:101A680004F011FCA3889BB243F02003A380042355
:101A78002380CDE70E4B0B221A700B4B0022DA7134
:101A88000C4C0321204604F0FEFBC021204604F044
:101A9800FAFBDAE7F8100020E5D0524000F07F4565
:101AA8003333D33F295C0F3E18110020A8100020C3
:101AB800A61000203811002038B51C4BD3ED027A4F
:101AC800F8EE677A9FED1A7A67EE877ADFED196A82
:101AD80087EEA67AF2EE0E7A67EE277A164B93ED2A
:101AE800007AB4EEE77AF1EE10FA1BD8134A13889D
:101AF80001339BB21380022B17D900231380104C9B
:101B0800E371104D0321284604F0D9FBC021284673
:101B180004F0D5FBA3889BB243F00803A3800423F9
:101B2800238002E0054B00221A8038BDF8100020FF
:101B3800E5D0524000F07F4528110020A410002075
:101B4800181100203811002038B5384BD3ED007A31
:101B5800F8EE677A9FED367A67EE877ADFED356AB9
:101B680087EEA67ADFED347A77EEC77ADFED336A4F
:101B780087EEA67A324BD3ED007AF4EEC77AF1EE0F
:101B880010FA04D82F4B1B889BB2032B21D02E4B65
:101B980000221A802B4B9B8813F0100F18D02B4A69
:101BA800138801339BB21380B3F5C87F10D913464D
:101BB80000221A80264A138801339BB213800A2B0D
:101BC80023D8204A93889BB223F010039BB29380BA
:101BD80038BD1D4A138801339BB213800A2BD9D90B
:101BE80000231380174CE3711A4D0321284604F093
:101BF80066FBC021284604F062FBA3889BB243F031
:101C08001003A38004232380C4E713460B221A8001
:101C18000C4B0022DA710F4C0321204604F04FFBD5
:101C2800C021204604F04BFBD2E700BFF81000208B
:101C3800E5D0524000F07F453333D33F295C0F3E57
:101C48002411002018110020A2100020A01000204C
:101C58009E1000203811002010B5044602F0D8F973
:101C68002CB1042C0CD95F2C0BD95F2409E000237C
:101C7800184A1370184A1360184A1268D3631BE095
:101C88000524144B1B7833B9124B01221A7000F546
:101C98009673114A1360104B1B681B1A002B0CDC3F
:101CA80004EB840462000D4BDB68B3EB440F00D3F4
:101CB80013460A4A1268D36310BD084BDB6840F22A
:101CC800B532934201D940F2B633044A1268D3635D
:101CD800F2E700BF901000208C10002000130020B5
:101CE80038B52DED028B01F017F8B0EE408A01F0FF
:101CF80021F8154BD3ED007AF4EEC87AF1EE10FA1C
:101D080006D9D3ED007AF4EEC07AF1EE10FA17D8BE
:101D18000E4C012323800023E3710D4D0321284637
:101D280004F0CDFAC021284604F0C9FAA3889BB272
:101D380043F04003A380042323805F20FFF78CFF38
:101D4800BDEC028B38BD00BF2C11002018110020FB
:101D58003811002010EE103A0360704730B58DB08E
:101D680001220BA90020FFF772F89DF82C300BB95F
:101D78000DB030BD0020FFF751F800248DF8144055
:101D8800264D95ED010A6846FFF7E4FF95ED020A36
:101D980001A8FFF7DFFF224B93ED000A02A8FFF727
:101DA800D9FF204B93ED000A03A8FFF7D3FF1E4B82
:101DB80093ED000A04A8FFF7CDFF234626E0581C40
:101DC80003F130026A4412F8304C03F131016944DE
:101DD80001F81C4C12F82C4C03F13501694401F848
:101DE8001C4C12F8284C03F13901694401F81C4CC9
:101DF80012F8244C03F13D01694401F81C4C12F817
:101E0800202C41336B4403F81C2CC3B2032BD6D9C6
:101E1800152205A90020FEF7DDFFA9E7EC10002038
:101E28002C1100202411002028110020324B93EDA2
:101E3800007AF7EE007AB4EE677AF1EE10FA00D085
:101E4800704730B58DB00020FEF7E8FF00248DF80C
:101E58001840294D95ED010A01A8FFF77BFF95ED84
:101E6800020A02A8FFF776FF244B93ED000A03A8A5
:101E7800FFF770FF224B93ED000A04A8FFF76AFFF3
:101E8800204B93ED000A05A8FFF764FF234626E0E0
:101E9800581C03F130026A4412F82C4C03F131014A
:101EA800694401F8184C12F8284C03F135016944CB
:101EB80001F8184C12F8244C03F13901694401F86F
:101EC800184C12F8204C03F13D01694401F8184CF4
:101ED80012F81C2C41336B4403F8182CC3B2032BA3
:101EE800D6D9152206A90020FEF774FF024B00225E
:101EF8001A600DB030BD00BFEC1000202C1100207E
:101F08002411002028110020036800EE103A7047C1
:101F180000B52DED048B8BB014220DEB02010120CE
:101F2800FEF795FF002325E003F128020DEB0201DF
:101F380011F8142C01F8182C03F12C026A4412F839
:101F4800142C01F81C2C03F130026A4412F8142CEA
:101F580001F8202C03F134026A4412F8142C01F819
:101F6800242C03F138026A4412F8142C01F8282CA6
:101F78000133DBB2032BD7D904A8FFF7C5FFF0EE76
:101F8800408A03A8FFF7C0FFB0EE408A02A8FFF717
:101F9800BBFFF0EE409A01A8FFF7B6FFB0EE409AFB
:101FA8006846FFF7B1FFF0EE407AF4EE688AF1EE8A
:101FB80010FA0ED1F5EEC08AF1EE10FA09DD9FEDA8
:101FC800327AF4EEC78AF1EE10FA02D82F4BC3ED3D
:101FD800018AB4EE488AF1EE10FA0ED1B5EEC08A45
:101FE800F1EE10FA09DB9FED2A7AB4EEC78AF1EE1A
:101FF80010FA02D8254B83ED028AF4EE699AF1EEC5
:1020080010FA10D1B2EE047AF4EEC79AF1EE10FA93
:1020180009DB9FED207AF4EEC79AF1EE10FA02D8A8
:102028001D4BC3ED009AB4EE499AF1EE10FA10D1A7
:102038009FED1A7AB4EEC79AF1EE10FA09DB9FED1C
:10204800147AB4EEC79AF1EE10FA02D8144B83ED65
:10205800009AF4EE677AF1EE10FA10D1B7EE007A32
:10206800F4EEC77AF1EE10FA09DB9FED077AF4EE89
:10207800C77AF1EE10FA02D80A4BC3ED007A0BB01A
:10208800BDEC048B5DF804FB0000C842EC10002096
:1020980000004842000016432C110020CDCCCC3D56
:1020A800241100202811002030B589B000240394A1
:1020B8000494059406940794174BDA6C42F02002B6
:1020C800DA64DA6C02F020020092009ADA6C42F0CC
:1020D8000102DA64DA6C02F001020192019ADA6C08
:1020E80042F00202DA64DB6C03F002030293029B03
:1020F8000A4D224643F62101284603F0FDF943F62E
:1021080021030393012304930594069403A9284605
:1021180003F002F909B030BD001002400004004885
:1021280002680E4B9A4200D0704700B583B003F5A1
:1021380028431A6E42F080621A661B6E03F08063B1
:102148000193019B00220121442002F03FFF44201B
:1021580002F04CFF03B05DF804FB00BF00680140CB
:1021680070B588B0002303930493059306930793EF
:1021780002681A4B9A4201D008B070BD03F5284393
:10218800DA6C42F00202DA64DA6C02F002020192BE
:10219800019ADA6C42F00102DA64DB6C03F00103A5
:1021A8000293029B4FF440430393022604960325AF
:1021B80006950D24079403A9094803F0ADF84FF4D8
:1021C800407303930496002305930695079403A987
:1021D8004FF0904003F0A0F8CEE700BF0068014040
:1021E8000004004810B5BAB00024389439943494E7
:1021F8003594369437942D942E942F9430943194AA
:10220800329433946022214615A80AF041FB1294B7
:1022180013941494242221460DEB02000AF038FB93
:102228002022214601A80AF033FBA548A54B0360EC
:102238004460846003F098FB002840F002810C2180
:102248009F4803F0FDFB002840F0FE800A219C48CF
:1022580003F02FFC002840F0FA804FF480333893C5
:102268004FF40063399338AA0121954803F05CFCC8
:10227800002840F0EF8000220121914803F08DFDF5
:10228800002840F0EA8046F6402334930021359137
:1022980036910823379334AA894803F02CFC002888
:1022A80040F0DE8000212D912F91309133912DAA9D
:1022B800834803F07DFE002840F0D5801023159355
:1022C8000021169117911891012319931A911B91C6
:1022D8001C911D911E914FF000631F932091219135
:1022E8004FF000532293239124914FF000432593FC
:1022F8004FF480732693279129912A912B912C9141
:1023080015AA6F4803F00EFE002840F0AF800023A6
:102318001593279315AA0321694803F003FE0028A3
:1023280040F0A78043F22053129312AB0122002100
:10233800634803F0ABFE002840F09E8012AB0422F5
:1023480000215F4803F0A2FE002840F0988045F283
:10235800E47312934FF4805313930021149112AB3A
:102368000822574803F092FE002840F08B80002195
:10237800099164230A930B914FF400420C924FF495
:1023880080420D920E930F914FF0004310934FF03F
:102398008043119309AA4A4803F026FE002874D105
:1023A80009AA0321464803F01FFE002870D1002126
:1023B8000191042302930823039304910591069144
:1023C8000791089101AB01223D4803F040FF002826
:1023D80061D101AB40220321394803F038FF0028BE
:1023E8005CD100210291039101AB0222344803F031
:1023F8002EFF002855D101AB80220321304803F07D
:1024080026FF002850D134AA03212D4803F073FB7E
:1024180000284CD12DAA0321294803F0C9FD002822
:1024280048D14FF48873129312AB01220321244838
:1024380003F02CFE002840D12148FFF791FE3AB066
:1024480010BD00F0ABF8FAE600F0A8F8FEE600F0E0
:10245800A5F802E700F0A2F80DE700F09FF812E7F0
:1024680000F09CF81EE700F099F827E700F096F8CE
:102478004DE700F093F855E700F090F85EE700F0BC
:102488008DF864E700F08AF871E700F087F887E7CD
:1024980000F084F88BE700F081F89AE700F07EF806
:1024A8009FE700F07BF8A6E700F078F8ABE700F0CC
:1024B80075F8AFE700F072F8B3E700F06FF8BBE724
:1024C800381100200068014008B50848084B03602F
:1024D800032343604FF47A73C360836004F044F9C4
:1024E80000B908BD00F05AF8FBE700BF341200201D
:1024F8000030004010B504460268204B9A4208D0CC
:1025080022681F4B9A421AD022681E4B9A4231D039
:1025180010BD1D4A13889BB201339BB213801B4A1E
:1025280013889BB201339BB21380194A13889BB25C
:1025380001339BB21380174804F04CF9E0E70AF026
:1025480087FBFFF735FAFFF7CBFBFFF7B5FAFFF785
:10255800FBFA0AF079FB0AF073FB0F4A1378013390
:10256800DBB21370032BCFD9134600221A7001F087
:10257800FBFAC9E7FEF7C8FFCAE700BF0010004032
:1025880000140040004401404A1200204812002074
:1025980046120020341200204412002072B6FEE7D2
:1025A80000B595B03822002106A80AF071F900207C
:1025B8000190029003900490059005F025F92923D5
:1025C80006934FF48033079301230B930C93022354
:1025D8000D9303220E9205220F924422109211931A
:1025E80008221292139306A805F0C8F990B90F2390
:1025F8000193032302930023039304930593042177
:102608000DEB010005F070FC30B905F093FD15B035
:102618005DF804FBFFF7C2FFFFF7C0FF08B501F044
:10262800DBFCFFF7BDFFFFF73FFDFEF795FEFEF76A
:1026380031FCFEF745FDFFF7D5FD00F0F9F800F095
:10264800DBFC01F037FB01F069FBFEF7A5FCFEF7A8
:10265800E7FC09F091FB00F0D1FB00F0F9FB00F07A
:1026680021FCFFF731FF374B00221A80082136483A
:1026780006F0B4FE5F20FFF7EFFA344806F09AFB45
:10268800334806F097FB334806F094FB00F088F9CE
:1026980000F09CF8FEF7C4FFFFF760FBFFF738FC7B
:1026A80001F0C8F9012220212B4802F025FF6420FF
:1026B80001F0B4FC294E7F21304602F0FBFA284D88
:1026C8007F21284602F0F6FA264C7F21204602F0A8
:1026D800F1FA04222449304602F002FA284602F0B0
:1026E80065F9224802F062F9204602F05FF9204CB1
:1026F8004FF40031204603F0FEFD4FF480112046D0
:1027080003F0F9FD2268D2F88C3043F01003C2F8C8
:102718008C3001E001F0E4F9164B1B889BB2312B99
:10272800F8D9144B00221A8000F04AF9124B1B8882
:102738009BB2B3F5FA7FEDD30F4B00221A80FFF757
:1027480075FBE7E7181100200013002098130020FC
:102758004C130020B4120020000400482010002070
:10276800B40F0020DC0E002030110020480F00209C
:1027780038110020461200204A1200200230104B67
:1027880083FB00C2A2EBE072100283FB01C3A3EB40
:10279800E1731BB21B02B3EB022F00DA0346094AAE
:1027A80012689A4201DD074A1360064B1B68834290
:1027B80001DA044B1860034B1A68034B1A60704720
:1027C80056555555240000102000001000230C4ACF
:1027D80013600C4A13600C4A13600C4A13600C4ACD
:1027E80013600C4A13600C4A13600C4A13600C4ABD
:1027F80013600C4A13700C4A13600C4A137070472C
:1028080038000010340000103000001024000010C0
:10281800200000101C000010180000102C000010F0
:102828002800001014000010100000100C00001008
:1028380008B51048104B03604FF4827343600023BF
:1028480083604FF4E062C260036143614FF4007239
:1028580082611822C2610362436283620722C262F4
:1028680003630823436305F048FF00B908BDFFF779
:1028780095FEFBE74C1200200030014000B589B0FE
:102888000023039304930593069307930268144B5C
:102898009A4202D009B05DF804FB03F560431A6E52
:1028A80042F480521A661A6E02F480520192019A1A
:1028B800DA6C42F00102DA64DB6C03F00103029384
:1028C800029BE02303930223049303230693052327
:1028D800079303A94FF0904002F01EFDDAE700BF0E
:1028E800003001401348854600F05EF9124813494C
:1028F800134A002302E0D458C4500433C4188C424D
:10290800F9D3104A104C002301E013600432A242AC
:10291800FBD30E480E490F4A002302E0D458C45096
:102928000433C4188C42F9D309F0BAFFFFF776FED6
:10293800FEE70000000002200000002054040020F0
:1029480000CD0008580E0020343D00205804002017
:10295800580E002054D10008FEE7B0FBF1F000F05B
:102968000100704710B582B001900C4C9DF804200E
:102978004FF40061204602F0BFFD9DF805204FF49A
:102988008051204602F0B8FD9DF806204FF4005112
:10299800204602F0B1FD02B010BD00BF000400489F
:1029A80000B583B000238DF8043001228DF805208E
:1029B8008DF806300198FFF7D5FF03B05DF804FBEA
:1029C80030B589B001F024FB04464FF4FA71FFF7E3
:1029D800C4FF054664212046FFF7BFFF324B9B88A2
:1029E8009BB26BB9304B1B889BB2042B08D02E4B83
:1029F8001B889BB2032B4BD8DFE803F00E1A333E3B
:102A08008DF8040000238DF805308DF80630019804
:102A1800FFF7A8FF09B030BD00238DF80830012268
:102A28008DF809208DF80A300298FFF79BFFF1E72F
:102A38001D4B5B7A53B100238DF818308DF81900BF
:102A48008DF81A300698FFF78DFFE3E700238DF81D
:102A58001C308DF81D508DF81E300798FFF782FF47
:102A6800D8E700238DF80C308DF80D008DF80E0096
:102A78000398FFF777FFCDE700238DF810308DF826
:102A8800113001238DF812300498FFF76BFFC1E76E
:102A98008DF8140000238DF815308DF81630059840
:102AA800FFF760FFB6E700BF1811002000B583B03C
:102AB8000B4B1A6E42F001021A661A6E02F00102FE
:102AC8000092009A9A6D42F080529A659B6D03F0CD
:102AD80080530193019B04F01DFF03B05DF804FBD4
:102AE8000010024008B505F02FFBFEE7FEE7FEE701
:102AF800FEE7FEE770477047704708B501F07CFABB
:102B080008BD000008B5024802F0A4FB08BD00BFDC
:102B18007C0E002008B5024802F09CFB08BD00BFEF
:102B2800E01C002008B5024802F094FB08BD00BF75
:102B3800801C002008B5024802F08CFB08BD00BFCD
:102B4800A01D002008B5024802F084FB08BD00BFA4
:102B5800401D002008B5024804F00EFC08BD00BF67
:102B68002036002008B5024806F072F908BD00BFFB
:102B7800B412002008B5024806F06AF908BD00BF83
:102B88009813002008B5024806F062F908BD00BF96
:102B98004C13002008B50AF05FF80021014803F043
:102BA800D5FD08BD38110020034AD2F8883043F417
:102BB8007003C2F88830704700ED00E020EE800A0C
:102BC800F7EE007A77EEE00A044BD3ED007A60EE78
:102BD800A70A30EE200A83ED000A7047B0120020E1
:102BE800F8B540F6FE73984202D99FED470AF8BD42
:102BF800C0F57F600F3007EE900AF8EE677A17EE9F
:102C0800900AFDF769FC34A3D3E90023FDF7BCFC67
:102C180033A3D3E90023FDF7E1FDFDF7C7FEFDF778
:102C28005BFC06460F4630A3D3E90023FDF7ACFC56
:102C380004460D4632463B4627A1D1E90001FDF77F
:102C4800EBFA02460B4620462946FDF7C7FDFDF77D
:102C5800ADFE00EE100AF2EE047A80EE270A09F0C3
:102C6800BDFE10EE100AFDF737FC21A3D3E90023BF
:102C7800FDF7B4FD20A3D3E90023FDF7CFFA024600
:102C88000B4600202149FDF7A9FDFDF78FFEFDF752
:102C980023FC1BA3D3E90023FDF7BEFAFDF786FE4C
:102CA80000EE100ADFED187AB4EEE70AF1EE10FA3A
:102CB80009D4DFED177AB4EEE70AF1EE10FA04DD75
:102CC8009FED130A01E09FED100ADFED120AFFF7EE
:102CD80075FF8CE7AFF300806666666666660A4035
:102CE8000000000000FEAF403333333333331B4062
:102CF800000000000068AA40000000E0E1796B3F96
:102D08006666666666127140000020C20000F03FE9
:102D18000000F042CDCCCC3D10B5054C204601F06A
:102D280045FE204601F00AFBFFF75AFF10BD00BF21
:102D3800B40F002010B5054C204601F037FE2046A0
:102D480001F0FCFAFFF74CFF10BD00BF480F002050
:102D58002DE9F041244E304601F028FEDFF8988036
:102D6800B8F8CA309BB2B8F8A82092B29B1A07EEFE
:102D7800903AF8EEE77A9FED1D7AC7EE277A17EEBC
:102D8800900AFDF7A9FB04460D46304601F0D6FA35
:102D9800FDF780FB12A3D3E90023FDF7F5FB0646F8
:102DA8000F46B8F8A80080B2FDF784FB02460B4630
:102DB80030463946FDF730FA02460B46204629468A
:102DC800FDF7E2FB00220A4BFDF728FAFDF7EEFDBE
:102DD800DFED080A00EE100AFFF7F0FEBDE8F0810B
:102DE800999999999999F13FDC0E00200000C84201
:102DF80000003E40CDCCCC3D0075FF1F00B585B02E
:102E080000230193029303930F48104A0260A922FA
:102E18004260836040F2E733C3608023836106F039
:102E280081F950B900230193039301A9064806F0DC
:102E380093FB28B905B05DF804FBFFF7AFFBF1E79A
:102E4800FFF7ACFBF6E700BF981300200010004026
:102E580000B585B000230193029303930F48104AED
:102E68000260A9224260836041F28733C3608023F5
:102E7800836106F057F950B900230193039301A920
:102E8800064806F069FB28B905B05DF804FBFFF7B2
:102E980085FBF1E7FFF782FBF6E700BF4C13002044
:102EA8000014004008B50A480A4B0360A923436090
:102EB8000023836042F20F72C26003614361802382
:102EC800836106F02FF900B908BDFFF767FBFBE740
:102ED800B41200200044014000B585B00368224ABE
:102EE800934208D0214A934218D0214A934228D0CD
:102EF80005B05DF804FB1F4B9A6D42F010029A650D
:102F08009B6D03F010030193019B002203213620DF
:102F180002F05CF8362002F069F8E9E7154B9A6D83
:102F280042F020029A659B6D03F020030293029BF6
:102F380000220221372002F049F8372002F056F823
:102F4800D6E70C4B1A6E42F400321A661B6E03F475
:102F580000330393039B00220321192002F036F863
:102F6800192002F043F8C3E70010004000140040A5
:102F780000440140001002400268094B9A4200D008
:102F8800704782B003F55C431A6E42F400521A6629
:102F98001B6E03F400530193019B02B0704700BFFE
:102FA8000034014000B587B00023019302930393D6
:102FB8000493059302680E4B9A4202D007B05DF85D
:102FC80004FB03F55C43DA6C42F00202DA64DB6C62
:102FD80003F002030093009B4FF400730193022354
:102FE80002930A23059301A9024802F095F9E5E73F
:102FF800003401400004004810B598B0002415942E
:10300800169417940E940F94109411941294139488
:1030180014943422214601A809F03AFC29482A4B85
:103028000360A9234360846040F2E733C36004610E
:1030380044618023836106F0A5F8002836D1002377
:1030480015931693179315A91E4806F085FA0028BC
:103058002FD160230E934FF4FA730F93002310932C
:10306800119312931393149308220EA9154806F08E
:1030780009F908BB00230193029303930493059372
:103088004FF4005206920793089309934FF0007289
:103098000A920B930C930D9301A90A4806F0B2FA11
:1030A80068B90848FFF77EFF18B010BDFFF776FA39
:1030B800C5E7FFF773FACCE7FFF770FADAE7FFF72F
:1030C8006DFAEEE70013002000340140022070473B
:1030D80010B50446FFF7FAFFA04214BF00200120F4
:1030E80010BD000010B50446FFF7F2FF58B1022CDE
:1030F8000BD84FF4067303FB04F000F50470044B7F
:103108001844043010BD0020FCE70020FAE700BF97
:1031180024140020B0F5803F01D280B270474FF6EA
:10312800FF707047B5EEC00AF1EE10FA0FD908B576
:10313800DFED087A20EE270AF6EE007A30EE270A4D
:10314800FCEEC07A17EE900AFFF7E4FF08BD0020F6
:10315800704700BF00007A44B5EEC00AF1EE10FADD
:1031680011DBDFED107A20EE270AF6EE007A30EE5A
:10317800270AFDEEC07A17EE900A002810DB08B582
:10318800FFF7C8FF08BDDFED077A20EE270AF6EE45
:10319800007A30EE670AFDEEC07A17EE900AECE787
:1031A800002070470000C842094B1B889BB2032BC4
:1031B80009D8DFE803F0020A04060120704704205A
:1031C8007047082070470F2070470220704700BFE3
:1031D80018110020084B9B79DBB2022B07D0032B78
:1031E80007D0012B01D00020704701207047022032
:1031F80070470320704700BF18110020034B187850
:10320800C0B2013818BF0120704700BF1400001079
:10321800064B9B79DBB2012B03D0054B588B80B250
:103228007047034B188B80B2704700BF18110020FD
:103238000400002008B50D4B1B68002B13DD0B4B59
:10324800D3ED007AF8EEE77A9FED097A67EE877A90
:10325800B2EE0E7A67EE877A9FED060A87EE800A4D
:10326800FFF760FF08BD0020FCE700BF0400002056
:10327800E5D0524000F07F4508B5034B93ED020AB4
:10328800FFF750FF08BD00BFEC10002008B50E4B3B
:10329800D3ED007AF5EEC07AF1EE10FA09DC0B4BAB
:1032A800D3ED007AF5EEC07AF1EE10FA06DC0020D4
:1032B80003E093ED000AFFF735FF08BD93ED000A20
:1032C800FFF730FFF9E700BFD8100020DC1000201E
:1032D800044B1B68D86BB0F57A7F01D94FF47A702C
:1032E80080B2704700130020014BB3F80802704702
:1032F800241400201B4AD2ED016AF2EE0E7A86EE03
:10330800A77A9FED196AC7EE067ADFED186A67EEAD
:10331800A67AFDEEE77A164BC3ED027AD2ED027A71
:103328009FED147A67EE877A9FED137A37EE677A06
:10333800C7EE067A67EEA67AFDEEE77AC3ED037A62
:10334800DB68B3F5805F03DB094B40F6FF72DA6098
:10335800074BDB68002B00DB7047054B0022DA6067
:10336800FAE700BFEC100020E5D0524000F07F459E
:1033780004000020295C0F3E3333D33F10B52DEDF8
:10338800028B654B93ED008A644BD3ED007AF4EE23
:10339800C87AF1EE10FA01DD93ED008A604B93EDE7
:1033A800000AFFF7BFFE5F4B18805F4B93ED000AE2
:1033B800FFF7B8FE5D4B18805D4B93ED000AFFF7F1
:1033C800B1FE5C4B18805C4B93ED000AFFF7AAFE38
:1033D8005A4B18805A4B93ED000AFFF7BDFE594B24
:1033E80018804D4B93ED000AFFF7B6FE564B188038
:1033F8004A4B93ED000AFFF7AFFE544B1880544C2C
:1034080094ED010AFFF78EFE524B188094ED020AE4
:10341800FFF788FE504B1880FFF7F0FE4F4B1880DF
:103428004F4B5B7A002B75D001224E4B1A804C4BC8
:103438009A884D4B1A80FFF7B7FE4C4B1880FFF760
:10344800C9FE4B4B18804B4CA069FFF763FE4A4BF3
:1034580018802069FFF75EFE484B1880A068FFF7C8
:1034680059FE474B18802068FFF754FE454B1880DB
:10347800B0EE480AFFF770FE434B1880434B93EDBC
:10348800000AFFF769FE424B1880294B93ED000AAA
:10349800FFF748FE3F4B18803F4B93ED000AFFF7BC
:1034A80041FE3E4B1880244B93ED000AFFF73AFE8D
:1034B8003B4B18803B4B93ED000AFFF733FE3A4B2A
:1034C8001880FFF7A5FE394B1880394B1C68D4F8D3
:1034D8009C00FFF71FFE374B1880D4F81C02FFF73B
:1034E80019FE354B1880FFF7F3FE344B1880FFF7B1
:1034F800FBFE334B1880FFF7C9FE324B1880FFF7ED
:10350800BBFE314B1880FFF795FE304B1880BDECA1
:10351800028B10BD002288E7D4100020D0100020B4
:10352800E410002022140020DC10002020140020C9
:10353800E01000201E140020D81000201C140020C9
:10354800CC1000201A140020181400201614002093
:10355800EC10002014140020121400201014002075
:10356800181100200E1400200C1400200A1400204A
:1035780008140020F810002006140020041400206D
:103588000214002000140020FE1300202C1100203B
:10359800FC130020FA13002028110020F813002043
:1035A800F613002024110020F4130020F213002049
:1035B80038110020F0130020EE130020EC13002037
:1035C800EA130020E8130020E6130020E41300208B
:1035D800054BD3F8BC322BB1D3F81402B0FA80F003
:1035E8004009704701207047301F002020B310B5F4
:1035F800044690F8163253B1037823B90F4AD2F82B
:103608008820202A04D0012B05D0022B0CD010BD15
:1036180080F81632FBE70A4AD2F88820202AF4D12B
:10362800002384F81632F2E7FFF7D2FF0028EED025
:10363800002384F81632EAE7704700BF941E002082
:10364800001E002038B54C4B1B8807EE103AB8EE28
:10365800477ADFED4A7AC7EE274A494B1B8807EEBF
:10366800103AB8EE477A87EE275A464B1B8807EE82
:10367800103AB8EE477ADFED446AC7EE265A434B54
:103688001B8807EE103AB8EE477AC7EE276A404B18
:103698001B8807EE103AB8EE477A87EE276A3D4B4B
:1036A8001C8840F2B6339C4200D91C463A4BC3ED05
:1036B800014A83ED025AF2EE047AF4EEE75AF1EE8B
:1036C80010FA09DBDFED357AF4EEE75AF1EE10FA7D
:1036D80002D8334BC3ED005AF7EE007AF4EEE76AEE
:1036E800F1EE10FA09DBDFED287AF4EEE76AF1EE85
:1036F80010FA02D82B4BC3ED006ADFED2B7AB4EE3B
:10370800E76AF1EE10FA09DBDFED287AB4EEE76A32
:10371800F1EE10FA02D8264B83ED006A1E4B4FF0EB
:103728007E521A60FFF7E6FD224B1B88BBB10122CF
:10373800214B5A725B7AA3B1204D012385F80632DA
:10374800A5F8084203F1CC33A3FB0430C0F3CF0043
:10375800FEF782FA00F05CFCC5F80C0238BD0022C6
:10376800E6E7FDF7ADFF144B1B889BB2042BE3D0B3
:10377800114B01221A80DFE71414002000007A445C
:1037880012140020FC1300200000C842F813002087
:10379800F4130020EA130020EC1000200000164368
:1037A8002C11002028110020CDCCCC3D000048422F
:1037B800241100200E1400201811002024140020C9
:1037C80008B5FFF73FFFFFF7D9FD08BD10B5044660
:1037D8004FF4807206F03AFC38B9D4F8803023B13F
:1037E8001A68136823F00403136010BD70B938B564
:1037F8000C46154601B102B938BDFFF7E9FE0028AD
:10380800FAD02946204608F017FBF5E77047F8B5C7
:1038180007460E4615461C46B3F5807F01D94FF47E
:1038280080742988A14209D3A14214D8B4F5807FB5
:103838002BD0FF2C00D900242C80F8BD621A92B23C
:1038480031443846FFF7D2FF2888211A89B230441C
:1038580008F0B4FDEDE7C1F5807292B23144384604
:10386800FFF7C4FF2888C0F5807189B2304408F09A
:10387800A5FD002CE0D0224631463846FFF7B6FFBA
:103888002146304608F09AFDD3E7C1F5807292B21E
:1038980031443846FFF7AAFF2888C0F5807189B2FD
:1038A800304408F08BFDC4E708B50020FFF710FC92
:1038B80078B1124BD3F880305BB11B685B689BB260
:1038C800C3F580730E4A9BB2A2F201210020FFF7D4
:1038D8009EFF0120FFF7FCFB78B10A4BD3F880303C
:1038E8005BB11B685B689BB2C3F58073064A9BB2E9
:1038F800A2F203110120FFF78AFF08BD941E0020E1
:1039080026160020001E00202816002000284AD075
:1039180070B514460546002947D0002A47D0B2F5AD
:10392800857F46D290F8163243B1037823B9264AE8
:10393800D2F88820202A16D0012B17D095F81632F5
:10394800CBBB6E1C2246304608F0D0FF2B78B3B1B3
:10395800012B1ED02146304608F06EFA88BB0123A1
:1039680085F8163224E080F81632E7E7174BD3F8CB
:103978008830202BE2D1002385F81632DEE7224674
:103988003146114805F0DEFEB8B9012385F8163234
:103998000EE0224631460D4805F0D4FE78B90123E1
:1039A80085F8163204E001207047012000E001206C
:1039B80070BD0120FCE70220FAE70220F8E70220A8
:1039C800F6E70220F4E700BF941E0020001E002046
:1039D80078B110B50446B0F8142202B910BD00F54C
:1039E8008571FFF793FF0028F8D10023A4F814325B
:1039F800F4E77047B8B170B50D4614460646A1B154
:103A0800AAB1B2F5857F01D3012011E0FFF77EFF4F
:103A180070B12246294606F5857008F067FFA6F8BA
:103A28001442002004E001207047012000E001203A
:103A380070BD000010B5224C40F65C020021204603
:103A480008F026FFFFF742FB2070012384F80632B6
:103A580040F2B633A4F8083200F0DAFAC4F80C02DF
:103A6800002307E0164A4FF4067101FB032282F88F
:103A780014320133022BF5D95F20FEF7EDF8FFF77A
:103A88007DFC20210F4808F0BFFE00210E4808F0F9
:103A980003FC00210D4808F00FFC0020FFF718FB7D
:103AA80020B90120FFF714FB28B910BD08490948BF
:103AB800FFF78CFEF5E708490848FFF787FEF4E7AB
:103AC8002414002028000020DD3B0008C937000826
:103AD80025140020941E002025150020001E00201B
:103AE80038B500F095FA0446FFF748FCFFF7DCFE0E
:103AF8001B4B93F806322BB1194BD3F80C32E31A4F
:103B0800312B01D800240CE0154DB5F80802154BEF
:103B1800A3FB0030C008FEF79FF8C5F80C42F1E798
:103B28000134022C1AD80E4B4FF4067202FB0433F0
:103B380093F81402FFF7CCFA0028F1D04FF4067579
:103B480004FB05F505F50475054B1D4404352846A9
:103B5800FFF74CFD2846FFF73BFFE1E738BD00BF04
:103B680024140020CDCCCCCC38B5FFF707FC0024BA
:103B780000E00134022C1AD80E4B4FF4067202FBF7
:103B8800043393F81402FFF7A3FA0028F1D04FF496
:103B9800067504FB05F505F50475064B1D4404354B
:103BA8002846FFF723FD2846FFF712FFE1E708F054
:103BB80099FB38BD2414002038B504460D46044B43
:103BC8001878FFF78FFA2A462146FFF713FF38BD0A
:103BD8002414002008B5FFF7EFFF08BDA0B138B5E1
:103BE8000C46054619B10220FFF772FA00B938BD34
:103BF800064B02221A70FFF7C1FB2146284608F03F
:103C0800DDFBFFF7BBFBF2E7704700BF2414002081
:103C180008B5FFF767FA10B1002280F8162208BD30
:103C28007047000008B5144B984203D0134B9842D4
:103C380010D008BD0020FFF7EBFF0020104BA3F8C1
:103C48000202FFF745FA0028F3D00E490A48FFF7A9
:103C5800BDFDEEE70120FFF7DBFF094B0022A3F8CB
:103C680004220120FFF734FA0028E2D0064903486D
:103C7800FFF7ACFDDDE700BF941E0020001E00200A
:103C880024140020251400202515002008B5074B12
:103C9800984203D0064B984204D008BD0020FFF795
:103CA800B7FFFAE70120FFF7B3FFF6E7941E0020FD
:103CB800001E002008B51748174B03604FF4612316
:103CC800436000238360C36003610C224261836107
:103CD800C36103624362836206F02DF970B9002163
:103CE8000C4806F01EFA60B900210A4806F03EFAB0
:103CF80050B9084806F0F6F948B908BDFEF74EFC79
:103D0800EDE7FEF74BFCEFE7FEF748FCF1E7FEF7BF
:103D180045FCF2E7941E00200038014008B517481A
:103D2800174B03604FF46123436000238360C36033
:103D380003610C2242618361C3610362436283624F
:103D480006F0F9F870B900210C4806F0EAF960B9F4
:103D580000210A4806F00AFA50B9084806F0C2F9E4
:103D680048B908BDFEF71AFCEDE7FEF717FCEFE7C8
:103D7800FEF714FCF1E7FEF711FCF2E7001E002045
:103D880000440040F0B5A1B0044600211B911C91ED
:103D98001D911E911F91542206A808F079FD2368F1
:103DA8006D4A934204D06D4A934261D021B0F0BD70
:103DB8000123069306A804F0D7F900284FD1684BD1
:103DC8001A6E42F480421A661A6E02F48042019218
:103DD800019ADA6C42F00202DA64DB6C03F0020347
:103DE8000293029BC0231B9302231C9300251D955D
:103DF80003231E9307231F931BA95A4801F08CFA2B
:103E080059485A4B0360182343608560C560802376
:103E18000361456185612023C3614FF40053036248
:103E280001F060F9F0B9504BC4F880309C625048FA
:103E3800504B036019234360102383600023C36041
:103E48008022026143618361C3614FF400530362BE
:103E580001F048F948B9464BE3679C62A6E7FEF7CC
:103E68009DFBACE7FEF79AFBDDE7FEF797FBF2E771
:103E78000223069306A804F077F9002863D1384B8B
:103E88009A6D42F400329A659A6D02F400320392F8
:103E9800039ADA6C42F00102DA64DA6C02F0010289
:103EA8000492049ADA6C42F00202DA64DB6C03F0E2
:103EB80002030593059B4FF400431B9302271C97AD
:103EC80000251D951E9507261F961BA94FF09040AB
:103ED80001F022FA08231B931C971D951E951F9627
:103EE8001BA9204801F018FA2348244B03601A2321
:103EF80043608560C5608023036145618561202337
:103F0800C3614FF40053036201F0ECF8F0B91A4BA7
:103F1800C4F880309C621A481A4B03601B23436024
:103F2800102383600023C3608022026143618361A0
:103F3800C3614FF40053036201F0D4F848B9104B41
:103F4800E3679C6232E7FEF729FB98E7FEF726FB5A
:103F5800DDE7FEF723FBF2E70038014000440040AC
:103F68000010024000040048A01D00204400024048
:103F7800401D002058000240E01C00201C000240A8
:103F8800801C002030000240104B1B680BB9012038
:103F9800704710B504464FF47A70B0FBF3F30C4A3F
:103FA8001068B0FBF3F001F025F868B90F2C01D9BF
:103FB80001200AE0002221464FF0FF3001F006F808
:103FC800044B1C60002000E0012010BDA801002067
:103FD80024000020AC01002010B5032000F0E4FF0D
:103FE8000F20FFF7D1FF10B10124204610BD044671
:103FF800FEF75CFDF9E70000034A13680349096806
:104008000B441360704700BF281F0020A801002040
:10401800014B1868704700BF281F002038B50446B8
:10402800FFF7F6FF0546B4F1FF3F02D0044B1B68CB
:104038001C44FFF7EDFF401BA042FAD338BD00BF78
:10404800A801002010B430300B0A9B0003F00C03C9
:10405800C45801F01F014FF01F0C0CFA01FC24EAB0
:104068000C0CC2F384628A404CEA0202C2505DF82A
:10407800044B704710B414304B0E9B0003F004033C
:10408800C458C1F304514FF0070C0CFA01FC24EAA0
:104098000C0C8A404CEA0202C2505DF8044B70478F
:1040A80030B583B000230193002800F03281044624
:1040B800C36D13B323689A6812F0005F05D09A683D
:1040C80022F0204222F03F029A602268936813F09F
:1040D800805F1FD1936823F0104323F03F0343F020
:1040E800805393608C4B1B689B098C4AA2FB03236B
:1040F8009B0901335B00019309E0FDF725F80023D4
:10410800236684F85830D5E7019B013B0193019B56
:10411800002BF9D12268936813F0805F3DD1E36DDD
:1041280043F01003E365236E43F001032366012087
:10413800936813F0040300D00123E16D11F0100F10
:1041480040F0E080002B40F0DD80E36D23F48173C4
:1041580043F00203E365936813F0010F3ED1B2F117
:10416800A04F1CD06E4B9A4219D06E4B996811F033
:10417800010100D001216C4B9B6813F0010300D0B2
:1041880001230B436949896811F0010100D001211D
:104198000B430CBF0123002312E00020C8E74FF0B7
:1041A800A043996811F0010100D001215C4B9B6884
:1041B80013F0010300D001230B430CBF012300239C
:1041C80063B1B2F1A04F6CD0554B9A4267D05849B1
:1041D80063688A6822F47C1213438B60627FE36B06
:1041E80043EA4233E2681343A268134394F8242055
:1041F80043EA0243012A56D0E26A22B102F47872F5
:10420800216B0A4313432168CD684A4A2A401A435E
:10421800CA602268136923F04063616B0B43136122
:104228002268936813F0080300D0012343BB237F5F
:1042380094F83810490041EA8331D36823F4804365
:1042480023F002030B43D3602369002B30D022688C
:10425800136943F4803313612268D2F8C03023F421
:104268007F5323F03F0321690B43C2F8C03094F811
:104278004030012B2BD02268136923F0010313610E
:104288006369012B35D02268136B23F00F03136386
:10429800E36D23F0030343F00103E36537E02649A8
:1042A80096E7254994E7A26A013A43EA4243A3E71D
:1042B8002268136923F4803313612268D2F8C0306E
:1042C80023F47F5323F03F03C2F8C030CFE72168BF
:1042D8000B6923F4FF6323F00403626CA56C2A4383
:1042E800E56C2A43256D2A43134343F001030B6110
:1042F800C6E721680B6B23F00F03226A013A1343C8
:104308000B63C5E7E36D43F01003E365012003B0D9
:1043180030BD0120FBE700BF24000020632D3E05CF
:104328000001005000040050000500500006005035
:10433800000700500740F0FF000300500368186CA6
:1043480070477047704708B5806AFFF7FBFF08BDE4
:10435800704708B50346806AC26D12F0500F30D11D
:10436800C36D43F40073C36503681A6812F0080F3D
:1043780014D0DA6812F4406F20D1DB6813F4005FC0
:104388001CD1C36D23F48073C365C36D13F4805FC0
:1043980014D1C36D43F00103C3650FE0DB6813F06C
:1043A800020F0BD1C36D23F48073C365C36D13F47F
:1043B800805F03D1C36D43F00103C365FFF7C1FFFD
:1043C80008BDC26D12F0100F04D1426D526B184631
:1043D8009047F5E7FFF7BCFFF2E708B5806AC36DC1
:1043E80043F04003C365036E43F004030366FFF71D
:1043F800AFFF08BDF0B583B00023019390F85830A3
:10440800012B00F0488204460D46012380F85830FD
:104418000068836813F0040F09D0E36D43F02003AC
:10442800E3650120002384F8583003B0F0BD0A6822
:104438004968FFF707FE2068836813F0040300D07B
:104448000123866816F0080600D00126002B3ED10D
:10445800002E3CD1AA68B2F1004F78D02968FFF746
:1044680009FE2268536923F0004353616969226891
:10447800D368C3F3C1035B0099402869042873D04B
:10448800603252F82070AB4B3B402F6807F0F84C75
:1044980041EA0C010B4343F0004342F82030236803
:1044A8002869AA69603353F8201021F080710A4303
:1044B80043F82020236829692A7F012A51D06033D4
:1044C80053F8212022F00072324343F82120226859
:1044D800936813F0010F16D12B68E868D2F8B01072
:1044E800C3F3120621EA060100F018069248F040CC
:1044F8000340C3F312030B43C2F8B030EA688F4B92
:104508009A4200F099802B688D4A134200F0B981D5
:104518002268B2F1A04F00F050818A498A4200F027
:1045280049818949896801F0E070884DAB4200F003
:104538004681874DAB4200F04281864DAB4200F088
:104548007181854DAB4200F0878100206AE7002227
:104558002968FFF78FFD2268536943F000435361D0
:1045680084E74FF00076AAE7136E116EC1F38461F9
:104578002B68C3F3120080BBC3F38463994234D021
:1045880021684B6E4A6EC2F384622B68C3F3120033
:1045980080BBC3F384639A4234D021688B6E8A6EE1
:1045A800C2F384622B68C3F3120080BBC3F3846335
:1045B8009A4234D02168CB6ECA6EC2F384622B68EB
:1045C800C3F3120080BBC3F384639A427FF47FAFC6
:1045D800CB6E23F00043CB6679E793FAA3F313B1CC
:1045E800B3FA83F3CAE72023C8E7136E23F0004326
:1045F8001366C5E793FAA3F313B1B3FA83F3CAE7D3
:104608002023C8E74B6E23F000434B66C5E793FAB7
:10461800A3F313B1B3FA83F3CAE72023C8E78B6E79
:1046280023F000438B66C5E793FAA3F313B1B3FAFB
:1046380083F3CAE72023C8E720682B68C3F3120670
:1046480026BB9A0E013202F01F02092A8CBF0022F3
:104658000122002A52D046BB990E0131890601F089
:10466800F84176BB9F0E013707F01F070122BA40B9
:104678001143AEBB9B0E013303F01F0303EB43034F
:104688001B051943AA68FFF7F5FC3CE793FAA3F268
:104698004AB1B2FA82F2013202F01F02092A8CBF33
:1046A80000220122D5E72022F5E793FAA3F131B1E0
:1046B800B1FA81F10131890601F0F841D1E72021F1
:1046C800F8E793FAA3F24AB1B2FA82F2013202F0A1
:1046D8001F024FF0010C0CFA02F2C9E72022F5E79D
:1046E80093FAA3F343B1B3FA83F3013303F01F033F
:1046F80003EB43031B05C4E72023F6E776BB990EBB
:104708000131890601F0F841A6BB9F0E013707F079
:104718001F070122BA401143DEBB9B0E013303F091
:104728001F0303EB43031E3B1B0543F000731943B0
:10473800A8E700BF00F0FF03FFFF070000007F406D
:10474800000008800001005000070050000021C34D
:104758001000C090000052C7000084CB93FAA3F168
:1047680031B1B1FA81F10131890601F0F841CBE7A5
:104778002021F8E793FAA3F24AB1B2FA82F20132A1
:1047880002F01F024FF0010C0CFA02F2C3E72022DC
:10479800F5E793FAA3F35BB1B3FA83F3013303F0BC
:1047A8001F0303EB43031E3B1B0543F00073BEE7E7
:1047B8002023F3E701F50071B4E63849B2E611F4B5
:1047C800000F7FF4BAAEB2F1A04F04D0344B9A4236
:1047D80001D0002026E6B2F1A04F19D0314B9A4201
:1047E80014D0314A40F40000936823F0E073184372
:1047F80090602E4B1B689B092D4AA2FB03239B0943
:10480800013303EB43039B00019306E0234AE9E7E6
:10481800224AE7E7019B013B0193019B002BF9D159
:104828000020FFE511F0807F7FF48BAE1D4B9A428C
:1048380029D003F580639A4227D0B2F1A04F09D05E
:10484800194940F080738A6822F0E07213438B6044
:104858000020E7E51149F4E711F4800F17D1114B57
:104868009A4216D0B2F1A04F09D00F4940F4800304
:104878008A6822F0E07213438B600020D2E5074972
:10488800F4E70020CEE50020CCE50020CAE50020B2
:10489800C8E50020C6E50220C7E500BF00030050B8
:1048A80000060050000100500007005024000020BE
:1048B800632D3E0530B583B00023019303689A68E1
:1048C80012F0010F63D104469968324A114220D18F
:1048D8009A6822F0004222F03F0242F001029A60F8
:1048E8000368B3F1A04F20D02B4A93421BD02B4B27
:1048F8009B6813F4000F20D0294B1B689B09294A99
:10490800A2FB03239B09013303EB43039B000193A1
:1049180010E0C36D43F01003C365036E43F0010359
:104928000366012034E0204BE2E71F4BE0E7019BE0
:10493800013B0193019B002BF9D1FFF769FB054669
:1049480023681A6812F0010F1FD19A6812F0010F3C
:1049580007D19A6822F0004222F03F0242F0010299
:104968009A60FFF755FB431B022BE9D923681B68A4
:1049780013F0010FE4D1E36D43F01003E365236EF8
:1049880043F001032366012002E0002000E000203C
:1049980003B030BD3F000080000100500007005008
:1049A80024000020632D3E050003005038B504465E
:1049B8000368B3F1A04F60D0464A93425AD0464AA2
:1049C800956805F01F059B6813F0040F7DD194F8D6
:1049D8005830012B7BD0012384F858302046FFF74C
:1049E80069FF00286DD1E36D23F4706323F00103A0
:1049F80043F48073E3652368364A934242D002F554
:104A0800806293423BD01A46934200D01DB9E26DB2
:104A180022F48012E265E26D12F4805F35D0226ED6
:104A280022F0060222661C221A60002384F85830FD
:104A38002368284A93422ED002F58062934227D0F9
:104A48001A4693422AD0092D05D840F22121E9407F
:104A580011F0010F22D1E36D43F48013E365D368AD
:104A680013F0007F32D0E36D23F4405343F48053B6
:104A7800E3652BE002F50072A2E7184AA0E7A2F569
:104A88008072C1E74FF0A042BEE700222266CAE763
:104A9800A2F58072D5E74FF0A042D2E7DA6812F0AB
:104AA800007F05D0E26D22F4405242F48052E26564
:104AB8009A6822F0004222F03F0242F004029A6013
:104AC80004E0002384F8583000E0022038BD0220BA
:104AD800FCE700BF00010050000700500003005031
:104AE8002DE9F04104460F4690460068B0F1A04F0A
:104AF80024D0444B98421ED0434B9E6806F01F06B4
:104B0800856815F0040F77D194F85830012B76D0CA
:104B1800012384F858303D4B984211D0092E05D80E
:104B280040F22123F34013F0010F09D1002384F848
:104B38005830012061E003F50073DEE7344BDCE711
:104B48002046FFF7B7FE002852D1E36D23F47063C7
:104B580023F0010343F48073E3652368294A9342F1
:104B680040D002F58062934239D01A46934200D071
:104B78001EB9E36D23F48013E365E36D13F4805FDE
:104B880033D0236E23F006032366636D214ADA626D
:104B9800636D214A1A63636D204A5A6323681C2295
:104BA8001A60002384F858302268536843F01003D1
:104BB80053602268D36843F00103D36021684346F9
:104BC8003A464031606D00F0FBFA2268936823F0A2
:104BD800004323F03F0343F0040393600DE0A2F584
:104BE8008072C3E74FF0A042C0E700232366CCE7FA
:104BF800002384F8583000E00220BDE8F08102204C
:104C0800FBE700BF000100500007005000060050FD
:104C1800000300505B4300084F430008E3430008CB
:104C280038B504460268936813F0020300D00123E4
:104C3800916811F0010F39D0002B39D1936803F036
:104C48000D03012B09D0E36D43F01003E365236ED8
:104C580043F001032366012029E0936823F0004311
:104C680023F03F0343F002039360236803221A6092
:104C7800FFF7CEF9054623689B6813F0010F13D0A0
:104C8800FFF7C6F9401B0228F5D923689B6813F083
:104C9800010FF0D0E36D43F01003E365236E43F09A
:104CA80001032366012002E0002000E0002038BD57
:104CB8000020FCE730B583B00023019390F858300A
:104CC800012B41D004460D46012380F85830FFF7E8
:104CD800A7FF80BBE36D23F4885323F0020343F05E
:104CE8000203E3652268936823F0404323F03F03FF
:104CF80005F080452B4343F00043936023689B688D
:104D0800002B06DBE36D23F0030343F00103E365A7
:104D180015E0019B01330193019A0C4B9A42EDD99E
:104D2800E36D23F0120343F01003E365002384F8D6
:104D38005830012006E0E36D43F01003E3650023DB
:104D480084F8583003B030BD0220FBE701DE0400D0
:104D580090F85820012A00F0D68010B49DB0034680
:104D6800012280F858200022189219920068B0F1A8
:104D7800A04F47D0654A904247D000220192019A3D
:104D8800002A46D0926812F0040200D001228468FA
:104D980014F0040F40F0A780002A40F0A480B0F17E
:104DA800A04F42D05A4A90423CD05A4A086800283C
:104DB8005CD0906820F460404C6893F838C044EAAE
:104DC8004C34204390601868B0F1A04F2FD0504C5D
:104DD800A0422CD04D48846814F0010400D001246E
:104DE8004D48806810F0010000D0012020434B4C52
:104DF800A46814F0010400D0012420430CBF012052
:104E0800002025E0424A0192B9E702F5807201923A
:104E1800B5E7DA6D42F02002DA65002283F85820FF
:104E2800012068E002F50072C0E73D4ABEE74FF096
:104E3800A040846814F0010400D00124344880683C
:104E480010F0010000D0012020430CBF01200020F9
:104E5800002854D0906820F4716020F00F000C688E
:104E68008968214308439060002041E0916821F45B
:104E7800604191601968B1F1A04F1AD0244881426D
:104E880017D02249886810F0010000D0012022497B
:104E9800896811F0010100D0012101431F48806891
:104EA80010F0010000D0012001430CBF01210021B6
:104EB80010E04FF0A041886810F0010000D00120F8
:104EC8001349896811F0010100D0012101430CBF89
:104ED80001210021A9B1916821F4716121F00F012C
:104EE8009160002004E0DA6D42F02002DA650120CA
:104EF800002283F858201DB05DF8044B704700204D
:104F0800F6E70020F4E70220704700BF00040050D5
:104F18000001005000070050000500500006005036
:104F280000030050002807DB00F01F02400901239E
:104F38009340024A42F82030704700BF00E100E089
:104F4800002808DB0901C9B200F1604000F56140A2
:104F580080F80013704700F00F000901C9B2014B37
:104F68001954704714ED00E000B500F00700C0F1D7
:104F7800070CBCF1040F28BF4FF0040C031D062BCF
:104F88000FD9C31E4FF0FF3E0EFA0CF021EA0001C4
:104F980099400EFA03FE22EA0E0241EA02005DF889
:104FA80004FB0023EEE70000074AD36823F4E0631C
:104FB8001B041B0C000200F4E060034343F0BF63D2
:104FC80043F40033D360704700ED00E010B50446A9
:104FD800054BD868C0F30220FFF7C6FF01462046FC
:104FE800FFF7AEFF10BD00BF00ED00E008B5FFF70A
:104FF80099FF08BD0138B0F1807F0BD24FF0E02354
:105008005861054AF02182F8231000209861072290
:105018001A6170470120704700ED00E030B4C46C9D
:10502800056D6560446D14B1846DC56D6560446C33
:1050380004F01F0C012404FA0CF4056C6C6004687D
:1050480063608368102B05D0036899600368DA6091
:1050580030BC704703689A600368D960F8E70000BD
:105068000368104A934214D8DBB2083B0E4AA2FBED
:1050780003231B090D49426C22F003020A4482648F
:105088000B4AC26403F01F03012202FA03F303650B
:105098007047DBB2083B044AA2FB03231B09083311
:1050A8000449E8E707040240CDCCCCCC0008024014
:1050B8008008024020080240436803F07F03074A43
:1050C8001A4492004265064A8265013B03F01F03B9
:1050D800012202FA03F3C365704700BF3F82001044
:1050E8004009024000285DD010B5044601682E4BE7
:1050F80099423FD82D4B0B442D4AA2FB03231B0991
:105108009B0043642B4B0364022384F825300A6810
:1051180022F4FF4222F07002A368E068034320698A
:10512800034360690343A0690343E0690343206ABA
:10513800034313430B602046FFF792FFA368B3F5C0
:10514800804F22D06368A26C03F07F031360E36C86
:10515800226D5A606368013B032B19D900236365EC
:10516800A365E3650020E063012384F8253084F813
:10517800240010BD104B0B440D4AA2FB03231B094E
:105188009B0043640D4B0364BEE700236360D9E7CB
:105198002046FFF791FF636D00221A60A36DE26D50
:1051A8005A60DFE70120704707040240F8FFFDBF9F
:1051B800CDCCCCCC00000240F8FBFDBF000402407F
:1051C80038B5044690F82400012841D0012084F81D
:1051D800240094F82500C0B2012804D0002384F8E4
:1051E8002430022038BD022084F825000020E06326
:1051F8002568286820F0010028602046FFF70EFF88
:10520800236BD3B12268136843F00E031360A36CB9
:105218001A6812F4803F03D01A6842F480721A6048
:10522800636D1BB11A6842F480721A6022681368B1
:1052380043F0010313600020D4E72268136823F0C9
:10524800040313602268136843F00A031360DEE75F
:105258000220C7E738B5036C196804682568436CF1
:1052680003F01F0304229A400A4215D015F0040FD8
:1052780012D0236813F0200F03D1236823F004030E
:105288002360436C03F01F02016C042393404B60BE
:10529800036B03B1984738BD02229A400A421CD0DA
:1052A80015F0020F19D0236813F0200F06D12368D8
:1052B80023F00A032360012380F82530436C03F0B0
:1052C8001F02016C022393404B60002380F82430B6
:1052D800C36A002BDFD09847DDE7082202FA03F300
:1052E8000B42D8D015F0080FD5D0236823F00E0351
:1052F8002360436C03F01F03016C012202FA03F3DD
:105308004B60C26380F82520002380F82430436B6B
:10531800002BC0D09847BEE7F0B583B0002366E005
:1053280085685E000324B44025EA0405CC68B440CF
:105338002C438460456825EA0C054C68C4F30014C6
:105348009C402C43446063E08C68012C65D173E079
:10535800DD08083550F8254003F0070C4FEA8C0C9F
:105368004FF00F0E0EFA0CFE24EA0E0E0C6904FA2A
:105378000CF444EA0E0440F8254062E0052400E0FD
:10538800002404FA0EF42C430CF1020C564D45F897
:105398002C40564CA568D44325EA02064F6817F4FA
:1053A800801F01D042EA0506504DAE60ED6804EA60
:1053B80005064F6817F4001F01D042EA05064B4D59
:1053C800EE606D6804EA05064F6817F4003F01D0E7
:1053D80042EA0506454D6E602D682C404E6816F46D
:1053E800803F01D042EA0504404A146001330A684C
:1053F80032FA03F476D04FF0010C0CFA03FC1CEAE5
:105408000202F3D04C6804F00304013C012C87D954
:105418004C6804F00304032C96D0C4684FEA430E8A
:105428004FF0030C0CFA0EFC24EA0C0C8C6804FAFE
:105438000EF444EA0C04C4604C6804F00304022C23
:1054480086D004684FEA430E4FF0030C0CFA0EFCAA
:1054580024EA0C0C4C6804F0030404FA0EF444EA41
:105468000C0404604C6814F4403FBFD0204C256EF7
:1054780045F001052566246E04F001040194019CA1
:105488004FEA930C0CF10205174C54F8255003F021
:10549800030E4FEA8E0E0F2404FA0EF425EA0405D3
:1054A800B0F1904F3FF46CAF124CA04212D004F50B
:1054B8008064A04210D004F58064A0420ED004F5A8
:1054C8008064A0420CD004F58064A0423FF456AF3B
:1054D800062456E7012454E7022452E7032450E740
:1054E80004244EE703B0F0BD000001400004014071
:1054F80000100240000400480AB1816170478162CF
:10550800704710B40468226822F007028B681343BE
:1055180023F01803CA681A43226003680A685A61AC
:1055280003684A689A615DF8044B704730B50468AF
:1055380001F1010C4FEACC1C54F80C3023F0070E93
:10554800936843EA0E0323F01803D5682B4344F805
:105558000C300368146803EBC113C3F89440036864
:10556800526803EBC113C3F8982030BD70B40468C7
:105578002368D4F8A05323F020034E69334323F063
:10558800C002202E09D08E69022E06D0032E29D003
:10559800042E2AD023F0E00201E042F0200222F497
:1055A8000062CB69134323F480620B6A134323F030
:1055B800C0624B6A134323F000628B6A134323F0E3
:1055C8004043CA6A43EA820323F000534A6B1A43F2
:1055D80025F480350B6B1D4322600368C3F8A05384
:1055E80070BC704742F04002D9E742F08002D6E72B
:1055F8002DE9F04105684B1CDB01EC5824F07044A0
:10560800EC500668F35806EBC114D4F8E880D4F8D7
:10561800E440D6F8A05323F0200C536943EA0C0C5D
:10562800202B09D09369022B06D0032B60D0042BC2
:1056380063D02CF4D07C03E02CF4C07C4CF0200C1C
:105648002CF4006CD36943EA0C0323F48063176AD3
:1056580047EA030C2CF0C06C536A43EA0C0323F0AE
:10566800006C936A43EA0C0323F0704CD36A43EA54
:105678000C0323F40033576BB7F1005F42D023F0DB
:105688004003D2F838C04CEA030323F48023976D13
:1056980047EA030E2EF0FC7E2EF4803E136D43EA9B
:1056A8000E0E28F03F07D36B03F03F033B4323F074
:1056B8000043176C3B43BCF1000F03D124F4807402
:1056C800576C3C43976CB7F5606F1ED0B7F5F05F29
:1056D8001BD024F4F0543C4324F48044D76C3C435E
:1056E800576D05291AD8DFE801F01431373D4349D1
:1056F8002CF4807C4CF0800CA2E72CF0800C4CF44D
:10570800807C9DE743F40033B9E7BCF1400FE3D157
:10571800DFE725F40035126B45EA42054A1CD20141
:1057280046F802E0026802EBC112C2F8E8300368EA
:1057380003EBC113C3F8E440036803EBC113C3F8D8
:10574800D4700368C3F8A053BDE8F08125F4802520
:10575800126B45EA8205E1E725F40025126B45EA5C
:10576800C205DBE725F48015126B45EA0215D5E77B
:1057780025F40015126B45EA4215CFE725F480059C
:10578800126B45EA8215C9E730B4006800EBC11313
:10579800D3F8EC3023F01003146843EA041323F41D
:1057A8008013546844EA030C2CF4803CD36843EA21
:1057B8000C0323F4003C936843EA0C039469012C1E
:1057C80005D000EBC110C0F8EC3030BC704723F0B6
:1057D8000403156945EA030C2CF0020C536943EAEB
:1057E8000C0323F001032343EBE70000F0B4076840
:1057F80007EBC114D4F8E460D4F8B850402A52D06A
:1058080035D8012A4FD0002A5ED0202A5ED8022A35
:105818005ED3023A012404FA02F2324C224230D119
:1058280044F2040422423ED10022FE24944026EA97
:1058380004061C68944044EA060CDC68944044EA78
:105848000C041E6906FA02FC4CEA040C5C699440DC
:1058580044EA0C0C9C69944044EA0C04082E39D0A4
:10586800036803EBC113C3F8E440F0BC7047B2F51A
:10587800007F06D012D9B2F5806F14D0B2F5006F50
:1058880020D15A6807EBC117C7F8C42002689C6882
:1058980002EBC112C2F8C8401022C6E7802AF0D035
:1058A800B2F5807F0CD15A6807EBC117C7F8BC2046
:1058B80002689C6802EBC112C2F8C0400022B4E73B
:1058C8000022B2E70022B0E70022AEE70022ACE7F0
:1058D8000022AAE715F0022FC2D1DB6993401C43CE
:1058E800BEE700BF4100004006293CD8DFE801F0D0
:1058F8000C141C242C3404000268D2F8843343F0BE
:105908000103C2F8843370470268D2F8843343F045
:105918000203C2F8843370470268D2F8843343F034
:105928000403C2F8843370470268D2F8843343F022
:105938000803C2F8843370470268D2F8843343F00E
:105948001003C2F8843370470268D2F8843343F0F6
:105958002003C2F8843370470268D2F8843343F0D6
:105968004003C2F884337047002864D010B582B071
:105978000446022380F8DD300023C0F8E030C0F888
:10598800E430C0F8E830C0F8EC30C0F8F030C0F8C7
:10599800F430C0F8F830836813F0010F12D00268B1
:1059A800264B9A4225D021680A6822F4404223698E
:1059B80003F44043134323F44053626902F4405212
:1059C8001A430A602046FCF7ABFBA36813F0020FEA
:1059D80008D021680A6822F44072E36803F440732F
:1059E80013430B60012384F8DD30002384F8DC3096
:1059F8001CE003F528431A6E42F080621A661B6E9B
:105A080003F080630193019BCDE7C3EBC30204EB72
:105A1800820200219161D161116251629162C3EBEE
:105A2800C30204EB820211630133DBB2062BECD90B
:105A3800002002B010BD0120704700BF006801407F
:105A480090F8DC30012B32D0012380F8DC300223BF
:105A580080F8DD30B1F1FF3F1AD00268D2F8CC33BC
:105A680043F00203C2F8CC330268D2F8CC3323F0F7
:105A78000C030B43C2F8CC330268D2F8CC3343F0A2
:105A88000103C2F8CC33012380F8DD3000207047D1
:105A98000268D2F8CC3323F00203C2F8CC33026890
:105AA800D2F8CC3343F00103C2F8CC33EBE7022041
:105AB800704770B504460D46FEF7AAFA06462368F5
:105AC800D3F8883313F4803F0ED1B5F1FF3FF6D0F9
:105AD800FEF79EFA801BA84201D8002DEFD10723BC
:105AE80084F8DD30032005E0012384F8DD30002050
:105AF80084F8DC0070BD10B5044690F8DD00C0B233
:105B080002280BD0022384F8DD30062907D020466E
:105B1800FFF70CFD012384F8DD30002010BD11468D
:105B28002046FFF7EEFCF5E7034690F8DD00C0B22B
:105B3800022800F0318193F8DC00012800F0288168
:105B480070B5012083F8DC00022083F8DD001868B6
:105B5800D0F88053D0F8FC4320292AD8002900F037
:105B68000C8101F1FF3CBCF11F0F00F20681DFE858
:105B78001CF063007F0004018C000401040104018F
:105B88009900040104010401040104010401040151
:105B9800A600040104010401040104010401040134
:105BA80004010401040104010401040104010401C5
:105BB800B900B1F5807F00F0C9801DD9B1F5007F2B
:105BC80040F0DB8024F4E00416684FEA061C0CF46D
:105BD800E00C4CEA0404D0F8F86326F0F846C0F864
:105BE800F8631E68D6F8F8035268920602F0F84285
:105BF8000243C6F8F82328E0402900F08D80802968
:105C080040F0BB8024F4E04416684FEA161C0CF4FC
:105C1800E04C4CEA0404D0F8F86326F4F816C0F80F
:105C2800F8631E68D6F8F8035268120402F4F812F2
:105C38000243C6F8F82308E025F4E025166806F4C0
:105C4800E02635435268C0F8BC2393F8DD20D2B271
:105C5800072A00F09F800F2900F296801A68C2F880
:105C68008053012283F8DD20002083F8DC0070BD1A
:105C780025F4601516684FEAC60C0CF4601C4CEA53
:105C880005055268C0F8C023DFE725F0E0751668FF
:105C98004FEA861C0CF0E07C4CEA05055268C0F817
:105CA800C423D2E725F0606516684FEA462C0CF04D
:105CB800606C4CEA05055268C0F8C823C5E75688E9
:105CC80066F30204D0F8F86326F01F06C0F8F863FC
:105CD8001E68D6F8F803526802F01F020243C6F89D
:105CE800F823B2E724F0700416684FEA163C0CF06B
:105CF800700C4CEA0404D0F8F86326F47876C0F8FF
:105D0800F8631E68D6F8F8035268520102F47872F4
:105D18000243C6F8F82398E724F4E06416684FEACB
:105D2800162C0CF4E06C4CEA0404D0F8F86326F462
:105D3800F846C0F8F8631E68D6F8F803526892026D
:105D480002F4F8420243C6F8F8237EE724F4E0247C
:105D5800166806F4E0263443D0F8F86326F078761F
:105D6800C0F8F8631E68D6F8F8035268520502F0C6
:105D780078720243C6F8F82367E7072283F8DD2024
:105D8800002283F8DC2060E71A68C2F8FC4368E761
:105D98000220704701206AE77047034690F8DD004B
:105DA800C0B2022800F0BD8093F8DC00012800F0A2
:105DB800B580012083F8DC00022083F8DD0020296B
:105DC80018D8002900F0A38001391F2900F29F800C
:105DD800DFE801F0344A9D569D9D9D629D9D9D9DE5
:105DE8009D9D9D6E9D9D9D9D9D9D9D9D9D9D9D9D0A
:105DF8009D9D9D7AB1F5807F7DD00FD9B1F5007F4B
:105E080040F085801868D0F8041421F0F851120683
:105E180002F0F8520A43C0F8042419E040295ED081
:105E2800802974D11868D0F8041421F4F8311203C9
:105E380002F4F8320A43C0F8042409E01868D0F8DC
:105E4800001421F01F0102F01F020A43C0F80024C9
:105E580093F8DD20D2B2072A62D0012283F8DD2030
:105E6800002083F8DC0070471868D0F8001421F48B
:105E7800F861920102F4F8620A43C0F80024E7E7E7
:105E88001868D0F8001421F4F831120302F4F8323B
:105E98000A43C0F80024DBE71868D0F8001421F49E
:105EA800F801920402F4F8020A43C0F80024CFE78C
:105EB8001868D0F8001421F0F851120602F0F852D0
:105EC8000A43C0F80024C3E71868D0F8041421F086
:105ED8001F0102F01F020A43C0F80424B8E718683B
:105EE800D0F8041421F4F861920102F4F8620A432C
:105EF800C0F80424ACE71868D0F8041421F4F801B9
:105F0800920402F4F8020A43C0F80424A0E7072226
:105F180083F8DD20002283F8DC2099E7022070470F
:105F28000120704770B5044690F8DD00C0B2022821
:105F380036D00D46164694F8DC30012B36D00123B6
:105F480084F8DC30022384F8DD30062929D0204685
:105F5800FFF74EFB3268C5EBC50304EB83031A62F7
:105F680072685A62B2689A62F268DA6232691A63CF
:105F780029462046FFF7B8FC062D0BD0F36A4BB92B
:105F880022680135ED01535923F40073F16D43EA9A
:105F980041235351012384F8DD30002084F8DC00CC
:105FA80070BD11462046FFF7E1FAD3E70220F7E774
:105FB80038B5044690F8DD00C0B2022811D094F834
:105FC800DC30012B0ED0012584F8DC50022384F844
:105FD800DD302046FFF7D8FB84F8DD50002084F838
:105FE800DC0038BD0220FCE7034690F8DD00C0B2B3
:105FF800022845D093F8DC0001283FD030B54FF097
:10600800010E83F8DCE0022083F8DD00106800F45C
:10601800E0545068C0F308000443906800F400702E
:106028000443106900F480400443D06800F4004041
:1060380004431448556900EA054C4CEA040C90697D
:1060480000F0007040EA0C0C106A00F0804040EA52
:106058000C0CD06900F0004040EA0C001A6802EB12
:10606800C111D1F8B840084A22400243C1F8B8200B
:1060780083F8DDE0002083F8DC0030BD02207047A3
:10608800704700BF0000FF010020003C844690F8E4
:10609800DD00C0B2022800F0D9809CF8DC0001289D
:1060A80000F0D08030B401208CF8DC0002208CF89D
:1060B800DD00062909D0013A072A00F2BC80DFE892
:1060C80002F02E43BA7ABABABA82013A072A1FD81E
:1060D800DFE802F0040F1E141E1E1E19DCF8002053
:1060E8001B68D3619CF8DD30DBB2072B24D101207B
:1060F80028E0DCF800201B685362F3E7DCF8002096
:106108001B689362EEE7DCF800201B68D362E9E7BE
:1061180007238CF8DD3000238CF8DC30E2E7DCF86C
:1061280000201B6802EBC112C2F89C309CF8DD30DD
:10613800DBB2072B00F0888001238CF8DD300020CB
:106148008CF8DC0030BC7047DCF80020186802EBE3
:10615800C112C2F8A4005A6822B3DCF800404A1CF5
:10616800D201A05820F44050A050DCF80040A058BC
:106178005D682843A0505A68B2F5005F0AD0B2F5AE
:10618800405FD3D1DCF800209B6802EBC112C2F853
:10619800A830CBE7DCF800209B6802EBC112C2F8FC
:1061A8009C30C3E7DCF800200131C901535823F4BF
:1061B80040535350BAE7DCF800201B6802EBC112C9
:1061C800C2F8A830B2E7DCF80020186802EBC11268
:1061D800C2F8AC005A682AB3DCF800404A1CD20165
:1061E800A05820F44040A050DCF80040A0585D685A
:1061F80040EA8500A0505A68B2F5005F0AD0B2F5AF
:10620800405F93D1DCF800209B6802EBC112C2F812
:10621800A8308BE7DCF800209B6802EBC112C2F8BB
:106228009C3083E7DCF800200131C901535823F47E
:10623800404353507AE707238CF8DD3000238CF86D
:10624800DC3073E70220704701207BE7704738B5E0
:10625800044690F8DD00C0B2022811D094F8DC00A2
:1062680001280ED0012584F8DC50022084F8DD00D6
:106278002046FFF7BBFA84F8DD50002084F8DC00E4
:1062880038BD0220FCE790F8DC30012B15D010B4A3
:10629800012280F8DC20022380F8DD300468D4F87D
:1062A80094330B43C4F8943380F8DD20002380F83E
:1062B800DC3018465DF8044B70470220704790F8B0
:1062C800DC30012B15D010B4012280F8DC20022329
:1062D80080F8DD300468D4F898330B43C4F8983359
:1062E80080F8DD20002380F8DC3018465DF8044B88
:1062F80070470220704790F8DC30012B13D010B49F
:10630800012280F8DC20022380F8DD30046823684D
:106318000B43236080F8DD20002380F8DC3018462A
:106328005DF8044B7047022070477047704770470C
:10633800704770477047704770B505460368D3F8D3
:106348008843D3F8906314F0010F02D016F0010FC0
:1063580024D114F0020F02D016F0020F24D114F049
:10636800040F02D016F0040F26D114F0080F02D043
:1063780016F0080F28D114F0100F02D016F0100FE5
:106388002AD114F0400F02D016F0400F2CD114F08F
:10639800200F02D016F0200F2ED170BD0122C3F8B5
:1063A8008C23FFF7C2FFD4E72B680222C3F88C23A3
:1063B8002846FFF7BBFFD2E72B680422C3F88C23DB
:1063C8002846FFF7B4FFD0E72B680822C3F88C23D0
:1063D8002846FFF7ADFFCEE72B681022C3F88C23C1
:1063E8002846FFF7A6FFCCE72B684022C3F88C238A
:1063F8002846FFF79FFFCAE72B682022C3F88C23A3
:106408002846FFF798FFC8E77047704770477047FE
:10641800704770477047704770472DE9F04105464F
:106428000368D3F88873D3F890835C68DE6817F440
:10643800803F02D018F4803F31D117F4003F02D0DA
:1064480018F4003F38D114F0010F02D016F0010FF4
:106458003BD114F0020F02D016F0020F3DD114F018
:10646800040F02D016F0040F3FD114F0080F02D029
:1064780016F0080F41D114F0100F02D016F0100FCB
:1064880043D114F0200F02D016F0200F45D114F09C
:10649800400F02D016F0400F46D1BDE8F0814FF40E
:1064A8008032C3F88C23012380F8DD30002380F884
:1064B800DC30FFF7A9FFC0E72B684FF40032C3F8C0
:1064C8008C232846FFF7A1FFBDE72B6801229A60BD
:1064D80006212846FFF79DFFBBE72B6802229A603A
:1064E80006212846FFF796FFB9E72B6804229A6031
:1064F80006212846FFF78FFFB7E72B6808229A6026
:1065080006212846FFF788FFB5E72B6810229A6016
:1065180006212846FFF77CFFB3E72B6820229A6004
:106528002846FFF773FFB2E72B6840229A600621DE
:106538002846FFF76CFFB0E7704770477047704711
:106548007047704770477047F8B506460D460268B1
:106558004B1C02EBC3135C6802EBC113D3F88C70BD
:1065680014F0010F02D017F0010F52D114F0020FEE
:1065780002D017F0020F53D114F0040F02D017F015
:10658800040F58D114F0080F02D017F0080F5DD18E
:1065980014F0100F02D017F0100F62D114F0400F52
:1065A80002D017F0400F67D114F0800F02D017F017
:1065B800800F6CD114F4807F02D017F4807F71D1E2
:1065C80014F4007F02D017F4007F77D114F4806FA1
:1065D80002D017F4806F7DD114F4006F03D017F444
:1065E800006F40F0838014F4805F03D017F4805F5D
:1065F80040F0888014F4005F03D017F4005F40F087
:106608008D8014F4804F03D017F4804F40F09280AF
:10661800F8BD1A460123C2F88830FFF7FAFEA5E74D
:10662800336803EBC5130222C3F888202946304695
:10663800FFF7F0FEA0E7336803EBC5130422C3F8A5
:10664800882029463046FFF7E6FE9BE7336803EBD0
:10665800C5130822C3F8882029463046FFF7DCFE18
:1066680096E7336803EBC5131022C3F88820294640
:106678003046FFF7CDFE91E7336803EBC5134022A0
:10668800C3F8882029463046FFF7C1FE8CE73368F7
:1066980003EBC5138022C3F8882029463046FFF74C
:1066A8004BFF87E7336803EBC5134FF48072C3F8D9
:1066B800882029463046FFF740FF81E7336803EB1F
:1066C800C5134FF40072C3F8882029463046FFF7F7
:1066D80037FF7BE7336803EBC5134FF48062C3F8D9
:1066E800882029463046FFF72CFF75E7336803EB0F
:1066F800C5134FF40062C3F8882029463046FFF7D7
:1067080021FF70E7336803EBC5134FF48052C3F8D9
:10671800882029463046FFF716FF6BE7336803EBFE
:10672800C5134FF40052C3F8882029463046FFF7B6
:1067380006FF66E7336803EBC5134FF48042C3F8DE
:10674800882029463046FFF7F9FE61E708B5FF299A
:1067580004D0062905D0FFF7F7FE08BDFFF7ECFDCA
:10676800FBE7FFF75AFEF8E7002831D038B50446B2
:1067780003684CF6CC421A60036845F255521A6019
:10678800036842685A60036882689A60FDF740FCB3
:1067980005462368DA6812F0070F0DD0FDF738FCBC
:1067A800401B41F601039842F3D92368DB6813F0D4
:1067B800070FEED0032005E01969E268914202D084
:1067C8001A61002038BD4AF6AA221A600020F9E7AB
:1067D8000120704703684AF6AA221A600020704711
:1067E80038B512F4804F43D00468B4F8503091F8AB
:1067F80000C04FEACC0E1EFA83F32344B3F80244D8
:10680800C4F309048B69A34228D31B1B8B618B69D2
:106818007BB9056835F82C309BB223F4804323F00C
:10682800700383F4005343F4004343F0800325F8D6
:106838002C3012F0400F0ED002680D7832F8253057
:106848009BB223F4E04323F0700343F4004343F086
:10685800C00322F8253024B9204638BD00238B61B7
:10686800D5E723460A894969006804F09CFBF3E7E9
:106878000468B4F8503091F800C04FEACC0E1EFA04
:1068880083F32344B3F80644C4F309048B69A34291
:106898002FD31B1B8B618B697BB9056835F82C30AE
:1068A8009BB223F4804323F0700383F4005343F432
:1068B800004343F0800325F82C3012F0400F0FD12D
:1068C800026891F800C032F82C309BB223F4E04300
:1068D80023F0700343F4004343F0C00322F82C3044
:1068E800002CB9D023464A894969006804F05BFB4B
:1068F800B2E700238B61CEE7002856D010B50446D6
:1069080090F891323BB1032384F89132206803F068
:106918005BFC002315E080F8903205F063FBF2E79A
:1069280003EB830204EBC2020121517413740021AA
:10693800D17411625162013303EB8302D200A1507A
:10694800DBB220799842EBD8002316E003EB8302F0
:1069580004EBC202002182F8511182F8503182F80A
:106968005311C2F86011C2F8641103EB830204EBFF
:10697800C202C2F868110133DBB29842E6D8234656
:1069880053F8040B93E8060003F028FC0023237354
:10699800012384F89132A37A012B01D0002010BD85
:1069A800204600F01BFF0020F9E70120704790F80F
:1069B8009032012B0ED010B50446012380F8903296
:1069C800006803F0F8FB206804F00AF8002084F857
:1069D800900210BD0220704770B505460C46164659
:1069E80012F0400F00F020810268B2F850300978A8
:1069F8004FEAC10C1CFA83F31344B3F80224C2F320
:106A08000902A36993422CD99B1AA361A06958B3C0
:106A180016F4804F0DD0286830F821309BB223F44B
:106A2800E04323F0700343F4404343F0800320F82D
:106A3800213094F82430012B00F08D802A682178C9
:106A480032F821309BB223F4E04323F0400383F073
:106A5800300343F4004343F0800322F82130002040
:106A680070BD0023A361D1E76378002B48D12A6861
:106A7800B2F8503012FA83F36344B3F80224C2F335
:106A88000902A3F80224B3F802246FEA42426FEA2B
:106A9800524292B2A3F802242A686378002B3BD1B1
:106AA800B2F8503012FA83F3227803EBC203B3F83A
:106AB8000624C2F30902A3F80624B3F806246FEAF1
:106AC80042426FEA524292B2A3F80624E378022BBC
:106AD8002FD02178284605F0C9FA16F4804FBED089
:106AE8002A68217832F821309BB223F4E04323F05E
:106AF800700343F4404343F0800322F82130AEE7AB
:106B0800012BC9D12A68B2F8503012FA83F36344D2
:106B18000022A3F80224BFE7012BD7D1B2F85030E6
:106B280012FA83F3227803EBC2030022A3F80624A7
:106B3800CCE72A68217832F821309BB223F4E0436D
:106B480023F0400383F0200343F4004343F0800321
:106B580022F82130BDE7636913446361E369134494
:106B6800E361216A236999421DD3C91A21626278B7
:106B7800002A44D12968B1F8502011FA82F221780C
:106B880002EBC102B2F80214C1F30901A2F802141F
:106B9800ABB9B2F802146FEA41416FEA514189B2C8
:106BA800A2F802142DE021B9002384F824301346FA
:106BB800DDE7002384F8243023620B46D7E73E2B19
:106BC8000DD8590813F0010F00D00131B2F80204B2
:106BD80080B2890289B20143A2F8021411E058096F
:106BE80013F01F0F00D10138B2F8021489B28002E5
:106BF80080B2014341F40041A2F8021401E0012AE5
:106C080006D09BB222896169286803F0F8FE15E76F
:106C18002968B1F8502011FA82F2217802EBC102FA
:106C280099B2A2F80214ECE70268B2F85030097879
:106C3800C80010FA83F31344B3F80624C2F3090218
:106C4800A369934246D39B1AA361A369002B44D03E
:106C580016F4804F0DD1286830F821309BB223F408
:106C6800E04323F0700343F4404343F0800320F8EB
:106C7800213094F82430012B7FF4E0AE636913448B
:106C88006361E3691344E361216A23699942C0F0AF
:106C98009C80C91A216229686278002A40F0C18064
:106CA800B1F8502011FA82F2217802EBC102B2F851
:106CB8000614C1F30901A2F80614002B40F09180D4
:106CC800B2F806146FEA41416FEA514189B2A2F85D
:106CD8000614A8E00023A361B7E76378002B49D125
:106CE8002A68B2F8503012FA83F30344B3F8022446
:106CF800C2F30902A3F80224B3F802246FEA42425D
:106D08006FEA524292B2A3F802242A686378002BF1
:106D18003CD1B2F8503012FA83F3227803EBC20365
:106D2800B3F80624C2F30902A3F80624B3F806242C
:106D38006FEA42426FEA524292B2A3F80624E3781D
:106D4800022B30D02178284605F090F916F4804FB0
:106D58007FF485AE2A68217832F821309BB223F47B
:106D6800E04323F0700343F4404343F0800322F8E8
:106D7800213074E6012BC8D12A68B2F8503012FAD3
:106D880083F303440022A3F80224BEE7012BD6D1E3
:106D9800B2F8503012FA83F3227803EBC2030022D0
:106DA800A3F80624CBE72A68217832F821309BB271
:106DB80023F4E04323F0400383F0200343F400432B
:106DC80043F0800322F82130BCE721B9002384F87E
:106DD800243013465FE70023236284F824300B46EF
:106DE80059E73E2B0DD8590813F0010F00D0013197
:106DF800B2F8060480B2890289B20143A2F80614E7
:106E080011E0580913F01F0F00D10138B2F8061429
:106E180089B2800280B2014341F40041A2F806140D
:106E280001E0012A06D09BB262896169286803F0F3
:106E3800E6FD03E6B1F8502011FA82F2217802EB60
:106E4800C10299B2A2F80614EDE72DE9F04704460D
:106E58003EE003889BB223F4E14323F070036FEA1A
:106E680043436FEA53439BB203802168B1F8503023
:106E7800227CD20012FA83F30B44B3F80234C3F332
:106E88000903E362626A1A4462620021204605F03F
:106E9800EDF8237BE3B1A36AD3B9237B226843F0DF
:106EA8008003A2F84C300023237311E0B4F8562174
:106EB80004F5267104F077F82268138823F070032C
:106EC8001B051B0D43F080031380204605F0BAF81C
:106ED8002068B0F8443013F4004F00F03482B0F862
:106EE80044309AB203F00F0513F0080F40F02F82D8
:106EF800002D75D112F0100FABD003889AB213F49D
:106F0800006F30D0B0F8503094F85021D20012FA07
:106F180083F30344B3F80634C3F30903C4F86C31AC
:106F2800082BC3D003889BB223F4804323F070035B
:106F380083F4805348F280010B430380226813884E
:106F48009BB223F4E04323F0400383F010030B4388
:106F580013802268138823F070031B051B0D43F070
:106F680080031380F0E112F4004FB1D0038823F0BE
:106F780070031B051B0D43F0800303802068B0F8E5
:106F8800503094F85021D20012FA83F30344B3F836
:106F98000634C3F30903C4F86C316BB903889BB298
:106FA80023F4804323F0700383F4405343F40043F5
:106FB80043F0800303808BE7D4F86411002987D05D
:106FC800B4F8562103F0EFFFD4F86431D4F86C21FB
:106FD8001344C4F864310021204605F03BF877E7F4
:106FE800AF0030F825309EB213F4004F4DD116F0A3
:106FF800800F3FF46DAF2A4605EB8501C9001031BB
:1070080021442068C35B9BB223F4E14323F070035F
:107018006FEA43436FEA53439BB2C35305EB8503BF
:1070280004EBC303DB7C012B00F0F58016F4807FB2
:1070380040F084812068B0F8503005EB850504EBFA
:10704800C5052E7CF50015FA83F30344B3F8023422
:10705800C3F30903551C05EB850554F835509D42CB
:1070680040F24F81571C07EB8707ED1A44F8375059
:10707800551C05EB850554F83550002D40F0488126
:107088003146204604F0F2FF22E730F8253023F09D
:1070980070031B051B0D43F0800320F82530A8461C
:1070A80005EB85094FEAC90909F5A879A14405EB5B
:1070B800850304EBC30393F85C31EBBB2068B0F89D
:1070C800503005EB850204EBC20292F85021D20041
:1070D80012FA83F30344B3F806A4CAF3090ABAF10F
:1070E800000F1DD108EB880304EBC303D3F86C2110
:1070F8005244C3F86C21D3F868313BB108EB8803DC
:1071080004EBC303D3F860319A4572D208EB8808C0
:1071180004EBC80898F85011204604F09BFF66E776
:1071280005EB850104EBC1015346B1F85621D1F8AE
:10713800641103F038FFD5E705EB850304EBC303BF
:1071480093F85331022B34D0216805EB850204EB08
:10715800C20292F8500131F820309BB223F4E04388
:1071680023F0700343F4004343F0C00321F82030B8
:10717800206892F8503130F8232012F4804F1FD045
:10718800B0F85020DB0013FA82F30344B3F802A4EA
:10719800CAF3090ABAF1000FA4D005EB850104EB84
:1071A800C1015346B1F85821D1F8641103F0FBFE30
:1071B80098E7324649462046FFF712FB824691E798
:1071C800B0F85020DB0013FA82F30344B3F806A4A6
:1071D800CAF3090ABAF1000F84D005EB850104EB64
:1071E800C1015346B1F85A21D1F8641103F0DBFE0E
:1071F80078E708EB880304EBC303D3F8643108EBA2
:10720800880804EBC8085344C8F864314946206824
:1072180003F007FCEBE66B1C03EB8303DB000021A8
:10722800E15005EB850504EBC5052B7FDBB116F0B6
:10723800400F33D06B7CFBB92168B1F8503011FA9C
:1072480083F3297C03EBC103B3F80214C1F30901EA
:10725800A3F80214B3F802146FEA41416FEA5141EE
:1072680089B2A3F8021402EB820204EBC202117C79
:10727800204604F0FBFE2BE6012BF4D12168B1F87F
:10728800503011FA83F302EB820104EBC101097C4F
:1072980003EBC1030021A3F80214E4E7216802EB21
:1072A800820304EBC3035B7CD3B9B1F8503011FA05
:1072B80083F302EB820104EBC101097C03EBC103F8
:1072C800B3F80614C1F30901A3F80614B3F80614B9
:1072D8006FEA41416FEA514189B2A3F80614C2E747
:1072E800012BC0D1B1F8503011FA83F302EB8201BF
:1072F80004EBC101097C03EBC1030021A3F80614C8
:10730800B1E7551C05EB8505ED0000276751AFE691
:1073180002EB820504EBC5056E6A1E446E620132FB
:1073280002EB820504EBC5056D6802EB820204EBF3
:10733800C2022B44536003F074FBC9E53246204671
:10734800FFF74AFBC4E500252846BDE8F08701257C
:10735800FAE790F89032012B0CD010B504460123BF
:1073680080F890320173006803F034FB002084F841
:10737800900210BD0220704710B50446006803F063
:107388003AFB10F4004F23D110F4806F24D110F48D
:10739800804F32D110F4005F39D110F4805F40D1B2
:1073A80010F4006F67D110F0800F40F0818010F466
:1073B800007F40F0AD8010F4807F27D02268B2F8BB
:1073C80044309BB223F480739BB2A2F844301DE092
:1073D8002046FFF73AFD19E02268B2F844309BB224
:1073E80023F480639BB2A2F84430204604F04FFE99
:1073F80000212046FFF7ADFF08E02268B2F84430CC
:107408009BB223F480439BB2A2F8443010BD22689B
:10741800B2F844309BB223F400539BB2A2F8443034
:10742800F4E72268B2F840309BB223F004039BB221
:10743800A2F840302268B2F840309BB223F008032B
:107448009BB2A2F8403094F8C832012B0CD02046E9
:1074580004F040FE2268B2F844309BB223F4805313
:107468009BB2A2F84430D1E7002184F8C812204624
:1074780004F0E8FEEBE72268B2F840309BB243F034
:107488000803A2F840302268B2F844309BB223F4D3
:1074980000639BB2A2F844302268B2F840309BB235
:1074A80043F00403A2F84030204604F003FEADE7A1
:1074B8002268B2F844309BB223F080039BB2A2F852
:1074C800443094F8C832FBB92268B2F840309BB215
:1074D80043F00403A2F840302268B2F840309BB26F
:1074E80043F00803A2F84030012184F8C812236849
:1074F800B3F85430C3F38D0303F03C03C4F8CC3223
:10750800204604F09FFE81E7204604F0D3FD7DE786
:107518002268B2F844309BB223F400739BB2A2F8FD
:107528004430204604F0ADFD70E710B50446084627
:1075380011F0800F27D101F0070C0CEB8C01C9006A
:1075480001F5A87E04EB0E010CEB8C0C04EBCC0CC3
:107558004FF0000E8CF851E100F007000870C2F3FC
:107568000A020A61CB70022B1DD094F89032012BCD
:107578001CD0012384F89032206802F040FE0020DD
:1075880084F8900210BD01F0070C0CEB8C01C900C7
:10759800103121440CEB8C0C04EBCC0C4FF0010E99
:1075A8008CF811E0D8E700230B71DEE70220E9E749
:1075B80010B504460A4611F0800F1FD101F00700EC
:1075C80000EB8003DB0003F5A873E11800EB8000F3
:1075D80004EBC000002380F8513102F007020A7062
:1075E80094F89032012B17D0012384F89032206848
:1075F80003F092F8002084F8900210BD01F0070013
:1076080000EB8003DB001033E11800EB800004EB93
:10761800C00001234374E0E70220EEE710B501F053
:10762800070C0CEB8C01C90001F5A8710CEB8C0E52
:1076380000EBCE0ECEF86421CEF868310024CEF8E7
:107648006C418EF851418EF850C10144006803F036
:10765800E8F9204610BD01F0070101EB810100EBBC
:10766800C100D0F86C01704738B501F0070C0CEB7D
:107678008C01C90010310CEB8C0E00EBCE0ECEF84D
:1076880024200CF1010202EB820440F83430012579
:107698008EF83450CEF8303000EBC4020024546029
:1076A8008EF811508EF810C00144006803F0B9F943
:1076B800204638BD0B4601F00702017991422ED3CE
:1076C80010B5044613F0800F1DD103EB8301C900E8
:1076D80001F5A871014403EB830300EBC303002009
:1076E80083F8510101238B700A7094F89032012BB2
:1076F80017D0012384F89032206803F0F8F80020AE
:1077080084F8900210BD02EB8201C90010310144D7
:1077180002EB820300EBC30301205874E2E7012067
:1077280070470220EEE70B46017903F00F02914201
:1077380034D310B5044613F0800F21D103F00702AB
:1077480002EB8201C90001F5A871014402EB820233
:1077580000EBC202002082F8510100228A7003F077
:1077680007030B7094F89032012B19D0012384F889
:107778009032206803F0E0F8002084F8900210BDF1
:1077880003F0070202EB8201C9001031014402EB49
:10779800820200EBC20201205074DEE7012070472C
:1077A8000220ECE711F0800F0BD001F0070101EB8C
:1077B8008101C9001031084452B90273C380002006
:1077C800704701EB8101C90001F5A8710844F3E78E
:1077D8000122027303811B0C4381F0E70346026810
:1077E8000121C0F8D012002083F8C802B2F8543042
:1077F8009BB20B43A2F85430B2F854309BB243F01A
:107808000203A2F854307047002836D13E4B1B685B
:1078180003F4C063B3F5806F08D03B4AD2F88030D8
:1078280023F48073C2F8803000207047364AD2F8BB
:10783800803023F48073C2F88030136823F4C06367
:1078480043F400731360314B1B68322202FB03F3CD
:107858002F4AA2FB03239B0C013300E0013B2A4A79
:10786800526912F4806F01D0002BF7D1264B5B6967
:1078780013F4806F44D100207047B0F5007F08D022
:10788800214A136823F4C06343F480631360002023
:1078980070471D4B1B6803F4C063B3F5806F08D0B5
:1078A800194AD2F8803043F48073C2F8803000203F
:1078B8007047154AD2F8803043F48073C2F880309C
:1078C800136823F4C06343F4007313600F4B1B6801
:1078D800322202FB03F30E4AA2FB03239B0C013363
:1078E80000E0013B084A526912F4806F01D0002B76
:1078F800F7D1054B5B6913F4806F03D10020704703
:1079080003207047032070470070004024000020C7
:1079180083DE1B43024A936843F4804393607047B5
:1079280000700040124BDA6802F00302DB68C3F310
:1079380003130133032A11D00E48B0FBF3F00C4BAC
:10794800DB68C3F3062303FB00F0094BDB68C3F3D2
:10795800416301335B00B0FBF3F070470648B0FBAE
:10796800F3F0034BDB68C3F3062303FB00F0ECE7FB
:10797800001002400024F40040787D01002800F047
:107988004F8270B582B00446036813F0010F37D0F8
:10799800A44A936803F00C03D26802F003020C2B8C
:1079A80023D0082B23D06368B3F5803F4ED0B3F5BE
:1079B800A02F51D09B4B1A6822F480321A601A68A3
:1079C80022F480221A606368002B52D0FCF720FB57
:1079D8000546944B1B6813F4003F11D1FCF718FBC4
:1079E800401B6428F5D9032023E2032AD9D18D4B03
:1079F8001B6813F4003F03D06368002B00F0128269
:107A0800236813F0020F5DD0864A936803F00C03D5
:107A1800D26802F003020C2B3AD0042B3AD0E36868
:107A2800002B75D07F4A136843F480731360FCF70A
:107A3800EFFA05467B4B1B6813F4806F5FD1FCF7A8
:107A4800E7FA401B0228F5D90320F2E1754A1368CA
:107A580043F480331360B6E703F18043A3F53C3366
:107A68001A6842F480221A601A6842F480321A6056
:107A7800A9E7FCF7CDFA05466A4B1B6813F4003FEB
:107A8800BED0FCF7C5FA401B6428F5D90320D0E125
:107A9800022AC2D1634B1B6813F4806F03D0E368DA
:107AA800002B00F0C1815F4A536823F0FE4321692F
:107AB80043EA016353605C4B1868FCF765FA0028D9
:107AC80040F0B481236813F0080F4CD063699BB36E
:107AD800544AD2F8943043F00103C2F89430FCF7CA
:107AE80097FA05464F4BD3F8943013F0020F3AD16A
:107AF800FCF78EFA401B0228F4D9032099E1494A81
:107B0800536823F0FE43216943EA01635360D9E7D0
:107B1800444A136823F480731360FCF779FA054626
:107B2800404B1B6813F4806FCCD0FCF771FA401BF4
:107B38000228F5D903207CE13A4AD2F8943023F0A0
:107B48000103C2F89430FCF763FA0546354BD3F8C5
:107B5800943013F0020F06D0FCF75AFA401B0228A3
:107B6800F4D9032065E1236813F0040F00F0818045
:107B78002C4B9B6D13F0805F36D12A4B9A6D42F0E7
:107B880080529A659B6D03F080530193019B0125F8
:107B9800264B1B6813F4807F28D0A368012B39D0AB
:107BA800052B45D01F4BD3F8902022F00102C3F8D3
:107BB8009020D3F8902022F00402C3F89020A36804
:107BC800002B43D0FCF724FA0646164BD3F8903026
:107BD80013F0020F4CD1FCF71BFA801B41F28833DB
:107BE8009842F2D9032024E10025D1E70F4A13680F
:107BF80043F480731360FCF70BFA06460B4B1B68C3
:107C080013F4807FC9D1FCF703FA801B0228F5D949
:107C180003200EE1034AD2F8903043F00103C2F882
:107C28009030CCE700100240AC010020007000400A
:107C3800884BD3F8902042F00402C3F89020D3F880
:107C4800902042F00102C3F89020B8E7FCF7E0F971
:107C58000646804BD3F8903013F0020F08D0FCF79B
:107C6800D7F9801B41F288339842F2D90320E0E02B
:107C7800E5B9236813F0200F35D0A369E3B1754A3D
:107C8800D2F8983043F00103C2F89830FCF7C0F9F5
:107C98000546704BD3F8983013F0020F23D1FCF748
:107CA800B7F9401B0228F4D90320C2E0694A936D52
:107CB80023F080539365DCE7664AD2F8983023F0C6
:107CC8000103C2F89830FCF7A3F90546614BD3F8D5
:107CD800983013F0020F06D0FCF79AF9401B0228DF
:107CE800F4D90320A5E0E369002B00F0A180594AEC
:107CF800926802F00C020C2A64D0022B13D0554A69
:107D0800136823F080731360FCF782F90446514B23
:107D18001B6813F0007F4ED0FCF77AF9001B02288D
:107D2800F5D9032085E04B4A136823F0807313606C
:107D3800FCF76EF90546474B1B6813F0007F06D029
:107D4800FCF766F9401B0228F5D9032071E0414A87
:107D5800D36841491940236A606A013843EA00132D
:107D6800A06A43EA0023206B4008013843EA4053E5
:107D7800606B4008013843EA4063E06A43EAC06345
:107D88001943D160136843F080731360D36843F0DC
:107D98008073D360FCF73CF904462E4B1B6813F044
:107DA800007F06D1FCF734F9001B0228F5D903201F
:107DB8003FE000203DE0274AD168284B0B40D360C4
:107DC800002036E0012B36D0224BDB6803F003019C
:107DD800226A914231D103F0F002616A0139B2EBB3
:107DE800011F2CD103F4FE42A16AB2EB012F28D166
:107DF80003F07842E16AB2EBC16F24D103F4C00109
:107E0800226B5208013AB1EB425F1ED103F0C06306
:107E1800626B5208013AB3EB426F18D1002008E0B8
:107E280001207047012004E0012002E0012000E069
:107E3800002002B070BD0120FBE70120F9E7012016
:107E4800F7E70120F5E70120F3E70120F1E701203A
:107E5800EFE700BF001002400C809F01FCFFEEFE20
:107E68001E4B9B6803F00C03042B33D01B4B9B6801
:107E780003F00C03082B2FD0184B9B6803F00C035E
:107E88000C2B01D000207047144BDA6802F0030273
:107E9800DB68C3F303130133032A11D01048B0FB86
:107EA800F3F00E4BDB68C3F3062303FB00F00B4B28
:107EB800DB68C3F3416301335B00B0FBF3F0704749
:107EC8000848B0FBF3F0054BDB68C3F3062303FB5C
:107ED80000F0ECE702487047024870470010024083
:107EE8000024F40040787D01002800F0E680F8B511
:107EF8000C460546744B1B6803F00F038B420BD2EC
:107F0800714A136823F00F030B431360136803F0DF
:107F18000F038B4240F0D3802E6816F001065FD025
:107F28006B68032B2FD0022B4DD0684B1B6813F4C2
:107F3800806F00F0C680FFF793FF654B98424DD9DC
:107F4800624A936823F0F00343F08003936080262D
:107F58005E4A936823F0030369680B439360FCF758
:107F680057F80746594B9B6803F00C036A68B3EB54
:107F7800820F35D0FCF74CF8C01B41F28833984289
:107F8800F0D9032078E0514B1B6813F0007F01D132
:107F9800012071E0FFF7C6FC4D4B98421AD94B4BB4
:107FA8009B6813F0F00F05D02E6816F00206CFD0AC
:107FB800AB688BB9454A936823F0F00343F080031C
:107FC80093608026C4E7414B1B6813F4003FB2D18D
:107FD800012051E00026BBE70026B9E70026B7E7F5
:107FE8002B6813F0020F48D013F0040F04D0374A5F
:107FF800936843F4E06393602B6813F0080F06D08E
:10800800324A936823F47C5343F4E06393602F4A25
:10801800936823F0F003A9680B4393602A4B1B680D
:1080280003F00F03A34230D82B6813F0040F06D0D7
:10803800264A936823F4E063E9680B4393602B684E
:1080480013F0080F07D0214A936823F46053296975
:1080580043EAC1039360FFF703FF1C4B9B68C3F31C
:1080680003131C4AD35C03F01F03D8401A4B186053
:108078001A4B1868FBF788FFF8BD802ECED1134A3B
:10808800936823F0F0039360C8E70F4A136823F05E
:108098000F0323431360FBF7BBFF06460A4B1B681D
:1080A80003F00F03A342BFD0FBF7B2FF801B41F2DE
:1080B80088339842F2D90320DEE701207047012077
:1080C800DAE70120D8E700BF002002400010024094
:1080D80000B4C40470CC000824000020AC010020C7
:1080E800014B1868704700BF2400002008B5FFF74F
:1080F800F7FF054B9B68C3F30223044AD35C03F0E4
:108108001F03D84008BD00BF0010024068CC00081B
:1081180008B5FFF7E5FF054B9B68C3F3C223044A84
:10812800D35C03F01F03D84008BD00BF0010024015
:1081380068CC0008024A136843F4002313607047B0
:10814800001002407047000008B5064BDB6913F4C5
:10815800807F00D108BDFFF7F5FF024B4FF4807216
:108168001A62F7E700100240F0B583B004460368CE
:1081780013F4002F6ED0354B9B6D13F0805F1ED12A
:10818800324B9A6D42F080529A659B6D03F0805392
:108198000193019B01262E4A136843F480731360F0
:1081A800FBF736FF05462A4B1B6813F4807F08D17E
:1081B800FBF72EFF401B0228F5D9032502E0002615
:1081C800E9E7002545BB214BD3F8903013F4407301
:1081D80015D0226D9A4212D01C4AD2F8903023F45E
:1081E8004073D2F8901041F48031C2F89010D2F860
:1081F800901021F48031C2F89010C2F8903013F03A
:10820800010F10D145B9114AD2F8903023F44073C8
:10821800216D0B43C2F89030EEB10C4A936D23F0F8
:108228008053936517E0FBF7F3FE0746074BD3F837
:10823800903013F0020FE5D1FBF7EAFEC01B41F2C4
:1082480088339842F2D90325DCE700BF00100240CA
:10825800007000400025236813F0010F08D09F4AE2
:10826800D2F8883023F0030361680B43C2F88830E2
:10827800236813F0020F08D0984AD2F8883023F008
:108288000C03A1680B43C2F88830236813F0040F6D
:1082980008D0924AD2F8883023F03003E1680B43C3
:1082A800C2F88830236813F0080F08D08B4AD2F838
:1082B800883023F0C00321690B43C2F88830236853
:1082C80013F0100F08D0854AD2F8883023F4407391
:1082D80061690B43C2F88830236813F0200F08D077
:1082E8007E4AD2F8883023F44063A1690B43C2F870
:1082F8008830236813F0400F08D0784AD2F88830C5
:1083080023F44053E1690B43C2F88830236813F023
:10831800800F08D0714AD2F8883023F44043216A8C
:108328000B43C2F88830236813F4807F08D06B4A67
:10833800D2F8883023F44033616A0B43C2F888309E
:10834800236813F4003F08D0644AD2F89C3023F025
:108358000303A16A0B43C2F89C30236813F4007F1F
:1083680008D05E4AD2F8883023F44023E16A0B43F0
:10837800C2F88830236813F4806F0CD0574AD2F8BB
:10838800883023F44013216B0B43C2F88830236BE9
:10839800B3F5801F79D0236813F4006F0CD04F4ACF
:1083A800D2F8883023F44003616B0B43C2F888305D
:1083B800636BB3F5800F6DD0236813F4805F0CD026
:1083C800464AD2F8883023F04073A16B0B43C2F8B9
:1083D8008830A36BB3F1807F61D0236813F4005F0A
:1083E8000CD03E4AD2F8883023F04063E16B0B434F
:1083F800C2F88830E36BB3F1006F55D0236813F4EB
:10840800804F0CD0354AD2F8883023F04063216C75
:108418000B43C2F88830236CB3F1006F49D023684E
:1084280013F4004F0CD02D4AD2F8883023F0405373
:10843800616C0B43C2F88830636CB3F1805F3DD048
:10844800236813F4803F0CD0244AD2F8883023F0F4
:108458004043A16C0B43C2F88830A36CB3F1804F42
:1084680031D0236813F4802F0CD01C4AD2F89C30EA
:1084780023F44013E16C0B43C2F89C30E36CB3F572
:10848800001F25D0284603B0F0BDD36843F48013FD
:10849800D36080E7D36843F48013D3608CE7D36854
:1084A80043F48013D36098E7D36843F48013D36010
:1084B800A4E7D36843F48013D360B0E7D36843F4E8
:1084C8008033D360BCE7D36843F48033D360C8E714
:1084D800D36843F48013D360D4E700BF0010024090
:1084E8002DE9F04782B00546884617461E46FBF739
:1084F8008FFD0A9B1B1A03EB0609FBF789FD8246D1
:10850800284B1B68C3F3CB3309FB03F301932B6898
:108518009C6838EA04040CBF01230023BB423DD009
:10852800B6F1FF3FF3D0FBF773FDA0EB0A00484517
:1085380003D2019B73BB9946E9E72A68536823F085
:10854800E00353606B68B3F5827F0BD0AB6AB3F579
:10855800005F14D0012385F85D30002385F85C3076
:1085680003201CE0AB68B3F5004F02D0B3F5806F71
:10857800ECD12A68136823F040031360E6E72A6801
:10858800136823F4005313602A68136843F40053F4
:108598001360DFE7019B013B0193B8E7002002B0BD
:1085A800BDE8F087240000202DE9F04782B0064698
:1085B8000C4615461F4600238DF80330FBF728FDAF
:1085C8000A9B1B1A03EB0708FBF722FD8146D6F826
:1085D80000A0304B1B6803EB8303C3EBC3031B0DE5
:1085E80008FB03F3019302E0B7F1FF3F12D13368B0
:1085F8009B6803EA040CAC4547D0B4F5C06FF3D1CF
:10860800002DF1D19AF80C30DBB28DF803309DF8CB
:108618000330E9E7FBF7FCFCA0EB0900404503D277
:10862800019B73BB9846E2E73268536823F0E00386
:1086380053607368B3F5827F0BD0B36AB3F5005FFC
:1086480014D0012386F85D30002386F85C300320BF
:108658001CE0B368B3F5004F02D0B3F5806FECD1DE
:108668003268136823F040031360E6E73268136842
:1086780023F4005313603268136843F40053136003
:10868800DFE7019B013B0193B1E7002002B0BDE8A1
:10869800F08700BF2400002070B582B004460D4664
:1086A800164600920B4600224FF4C051FFF77CFF9C
:1086B800B0B900962B46002280212046FFF710FF14
:1086C800A8B900962B4600224FF4C0612046FFF758
:1086D8006BFF50B1236E43F020032366032004E0B0
:1086E800236E43F020032366032002B070BD236E7F
:1086F80043F0200323660320F7E700286FD010B566
:108708000446436A33B94368B3F5827F05D0002332
:10871800C36102E00023036143610023A36294F86C
:108728005D30002B52D0022384F85D302268136834
:1087380023F040031360E368B3F5E06F4CD90022DF
:10874800B3F5706F04D0B3F5E06F01D00023A362D6
:10875800636803F48273A16801F404410B4321693F
:1087680001F002010B43616901F001010B43A169AA
:1087780001F400710B43E16901F038010B43216AF0
:1087880001F080010B43A16A01F4005120680B43FA
:108798000360638B03F00403616A01F010010B436B
:1087A800616B01F008010B43E16801F470610B4350
:1087B80021681A434A602268D36923F40063D361AD
:1087C80000202066012384F85D3010BD84F85C30F9
:1087D8002046FAF753F8A6E74FF48052B0E7012095
:1087E80070472DE9F8430446884691461F46089D80
:1087F800FBF70EFC064694F85D30DBB26268012B8D
:108808000AD0B2F5827F40F05C81A268002A40F06D
:108818005B81042B40F05A81B8F1000F00F05881B9
:10882800B9F1000F00F05681002F00F0558194F83F
:108838005C30012B00F05281012384F85C3094F8FD
:108848005D30DBB2042B02D0052384F85D300023B1
:108858002366C4F84090A4F84670A4F84470C4F89D
:108868003880E787A787E3642365E368B3F5E06F9B
:1088780001D8012F23D92268536823F48053536009
:1088880023681A6812F0400F03D11A6842F04002B8
:108898001A60E368B3F5E06F5FD963680BB1012F25
:1088A8000BD1A26B23681288DA60A36B0233A3632F
:1088B800E38F9BB2013B9BB2E387012730E022683C
:1088C800536843F480535360DAE7A26B1288DA6086
:1088D800A36B0233A363E38F9BB2013B9BB2E38795
:1088E800002723689A6812F0010F11D0B4F84620C7
:1088F80092B26AB1DA68236C1A80236C023323645B
:10890800B4F846309BB2013B9BB2A4F8463001272D
:10891800FBF77EFB831BAB4202D3B5F1FF3F14D1BB
:10892800E38F9BB22BB9B4F846309BB2002B00F012
:10893800B18023689A6812F0020FD2D0E28F92B207
:10894800002ACED0002FCCD0BFE7012384F85D30B9
:10895800002384F85C300320B4E063680BB1012F76
:108968000FD1E38F9BB2012B0DD9A26B236812881C
:10897800DA60A36B0233A363E38F9BB2023B9BB223
:10898800E387012749E0A26B236812781A73A36B67
:108998000133A363E38F9BB2013B9BB2E387F0E70C
:1089A800E28F92B2012A0CD9A26B1288DA60A36B0B
:1089B8000233A363E38F9BB2023B9BB2E38700279A
:1089C8003DE0A26B12781A73A36B0133A363E38FA4
:1089D8009BB2013B9BB2E387002730E022685368D3
:1089E80043F48053536001270DE0226C1B7B137006
:1089F800236C01332364B4F846309BB2013B9BB22D
:108A0800A4F846300127FBF703FB801BA84202D3DA
:108A1800B5F1FF3F36D1002D34D0E38F9BB223B997
:108A2800B4F846309BB2002B34D023689A6812F011
:108A3800020F04D0E28F92B20AB1002FB0D123689E
:108A48009A6812F0010FDED0B4F8462092B2002ADC
:108A5800D9D0B4F8462092B2012AC6D9DA68236C74
:108A68001A80236C02332364B4F846309BB2023B6D
:108A78009BB2A4F84630B4F846309BB2012BADD96E
:108A88000127C0E7012384F85D30002384F85C30B7
:108A9800032017E0324629462046FFF7FDFD48B976
:108AA800012384F85D30002384F85C30236E4BB1D9
:108AB800012007E020232366002384F85C3001208E
:108AC80000E00220BDE8F8830220FBE70220F9E776
:108AD8000120F7E70120F5E70120F3E70220F1E79D
:108AE80030B4026A036A23F00103036244688369AD
:108AF80023F4803323F073030D681D4322F0020230
:108B08008B681343214A904213D002F500629042C9
:108B18000FD002F5406290420BD002F5806290427D
:108B280007D002F58062904203D002F500629042BD
:108B380007D1026A22F00402026223F00803CA681D
:108B48001343124A904213D002F5006290420FD0AC
:108B580002F5406290420BD002F58062904207D045
:108B680002F58062904203D002F50062904205D17E
:108B780024F440744A6922438C6914434460856133
:108B88004A684263036230BC704700BF002C014052
:108B980030B4036A026A22F4807202624468C269CD
:108BA80022F4803222F073020D68154323F4007317
:108BB8008A6843EA02231D4A904207D002F5006200
:108BC800904203D002F5E052904208D1026A22F4A2
:108BD8008062026223F40063CA6843EA0223134AEC
:108BE800904213D002F5006290420FD002F5406225
:108BF80090420BD002F58062904207D002F5806265
:108C0800904203D002F50062904207D124F4405408
:108C18004A6944EA02148A6944EA02144460C56154
:108C28004A68C263036230BC704700BF002C014031
:108C380030B4036A026A22F4805202624468C2694C
:108C480022F0807222F4E6420D6842EA052223F4FB
:108C580000538D6843EA05331C4DA84207D005F53B
:108C68000065A84203D005F5E055A84208D1056A79
:108C780025F48045056223F40043CD6843EA0533B3
:108C8800124DA84213D005F50065A8420FD005F58E
:108C98004065A8420BD005F58065A84207D005F5C8
:108CA8008065A84203D005F50065A84207D124F4E1
:108CB80040444D6944EA85148D6944EA851444604A
:108CC800C2614A680264036230BC7047002C0140EC
:108CD80030B4036A026A22F4803202624468026D88
:108CE80022F4803222F070020D68154323F4003319
:108CF8008A6843EA0243114A904213D002F500629F
:108D080090420FD002F5406290420BD002F580628B
:108D1800904207D002F58062904203D002F50062CB
:108D2800904204D124F480344A6944EA022444601D
:108D380005654A688264036230BC7047002C0140B4
:108D480030B4036A026A22F4801202624468026D37
:108D580022F0807222F4E0420D6842EA052223F4F0
:108D680000138D6843EA0553114DA84213D005F549
:108D78000065A8420FD005F54065A8420BD005F55F
:108D88008065A84207D005F58065A84203D005F59F
:108D98000065A84204D124F480244D6944EA85245E
:108DA800446002654A68C264036230BC704700BF11
:108DB800002C014090F83D30DBB2012B3AD1022360
:108DC80080F83D300268D36843F00103D36003683C
:108DD8001B4A934220D0B3F1804F1DD0A2F59432A4
:108DE800934219D002F58062934215D002F5806251
:108DF800934211D002F5943293420DD002F54062AD
:108E0800934209D002F58052934205D01A6842F085
:108E180001021A600020704799680A4A0A40062A27
:108E28000AD0B2F5803F09D01A6842F001021A60F0
:108E380000207047012070470020704700207047CD
:108E4800002C0140070001007047704770477047C9
:108E580070B505460368DE681C6914F0020F10D06F
:108E680016F0020F0DD06FF002021A61012303778A
:108E780003689B6913F0030F7CD0FFF7E6FF00231C
:108E88002B7714F0040F12D016F0040F0FD02B68B4
:108E98006FF004021A6102232B772B689B6913F485
:108EA800407F6DD02846FFF7D0FF00232B7714F0C2
:108EB800080F12D016F0080F0FD02B686FF00802B9
:108EC8001A6104232B772B68DB6913F0030F5ED03C
:108ED8002846FFF7BAFF00232B7714F0100F12D0A3
:108EE80016F0100F0FD02B686FF010021A610823CC
:108EF8002B772B68DB6913F4407F4FD02846FFF7A8
:108F0800A4FF00232B7714F0010F02D016F0010FF5
:108F18004BD114F4025F02D016F0800F4DD114F437
:108F2800807F02D016F0800F4FD114F0400F02D08E
:108F380016F0400F51D114F0200F02D016F0200F78
:108F480053D114F4801F02D016F4801F55D114F4A5
:108F5800001F02D016F4001F57D114F4800F02D05E
:108F680016F4800F59D114F4000F02D016F4000F34
:108F78005BD170BDFFF768FF2846FFF767FF7EE704
:108F88002846FFF761FF2846FFF760FF8DE7284670
:108F9800FFF75AFF2846FFF759FF9CE72846FFF7D7
:108FA80053FF2846FFF752FFABE72B686FF001022B
:108FB8001A612846F9F79EFAABE72B686FF402525C
:108FC8001A61284600F073FBA9E72B686FF48072DA
:108FD8001A61284600F06CFBA7E72B686FF0400287
:108FE8001A612846FFF733FFA5E72B686FF02002C8
:108FF8001A61284600F05AFBA3E72B686FF4801229
:109008001A61284600F055FBA1E72B686FF400129F
:109018001A61284600F04EFB9FE72B686FF4800228
:109028001A61284600F047FB9DE72B686FF40002A1
:109038001A61284600F040FB9BE700000368384AA5
:10904800904216D0B0F1804F13D0A2F594329042DE
:109058000FD002F5806290420BD002F580629042F8
:1090680007D002F59432904203D002F5E0529042C4
:1090780003D123F070034A681343294A904222D04F
:10908800B0F1804F1FD0A2F5943290421BD002F568
:109098008062904217D002F58062904213D002F5A8
:1090A800943290420FD002F5406290420BD002F504
:1090B8008062904207D002F58062904203D002F5A8
:1090C8000062904203D123F44073CA68134323F02B
:1090D80080034A6913438A68C2620A688262104A36
:1090E800904213D002F5006290420FD002F5406220
:1090F80090420BD002F58062904207D002F5806260
:10910800904203D002F50062904201D10A690263DD
:10911800026842F004020260012242610360704763
:10912800002C014060B310B5044690F83D3013B3ED
:10913800022384F83D30214651F8040BFFF77EFFE7
:10914800012384F8483084F83E3084F83F3084F8AE
:10915800403084F8413084F8423084F8433084F851
:10916800443084F8453084F8463084F8473084F831
:109178003D30002010BD80F83C30F9F7ADFED7E750
:109188000120704760B310B5044690F83D3013B322
:10919800022384F83D30214651F8040BFFF74EFFB7
:1091A800012384F8483084F83E3084F83F3084F84E
:1091B800403084F8413084F8423084F8433084F8F1
:1091C800443084F8453084F8463084F8473084F8D1
:1091D8003D30002010BD80F83C30F9F7CDFED7E7D0
:1091E8000120704730B4036A026A22F0100202625A
:1091F8004468826922F0807222F4E6420D6842EAED
:10920800052223F020038D6843EA05131C4DA8426C
:1092180007D005F50065A84203D005F5E055A8423A
:1092280008D1056A25F04005056223F08003CD6862
:1092380043EA0513124DA84213D005F50065A8426C
:109248000FD005F54065A8420BD005F58065A8420A
:1092580007D005F58065A84203D005F50065A8424A
:1092680007D124F440644D6944EA85048D6944EAD1
:109278008504446082614A688263036230BC704737
:10928800002C014038B590F83C30012B00F0958057
:1092980004460D46012380F83C30142A00F28880E9
:1092A800DFE802F00B8686861F86868634868686E9
:1092B800488686865D86868671000068FFF710FC02
:1092C8002268936943F0080393612268936923F045
:1092D800040393612268936929690B439361002011
:1092E80067E00068FFF77EFF2268936943F4006334
:1092F80093612268936923F4806393612268936978
:10930800296943EA01239361002052E00068FFF7CE
:109318003FFC2268D36943F00803D3612268D3690C
:1093280023F00403D3612268D36929690B43D3610D
:1093380000203EE00068FFF77BFC2268D36943F415
:109348000063D3612268D36923F48063D361226800
:10935800D369296943EA0123D361002029E0006821
:10936800FFF7B6FC2268136D43F008031365226803
:10937800136D23F0040313652268136D29690B43E9
:109388001365002015E00068FFF7DAFC2268136D0A
:1093980043F4006313652268136D23F48063136537
:1093A8002268136D296943EA01231365002000E050
:1093B8000120002384F83C3038BD0220FCE701F08E
:1093C8001F014FF0010C0CFA01FC036A23EA0C039D
:1093D8000362036A8A4013430362704710B5044668
:1093E80010293DD8DFE801F0093C3C3C203C3C3CDE
:1093F800273C3C3C2E3C3C3C350090F83E30DBB2F0
:10940800013B18BF0123002B40F09B80102900F27C
:109418008680DFE801F02C848484748484847884D2
:1094280084847C848484800090F83F30DBB2013BE4
:1094380018BF0123E7E790F84030DBB2013B18BFC3
:109448000123E0E790F84130DBB2013B18BF01236C
:10945800D9E790F84230DBB2013B18BF0123D2E7CD
:1094680090F84330DBB2013B18BF0123CBE702235E
:1094780084F83E3001222068FFF7A1FF2368344AB0
:10948800934213D002F5006293420FD002F5406276
:1094980093420BD002F58062934207D002F58062B6
:1094A800934203D002F50062934203D15A6C42F40E
:1094B80000425A642368264A934234D0B3F1804F5D
:1094C80031D0A2F5943293422DD002F580629342B6
:1094D80029D002F58062934225D002F59432934256
:1094E80021D002F5406293421DD002F5805293428A
:1094F80019D01A6842F001021A60002022E0022303
:1095080084F83F30B6E7022384F84030B2E70223FC
:1095180084F84130AEE7022384F84230AAE70223F8
:1095280084F84330A6E799680A4A0A40062A0AD00E
:10953800B2F5803F09D01A6842F001021A60002093
:1095480000E0012010BD0020FCE70020FAE700BF82
:10955800002C01400700010090F83C20012A4CD063
:1095680030B40346012280F83C20022280F83D20D6
:10957800006842688468224DA84207D005F5006556
:10958800A84203D005F5E055A84203D122F47002A1
:109598004D682A4322F0007222F070020D682A43B7
:1095A80042601A68164882421AD0B2F1804F17D02A
:1095B800A0F59430824213D000F5806082420FD02B
:1095C80000F5806082420BD000F59430824207D0CB
:1095D80000F54060824203D000F58050824204D1F9
:1095E80024F08004896821439160012283F83D209A
:1095F800002083F83C0030BC70470220704700BF51
:10960800002C014090F83C30012B4AD010B402469F
:10961800012380F83C30CB6823F440738868034307
:1096280023F480634868034323F400630868034312
:1096380023F480530869034323F400534869034320
:1096480023F48043086B034323F47023886943EAB7
:10965800004323F08053C86903431068124CA042AA
:1096680007D004F50064A04203D004F5E054A042FA
:1096780010D123F470038C6A43EA045323F08073F7
:109688000C6A234323F000734C6A234323F00053EE
:10969800C96A0B434364002082F83C005DF8044B20
:1096A80070470220704700BF002C01407047704788
:1096B80070477047704770477047026852E8003F2C
:1096C80023F0C00342E800310029F6D1026802F114
:1096D800080353E8003F23F40003083242E800314E
:1096E8000029F3D12023C0F888307047026852E877
:1096F800003F23F4907342E800310029F6D1026854
:1097080002F1080353E8003F23F0805323F00103DC
:10971800083242E800310029F1D1C36E012B06D08E
:109728002023C0F88C300023C36643677047026863
:1097380052E8003F23F0100342E800310029F6D137
:10974800EEE700001346D0F88820202A3DD110B556
:10975800044600293BD0002B3BD00165A0F85430CB
:10976800A0F856300022C0F890202122C0F88820A6
:10977800C26FCAB11849D162C26F18491163C26F6A
:1097880017495163C26F0021916302682832016D45
:10979800C06FFBF715FD38B11023C4F890302023B3
:1097A800C4F8883001200FE0236840221A6222683A
:1097B80002F1080353E8003F43F08003083242E80F
:1097C80000310029F3D1002010BD0220704701208C
:1097D800FAE70120F8E700BFED970008379800087E
:1097E8004598000808B50346806A1B681B6813F093
:1097F800200F18D10023A0F85630026802F10803A0
:1098080053E8003F23F08003083242E80031002982
:10981800F3D1026852E8003F43F0400342E80031C8
:109828000029F6D108BDFAF731FAFBE7704708B509
:10983800806AFFF7FBFF08BD7047704738B5846A38
:10984800D4F88820D4F88C5023689B6813F0800FD4
:1098580001D0212A10D023689B6813F0400F01D053
:10986800222D0DD0D4F8903043F01003C4F8903076
:109878002046FAF7D7F938BD2046FFF71EFFEAE77A
:109888002046FFF733FFEDE708B50346806A01225B
:109898000267C26E012A13D1B0F85C104A08A0F81A
:1098A8005E201B685B689BB2994201D3A0F85E30CA
:1098B800B0F85E309BB2C91A89B2FAF7B1F908BD9F
:1098C800FFF7BBFFFBE708B58446806ADCF8003089
:1098D8001B6813F0200F29D10023A0F85E3002681E
:1098E80052E8003F23F4807342E800310029F6D1A2
:1098F800026802F1080353E8003F23F0010308322D
:1099080042E800310029F3D1026802F1080353E864
:10991800003F23F04003083242E800310029F3D128
:109928002023C0F88C30C36E012B19D000230367A5
:10993800C36E012B1ED10023A0F85E30DCF8003086
:109948005B689BB2B0F85C10994201D9A0F85E3010
:10995800B0F85E309BB2C91A89B2FAF761F908BD4E
:10996800026852E8003F23F0100342E80031002962
:10997800F6D1DBE7FFF760FFF1E7000070B50446BA
:10998800016883680269134342691343C269134338
:109998000868964A02401A430A602268536823F40A
:1099A8004053E1680B435360A1692268904B9A4287
:1099B80001D0236A1943936823F06E4323F430637C
:1099C8000B4393602268D36A23F00F03616A0B4349
:1099D800D3622368874A934210D0874A934221D0A2
:1099E800864A934237D0864A93425CD0854A93424E
:1099F8006BD07F4A93427DD010223AE002F558425C
:109A0800D2F8882002F00302032A09D8DFE802F01E
:109A18000204870601222CE004222AE0082228E01A
:109A2800102226E002F5E632D2F8882002F00C0275
:109A38000C2A0ED8DFE802F0070D0D0D090D0D0DEB
:109A4800750D0D0D0B00002213E0042211E0082211
:109A58000FE010220DE002F5E432D2F8882002F07F
:109A68003002202A5FD01AD8002A5ED0102A5ED190
:109A780004225F498B4276D0E069B0F5004F00F0D0
:109A8800C980082A00F23481DFE812F0F7001901D2
:109A9800F50032011C013201320132011F01302A66
:109AA80047D10822E5E702F5E232D2F8882002F031
:109AB800C002802A3FD004D8FAB3402A3FD10422FA
:109AC800D7E7C02A3DD10822D3E702F5E032D2F821
:109AD800882002F44072B2F5007F34D005D8A2B3D2
:109AE800B2F5807F33D10422C3E7B2F5407F30D18D
:109AF8000822BEE702F5C832D2F8882002F4406294
:109B0800B2F5006F27D005D83AB3B2F5806F26D1E9
:109B18000422AEE7B2F5406F23D10822A9E702225A
:109B2800A7E70222A5E70222A3E70022A1E7102265
:109B38009FE710229DE702229BE7002299E7102267
:109B480097E7102295E7022293E7002291E7102277
:109B58008FE710228DE702228BE7002289E7102287
:109B680087E7102285E7082A00F2B280DFE802F0D2
:109B780008B03BB038B0B0B005004FF4004004E086
:109B8800FEF7B4FA002800F0A580626A1E4B33F88D
:109B98001220B0FBF2F3656805EB4501994200F22B
:109BA8009B80B3EB053F00F299800026334631468F
:109BB800F6F74CFF090241EA106100026B08C01871
:109BC8002A46334641F10001F6F740FFA0F54072FE
:109BD8000E4B9A4200F284802368D860304665E0D4
:109BE800FEF73EF9CEE70A48CFE700BFF369FFCF9B
:109BF8000080004000380140004400400048004018
:109C0800004C00400050004080CC0008FFFC0F00D2
:109C18000024F400082A65D8DFE802F00727056465
:109C28002A6464640B00354803E0FEF75FFA0028F5
:109C38005AD0626A324B33F81230B0FBF3F06268E4
:109C4800530803EB4003B3FBF2F3A3F110014FF603
:109C5800EF7291424AD89AB222F00F02C3F342033C
:109C680013432268D360002020E0FEF751FADEE7B4
:109C7800FEF7F6F8DBE7214803E0FEF737FA00289D
:109C880038D0626A1E4B33F81230B0FBF3F06368C9
:109C980000EB5300B0FBF3F0A0F110024FF6EF73A6
:109CA8009A4229D8236880B2D86000200123A4F8FA
:109CB8006A30A4F8683000236367A36770BDFEF7B5
:109CC80027FADCE7FEF7CCF8D9E74FF40040D8E7ED
:109CD8000120EBE70020E9E70120E7E70120E5E7BD
:109CE8000120E3E70120E1E70020DFE70120DDE7CD
:109CF8000120DBE70020D9E70120D7E70024F400A2
:109D080080CC0008836A13F0080F06D002685368F5
:109D180023F40043816B0B435360836A13F0010FF4
:109D280006D00268536823F40033C16A0B435360BA
:109D3800836A13F0020F06D00268536823F4803355
:109D4800016B0B435360836A13F0040F06D002685B
:109D5800536823F48023416B0B435360836A13F0E9
:109D6800100F06D00268936823F48053C16B0B432D
:109D78009360836A13F0200F06D00268936823F477
:109D88000053016C0B439360836A13F0400F0AD0B1
:109D98000268536823F48013416C0B435360436C8F
:109DA800B3F5801F0BD0836A13F0800F06D00268CA
:109DB800536823F40023C16C0B4353607047026857
:109DC800536823F4C003816C0B435360EBE72DE920
:109DD800F84305460E4617469946DDF820802B685D
:109DE800DC6936EA04040CBF01240024BC4236D1E5
:109DF800B8F1FF3FF3D0FAF70BF9A0EB09004045A3
:109E080030D8B8F1000F2FD02B681A6812F0040F61
:109E1800E5D0802EE3D0402EE1D0DA6912F0080FA9
:109E280011D1DA6912F4006FD9D04FF400621A62C6
:109E38002846FFF75BFC2023C5F89030002385F8FF
:109E4800843003200CE008241C622846FFF74EFCEF
:109E5800C5F89040002385F88430012000E00020F8
:109E6800BDE8F8830320FBE70320F9E730B583B0AA
:109E780004460023C0F89030FAF7CAF8054622686D
:109E8800126812F0080F10D123681B6813F0040F32
:109E980028D12023C4F88830C4F88C300020E0662C
:109EA800206784F8840003B030BD6FF07E430093D0
:109EB800034600224FF400112046FFF788FF0028D0
:109EC800E2D0226852E8003F23F0800342E80031E4
:109ED8000029F6D12023C4F88830002384F8843080
:109EE8000320E0E76FF07E4300932B4600224FF4F7
:109EF80080012046FFF76BFF0028CAD0226852E88D
:109F0800003F23F4907342E800310029F6D122681B
:109F180002F1080353E8003F23F00103083242E846
:109F280000310029F3D12023C4F88C30002384F8B1
:109F380084300320B7E778B310B50446D0F88830EA
:109F48000BB32423C4F888302268136823F0010374
:109F58001360A36AE3B92046FFF710FD012811D06A
:109F68002268536823F4904353602268936823F06F
:109F78002A0393602268136843F0010313602046A4
:109F8800FFF774FF10BD80F88430F9F7FBFED8E7BF
:109F98002046FFF7B7FEDEE70120704710B50446FC
:109FA80013468165A0F85C200022C0F89020222288
:109FB800C0F88C20D0F88020AAB12149D162D0F80D
:109FC800802020491163D0F880201F495163D0F8C0
:109FD8008020002191630168826D2431D0F88000CF
:109FE800FBF7EEF820BB236943B1226852E8003F33
:109FF80043F4807342E800310029F6D1226802F167
:10A00800080353E8003F43F00103083242E80031F7
:10A018000029F3D1226802F1080353E8003F43F016
:10A028004003083242E800310029F3D1002010BD76
:10A038001023C4F890302023C4F88C300120F6E7B0
:10A04800CF980008919800084598000838B5D0F8CE
:10A058008C30202B17D1C1B1CAB10023C366036865
:10A068000C4CA3420CD05B6813F4000F08D00468B2
:10A0780054E8003F43F0806344E80035002DF6D1F2
:10A08800FFF78CFF00E0022038BD0120FCE701202B
:10A09800FAE700BF00800040436E2BB90123A0F807
:10A0A8006A30A0F86830704730B403689A68C2F321
:10A0B80042629968490F094D6B5CDB00084C615C92
:10A0C80093FBF1F3A0F86A30AB5CDB00A25C93FB76
:10A0D800F2F3A0F8683030BC704700BFA0CC00088D
:10A0E80098CC000890F88430012B18D0012380F810
:10A0F80084302423C0F8883003681A68196821F06E
:10A108000101196022F000520023436601680A60C9
:10A118002022C0F8882080F8843018467047022032
:10A12800704738B590F88430012B1DD004460123C0
:10A1380080F884302423C0F8883003681D681A68C2
:10A1480022F001021A600268936823F06043194301
:10A158009160FFF7A1FF23681D602023C4F88830B1
:10A16800002084F8840038BD0220FCE738B590F858
:10A178008430012B1DD00446012380F88430242329
:10A18800C0F8883003681D681A6822F001021A6056
:10A198000268936823F0606319439160FFF77CFFBE
:10A1A80023681D602023C4F88830002084F88400C8
:10A1B80038BD0220FCE703460020A3F844004BF614
:10A1C8008072A3F840207047B0F8403023F47E53E3
:10A1D8005B045B0CA0F840300020704782B0034657
:10A1E80002A800E906000122A3F840200020A3F8F5
:10A1F8004000A3F84400A3F8500002B0704710B51F
:10A20800034691F800C030F82C2092B222F4EC42B8
:10A2180022F0700292B2C878032861D8DFE800F013
:10A22800555C0258002048F2800E42EA0E0223F8DC
:10A238002C2091F800C033F82C2092B222F4E0428E
:10A2480022F070024CEA020242EA0E0223F82C20A5
:10A258000A7B002A40F0DC804A78002A51D0B3F803
:10A26800502013FA82F20C7802EBC402B1F806C04F
:10A278004FEA5C0C4FEA4C0CA2F800C40C7833F897
:10A28800242012F0400F0CD033F8242092B222F48C
:10A29800E04222F0700242F4004242F0C00223F889
:10A2A8002420CA78012A1DD0097833F8212092B2D7
:10A2B80022F4E04222F0400282F0200242F40042FE
:10A2C80042F0800223F82120C3E142F40072AAE799
:10A2D80042F4C0620020A6E742F480620020A2E7B0
:10A2E8000120A0E7097833F8212092B222F4E04255
:10A2F80022F0400242F4004242F0800223F821207A
:10A30800A7E1B3F8502013FA82F20C7802EBC402EA
:10A31800B1F806C04FEA5C0C4FEA4C0CA2F804C432
:10A32800B3F8502013FA82F20C7802EBC402B2F8A8
:10A3380006C4CCF3090CA2F806C40C6974BBB2F8C5
:10A3480006C46FEA4C4C6FEA5C4C1FFA8CFCA2F80E
:10A3580006C40C7833F8242012F4804F0CD033F85C
:10A36800242092B222F4E04222F0700242F44042E9
:10A3780042F0800223F824200978C9BB33F8212051
:10A3880092B222F4804222F0700282F4405242F4E7
:10A39800004242F0800223F821205AE13E2C12D8D4
:10A3A8004FEA540C14F0010F01D00CF1010CB2F873
:10A3B8000644A4B24FEA8C2C1FFA8CFC44EA0C0425
:10A3C800A2F80644C5E74FEA541C14F01F0F01D148
:10A3D8000CF1FF3CB2F80644A4B24FEA8C2C1FFAE9
:10A3E8008CFC44EA0C0444F40044A2F80644B0E7A8
:10A3F80033F8212092B222F4804222F0700282F4D3
:10A40800005242F4004242F0800223F8212020E169
:10A41800CA78022A74D091F800C033F82C2092B27E
:10A4280022F4E24222F0700242F4004242F080023A
:10A4380023F82C20B3F8502013FA82F291F800C0C8
:10A4480002EBCC02B1F808C04FEA5C0C4FEA4C0CA6
:10A45800A2F800C4B3F8502013FA82F291F800C0B1
:10A4680002EBCC02B1F80AC04FEA5C0C4FEA4C0C84
:10A47800A2F804C44A78002A40F0F7800C7833F830
:10A48800242012F4804F0CD033F8242092B222F406
:10A49800E04222F0700242F4404242F0800223F887
:10A4A80024200C7833F8242012F0400F0CD033F815
:10A4B800242092B222F4E04222F0700242F40042D8
:10A4C80042F0C00223F824204A78002A51D1B3F878
:10A4D800502013FA82F20C7802EBC402B2F802445C
:10A4E800C4F30904A2F802440C69C4B9B2F80244DE
:10A4F8006FEA44446FEA5444A4B2A2F802443AE032
:10A508000C7833F8242092B222F4E04222F0700250
:10A5180042F4014242F0800223F824208AE73E2CCC
:10A5280012D84FEA540C14F0010F01D00CF1010CB1
:10A53800B2F80244A4B24FEA8C2C1FFA8CFC44EA0D
:10A548000C04A2F8024416E04FEA541C14F01F0F42
:10A5580001D10CF1FF3CB2F80244A4B24FEA8C2CB2
:10A568001FFA8CFC44EA0C0444F40044A2F80244A8
:10A5780001E0012A1BD04A78002A4DD1B3F85020B7
:10A5880013FA82F20C7802EBC402B2F80644C4F360
:10A598000904A2F806440C69A4B9B2F806446FEAA3
:10A5A80044446FEA5444A4B2A2F8064436E0B3F82F
:10A5B800502013FA82F20C7802EBC4020C8AA2F83B
:10A5C8000244D8E73E2C12D84FEA540C14F0010F7D
:10A5D80001D00CF1010CB2F80644A4B24FEA8C2C5D
:10A5E8001FFA8CFC44EA0C04A2F8064416E04FEA71
:10A5F800541C14F01F0F01D10CF1FF3CB2F80644B3
:10A60800A4B24FEA8C2C1FFA8CFC44EA0C0444F4E4
:10A618000044A2F8064401E0012A1BD091F800C0CA
:10A6280033F82C2092B222F4804222F0700282F495
:10A63800405248F28004224323F82C20097833F84A
:10A64800212092B222F4E04222F04002224323F871
:10A65800212010BDB3F8502013FA82F20C7802EBD7
:10A66800C4020C8AA2F80644D8E70C7833F82420F0
:10A6780012F4804F0CD033F8242092B222F4E04236
:10A6880022F0700242F4404242F0800223F8242073
:10A698000C7833F8242012F0400F0CD033F8242023
:10A6A80092B222F4E04222F0700242F4004242F0F8
:10A6B800C00223F82420CA78012A1ED00C7833F867
:10A6C800242092B222F4E04222F0400282F02002DA
:10A6D80042F4004242F0800223F82420097833F83B
:10A6E800212092B222F4804222F0700242F4004209
:10A6F80042F0800223F82120ABE70C7833F82420BD
:10A7080092B222F4E04222F0400242F4004242F0C7
:10A71800800223F82420E1E70B7B002B46D14B78FD
:10A7280013B30A7830F8223013F0400F0CD030F809
:10A7380022309BB223F4E04323F0700343F4004338
:10A7480043F0C00320F822300A7830F822309BB258
:10A7580023F4E04323F0400343F4004343F0800331
:10A7680020F82230002070470A7830F8223013F49D
:10A77800804F0CD030F822309BB223F4E04323F012
:10A78800700343F4404343F0800320F822300A78F2
:10A7980030F822309BB223F4804323F0700343F453
:10A7A800004343F0800320F82230DBE74B78002B8E
:10A7B8004ED10A7830F8223013F4804F0CD030F89C
:10A7C80022309BB223F4E04323F0700343F4404368
:10A7D80043F0800320F822300A7830F8223013F052
:10A7E800400F0CD030F822309BB223F4E04323F022
:10A7F800700343F4004343F0C00320F822300A7882
:10A8080030F822309BB223F4E04323F0700343F482
:10A81800004343F0C00320F822300A7830F8223091
:10A828009BB223F4804323F0700348F2800C43EA80
:10A838000C0320F822300A7830F822309BB223F437
:10A84800E04323F0400343EA0C0320F8223089E771
:10A858000A7830F8223013F4804F0CD030F82230C8
:10A868009BB223F4E04323F0700343F4404343F0E6
:10A87800800320F822300A7830F8223013F0400F95
:10A888000CD030F822309BB223F4E04323F070035D
:10A8980043F4004343F0C00320F822300A7830F82C
:10A8A80022309BB223F4E04323F0700343F4404387
:10A8B80043F0800320F822300A7830F822309BB227
:10A8C80023F4E04323F0400348F2800C43EA0C03EE
:10A8D80020F822300A7830F822309BB223F48043E3
:10A8E80023F0700343EA0C0320F822303AE74B7850
:10A8F8008BB10A7830F822309BB223F4E04323F07E
:10A90800400383F0100343F4004343F0800320F82E
:10A918002230002070470A7830F822309BB223F4A6
:10A92800804323F0700383F4805343F4004343F0DF
:10A93800800320F82230ECE74B7833B30A7830F8FC
:10A94800223013F0400F0CD030F822309BB223F4A1
:10A95800E04323F0700343F4004343F0C00320F8BE
:10A968002230CB78012B33D00A7830F822309BB2D2
:10A9780023F4E04323F0400383F0200343F400432F
:10A9880043F0800320F8223022E00A7830F82230A1
:10A9980013F4804F0CD030F822309BB223F4E043FC
:10A9A80023F0700343F4404343F0800320F822303F
:10A9B8000A7830F822309BB223F4804323F07003E6
:10A9C80083F4405343F4004343F0800320F82230DB
:10A9D8000020704711B98023A0F84C300020704740
:10A9E800B0F858306FEA43436FEA53439BB2A0F87C
:10A9F800583000207047B0F8440080B270470133E7
:10AA08005B08024402F5806208E0087891F801C00A
:10AA180040EA0C2022F8020B0231013B002BF4D152
:10AA2800704770B505460C464B78012B1AD00B7B46
:10AA3800002B40F092828B69002B40F06582CB7826
:10AA4800002B40F061820A7830F822309BB223F460
:10AA5800E04323F0700343F4014343F0800320F8FC
:10AA680022305FE28E690A69964200D91646217B38
:10AA780041B3E178022947D0226A921B22622278E8
:10AA880035F8221011F0400F00F0F681002B40F04D
:10AA9800E381B5F8503015FA83F303EBC202B2F83C
:10AAA8000634C3F30903A2F80634002E40F0B4813B
:10AAB800B2F806346FEA43436FEA53439BB2A2F8F5
:10AAC8000634D2E1B6B23346E28861692846FFF718
:10AAD80096FFB5F8503015FA83F3227803EBC203DA
:10AAE800A3F80264227835F822309BB223F4E043BD
:10AAF80023F0400383F0300343F4004343F0800322
:10AB080025F82230002024E2236A9A4280F06681E8
:10AB1800227835F822309BB223F4E04323F0700307
:10AB280043F4014343F0800325F82230236A9B1B3A
:10AB38002362237835F8232012F0400F00F0A78015
:10AB48006278B2BBB5F8502015FA82F202EBC30363
:10AB5800B3F80624C2F30902A3F806244EB9B3F8E1
:10AB680006246FEA42426FEA524292B2A3F80624E0
:10AB780021E03E2E0DD8720816F0010F00D00132E8
:10AB8800B3F8061489B2920292B20A43A3F80624D3
:10AB980011E0710916F01F0F00D10139B3F806242E
:10ABA80092B2890289B20A4342F40042A3F8062409
:10ABB80001E0012A29D0B3B2628961692846FFF70A
:10ABC8001EFF636933446361236A2269934226D96D
:10ABD8009B1B23626378002B45D1B5F8503015FADA
:10ABE80083F3227803EBC203B3F80224C2F3090209
:10ABF800A3F80224BEB9B3F802246FEA42426FEA0E
:10AC0800524292B2A3F802242FE0B5F8502015FA68
:10AC180082F202EBC303B2B2A3F80624CBE7002208
:10AC280022621E46D6E73E2E0DD8720816F0010F96
:10AC380000D00132B3F8021489B2920292B20A43E8
:10AC4800A3F8022411E0710916F01F0F00D1013991
:10AC5800B3F8022492B2890289B20A4342F400424C
:10AC6800A3F8022401E0012B06D0B3B2228961695E
:10AC78002846FFF7C4FE35E7B5F8503015FA83F3D8
:10AC8800227803EBC203B2B2A3F80224EDE762789C
:10AC9800B2BBB5F8502015FA82F202EBC303B3F841
:10ACA8000224C2F30902A3F802244EB9B3F802241D
:10ACB8006FEA42426FEA524292B2A3F8022421E0BC
:10ACC8003E2E0DD8720816F0010F00D00132B3F8ED
:10ACD800021489B2920292B20A43A3F8022411E044
:10ACE800710916F01F0F00D10139B3F8022492B28E
:10ACF800890289B20A4342F40042A3F8022401E01F
:10AD0800012A29D0B3B2228961692846FFF777FE64
:10AD1800636933446361236A2269934226D99B1B82
:10AD280023626378002B45D1B5F8503015FA83F3C8
:10AD3800227803EBC203B3F80624C2F30902A3F88E
:10AD48000624BEB9B3F806246FEA42426FEA5242BB
:10AD580092B2A3F806242FE0B5F8502015FA82F233
:10AD680002EBC303B2B2A3F80224CBE700222262AB
:10AD78001E46D6E73E2E0DD8720816F0010F00D0F9
:10AD88000132B3F8061489B2920292B20A43A3F8C8
:10AD9800062411E0710916F01F0F00D10139B3F82C
:10ADA800062492B2890289B20A4342F40042A3F807
:10ADB800062401E0012B06D0B3B2628961692846F6
:10ADC800FFF71DFE8EE6B5F8503015FA83F32278AA
:10ADD80003EBC203B2B2A3F80624EDE7217835F8F5
:10ADE800212092B222F4E24222F0700242F40042A0
:10ADF80042F0800225F82120B5F8502015FA82F299
:10AE0800217802EBC1029BB2A2F80234228961695F
:10AE18002846FFF7F4FD65E63E2E0DD8730816F0B8
:10AE2800010F00D00133B2F8061489B29B029BB21D
:10AE38000B43A2F8063418E0710916F01F0F00D171
:10AE48000139B2F806349BB2890289B20B4343F444
:10AE58000043A2F8063408E0B5F8503015FA83F339
:10AE680003EBC203B2B2A3F80624B3B262896169E4
:10AE78002846FFF7C4FD35E6B3BBB5F8503015FAE0
:10AE880083F303EBC202B2F80234C3F30903A2F856
:10AE980002344EB9B2F802346FEA43436FEA5343BF
:10AEA8009BB2A2F8023428E03E2E0DD8730816F0A3
:10AEB800010F00D00133B2F8021489B29B029BB291
:10AEC8000B43A2F8023418E0710916F01F0F00D1E5
:10AED8000139B2F802349BB2890289B20B4343F4B8
:10AEE8000043A2F8023408E0B5F8503015FA83F3AD
:10AEF80003EBC203B2B2A3F80224B3B22289616998
:10AF08002846FFF77CFDEDE5227835F822309BB224
:10AF180023F4E24323F0700343F4004343F0800337
:10AF280025F82230A3692269934213D99B1AA36199
:10AF3800227835F822309BB223F4804323F0700343
:10AF480083F4405343F4004343F0800325F8223050
:10AF5800002070BD0023A361EAE7CB78022B04D060
:10AF6800012B1ED100238B61E2E7CB69002BDFD0D8
:10AF78000A7830F8221044F2400303EA01008B43B8
:10AF880001D00028D4D135F822309BB223F4E04315
:10AF980023F0700343F4004343F0C00325F8223044
:10AFA800C6E70120D5E710B45C08024402F58062C8
:10AFB80007E032F8020B0870C0F30720487002312E
:10AFC800013C002CF5D113F0010F01D013880B7050
:10AFD8005DF8044B704710B5D0F8BC4284B1D0F886
:10AFE800C0327BB194F80002FF280DD09B6894F81A
:10AFF800012221469847FF2384F80032002010BD23
:10B008000320FCE70020FAE70020F8E74323038049
:10B0180000487047F401002043230380004870472C
:10B02800380200204323038000487047B001002005
:10B038000A23038000487047B402002038B5D0F8CE
:10B04800BC5275B1044601F0F6F8C5F80C02D4F804
:10B05800C032DB6805F50371D5F804029847002073
:10B0680038BD0320FCE710B5D0F8C442D0F8BC3294
:10B0780053B301EB810200EB820292694AB101EB02
:10B08800810C04EBCC04246AB2FBF4FC04FB1C2204
:10B0980072B10022C3F81422D0F8C0221469ACB1EE
:10B0A8000A4603F50471D3F80802A047002010BD32
:10B0B80001EB810300EB830300249C6123462246B5
:10B0C80001F0A9F82046F2E70320F0E70020EEE7B8
:10B0D800F0B583B0D0F8BC6200238DF80730ADF826
:10B0E8000430002E6CD007460C460B7813F0600530
:10B0F8002AD0202D5ED1CA88F2B113F0800F0FD06C
:10B10800D0F8C0329B68314660789847E288072AB1
:10B1180028BF07223146384600F0ECFD00254CE0F8
:10B128004B7886F800328B7986F80132CA88314626
:10B1380000F0F5FD002540E0D0F8C0329B68002201
:10B1480048789847002538E04E780B2E2ED8DFE84F
:10B1580006F006342D2D2D2D2D2D2D2D152490F88E
:10B168009C32DBB2032B03D000F08AFA032524E0DB
:10B17800022201A900F0BEFD35461EE090F89C327F
:10B18800DBB2032B03D000F07BFA032515E0012284
:10B198000DF1070100F0AEFD0FE090F89C32DBB234
:10B1A800032B0AD000F06CFA032506E000F068FAD9
:10B1B800032502E000F064FA0325284603B0F0BD39
:10B1C8000325FAE738B50446812100F0EEFF002593
:10B1D80025870121204600F0E8FFA4F87851822154
:10B1E800204600F0E2FFA4F84C50A4F84E50D4F8E2
:10B1F800BC324BB1D4F8C0325B689847D4F8BC0273
:10B2080001F048F8C4F8BC52002038BD70B50446B7
:10B218004FF4077001F03AF8B8B30646C4F8BC0218
:10B22800237CBBBB4FF4007302228121204600F02F
:10B23800B1FF012525874FF40073022229462046D5
:10B2480000F0A8FFA4F878511023A4F84E30082382
:10B2580003228221204600F09DFF0123A4F84C30F0
:10B26800D4F8C0321B6898470023C6F81432C6F8D1
:10B278001832257C15BB4FF40073D6F8042201213F
:10B28800204600F0D0FF284670BD0023C4F8BC3229
:10B298000225F8E7402302228121204600F07AFFA8
:10B2A80001252587402302222946204600F072FF07
:10B2B800A4F878511023A4F84E30C8E74023D6F8F4
:10B2C80004220121204600F0AEFF0025DBE719B17A
:10B2D800C0F8C0120020704703207047D0F8BC3275
:10B2E8002BB1C3F80812C3F81022002070470320BE
:10B2F8007047D0F8BC321BB1C3F804120020704765
:10B3080003207047D0F8BC2292B108B5D2F81432A5
:10B318000BB1012008BD0123C2F81432D2F8103253
:10B32800C362D2F80822812100F075FF0020F1E7FE
:10B338000320704710B5D0F8BC2292B1047C44B900
:10B348004FF40073D2F80422012100F06CFF20466C
:10B3580010BD4023D2F80422012100F064FF00242C
:10B36800F5E70324F3E798B108B503460020C3F8CE
:10B37800B802C3F8C002C3F8CC0209B1C3F8B412CA
:10B38800012183F89C121A70184600F0B7FE08BD18
:10B398000320704710B582B00023ADF8063061B1C4
:10B3A8000446C0F8B812CB6A4BB10DF106009847B5
:10B3B800C4F8CC02002002B010BD0320FBE7002037
:10B3C800F9E708B500F0DEFE08BD08B5D0F8B832D8
:10B3D80013B11B68984708BD0320FCE708B5D0F8EF
:10B3E800B8320BB15B689847002008BD38B50446F1
:10B3F80000F2AA25284600F02FF90123C4F8943258
:10B40800B4F8B032C4F8983294F8AA1201F01F03C5
:10B41800012B0DD0022B10D02BB101F0800120465A
:10B4280000F0CBFE03E02946204600F0E4FA38BDE0
:10B438002946204600F017FBF9E72946204600F088
:10B4480046FBF4E738B504460D4641BB1346D0F831
:10B458009422032A01D0084638BDD0F85C11D0F8F0
:10B468006021914209D890F89C32DBB2032B0FD0AF
:10B47800204600F06BFC2846EEE7891AC0F85C11FC
:10B488008A4228BF0A46194600F058FC2846E3E7D6
:10B49800D0F8B8321B69002BEAD09847E8E790F853
:10B4A8009C32DBB2032B01D00020D5E7D0F8B832AC
:10B4B8009B690BB19847CFE70020CDE738B5044624
:10B4C8000D4600294AD11346D0F89422022A05D005
:10B4D80094F8A032012B3CD0284638BDC269016AD5
:10B4E8008A420ED88A4218D094F89C32DBB2032BD9
:10B4F80027D08021204600F060FE204600F031FC75
:10B50800E6E7521AC261194600F001FC00231A4608
:10B518001946204600F087FEDAE783699942E3D8A6
:10B52800D0F898229342DFD20022114600F0EFFBB8
:10B538000021C4F898120B460A46204600F073FE14
:10B54800C6E7D4F8B832DB68002BD2D0204698473B
:10B55800CFE7002384F8A0322846BEE790F89C3253
:10B56800DBB2032B01D00020B7E7D0F8B8325B6913
:10B578000BB19847B1E70020AFE7012380F89C3270
:10B588000023C0F894324360C0F8A432D0F8B8322F
:10B59800F3B170B50446D0F8BC221AB15B680BB1A0
:10B5A80000219847402300221146204600F0F2FD72
:10B5B8000126A4F864614025C4F860512B46002296
:10B5C8008021204600F0E6FDA6842562002070BD9B
:10B5D8000320704701740020704790F89C32DBB25A
:10B5E80080F89D32042380F89C320020704790F840
:10B5F8009C32DBB2042B01D00020704790F89D32BA
:10B60800DBB280F89C32F7E7D0F8B82262B108B50F
:10B6180090F89C32DBB2032B01D0002008BDD3691F
:10B6280023B198470020F9E7032070470020F5E789
:10B638000346002002E00130C0B201331A78002A24
:10B64800F9D1704708B54B88012B00D008BDC0F868
:10B65800A43200F07BFBF9E70B7803704B7843705A
:10B668008B78CA7843EA022343800B794A7943EA04
:10B67800022383808B79CA7943EA0223C380704707
:10B6880010B50446802100F098FD0021204600F006
:10B6980094FD10BD30B583B004460D460023ADF8C7
:10B6A80006304A88130A013B0E2B00F2BC80DFE803
:10B6B80003F0153044BABA9EABBABABABABABABA33
:10B6C8000800D0F8B432DB6923B10DF10601007C23
:10B6D80098470AE02946FFF7D3FF18E0D0F8B432BC
:10B6E8001B680DF10601007C9847EA88002A00F0E3
:10B6F800A380BDF80630002B00F099809A4228BF3D
:10B708001A46ADF806200146204600F0F3FA03B0C9
:10B7180030BD037C43B9D0F8B8329B6A0DF10600FE
:10B72800984702234370E0E7D0F8B832DB6A0DF19E
:10B738000600984702234370D7E7D2B2052A52D8A9
:10B74800DFE802F003101D2A3744D0F8B4325B68F2
:10B7580023B10DF10601007C9847C6E72946FFF79B
:10B768008FFFD4E7D0F8B4329B6823B10DF10601FE
:10B77800007C9847B9E72946FFF782FFC7E7D0F86A
:10B78800B432DB6823B10DF10601007C9847ACE7C1
:10B798002946FFF775FFBAE7D0F8B4321B6923B121
:10B7A8000DF10601007C98479FE72946FFF768FFDF
:10B7B800ADE7D0F8B4325B6923B10DF10601007C26
:10B7C800984792E72946FFF75BFFA0E7D0F8B43225
:10B7D8009B6923B10DF10601007C984785E729464E
:10B7E800FFF74EFF93E72946FFF74AFF8FE7037CF1
:10B7F80033B9D0F8B8325B6B0DF10600984774E79F
:10B808002946FFF73DFF82E7037C43B9D0F8B832F9
:10B818001B6B0DF1060098470723437065E729461F
:10B82800FFF72EFF73E72946FFF72AFF6FE7294640
:10B838002046FFF725FF6AE7204600F087FA66E70B
:10B8480038B504468B88FBB9CB88EBB94B887F2B7E
:10B858001AD803F07F0590F89C32DBB2032B0CD08A
:10B8680080F89E52294600F0CEFC204600F06EFA81
:10B8780035B1022384F89C3209E0FFF701FF06E0A6
:10B88800012384F89C3202E02046FFF7F9FE38BD18
:10B8980070B504460E468D782E4B1D70012D10D8BC
:10B8A80090F89C32DBB2022B0FD0032B23D0FFF78A
:10B8B800E7FE284B19782046FFF790FD0325284618
:10B8C80070BDFFF7DDFE0325F9E78DB14560294618
:10B8D800FFF77BFD054620B131462046FFF7D0FE35
:10B8E800EDE7204600F032FA032384F89C32E6E7BD
:10B8F80000F02CFAE3E7CDB141688D4225D0C9B2FA
:10B90800FFF76CFD134B197861602046FFF75DFD6A
:10B918000546B0B131462046FFF7B2FE21792046F0
:10B92800FFF75CFD022384F89C32C8E7022380F805
:10B938009C3245602946FFF751FD204600F006FA83
:10B94800BDE7204600F002FAB9E700F0FFF900254C
:10B95800B5E700BF2C1F002008B5CB88012B0BD101
:10B9680090F89C32DBB2022B09D9032B09D10122B2
:10B97800011D00F0BFF901E0FFF782FE08BD5BB2D0
:10B9880013B9FFF77DFEF9E70146002341F8083FA8
:10B99800012200F0AFF9F1E708B590F89C32013BBD
:10B9A800022B12D8CB88022B0CD10123C360D0F80C
:10B9B800A4320BB10323C360022200F10C0100F092
:10B9C80099F908BDFFF75CFEFBE7FFF759FEF8E7BA
:10B9D80008B590F89C32013B022B09D84B88012B03
:10B9E80000D008BD0023C0F8A43200F0AFF9F8E792
:10B9F800FFF746FEF5E738B50C7804F06004202C14
:10BA080006D0402C04D054B1FFF73AFE002404E0DD
:10BA1800D0F8B8329B6898470446204638BD4D7820
:10BA2800092D1DD8DFE805F012191C161C08051C85
:10BA38000F0BFFF72FFEF0E7FFF702FFEDE7FFF729
:10BA480027FF0446E9E7FFF787FFE6E7FFF7A4FFCC
:10BA58002C46E2E7FFF7F6FDDFE7FFF7B9FFDCE783
:10BA6800FFF70EFED9E770B505460C460B7803F0D4
:10BA78006003202B07D0402B05D023B1FFF700FE31
:10BA88000026304670BD95F89C32013B022B18D831
:10BA98002379012B0FD8D5F8B8329B682146284660
:10BAA80098470646E388002BEBD10028E9D12846C1
:10BAB80000F04CF9E5E721462846FFF7E1FD0026AE
:10BAC800DFE721462846FFF7DBFD0026D9E7F8B572
:10BAD80006460D468B880C7804F06004202C08D0AC
:10BAE800D9B2402C05D06CB12946FFF7C9FD002416
:10BAF80006E0D6F8B8329B6829463046984704468F
:10BB08002046F8BD6F78012F2FD0032F05D0002FC6
:10BB180059D02946FFF7B4FDF2E790F89C32DBB222
:10BB2800022B05D0032B12D02946FFF7A9FDE7E722
:10BB380009B1802904D129463046FFF7A1FDDFE786
:10BB480000F03BFB8021304600F037FBD8E76B88DC
:10BB580023B919B1802901D0EB881BB1304600F018
:10BB6800F5F8CDE700F029FBF8E790F89C32DBB256
:10BB7800022B05D0032B12D02946FFF781FDBFE722
:10BB880009B1802904D129463046FFF779FDB7E786
:10BB980000F013FB8021304600F00FFBB0E76B8804
:10BBA800002BADD111F07F0F0AD1304600F0CEF84E
:10BBB800D6F8B8329B6829463046984704469FE72E
:10BBC80000F003FBF1E790F89C22D2B2022A06D0DB
:10BBD800032A29D02946FFF753FD3C4690E709B1CF
:10BBE800802913D113F0800F15D101F07F0101EBEB
:10BBF8008101890001F5A8713144043100230B60EB
:10BC08000222304600F076F83C4679E72946FFF7ED
:10BC180037FD3C4674E701F07F0101EB81018900A3
:10BC2800103131440431E9E75BB2002B1FDB01F02E
:10BC38000F0202EB820200EB8202B2F8642122B307
:10BC4800002B27DB01F07F0303EB83039C0004F543
:10BC5800A8743444043409B1802924D10023236012
:10BC680002222146304600F045F83C4648E701F0FC
:10BC78000F0202EB820200EB8202928C002ADFD1D3
:10BC88002946FFF7FDFC3C463AE72946FFF7F8FC52
:10BC98003C4635E701F07F0303EB83039C00103437
:10BCA80034440434D7E7304600F097FA10B1012342
:10BCB8002360D5E700232360D2E7D0B170B50D46E5
:10BCC80016460446FFF7B4FC431C5B009BB2338066
:10BCD8002B7003236B70022307E0EA5401345A1CCB
:10BCE800D2B20021A9540233DBB22278002AF4D15F
:10BCF80070BD704708B513460222C0F894228361CC
:10BD0800C3610A46002100F086FA002008BD08B584
:10BD180013460A46002100F07EFA002008BD08B547
:10BD280013460322C0F89422C0F85831C0F85C3199
:10BD38000A46002100F077FA002008BD08B513462E
:10BD48000A46002100F06FFA002008BD08B5042259
:10BD5800C0F8942200231A46194600F05CFA002025
:10BD680008BD08B50522C0F8942200231A461946D2
:10BD780000F059FA002008BD08B500220F49104804
:10BD8800FFF7F1FA70B90F490D48FFF703FB60B9E7
:10BD98000D490B48FFF79BFA50B90948FFF711FB0B
:10BDA80048B908BDF6F7FAFBEDE7F6F7F7FBEFE75A
:10BDB800F6F7F4FBF1E7F6F7F1FBF2E708030020EA
:10BDC800301F00207C020020C002002000207047A5
:10BDD8000020704708B50220F7F71AFF002008BDB9
:10BDE80038B5054620B119B10968B1F5803F09D3C6
:10BDF800064C29462046FFF77CFA2046FFF79AFAB8
:10BE0800002038BD89B2F7F7E9FEF1E7301F0020BE
:10BE180010B5064C002206492046FFF75FFA05498F
:10BE28002046FFF766FA002010BD00BF301F002033
:10BE380000220020002A002038B5144BD3F8BC3269
:10BE4800D0B10C460146CCB1B4F5006F18D8CBB1CF
:10BE5800D3F81432C3B90E4B984203D02246184681
:10BE680000F044FD094D224609492846FFF736FAF5
:10BE78002846FFF747FA38BD0320FCE70320FAE716
:10BE88000320F8E70120F6E70120F4E7301F00203F
:10BE98000022002012230B8000487047F402002083
:10BEA80004230B8000487047F002002000239342CF
:10BEB8001ED200B510E00CF1370C01F813C00001D8
:10BEC8004FEA430C0CF1010C4FF0000E01F80CE0A6
:10BED8000133DBB2934209D24FEA107CB0F1204F14
:10BEE800E9D20CF1300C01F813C0E8E75DF804FB67
:10BEF8007047000038B50B4BD3F89005D3F894453C
:10BF0800D3F89835C01800D138BD074D0822294606
:10BF1800FFF7CCFF042205F110012046FFF7C6FF0A
:10BF2800F2E700BF0070FF1FD602002008B51A23F1
:10BF38000B80FFF7DFFF014808BD00BFD4020020D7
:10BF480008B50A4628B905490548FFF7B6FE03486B
:10BF580008BD02490248FFF7B0FEF8E700320020AA
:10BF6800A8CC000810B50A46034C21460348FFF741
:10BF7800A4FE204610BD00BF00320020C0CC00083F
:10BF880008B50A4628B905490548FFF796FE03484B
:10BF980008BD02490248FFF790FEF8E7003200208A
:10BFA800C8CC000808B50A4628B905490548FFF76E
:10BFB80084FE034808BD02490248FFF77EFEF8E701
:10BFC80000320020D8CC0008032805D8DFE800F0AC
:10BFD80005040205012070470320704708B5F6F7ED
:10BFE800DFFA08BD10B596B004465422002101A816
:10BFF80000F04EFC2268114B9A4201D016B010BDD9
:10C008004FF40053019301A8FCF7AEF890B90C4B1C
:10C018009A6D42F400029A659B6D03F40003009345
:10C02800009B002211461420F8F7D0FF1420F8F7DF
:10C03800DDFFE3E7F6F7B2FAE9E700BF005C00408E
:10C048000010024008B500F52671D0F8D802FFF7B5
:10C05800CDF908BD08B501EB810300EBC303D3F8A4
:10C068006421D0F8D802FFF7EDF908BD08B501EB57
:10C07800810300EBC3035A6AD0F8D802FFF71EFA0F
:10C0880008BD08B5D0F8D802FFF7BEFA08BD10B54C
:10C0980004464379022B09D10121D4F8D802FFF7CD
:10C0A80099FAD4F8D802FFF768FA10BDF6F776FACD
:10C0B800F2E7000010B50446D0F8D802FFF78DFA71
:10C0C800637A23B1024A136943F00603136110BD72
:10C0D80000ED00E010B50446437A23B9D4F8D8023D
:10C0E800FFF785FA10BD044A136923F006031361AC
:10C0F800FFF774FFF2E700BF00ED00E010B504465B
:10C108001E48C0F8D842C4F8C4021D4B0360082377
:10C11800037102234371C371002303724372837254
:10C12800C372FAF7E9FB30BB182300221146D4F892
:10C13800C402FBF737FB582300228021D4F8C4023D
:10C14800FBF730FBC02300228121D4F8C402FBF79F
:10C1580029FB4FF4887300220121D4F8C402FBF7AD
:10C1680021FB4FF4807300228221D4F8C402FBF72C
:10C1780019FB002010BDF6F711FAD5E7203600208C
:10C18800005C004008B5D0F8C402FAF710FCFFF7CD
:10C198001BFF08BD08B594461A466346D0F8C4028A
:10C1A800FBF7C3F9FFF710FF08BD08B5D0F8C402C4
:10C1B800FBF7FEF9FFF708FF08BD08B5D0F8C40281
:10C1C800FBF778FAFFF700FF08BD08B5D0F8C402FE
:10C1D800FBF7A9FAFFF7F8FE08BDD0F8C43211F052
:10C1E800800F08D101F07F0101EB810103EBC1034E
:10C1F80093F85201704701F07F0101EB810103EBD5
:10C20800C103987C704708B5D0F8C402FBF7A1F8C1
:10C21800FFF7DAFE08BD08B5D0F8C402FBF724FA28
:10C22800FFF7D2FE08BD08B5D0F8C402FBF7F6F94F
:10C23800FFF7CAFE08BD08B5D0F8C402FBF70BFA31
:10C2480008BD000010B5044611B101290FD010BD7A
:10C25800437A23B9D4F8D802FFF7C9F9F7E7FFF70B
:10C26800BDFE094A136923F006031361F2E7D0F80B
:10C27800D802FFF7B2F9637A002BE8D0024A1369B3
:10C2880043F006031361E2E700ED00E00048704761
:10C29800003400207047000008B5044B1860044BB8
:10C2A8001960044800F013FA08BD00BF103A0020D6
:10C2B8000C3A0020FC380020024B1860024B196031
:10C2C800704700BF083A0020043A002008B5034B25
:10C2D8001B6813B1024A1068984708BD083A002045
:10C2E800043A002008B500F0A1F908BD70B59DF822
:10C2F8001050059C5CB305F10806BDF818C06645EA
:10C3080027D86BB14FF0AA0C84F800C04FF0550C39
:10C3180084F801C0A070E17022716571002208E004
:10C32800002DEFD0002610E0911D985C605401327A
:10C33800D2B2AA42F8D3291DA01C00F0ABF9AB1D5C
:10C34800E0540735C0F307206055304670BD00261D
:10C35800FBE70026F9E7000010B5C6B040F2071465
:10C36800029404AC01949DF820410094FFF7BEFFAD
:10C3780050B10146064B1B6843B1064A126804A82F
:10C388009847012046B010BD0020FBE70020F9E7E0
:10C39800103A00200C3A002000B5C3B0014601AAAB
:10C3A800054800F0A0F910B943B05DF804FB01A8F6
:10C3B80000F01CF90120F7E7FC380020F8B578B147
:10C3C8000E4607460024254606E0385DFFF7E4FFE1
:10C3D8000544EDB20134A4B2B442F6D32846F8BD00
:10C3E8000025FBE700B583B00023064A1370064A10
:10C3F80013700078009391220221FFF7ADFF03B07C
:10C408005DF804FB583A0020143A002000B585B0C6
:10C41800FF238DF80C3000238DF80D308DF80E2099
:10C4280000780323009303AB0A460621FFF794FF25
:10C4380005B05DF804FB0000F0B5C3B00646C4784B
:10C448001C4BA3FB042303F0FE0202EB5303E41A84
:10C4580014F0FF0419D12546F378AB4220D973199B
:10C468001F79384600F0DAF9A0B143681888611CD2
:10C47800C9B202AA1755A31CDBB2070A57540334E2
:10C48800E4B2D0540335EDB2E6E704228121FFF788
:10C49800BDFF0CE0012281213046FFF7B7FF06E01F
:10C4A800009402AB812202213078FFF755FF43B098
:10C4B800F0BD00BFABAAAAAA70B582B00546C47881
:10C4C8001F4BA3FB042303F0FE0202EB5303E41A01
:10C4D80014F0FF0416D1EB78A34224D92B19621C5F
:10C4E8002A441179A21C2A44127942EA01261879B1
:10C4F80000F094F958B1027A7AB143681E80033487
:10C50800E4B2E8E704228221FFF780FF16E0012267
:10C5180082212846FFF77AFF10E00522822128466B
:10C52800FFF774FF0AE0FFF7D1FE2B4613F8040B60
:10C53800EA78009282220221FFF70EFF02B070BD56
:10C54800ABAAAAAA30B583B00546C278234BA3FB91
:10C55800021303F0FE0404EB5304141B14F0FF044D
:10C568001BD1C22A19D81E4B012119701D4B00215D
:10C578001970CAB1EB78A3421CD92B19187900F0AD
:10C588004DF9F8B1174A1378591C11702A19117905
:10C59800154AD1540334E4B2ECE70422902128462A
:10C5A800FFF734FF03B030BD40210F4800F050F9C9
:10C5B8000C4B187000230093902202212878FFF773
:10C5C800CBFEEFE70023064A1370064A13700122D8
:10C5D80090212846FFF71AFFE4E700BFABAAAAAAF2
:10C5E800583A0020143A0020183A002008B58178FB
:10C5F8004B1E102B16D8DFE803F0090C151515157E
:10C608001515151515151515150F1200FFF714FF3B
:10C6180008BDFFF751FFFBE7FFF794FFF8E7FFF7C7
:10C62800E1FEF5E70222FFF7F1FEF1E7164B1B7872
:10C6380023B170B5C2B00024254602E0704701342A
:10C64800E4B2124B1B78A34214D9114B1E5D30463D
:10C6580000F0E4F80028F2D043681888691CC9B2D1
:10C6680002AA5655AB1CDBB2060A56540335EDB286
:10C67800D054E4E7009502AB152200210846FFF7E5
:10C688006BFE42B070BD00BF583A0020143A00203B
:10C69800183A002084464FF6FF700B46013989B2DC
:10C6A800A3B11CF8013B80EA0320002303E040000B
:10C6B80080B20133DBB2072BEFD810F4004FF6D06D
:10C6C80041F2210282EA400080B2F2E7704748B1A5
:10C6D80000220270A0F80421A0F80621427082709E
:10C6E800C2700271704770B5C2B0002800F0848033
:10C6F80016460446002A00F083800578082D77D86E
:10C70800DFE805F0050B13181D222D3C4200AA296D
:10C7180014BF0021012101706FE0552903D00023C7
:10C728002370002569E00223FAE7417003230370B0
:10C73800002562E081700423037000255DE0C1706C
:10C7480005230370002558E001710023A0F8043187
:10C7580019B90723237000254FE00623FAE7B0F83C
:10C768000421531C9BB2A0F8043102445171027990
:10C77800934247D30723037000253EE0A0F8061133
:10C7880008230370002538E0B0F8063143EA012396
:10C79800A0F8063143788DF8043083788DF8053099
:10C7A800C3788DF8063003798DF807300023217996
:10C7B800994207D91A1DE118487901A9885401330B
:10C7C800DBB2F4E7043101A8FFF764FFB4F80631DF
:10C7D80083420CBF0125002503D02046FFF777FFD1
:10C7E8000BE040F20312611C304600F07FF8F4E7DA
:10C7F800FFF76DFF002500E00025284642B070BD18
:10C808000025FAE70025F8E7024B1860024B19608B
:10C81800704700BF603A00205C3A0020844600233D
:10C8280000E00133084A12689A420AD903EB43022E
:10C838000649096801EB820011F822206245F0D10F
:10C8480000E00020704700BF5C3A0020603A0020FA
:10C858000D4B1B68994228BF194688B100B586461A
:10C86800002308E003EB430C084A126812F82C2056
:10C878000EF8032001338B42F4D308465DF804FB1D
:10C8880000210846704700BF5C3A0020603A00204B
:10C8980002440346934200D1704703F8011BF9E7AD
:10C8A80070B50D4D0D4C641BA4100026A64209D18D
:10C8B8000B4D0C4C00F0B8F9641BA4100026A642DE
:10C8C80005D170BD55F8043B98470136EEE755F899
:10C8D800043B98470136F2E7F4CC0008F4CC000892
:10C8E800F4CC0008FCCC0008704770470A44914219
:10C8F80000F1FF3300D1704710B511F8014B03F870
:10C90800014F9142F9D110BD024B13B1024800F01A
:10C9180005B870470000000031C90008002301462F
:10C928001A46184600F014B838B5074D074C641B72
:10C93800A4101CB9BDE8384000F07CB9013C55F89A
:10C9480024309847F5E700BFFCCC000800CD00086C
:10C958002DE9F047DFF874A00646DAF8000098469B
:10C968000F469146FFF7C0FF164B1C680CB9164CD2
:10C978001C606568DAF800001F2D05DDFFF7B5FFBC
:10C988004FF0FF30BDE8F0879EB104EB850101222E
:10C99800C1F88890D4F88831AA401343C4F8883184
:10C9A800022EC1F8088102BFD4F88C311343C4F8B1
:10C9B8008C316B1C0235636044F82570FFF795FFD6
:10C9C8000020DFE7A03B0020A43B0020500400200B
:10C9D800014B1868704700BF2803002008B52DEDEB
:10C9E800028BB0EE408A00F02DF8B4EE488AF1EEE2
:10C9F80010FA0FD6B5EEC08AF1EE10FA0ADCB5EEE1
:10CA0800408AF1EE10FA08D1FFF7E2FF22239FEDEA
:10CA1800080A0360BDEC028B08BDFFF7D9FFBDEC27
:10CA2800028B21230360BDE80840024800F004B8E7
:10CA3800000080FFE8CC00089FED010A704700BFA6
:10CA48000000C07F10EE103A33F0004206D19FED8F
:10CA5800667ADFED667A87EE270A7047002B1A465A
:10CA680002DA30EE407AF4E7B3F1FF4F02DB30EE42
:10CA7800000A7047B3F5000FB8BFDFED5D7A5D4877
:10CA8800BEBF60EE277A6FF0180117EE902A4FEAC2
:10CA9800E253C2F316021044A8BF00217F3B0B44A7
:10CAA80000F4000181F07E51114300EE101A524942
:10CAB80003EBD05302F10F00F7EE007A014030EE9D
:10CAC800670A89BBB5EE400AF1EE10FA0FD1002BC8
:10CAD80000F0878007EE903A9FED480A9FED487A6C
:10CAE800F8EEE77A27EE800AA7EE870A7047DFEDAF
:10CAF800456AF6EE007AE0EE667A20EE007A27EED6
:10CB0800277A13B930EE470A704707EE903ADFEDFF
:10CB18003B6AF8EEE77AA7EEE67A37EE400A9FED31
:10CB2800387A97EE870A7047F0EE007A70EE277A27
:10CB3800DFED355ADFED354A354980EE276A114475
:10CB4800C2F5571202F522720A43002A07EE903AFC
:10CB580026EE065AF8EEE76A25EE057ADFED2D7A1D
:10CB6800E7EE257ADFED2C5AE7EE875ADFED2B7AD0
:10CB7800E7EE247ADFED2A4AE7EE874ADFED297AE5
:10CB8800E4EE877A67EE857AE5EE877A1ADDB6EE07
:10CB9800007A20EE077A27EE007A77EE877A67EE3A
:10CBA800867A13B937EE677AACE79FED146AE6EE3A
:10CBB800867A37EE677A37EE400ADFED117A96EE1D
:10CBC800A70A704770EE677A67EE867A13B930EE77
:10CBD800670A70479FED097AE6EEC77A37EEC00A12
:10CBE800EBE79FED020A7047000000CC0000000050
:10CBF8000000004C20FB4A00F0FF7F00D1F71737F8
:10CC08008071313FABAAAA3E4FD01C3E9788173E91
:10CC1800305CCFFF298E633ECDCCCC3E25333A3EE7
:10CC28002549923EABAA2A3FF8B500BFF8BC08BC1C
:10CC38009E467047F8B500BFF8BC08BC9E467047D2
:10CC48005FF800F05D0500205FF800F0290500207E
:10CC58005FF800F0590400205FF800F07507002025
:10CC680000000000010203040000000000000000B2
:10CC78000102030406070809010002000400060077
:10CC880008000A000C00100020004000800000018D
:10CC98000804020408010101010101030701000061
:10CCA8005546344F56455220504F57455220436FF2
:10CCB8006D506F72740000005546344F564552004F
:10CCC800504F57455220436F6E6669670000000059
:10CCD800504F57455220496E74657266616365000E
:04CCE8000000000048
:08CCEC00983DFF7F01000000EC
:08CCF40011C90008FD01000850
:04CCFC00D901000852
:10CD00008800880000000000000000000000000013
:10CD1000000000008800000000000000000000008B
:10CD2000000000000024F4000A000000221400208B
:10CD3000000000000B000000201400200000000094
:10CD40000C0000001E140020000000000D00000078
:10CD50001C140020000000000E0000001A14002027
:10CD6000000000000F000000181400200000000068
:10CD70001000000016140020000000001100000048
:10CD80001414002001000000120000001214002002
:10CD9000010000001400000010140020000000003A
:10CDA000150000000E140020010000001600000015
:10CDB0000C14002000000000170000000A140020DE
:10CDC000000000001800000008140020000000000F
:10CDD0001900000006140020000000001A000000E6
:10CDE00004140020000000001B00000002140020BA
:10CDF000000000001C0000000014002000000000E3
:10CE00001D000000FE130020000000001E000000B6
:10CE1000FC130020010000001F000000FA13002096
:10CE20000000000020000000F813002001000000B6
:10CE300021000000F6130020000000002200000086
:10CE4000F41300200100000023000000F213002072
:10CE50000100000024000000F0130020000000008A
:10CE600025000000EE130020000000002600000056
:10CE7000EC1300200000000027000000EA1300204F
:10CE80000100000029000000E8130020000000005D
:10CE90002A000000E6130020000000002B00000024
:10CEA000E41300200000000001000000100000005A
:10CEB00009074300020104C0320904000001020214
:10CEC00001000524001001052401000104240202D0
:10CED000052406000107058203080010090401006B
:10CEE000020A000000070501024000000705810258
:10CEF0004000000009024300020100C032090400A2
:10CF000000010202010005240010010524010001B6
:10CF1000042402020524060001070582030800100C
:10CF200009040100020A0000000705010240000098
:10CF3000070581024000000009024300020100C011
:10CF4000320904000001020201000524001001055D
:10CF500024010001042402020524060001070582C1
:10CF60000308001009040100020A0000000705017F
:10CF700002000200070581020002000015B200084D
:10CF8000CDB10008D9B0000800000000DFAF0008F4
:10CF90006FB0000845B0000800000000000000006D
:10CFA0000000000021B0000815B000082DB00008F6
:10CFB00039B000080A06000200000040010000002D
:10CFC00019BE0008D5BD0008D9BD0008E9BD00089C
:10CFD000DDBD00081A030000000000000000000092
:10CFE0000000000000000000000000000000000041
:10CFF0000403090412010002020200408304BB2C56
:10D0000000020102030100009DBE0008A9BE000845
:10D010006DBF000849BF000835BF000889BF000880
:10D02000ADBF000800000000300300200000000039
:10D0300000000000643A0020CC3A0020343B00207D
:10D0400000000000000000000000000000000000E0
:10D0500000000000000000000000000000000000D0
:10D0600000000000000000000000000000000000C0
:10D0700000000000000000000000000000000000B0
:10D0800000000000000000000000000000000000A0
:10D090000000000000000000000000000000000090
:10D0A0000000000000000000000000000000000080
:10D0B0000000000000000000000000000000000070
:10D0C000000000000000000001000000000000005F
:10D0D0000E33CDAB34126DE6ECDE05000B00000024
:10D0E0000000000000000000000000000000000040
:10D0F0000000000000000000000000000000000030
:10D10000000000000000000000000000000000001F
:10D11000000000000000000000000000000000000F
:10D1200000000000000000000000000000000000FF
:10D1300000000000000000000000000000000000EF
:10D1400000000000000000000000000000000000DF
:04D150009C3B0020E4
:10D154002D490B889BB240F6917202FB03F31B131B
:10D1640021332A4A93614B889BB213618B889BB20B
:10D1740040F6DB7000FB03F31B130D339360CB8885
:10D184009BB2C3EB03331B13073B13609369012B5F
:10D194002DD91E4B9B68012B2DD91C4B1B68012BD1
:10D1A4002DD91A4B9A691A4908680244A2EBD00295
:10D1B4000A60D208DA611A69164908680244A2EBC7
:10D1C400D0020A60D2085A619A6813490868024476
:10D1D400A2EBD0020A60D208DA601A680F49086824
:10D1E4000244A2EBD0020A60D2085A607047134688
:10D1F40000229A61CDE7054B00229A60CDE7034BEC
:10D2040000221A60CDE700BF30110020F810002082
:10D21400C0100020BC100020B8100020B410002062
:10D2240008B50B4B1B889BB2042B06D8DFE803F030
:10D23400030609050C0000F07FFC08BD00F074FC37
:10D24400FBE700F081FCF8E700F072FCF5E700BFB3
:10D254001811002070B57A4B9879C0B2794B1988AF
:10D2640089B29A8892B240F6DB7303FB02F212137E
:10D274000D32754B1B78042B09D8724C2488734DDE
:10D284002E6816FA84F42C6001336F4C23706E4BB5
:10D294001B78052B17D06E4B1B68FBB96C4B1960C0
:10D2A400674B5B7A2BB3664BDB7913B3694B1B6813
:10D2B400002B1EDD624B9B79DBB2032B36D8DFE8F3
:10D2C40003F0204F7295614C2168634BA3FB01313D
:10D2D4008908002323605C4C2370DCE78B4202D274
:10D2E4005B4B1960DCE75C1AA3EBD403584C236056
:10D2F400D6E7534B01229A7100221A72544B1960DB
:10D3040070BD07EE902AF8EE676A514BD3ED007AB0
:10D31400F8EE677A9FED517A27EE877AF4EEC76AC2
:10D32400F1EE10FA0BD5464B01249C71444B9B79CA
:10D33400DBB283427DD1424B00221A72E0E79FEDBB
:10D34400487A67EE877AF4EEE76AF1EE10FA03DDC5
:10D354003B4B02249C71E9E7394B03249C71E5E7BC
:10D3640007EE902AF8EE676A394BD3ED007AF8EEAF
:10D37400677A9FED3B7A27EE877AF4EEC76AF1EE7F
:10D3840010FA03DD2E4B02249C71CFE79FED357A12
:10D3940067EE877AF4EEE76AF1EE10FAC6DD284B01
:10D3A40003249C71C2E707EE902AF8EE676A284BC3
:10D3B400D3ED007AF8EE677A9FED287A27EE877A24
:10D3C400F4EEC76AF1EE10FA03D51D4B01249C71EB
:10D3D400ACE79FED257A67EE877AF4EEE76AF1EE23
:10D3E40010FAA3D5164B03249C719FE707EE902AED
:10D3F400F8EE676A164BD3ED007AF8EE677A9FED84
:10D40400177A27EE877AF4EEC76AF1EE10FA03D59D
:10D414000B4B01249C7189E79FED117A67EE877AA3
:10D42400F4EEE76AF1EE10FA80DD054B02249C71FC
:10D434007CE7034CA07900F073FB012323725FE7C0
:10D4440018110020301100209C100020981000209A
:10D454009410002004000020CDCCCCCC6666663F3E
:10D46400CDCC8C3F3333733F6666863F2DE9F04164
:10D474003F4B9A681A603F4B9A8892B240F6DB7130
:10D4840001FB02F212130D32DB889BB2C3EB0333B0
:10D494001B13073B3849097819B13849C979002960
:10D4A40040D137490A60344901200870344908687A
:10D4B4003249C97911B13149497A41B90021314C14
:10D4C4002160314C2170314C2180314C2160284C39
:10D4D400E168591A2F4D2960E1680339994228DD22
:10D4E400294B01211970294B00211980264B1B78E7
:10D4F400002B55D1274B1968274B1960002321496C
:10D504000B6026490B60224B1B68002B40F389807B
:10D51400023B1F490B60002B80F283800B460021E5
:10D5240019607EE016480168541A01EBA4010160F9
:10D53400BCE715490978B9B10D49C9680F31994259
:10D5440012DA124B1B88B3F5C87F03D201330F499B
:10D554000B80CBE700230C490B700C490B80094965
:10D564000B600E490B60C1E7084B00211980BDE731
:10D5740004000020301100200C00001018110020BD
:10D58400100000100800001002000010000000103D
:10D59400040000102C000010280000101C000010D3
:10D5A40078490B68784B1B680C68784D2B6803EB43
:10D5B4004404774E346009680B442B60B3F5006F64
:10D5C40002DD4FF400612960704B1B6813F5006F96
:10D5D40002DA6E4B6F4919606D4B1B68082B02DD34
:10D5E4006B4B082119606A4B1B6813F1080F03DAAF
:10D5F400674B6FF007011960654B1C6866490B683F
:10D604001B1B0B60002B79DB634B1B68B3F5006FAE
:10D6140003DD614B4FF4006119605A4B19685A4B92
:10D6240019605E4B1B889BB2022B6BD05C4B1C6851
:10D6340059490968641A1C600029D4BF00210121DA
:10D64400584C217019689B68994204DD544B9968C1
:10D65400196000212170524B1B68002B6FDB504B6B
:10D664001B681B1A50490B604C4B1B7A002B39D09A
:10D6740000234E490B604E490B604E490B604A49EA
:10D684000B6042490B604C490B704C490B8042497A
:10D694000B603F490B603B490B603B490B604149C0
:10D6A4000B70474B1A60474B01221A70464B1B788C
:10D6B400ABB1464B1A883A4B1A83454A12885A83AF
:10D6C400444B1968444A11601A68384B1A60334B4A
:10D6D4009B79DBB2032B36D03B4B00221A702F4BC5
:10D6E40000221A722D4B9B79DBB2032B00F28F8040
:10D6F400DFE813F07400A700E3007A010B46002171
:10D70400196081E7264B1C6823490968641A1C6068
:10D714000029D4BF00210121224C217019685B68C3
:10D72400994204DD1E4B59681960002121701C4B7D
:10D734001B68002B93DA1A4B002119608FE7184BF2
:10D74400002119608BE7164BDB8A1BB243F2CB3204
:10D75400934211DC124BDB8A19B29BB2872B0ED990
:10D76400882000F0EDF91C4B1B681B1203EB4303EC
:10D774001BB20B4A5383AFE743F2CC31F0E7882165
:10D78400EEE700BF2C000010280000100800001075
:10D794001C00001000F8FFFF040000101811002006
:10D7A40004000020140000103800001020000010B5
:10D7B40034000010300000100200001000000010BF
:10D7C400100000100C000010C810002002000020FF
:10D7D40000000020C4100020240000100023714A1F
:10D7E4001360714A1360714A1360714A1360714A7D
:10D7F4001360714A1360714A1360714A1360714A6D
:10D804001370714A1380714A1360714A1360714B2B
:10D81400DB7913B9704B88221A836F490B8B1BB2C7
:10D824006E4A1268C3F5D4434033C2F89C3043F2C5
:10D834002053C2F8A8304B8B1BB2C2F81C32BDE88F
:10D84400F081584F3A685B4B1B6841F2A36101FBBE
:10D854000233554D2A68624901FB0233DFF84C81DB
:10D86400D8F8002041F2F15101FB0233504E3360ED
:10D87400594CA18A09B2882000F062F92B68C8F8D3
:10D8840000303B682B604FF4E163638333681B1201
:10D8940003EB43031BB22383228B12B2A38A1BB272
:10D8A4009A4201DDA28A22834B4B1B8B9BB2872BAE
:10D8B400ADD8494B88221A83A9E73A4E32683D4BCA
:10D8C4001B6842F28C2101FB0233374C2268454924
:10D8D40001FB0233354F3A6842F27C1101FB0233FB
:10D8E400334A13603C4DE98A09B2882000F028F9D4
:10D8F40023683B60336823602B8B1BB246F2DF3214
:10D90400934237DC2B8B9BB220331BB22B832B8BA4
:10D914001BB246F2E032934200DD2A832E4B1A8B6F
:10D9240012B29B8A1BB29A4202DD2B4B9A8A1A834B
:10D93400294B1B8B9BB2872B02D8274B88221A8337
:10D944001B4B1B681B1203EB43031BB222494B8383
:10D954004A8B12B2CB8A1BB29A4201DDCA8A4A832D
:10D964001D4B5B8B9BB2872B3FF651AF1A4B882222
:10D974005A834CE7184B1B8B1BB246F2E03293429E
:10D98400CCDD154A138B9BB2203B1BB21383138B44
:10D994001BB246F2DF329342C0DC0F4B46F2E03258
:10D9A4001A83BBE738000010340000103000001068
:10D9B40024000010200000101C00001004000010BF
:10D9C4000800001002000010000000102C000010DD
:10D9D4002800001018110020040000203811002035
:10D9E4006DD3FFFFFBBBFFFF434BDB8A1BB243F24C
:10D9F400CB32934264DC404BDB8A1CB29BB2872B54
:10DA040061D93E4E32683E4B1B6841F6E91101FB79
:10DA140002333C4D2A683C4901FB02333B4F3A68D0
:10DA240041F61D1101FB0233394A13602146882057
:10DA340000F086F82B683B6033682B60354B1A681E
:10DA4400354B1A602C4B1B8B1BB2B3F5AA4F3CDA37
:10DA5400294A138B9BB220331BB21383138B1BB243
:10DA6400B3F5AA4F03DD13464FF4AA421A83224B9F
:10DA74001A8B12B29B8A1BB29A4202DD1E4B9A8AFF
:10DA84001A831D4B1B8B9BB2872B02D81A4B8822FF
:10DA94001A831F4B1B681B1203EB43031BB2164A6A
:10DAA4005383538B1BB2A34200DD5483124B5B8B15
:10DAB4009BB2872B3FF6ABAE0F4B88225A83A6E668
:10DAC40043F2CC349DE788249BE70B4B1B8B1BB2A2
:10DAD400B3F5AA4FCBDD084A138B9BB2203B1BB294
:10DAE4001383138B1BB2B3F5AA4FC0DA13464FF45A
:10DAF400AA421A83BBE700BF0400002038000010CC
:10DB04002000001034000010FCCCFFFF3000001097
:10DB1400240000102C000010280000100000000059
:10DB24005FF800F00D1400085FF800F041170008DA
:10DB34005FF800F0251700085FF800F01D160008D4
:10DB44005FF800F0852700085FF800F08D170008E3
:04000005080028EDDA
:00000001FF
